#include "lvgl.h"

const LV_ATTRIBUTE_MEM_ALIGN LV_ATTRIBUTE_LARGE_CONST uint8_t xlr_paper_texture_map[] = {
    0xf8, 0xee, 0xf8, 0xee, 0xf8, 0xee, 0xf8, 0xee, 0xf8, 0xee, 0xd7, 0xee, 0xf8, 0xee, 0xf8, 0xee,
    0xd7, 0xee, 0xd7, 0xee, 0xd7, 0xee, 0xd7, 0xee, 0xd7, 0xee, 0xd7, 0xee, 0xd7, 0xee, 0xd7, 0xee,
    0xd7, 0xee, 0xf8, 0xee, 0xf8, 0xee, 0xf8, 0xee, 0xf8, 0xee, 0xf8, 0xee, 0xf8, 0xee, 0xf8, 0xee,
    0xf8, 0xee, 0xf8, 0xee, 0xf8, 0xee, 0xf8, 0xee, 0xf8, 0xee, 0xf8, 0xee, 0xf8, 0xee, 0xf8, 0xee,
    0xf8, 0xee, 0xf8, 0xee, 0xf8, 0xee, 0xf8, 0xee, 0xf8, 0xee, 0xf8, 0xee, 0xf8, 0xee, 0xf8, 0xee,
    0xf8, 0xee, 0xf8, 0xee, 0xf8, 0xee, 0xf8, 0xee, 0xf8, 0xee, 0xf8, 0xee, 0xf8, 0xee, 0xf8, 0xee,
    0xf8, 0xee, 0xd7, 0xee, 0xd7, 0xee, 0xf8, 0xee, 0xf8, 0xee, 0xd7, 0xee, 0xf8, 0xee, 0xf8, 0xee,
    0xf8, 0xee, 0xd7, 0xee, 0xd7, 0xee, 0xd7, 0xee, 0xd7, 0xee, 0xd7, 0xee, 0xd7, 0xee, 0xd7, 0xee,
    0xd7, 0xee, 0xf8, 0xee, 0xd7, 0xee, 0xf8, 0xee, 0xf8, 0xee, 0xf8, 0xee, 0xd7, 0xee, 0xf8, 0xee,
    0xf8, 0xee, 0xf8, 0xee, 0xf8, 0xee, 0xf8, 0xee, 0xf8, 0xee, 0xf8, 0xee, 0xd7, 0xee, 0xf8, 0xee,
    0xf8, 0xee, 0xf8, 0xee, 0xf8, 0xee, 0xf8, 0xee, 0xf8, 0xee, 0xf8, 0xee, 0xf8, 0xee, 0xf8, 0xee,
    0xf8, 0xee, 0xf8, 0xee, 0xf8, 0xee, 0xf8, 0xee, 0xf8, 0xee, 0xf8, 0xee, 0xf8, 0xee, 0xf8, 0xee,
    0xf8, 0xee, 0xf8, 0xee, 0xf8, 0xee, 0xf8, 0xee, 0xf8, 0xee, 0xf8, 0xee, 0xf8, 0xee, 0xd7, 0xee,
    0xd7, 0xee, 0xf8, 0xee, 0xf8, 0xee, 0xf8, 0xee, 0xf8, 0xee, 0xf8, 0xee, 0xd7, 0xee, 0xd7, 0xee,
    0xd7, 0xee, 0xf8, 0xee, 0xf8, 0xee, 0xf8, 0xee, 0xf8, 0xee, 0xf8, 0xee, 0xf8, 0xee, 0xd7, 0xee,
    0xd7, 0xee, 0xf8, 0xee, 0xd7, 0xee, 0xd7, 0xee, 0xd7, 0xee, 0xd7, 0xee, 0xf8, 0xee, 0xf8, 0xee,
    0xf8, 0xee, 0xf8, 0xee, 0xf8, 0xee, 0xf8, 0xee, 0xf8, 0xee, 0xf8, 0xee, 0xf8, 0xee, 0xf8, 0xee,
    0xf8, 0xee, 0xf8, 0xee, 0xf8, 0xee, 0xf8, 0xee, 0xf8, 0xee, 0xf8, 0xee, 0xd7, 0xee, 0xf8, 0xee,
    0xf8, 0xee, 0xf8, 0xee, 0xf8, 0xee, 0xd7, 0xee, 0xf8, 0xee, 0xf8, 0xee, 0xf8, 0xee, 0xf8, 0xee,
    0xf8, 0xee, 0xf8, 0xee, 0xf8, 0xee, 0xd7, 0xee, 0xf8, 0xee, 0xf8, 0xee, 0xf8, 0xee, 0xf8, 0xee,
    0xd7, 0xee, 0xd7, 0xee, 0xd7, 0xee, 0xd7, 0xee, 0xd7, 0xee, 0xd7, 0xee, 0xf8, 0xee, 0xd7, 0xee,
    0xd7, 0xee, 0xd7, 0xee, 0xd7, 0xee, 0xf8, 0xee, 0xf8, 0xee, 0xf8, 0xee, 0xf8, 0xee, 0xf8, 0xee,
    0xf8, 0xee, 0xf8, 0xee, 0xf8, 0xee, 0xd7, 0xee, 0xd7, 0xee, 0xf8, 0xee, 0xf8, 0xee, 0xd7, 0xee,
    0xd7, 0xee, 0xf8, 0xee, 0xf8, 0xee, 0xf8, 0xee, 0xf8, 0xee, 0xf8, 0xee, 0xd7, 0xee, 0xd7, 0xee,
    0xd7, 0xee, 0xd7, 0xee, 0xf8, 0xee, 0xf8, 0xee, 0xd7, 0xee, 0xd7, 0xee, 0xf8, 0xee, 0xf8, 0xee,
    0xd7, 0xee, 0xd7, 0xee, 0xd7, 0xee, 0xd7, 0xee, 0xd7, 0xee, 0xf8, 0xee, 0xf8, 0xee, 0xf8, 0xee,
    0xd7, 0xee, 0xf8, 0xee, 0xd7, 0xee, 0xd7, 0xee, 0xd7, 0xee, 0xd7, 0xee, 0xd7, 0xee, 0xd7, 0xee,
    0xd7, 0xee, 0xd7, 0xee, 0xd7, 0xee, 0xd7, 0xee, 0xd7, 0xee, 0xf8, 0xee, 0xf8, 0xee, 0xd7, 0xee,
    0xd7, 0xee, 0xd7, 0xee, 0xd7, 0xee, 0xf8, 0xee, 0xf8, 0xee, 0xd7, 0xee, 0xf8, 0xee, 0xd7, 0xee,
    0xd7, 0xee, 0xd7, 0xee, 0xd7, 0xee, 0xd7, 0xee, 0xd7, 0xee, 0xd7, 0xee, 0xd7, 0xee, 0xd7, 0xee,
    0xd7, 0xee, 0xf8, 0xee, 0xf8, 0xee, 0xf8, 0xee, 0xf8, 0xee, 0xd7, 0xee, 0xd7, 0xee, 0xd7, 0xee,
    0xd7, 0xee, 0xd7, 0xee, 0xd7, 0xee, 0xd7, 0xee, 0xd7, 0xee, 0xf8, 0xee, 0xd7, 0xee, 0xd7, 0xee,
    0xd7, 0xee, 0xf8, 0xee, 0xf8, 0xee, 0xf8, 0xee, 0xf8, 0xee, 0xf8, 0xee, 0xf8, 0xee, 0xf8, 0xee,
    0xf8, 0xee, 0xf8, 0xee, 0xf8, 0xee, 0xf8, 0xee, 0xf8, 0xee, 0xd7, 0xee, 0xd7, 0xee, 0xd7, 0xee,
    0xf8, 0xee, 0xd7, 0xee, 0xf8, 0xee, 0xf8, 0xee, 0xf8, 0xee, 0xf8, 0xee, 0xf8, 0xee, 0xf8, 0xee,
    0xf8, 0xee, 0xf8, 0xee, 0xf8, 0xee, 0xf8, 0xee, 0xf8, 0xee, 0xf8, 0xee, 0xf8, 0xee, 0xf8, 0xee,
    0xd7, 0xee, 0xf8, 0xee, 0xf8, 0xee, 0xf8, 0xee, 0xf8, 0xee, 0xf8, 0xee, 0xf8, 0xee, 0xd7, 0xee,
    0xf8, 0xee, 0xf8, 0xee, 0xd7, 0xee, 0xd7, 0xee, 0xd7, 0xee, 0xd7, 0xee, 0xf8, 0xee, 0xd7, 0xee,
    0xd7, 0xee, 0xd7, 0xee, 0xd7, 0xee, 0xf8, 0xee, 0xf8, 0xee, 0xf8, 0xee, 0xf8, 0xee, 0xf8, 0xee,
    0xf8, 0xee, 0xf8, 0xee, 0xf8, 0xee, 0xf8, 0xee, 0xd7, 0xee, 0xd7, 0xee, 0xf8, 0xee, 0xf8, 0xee,
    0xf8, 0xee, 0xf8, 0xee, 0xf8, 0xee, 0xf8, 0xee, 0xf8, 0xee, 0xf8, 0xee, 0xf8, 0xee, 0xf8, 0xee,
    0xf8, 0xee, 0xf8, 0xee, 0xd7, 0xee, 0xd7, 0xee, 0xf8, 0xee, 0xf8, 0xee, 0xf8, 0xee, 0xf8, 0xee,
    0xf8, 0xee, 0xd7, 0xee, 0xd7, 0xee, 0xf8, 0xee, 0xd7, 0xee, 0xf8, 0xee, 0xf8, 0xee, 0xf8, 0xee,
    0xf8, 0xee, 0xf8, 0xee, 0xf8, 0xee, 0xf8, 0xee, 0xf8, 0xee, 0xf8, 0xee, 0xd7, 0xee, 0xd7, 0xee,
    0xd7, 0xee, 0xd7, 0xee, 0xd7, 0xee, 0xf8, 0xee, 0xd7, 0xee, 0xf8, 0xee, 0xf8, 0xee, 0xf8, 0xee,
    0xf8, 0xee, 0xf8, 0xee, 0xf8, 0xee, 0xd7, 0xee, 0xf8, 0xee, 0xf8, 0xee, 0xf8, 0xee, 0xf8, 0xee,
    0xf8, 0xee, 0xf8, 0xee, 0xf8, 0xee, 0xf8, 0xee, 0xf8, 0xee, 0xf8, 0xee, 0xf8, 0xee, 0xf8, 0xee,
    0xf8, 0xee, 0xf8, 0xee, 0xf8, 0xee, 0xf8, 0xee, 0xf8, 0xee, 0xd7, 0xee, 0xf8, 0xee, 0xf8, 0xee,
    0xd7, 0xee, 0xf8, 0xee, 0xf8, 0xee, 0xd7, 0xee, 0xf8, 0xee, 0xf8, 0xee, 0xf8, 0xee, 0xf8, 0xee,
    0xf8, 0xee, 0xf8, 0xee, 0xf8, 0xee, 0xf8, 0xee, 0xf8, 0xee, 0xf8, 0xee, 0xf8, 0xee, 0xf8, 0xee,
    0xd7, 0xee, 0xd7, 0xee, 0xd7, 0xee, 0xd7, 0xee, 0xd7, 0xee, 0xf8, 0xee, 0xf8, 0xee, 0xf8, 0xee,
    0xd7, 0xee, 0xf8, 0xee, 0xd7, 0xee, 0xf8, 0xee, 0xf8, 0xee, 0xf8, 0xee, 0xf8, 0xee, 0xf8, 0xee,
    0xf8, 0xee, 0xf8, 0xee, 0xf8, 0xee, 0xd7, 0xee, 0xf8, 0xee, 0xf8, 0xee, 0xf8, 0xee, 0xd7, 0xee,
    0xf8, 0xee, 0xf8, 0xee, 0xf8, 0xee, 0xf8, 0xee, 0xf8, 0xee, 0xd7, 0xee, 0xf8, 0xee, 0xf8, 0xee,
    0xd7, 0xee, 0xd7, 0xee, 0xf8, 0xee, 0xf8, 0xee, 0xd7, 0xee, 0xd7, 0xee, 0xd7, 0xee, 0xf8, 0xee,
    0xd7, 0xee, 0xd7, 0xee, 0xf8, 0xee, 0xf8, 0xee, 0xf8, 0xee, 0xf8, 0xee, 0xf8, 0xee, 0xf8, 0xee,
    0xd7, 0xee, 0xd7, 0xee, 0xd7, 0xee, 0xd7, 0xee, 0xd7, 0xee, 0xf8, 0xee, 0xd7, 0xee, 0xd7, 0xee,
    0xd7, 0xee, 0xd7, 0xee, 0xd7, 0xee, 0xd7, 0xee, 0xd7, 0xee, 0xd7, 0xee, 0xf8, 0xee, 0xd7, 0xee,
    0xd7, 0xee, 0xd7, 0xee, 0xd7, 0xee, 0xf8, 0xee, 0xf8, 0xee, 0xd7, 0xee, 0xd7, 0xee, 0xd7, 0xee,
    0xd7, 0xee, 0xd7, 0xee, 0xd7, 0xee, 0xd7, 0xee, 0xd7, 0xee, 0xd7, 0xee, 0xd7, 0xee, 0xf8, 0xee,
    0xf8, 0xee, 0xf8, 0xee, 0xf8, 0xee, 0xd7, 0xee, 0xf8, 0xee, 0xd7, 0xee, 0xf8, 0xee, 0xd7, 0xee,
    0xd7, 0xee, 0xf8, 0xee, 0xd7, 0xee, 0xd7, 0xee, 0xd7, 0xee, 0xf8, 0xee, 0xd7, 0xee, 0xd7, 0xee,
    0xf8, 0xee, 0xf8, 0xee, 0xf8, 0xee, 0xf8, 0xee, 0xf8, 0xee, 0xf8, 0xee, 0xf8, 0xee, 0xf8, 0xee,
    0xf8, 0xee, 0xf8, 0xee, 0xd7, 0xee, 0xd7, 0xee, 0xf8, 0xee, 0xf8, 0xee, 0xf8, 0xee, 0xd7, 0xee,
    0xd7, 0xee, 0xf8, 0xee, 0xf8, 0xee, 0xd7, 0xee, 0xf8, 0xee, 0xf8, 0xee, 0xf8, 0xee, 0xf8, 0xee,
    0xf8, 0xee, 0xf8, 0xee, 0xf8, 0xee, 0xf8, 0xee, 0xf8, 0xee, 0xf8, 0xee, 0xf8, 0xee, 0xf8, 0xee,
    0xf8, 0xee, 0xf8, 0xee, 0xf8, 0xee, 0xd7, 0xee, 0xf8, 0xee, 0xf8, 0xee, 0xf8, 0xee, 0xf8, 0xee,
    0xd7, 0xee, 0xd7, 0xee, 0xf8, 0xee, 0xf8, 0xee, 0xf8, 0xee, 0xf8, 0xee, 0xd7, 0xee, 0xd7, 0xee,
    0xd7, 0xee, 0xd7, 0xee, 0xf8, 0xee, 0xf8, 0xee, 0xf8, 0xee, 0xf8, 0xee, 0xf8, 0xee, 0xf8, 0xee,
    0xd7, 0xee, 0xd7, 0xee, 0xd7, 0xee, 0xd7, 0xee, 0xd7, 0xee, 0xd7, 0xee, 0xf8, 0xee, 0xf8, 0xee,
    0xf8, 0xee, 0xf8, 0xee, 0xf8, 0xee, 0xf8, 0xee, 0xf8, 0xee, 0xd7, 0xee, 0xd7, 0xee, 0xd7, 0xee,
    0xd7, 0xee, 0xd7, 0xee, 0xf8, 0xee, 0xd7, 0xee, 0xd7, 0xee, 0xf8, 0xee, 0xf8, 0xee, 0xd7, 0xee,
    0xf8, 0xee, 0xd7, 0xee, 0xd7, 0xee, 0xd7, 0xee, 0xd7, 0xee, 0xd7, 0xee, 0xd7, 0xee, 0xf8, 0xee,
    0xf8, 0xee, 0xf8, 0xee, 0xf8, 0xee, 0xf8, 0xee, 0xf8, 0xee, 0xf8, 0xee, 0xf8, 0xee, 0xd7, 0xee,
    0xf8, 0xee, 0xf8, 0xee, 0xd7, 0xee, 0xd7, 0xee, 0xd7, 0xee, 0xd7, 0xee, 0xd7, 0xee, 0xf8, 0xee,
    0xd7, 0xee, 0xd7, 0xee, 0xf8, 0xee, 0xf8, 0xee, 0xd7, 0xee, 0xd7, 0xee, 0xd7, 0xee, 0xd7, 0xee,
    0xf8, 0xee, 0xf8, 0xee, 0xf8, 0xee, 0xf8, 0xee, 0xf8, 0xee, 0xf8, 0xee, 0xd7, 0xee, 0xd7, 0xee,
    0xf8, 0xee, 0xf8, 0xee, 0xf8, 0xee, 0xf8, 0xee, 0xf8, 0xee, 0xd7, 0xee, 0xd7, 0xee, 0xf8, 0xee,
    0xf8, 0xee, 0xd7, 0xee, 0xf8, 0xee, 0xf8, 0xee, 0xf8, 0xee, 0xf8, 0xee, 0xf8, 0xee, 0xf8, 0xee,
    0xf8, 0xee, 0xf8, 0xee, 0xf8, 0xee, 0xf8, 0xee, 0xf8, 0xee, 0xd7, 0xee, 0xf8, 0xee, 0xf8, 0xee,
    0xf8, 0xee, 0xf8, 0xee, 0xf8, 0xee, 0xf8, 0xee, 0xf8, 0xee, 0xf8, 0xee, 0xd7, 0xee, 0xd7, 0xee,
    0xd7, 0xee, 0xf8, 0xee, 0xd7, 0xee, 0xd7, 0xee, 0xf8, 0xee, 0xf8, 0xee, 0xf8, 0xee, 0xf8, 0xee,
    0xf8, 0xee, 0xf8, 0xee, 0xf8, 0xee, 0xd7, 0xee, 0xd7, 0xee, 0xd7, 0xee, 0xd7, 0xee, 0xd7, 0xee,
    0xf8, 0xee, 0xf8, 0xee, 0xf8, 0xee, 0xf8, 0xee, 0xf8, 0xee, 0xd7, 0xee, 0xd7, 0xee, 0xf8, 0xee,
    0xd7, 0xee, 0xd7, 0xee, 0xd7, 0xee, 0xf8, 0xee, 0xb6, 0xee, 0xd7, 0xee, 0xd7, 0xee, 0xf8, 0xee,
    0xf8, 0xee, 0xf8, 0xee, 0xf8, 0xee, 0xf8, 0xee, 0xf8, 0xee, 0xd7, 0xee, 0xd7, 0xee, 0xd7, 0xee,
    0xf8, 0xee, 0xd7, 0xee, 0xd7, 0xee, 0xd7, 0xee, 0xd7, 0xee, 0xd7, 0xee, 0xd7, 0xee, 0xd7, 0xee,
    0xd7, 0xee, 0xf8, 0xee, 0xd7, 0xee, 0xd7, 0xee, 0xd7, 0xee, 0xd7, 0xee, 0xd7, 0xee, 0xd7, 0xee,
    0xd7, 0xee, 0xd7, 0xee, 0xf8, 0xee, 0xf8, 0xee, 0xd7, 0xee, 0xd7, 0xee, 0xd7, 0xee, 0xd7, 0xee,
    0xd7, 0xee, 0xd7, 0xee, 0xf8, 0xee, 0xd7, 0xee, 0xd7, 0xee, 0xf8, 0xee, 0xf8, 0xee, 0xf8, 0xee,
    0xf8, 0xee, 0xf8, 0xee, 0xf8, 0xee, 0xf8, 0xee, 0xf8, 0xee, 0xd7, 0xee, 0xd7, 0xee, 0xd7, 0xee,
    0xf8, 0xee, 0xd7, 0xee, 0xd7, 0xee, 0xf8, 0xee, 0xf8, 0xee, 0xf8, 0xee, 0xd7, 0xee, 0xd7, 0xee,
    0xd7, 0xee, 0xf8, 0xee, 0xd7, 0xee, 0xf8, 0xee, 0xf8, 0xee, 0xf8, 0xee, 0xf8, 0xee, 0xf8, 0xee,
    0xf8, 0xee, 0xf8, 0xee, 0xf8, 0xee, 0xf8, 0xee, 0xf8, 0xee, 0xf8, 0xee, 0xf8, 0xee, 0xf8, 0xee,
    0xf8, 0xee, 0xf8, 0xee, 0xf8, 0xee, 0xf8, 0xee, 0xf8, 0xee, 0xf8, 0xee, 0xf8, 0xee, 0xf8, 0xee,
    0xf8, 0xee, 0xf8, 0xee, 0xf8, 0xee, 0xf8, 0xee, 0xf8, 0xee, 0xf8, 0xee, 0xf8, 0xee, 0xf8, 0xee,
    0xf8, 0xee, 0xf8, 0xee, 0xf8, 0xee, 0xd7, 0xee, 0xf8, 0xee, 0xf8, 0xee, 0xf8, 0xee, 0xf8, 0xee,
    0xf8, 0xee, 0xf8, 0xee, 0xd7, 0xee, 0xf8, 0xee, 0xf8, 0xee, 0xd7, 0xee, 0xd7, 0xee, 0xd7, 0xee,
    0xf8, 0xee, 0xf8, 0xee, 0xf8, 0xee, 0xf8, 0xee, 0xf8, 0xee, 0xf8, 0xee, 0xf8, 0xee, 0xd7, 0xee,
    0xd7, 0xee, 0xd7, 0xee, 0xd7, 0xee, 0xd7, 0xee, 0xd7, 0xee, 0xd7, 0xee, 0xf8, 0xee, 0xf8, 0xee,
    0xf8, 0xee, 0xd7, 0xee, 0xf8, 0xee, 0xf8, 0xee, 0xf8, 0xee, 0xf8, 0xee, 0xd7, 0xee, 0xd7, 0xee,
    0xf8, 0xee, 0xf8, 0xee, 0xf8, 0xee, 0xd7, 0xee, 0xf8, 0xee, 0xf8, 0xee, 0xd7, 0xee, 0xf8, 0xee,
    0xf8, 0xee, 0xf8, 0xee, 0xd7, 0xee, 0xd7, 0xee, 0xf8, 0xee, 0xd7, 0xee, 0xf8, 0xee, 0xf8, 0xee,
    0xf8, 0xee, 0xd7, 0xee, 0xd7, 0xee, 0xf8, 0xee, 0xf8, 0xee, 0xf8, 0xee, 0xf8, 0xee, 0xd7, 0xee,
    0xd7, 0xee, 0xd7, 0xee, 0xf8, 0xee, 0xf8, 0xee, 0xd7, 0xee, 0xd7, 0xee, 0xd7, 0xee, 0xf8, 0xee,
    0xf8, 0xee, 0xd7, 0xee, 0xd7, 0xee, 0xd7, 0xee, 0xd7, 0xee, 0xd7, 0xee, 0xf8, 0xee, 0xd7, 0xee,
    0xf8, 0xee, 0xf8, 0xee, 0xf8, 0xee, 0xf8, 0xee, 0xf8, 0xee, 0xf8, 0xee, 0xd7, 0xee, 0xd7, 0xee,
    0xd7, 0xee, 0xd7, 0xee, 0xd7, 0xee, 0xd7, 0xee, 0xf8, 0xee, 0xf8, 0xee, 0xd7, 0xee, 0xf8, 0xee,
    0xf8, 0xee, 0xd7, 0xee, 0xf8, 0xee, 0xf8, 0xee, 0xf8, 0xee, 0xf8, 0xee, 0xd7, 0xee, 0xf8, 0xee,
    0xf8, 0xee, 0xf8, 0xee, 0xf8, 0xee, 0xf8, 0xee, 0xf8, 0xee, 0xd7, 0xee, 0xf8, 0xee, 0xf8, 0xee,
    0xf8, 0xee, 0xf8, 0xee, 0xd7, 0xee, 0xf8, 0xee, 0xf8, 0xee, 0xf8, 0xee, 0xf8, 0xee, 0xd7, 0xee,
    0xf8, 0xee, 0xf8, 0xee, 0xf8, 0xee, 0xd7, 0xee, 0xf8, 0xee, 0xd7, 0xee, 0xf8, 0xee, 0xf8, 0xee,
    0xf8, 0xee, 0xf8, 0xee, 0xd7, 0xee, 0xd7, 0xee, 0xd7, 0xee, 0xf8, 0xee, 0xd7, 0xee, 0xd7, 0xee,
    0xf8, 0xee, 0xf8, 0xee, 0xf8, 0xee, 0xf8, 0xee, 0xd7, 0xee, 0xd7, 0xee, 0xf8, 0xee, 0xf8, 0xee,
    0xd7, 0xee, 0xd7, 0xee, 0xd7, 0xee, 0xd7, 0xee, 0xb6, 0xee, 0xd7, 0xee, 0xd7, 0xee, 0xd7, 0xee,
    0xd7, 0xee, 0xd7, 0xee, 0xd7, 0xee, 0xf8, 0xee, 0xf8, 0xee, 0xd7, 0xee, 0xd7, 0xee, 0xd7, 0xee,
    0xf8, 0xee, 0xd7, 0xee, 0xd7, 0xee, 0xd7, 0xee, 0xd7, 0xee, 0xd7, 0xee, 0xd7, 0xee, 0xf8, 0xee,
    0xd7, 0xee, 0xd7, 0xee, 0xd7, 0xee, 0xd7, 0xee, 0xf8, 0xee, 0xd7, 0xee, 0xd7, 0xee, 0xd7, 0xee,
    0xf8, 0xee, 0xf8, 0xee, 0xf8, 0xee, 0xf8, 0xee, 0xf8, 0xee, 0xd7, 0xee, 0xd7, 0xee, 0xd7, 0xee,
    0xd7, 0xee, 0xf8, 0xee, 0xd7, 0xee, 0xd7, 0xee, 0xd7, 0xee, 0xf8, 0xee, 0xf8, 0xee, 0xd7, 0xee,
    0xf8, 0xee, 0xd7, 0xee, 0xf8, 0xee, 0xf8, 0xee, 0xd7, 0xee, 0xd7, 0xee, 0xd7, 0xee, 0xd7, 0xee,
    0xd7, 0xee, 0xd7, 0xee, 0xd7, 0xee, 0xf8, 0xee, 0xf8, 0xee, 0xf8, 0xee, 0xf8, 0xee, 0xd7, 0xee,
    0xd7, 0xee, 0xf8, 0xee, 0xf8, 0xee, 0xd7, 0xee, 0xf8, 0xee, 0xf8, 0xee, 0xf8, 0xee, 0xf8, 0xee,
    0xf8, 0xee, 0xf8, 0xee, 0xf8, 0xee, 0xf8, 0xee, 0xf8, 0xee, 0xf8, 0xee, 0xf8, 0xee, 0xf8, 0xee,
    0xf8, 0xee, 0xd7, 0xee, 0xd7, 0xee, 0xf8, 0xee, 0xf8, 0xee, 0xf8, 0xee, 0xf8, 0xee, 0xf8, 0xee,
    0xf8, 0xee, 0xf8, 0xee, 0xf8, 0xee, 0xf8, 0xee, 0xf8, 0xee, 0xf8, 0xee, 0xf8, 0xee, 0xf8, 0xee,
    0xf8, 0xee, 0xf8, 0xee, 0xf8, 0xee, 0xd7, 0xee, 0xf8, 0xee, 0xf8, 0xee, 0xf8, 0xee, 0xf8, 0xee,
    0xf8, 0xee, 0xf8, 0xee, 0xf8, 0xee, 0xf8, 0xee, 0xf8, 0xee, 0xd7, 0xee, 0xd7, 0xee, 0xd7, 0xee,
    0xf8, 0xee, 0xf8, 0xee, 0xd7, 0xee, 0xf8, 0xee, 0xd7, 0xee, 0xf8, 0xee, 0xf8, 0xee, 0xd7, 0xee,
    0xd7, 0xee, 0xf8, 0xee, 0xd7, 0xee, 0xf8, 0xee, 0xf8, 0xee, 0xd7, 0xee, 0xf8, 0xee, 0xf8, 0xee,
    0xf8, 0xee, 0xd7, 0xee, 0xf8, 0xee, 0xf8, 0xee, 0xf8, 0xee, 0xd7, 0xee, 0xf8, 0xee, 0xd7, 0xee,
    0xf8, 0xee, 0xf8, 0xee, 0xf8, 0xee, 0xf8, 0xee, 0xf8, 0xee, 0xf8, 0xee, 0xf8, 0xee, 0xf8, 0xee,
    0xf8, 0xee, 0xf8, 0xee, 0xd7, 0xee, 0xf8, 0xee, 0xf8, 0xee, 0xf8, 0xee, 0xf8, 0xee, 0xf8, 0xee,
    0xf8, 0xee, 0xf8, 0xee, 0xd7, 0xee, 0xf8, 0xee, 0xd7, 0xee, 0xd7, 0xee, 0xf8, 0xee, 0xd7, 0xee,
    0xf8, 0xee, 0xd7, 0xee, 0xd7, 0xee, 0xf8, 0xee, 0xd7, 0xee, 0xd7, 0xee, 0xf8, 0xee, 0xf8, 0xee,
    0xf8, 0xee, 0xf8, 0xee, 0xd7, 0xee, 0xd7, 0xee, 0xd7, 0xee, 0xd7, 0xee, 0xf8, 0xee, 0xf8, 0xee,
    0xf8, 0xee, 0xf8, 0xee, 0xf8, 0xee, 0xf8, 0xee, 0xf8, 0xee, 0xf8, 0xee, 0xd7, 0xee, 0xd7, 0xee,
    0xd7, 0xee, 0xd7, 0xee, 0xd7, 0xee, 0xd7, 0xee, 0xd7, 0xee, 0xd7, 0xee, 0xd7, 0xee, 0xd7, 0xee,
    0xd7, 0xee, 0xf8, 0xee, 0xf8, 0xee, 0xf8, 0xee, 0xd7, 0xee, 0xf8, 0xee, 0xd7, 0xee, 0xf8, 0xee,
    0xf8, 0xee, 0xd7, 0xee, 0xd7, 0xee, 0xd7, 0xee, 0xf8, 0xee, 0xf8, 0xee, 0xf8, 0xee, 0xf8, 0xee,
    0xf8, 0xee, 0xf8, 0xee, 0xd7, 0xee, 0xd7, 0xee, 0xf8, 0xee, 0xf8, 0xee, 0xf8, 0xee, 0xf8, 0xee,
    0xf8, 0xee, 0xf8, 0xee, 0xf8, 0xee, 0xf8, 0xee, 0xf8, 0xee, 0xd7, 0xee, 0xd7, 0xee, 0xf8, 0xee,
    0xf8, 0xee, 0xf8, 0xee, 0xf8, 0xee, 0xf8, 0xee, 0xd7, 0xee, 0xd7, 0xee, 0xd7, 0xee, 0xd7, 0xee,
    0xd7, 0xee, 0xf8, 0xee, 0xd7, 0xee, 0xf8, 0xee, 0xf8, 0xee, 0xf8, 0xee, 0xf8, 0xee, 0xf8, 0xee,
    0xd7, 0xee, 0xd7, 0xee, 0xd7, 0xee, 0xd7, 0xee, 0xd7, 0xee, 0xd7, 0xee, 0xd7, 0xee, 0xf8, 0xee,
    0xd7, 0xee, 0xd7, 0xee, 0xf8, 0xee, 0xf8, 0xee, 0xd7, 0xee, 0xf8, 0xee, 0xd7, 0xee, 0xd7, 0xee,
    0xf8, 0xee, 0xd7, 0xee, 0xf8, 0xee, 0xf8, 0xee, 0xd7, 0xee, 0xf8, 0xee, 0xf8, 0xee, 0xf8, 0xee,
    0xf8, 0xee, 0xd7, 0xee, 0xd7, 0xee, 0xd7, 0xee, 0xd7, 0xee, 0xd7, 0xee, 0xd7, 0xee, 0xd7, 0xee,
    0xd7, 0xee, 0xf8, 0xee, 0xd7, 0xee, 0xd7, 0xee, 0xf8, 0xee, 0xf8, 0xee, 0xd7, 0xee, 0xd7, 0xee,
    0xd7, 0xee, 0xd7, 0xee, 0xd7, 0xee, 0xd7, 0xee, 0xd7, 0xee, 0xd7, 0xee, 0xd7, 0xee, 0xd7, 0xee,
    0xd7, 0xee, 0xf8, 0xee, 0xf8, 0xee, 0xd7, 0xee, 0xd7, 0xee, 0xd7, 0xee, 0xd7, 0xee, 0xd7, 0xee,
    0xf8, 0xee, 0xd7, 0xee, 0xd7, 0xee, 0xf8, 0xee, 0xf8, 0xee, 0xf8, 0xee, 0xf8, 0xee, 0xf8, 0xee,
    0xf8, 0xee, 0xf8, 0xee, 0xf8, 0xee, 0xf8, 0xee, 0xd7, 0xee, 0xf8, 0xee, 0xf8, 0xee, 0xf8, 0xee,
    0xf8, 0xee, 0xf8, 0xee, 0xf8, 0xee, 0xf8, 0xee, 0xf8, 0xee, 0xf8, 0xee, 0xf8, 0xee, 0xf8, 0xee,
    0xf8, 0xee, 0xd7, 0xee, 0xf8, 0xee, 0xf8, 0xee, 0xf8, 0xee, 0xf8, 0xee, 0xf8, 0xee, 0xf8, 0xee,
    0xf8, 0xee, 0xf8, 0xee, 0xf8, 0xee, 0xf8, 0xee, 0xf8, 0xee, 0xf8, 0xee, 0xf8, 0xee, 0xd7, 0xee,
    0xf8, 0xee, 0xf8, 0xee, 0xd7, 0xee, 0xf8, 0xee, 0xf8, 0xee, 0xf8, 0xee, 0xf8, 0xee, 0xf8, 0xee,
    0xd7, 0xee, 0xf8, 0xee, 0xf8, 0xee, 0xd7, 0xee, 0xd7, 0xee, 0xd7, 0xee, 0xd7, 0xee, 0xd7, 0xee,
    0xd7, 0xee, 0xf8, 0xee, 0xd7, 0xee, 0xf8, 0xee, 0xf8, 0xee, 0xd7, 0xee, 0xf8, 0xee, 0xf8, 0xee,
    0xd7, 0xee, 0xf8, 0xee, 0xf8, 0xee, 0xf8, 0xee, 0xf8, 0xee, 0xf8, 0xee, 0xf8, 0xee, 0xf8, 0xee,
    0xd7, 0xee, 0xf8, 0xee, 0xd7, 0xee, 0xf8, 0xee, 0xd7, 0xee, 0xf8, 0xee, 0xf8, 0xee, 0xd7, 0xee,
    0xf8, 0xee, 0xf8, 0xee, 0xf8, 0xee, 0xf8, 0xee, 0xf8, 0xee, 0xd7, 0xee, 0xf8, 0xee, 0xf8, 0xee,
    0xf8, 0xee, 0xf8, 0xee, 0xd7, 0xee, 0xd7, 0xee, 0xf8, 0xee, 0xf8, 0xee, 0xd7, 0xee, 0xd7, 0xee,
    0xf8, 0xee, 0xf8, 0xee, 0xf8, 0xee, 0xd7, 0xee, 0xf8, 0xee, 0xd7, 0xee, 0xd7, 0xee, 0xf8, 0xee,
    0xf8, 0xee, 0xf8, 0xee, 0xd7, 0xee, 0xd7, 0xee, 0xd7, 0xee, 0xd7, 0xee, 0xf8, 0xee, 0xd7, 0xee,
    0xf8, 0xee, 0xf8, 0xee, 0xd7, 0xee, 0xf8, 0xee, 0xf8, 0xee, 0xf8, 0xee, 0xd7, 0xee, 0xd7, 0xee,
    0xf8, 0xee, 0xf8, 0xee, 0xd7, 0xee, 0xf8, 0xee, 0xf8, 0xee, 0xd7, 0xee, 0xf8, 0xee, 0xf8, 0xee,
    0xf8, 0xee, 0xf8, 0xee, 0xd7, 0xee, 0xd7, 0xee, 0xf8, 0xee, 0xf8, 0xee, 0xf8, 0xee, 0xd7, 0xee,
    0xd7, 0xee, 0xf8, 0xee, 0xf8, 0xee, 0xf8, 0xee, 0xf8, 0xee, 0xf8, 0xee, 0xd7, 0xee, 0xf8, 0xee,
    0xd7, 0xee, 0xf8, 0xee, 0xd7, 0xee, 0xd7, 0xee, 0xd7, 0xee, 0xf8, 0xee, 0xf8, 0xee, 0xf8, 0xee,
    0xf8, 0xee, 0xf8, 0xee, 0xd7, 0xee, 0xf8, 0xee, 0xf8, 0xee, 0xd7, 0xee, 0xd7, 0xee, 0xf8, 0xee,
    0xf8, 0xee, 0xf8, 0xee, 0xf8, 0xee, 0xf8, 0xee, 0xf8, 0xee, 0xd7, 0xee, 0xd7, 0xee, 0xd7, 0xee,
    0xd7, 0xee, 0xf8, 0xee, 0xf8, 0xee, 0xf8, 0xee, 0xd7, 0xee, 0xf8, 0xee, 0xd7, 0xee, 0xd7, 0xee,
    0xd7, 0xee, 0xd7, 0xee, 0xf8, 0xee, 0xf8, 0xee, 0xd7, 0xee, 0xf8, 0xee, 0xf8, 0xee, 0xd7, 0xee,
    0xd7, 0xee, 0xd7, 0xee, 0xb6, 0xe6, 0xb6, 0xe6, 0xd7, 0xee, 0xf8, 0xee, 0xd7, 0xee, 0xd7, 0xee,
    0xf8, 0xee, 0xf8, 0xee, 0xf8, 0xee, 0xf8, 0xee, 0xd7, 0xee, 0xf8, 0xee, 0xf8, 0xee, 0xd7, 0xee,
    0xf8, 0xee, 0xd7, 0xee, 0xd7, 0xee, 0xf8, 0xee, 0xd7, 0xee, 0xd7, 0xee, 0xd7, 0xee, 0xd7, 0xee,
    0xf8, 0xee, 0xd7, 0xee, 0xd7, 0xee, 0xd7, 0xee, 0xd7, 0xee, 0xf8, 0xee, 0xf8, 0xee, 0xd7, 0xee,
    0xf8, 0xee, 0xd7, 0xee, 0xd7, 0xee, 0xd7, 0xee, 0xd7, 0xee, 0xd7, 0xee, 0xd7, 0xee, 0xd7, 0xee,
    0xf8, 0xee, 0xd7, 0xee, 0xd7, 0xee, 0xd7, 0xee, 0xd7, 0xee, 0xd7, 0xee, 0xd7, 0xee, 0xf8, 0xee,
    0xf8, 0xee, 0xf8, 0xee, 0xf8, 0xee, 0xd7, 0xee, 0xd7, 0xee, 0xd7, 0xee, 0xd7, 0xee, 0xd7, 0xee,
    0xf8, 0xee, 0xd7, 0xee, 0xd7, 0xee, 0xd7, 0xee, 0xf8, 0xee, 0xd7, 0xee, 0xd7, 0xee, 0xf8, 0xee,
    0xf8, 0xee, 0xf8, 0xee, 0xf8, 0xee, 0xf8, 0xee, 0xd7, 0xee, 0xf8, 0xee, 0xf8, 0xee, 0xf8, 0xee,
    0xd7, 0xee, 0xf8, 0xee, 0xf8, 0xee, 0xf8, 0xee, 0xf8, 0xee, 0xd7, 0xee, 0xd7, 0xee, 0xf8, 0xee,
    0xf8, 0xee, 0xf8, 0xee, 0xf8, 0xee, 0xf8, 0xee, 0xd7, 0xee, 0xf8, 0xee, 0xf8, 0xee, 0xf8, 0xee,
    0xf8, 0xee, 0xf8, 0xee, 0xf8, 0xee, 0xd7, 0xee, 0xf8, 0xee, 0xf8, 0xee, 0xd7, 0xee, 0xd7, 0xee,
    0xd7, 0xee, 0xf8, 0xee, 0xf8, 0xee, 0xf8, 0xee, 0xf8, 0xee, 0xf8, 0xee, 0xf8, 0xee, 0xd7, 0xee,
    0xd7, 0xee, 0xd7, 0xee, 0xf8, 0xee, 0xd7, 0xee, 0xd7, 0xee, 0xd7, 0xee, 0xf8, 0xee, 0xf8, 0xee,
    0xf8, 0xee, 0xd7, 0xee, 0xf8, 0xee, 0xd7, 0xee, 0xf8, 0xee, 0xd7, 0xee, 0xf8, 0xee, 0xd7, 0xee,
    0xd7, 0xee, 0xf8, 0xee, 0xf8, 0xee, 0xf8, 0xee, 0xf8, 0xee, 0xf8, 0xee, 0xf8, 0xee, 0xf8, 0xee,
    0xf8, 0xee, 0xf8, 0xee, 0xd7, 0xee, 0xf8, 0xee, 0xf8, 0xee, 0xf8, 0xee, 0xf8, 0xee, 0xf8, 0xee,
    0xf8, 0xee, 0xf8, 0xee, 0xf8, 0xee, 0xf8, 0xee, 0xf8, 0xee, 0xf8, 0xee, 0xf8, 0xee, 0xf8, 0xee,
    0xf8, 0xee, 0xf8, 0xee, 0xf8, 0xee, 0xf8, 0xee, 0xf8, 0xee, 0xf8, 0xee, 0xf8, 0xee, 0xd7, 0xee,
    0xf8, 0xee, 0xf8, 0xee, 0xf8, 0xee, 0xf8, 0xee, 0xf8, 0xee, 0xf8, 0xee, 0xd7, 0xee, 0xf8, 0xee,
    0xf8, 0xee, 0xf8, 0xee, 0xd7, 0xee, 0xd7, 0xee, 0xd7, 0xee, 0xd7, 0xee, 0xd7, 0xee, 0xd7, 0xee,
    0xf8, 0xee, 0xd7, 0xee, 0xd7, 0xee, 0xd7, 0xee, 0xd7, 0xee, 0xd7, 0xee, 0xf8, 0xee, 0xd7, 0xee,
    0xd7, 0xee, 0xd7, 0xee, 0x95, 0xe6, 0xd7, 0xee, 0xf8, 0xee, 0xf8, 0xee, 0xf8, 0xee, 0xf8, 0xee,
    0xf8, 0xee, 0xf8, 0xee, 0xf8, 0xee, 0xf8, 0xee, 0xf8, 0xee, 0xf8, 0xee, 0xf8, 0xee, 0xd7, 0xee,
    0xd7, 0xee, 0xd7, 0xee, 0xd7, 0xee, 0xf8, 0xee, 0xf8, 0xee, 0xf8, 0xee, 0xf8, 0xee, 0xd7, 0xee,
    0xd7, 0xee, 0xf8, 0xee, 0xf8, 0xee, 0xf8, 0xee, 0xd7, 0xee, 0xf8, 0xee, 0xd7, 0xee, 0xf8, 0xee,
    0xf8, 0xee, 0xf8, 0xee, 0xf8, 0xee, 0xf8, 0xee, 0xf8, 0xee, 0xd7, 0xee, 0xb6, 0xe6, 0xd7, 0xee,
    0xf8, 0xee, 0xf8, 0xee, 0xf8, 0xee, 0xf8, 0xee, 0xf8, 0xee, 0xf8, 0xee, 0xd7, 0xee, 0xd7, 0xee,
    0xf8, 0xee, 0xf8, 0xee, 0xf8, 0xee, 0xf8, 0xee, 0xd7, 0xee, 0xf8, 0xee, 0xd7, 0xee, 0xf8, 0xee,
    0xd7, 0xee, 0xd7, 0xee, 0xf8, 0xee, 0xf8, 0xee, 0xf8, 0xee, 0xf8, 0xee, 0xf8, 0xee, 0xd7, 0xee,
    0xd7, 0xee, 0xd7, 0xee, 0xd7, 0xee, 0xd7, 0xee, 0xd7, 0xee, 0xd7, 0xee, 0xd7, 0xee, 0xd7, 0xee,
    0xd7, 0xee, 0xd7, 0xee, 0xf8, 0xee, 0xf8, 0xee, 0xd7, 0xee, 0xf8, 0xee, 0xd7, 0xee, 0xd7, 0xee,
    0xd7, 0xee, 0xd7, 0xee, 0xf8, 0xee, 0xf8, 0xee, 0xd7, 0xee, 0xb6, 0xe6, 0xd7, 0xee, 0xd7, 0xee,
    0xd7, 0xee, 0xd7, 0xee, 0xd7, 0xee, 0xd7, 0xee, 0xd7, 0xee, 0xd7, 0xee, 0xf8, 0xee, 0xd7, 0xee,
    0xd7, 0xee, 0xd7, 0xee, 0xd7, 0xee, 0xd7, 0xee, 0xd7, 0xee, 0xd7, 0xee, 0xd7, 0xee, 0xd7, 0xee,
    0xd7, 0xee, 0xd7, 0xee, 0xd7, 0xee, 0xd7, 0xee, 0xd7, 0xee, 0xd7, 0xee, 0xf8, 0xee, 0xf8, 0xee,
    0xf8, 0xee, 0xf8, 0xee, 0xd7, 0xee, 0xf8, 0xee, 0xd7, 0xee, 0xd7, 0xee, 0xf8, 0xee, 0xd7, 0xee,
    0xd7, 0xee, 0xd7, 0xee, 0xd7, 0xee, 0xd7, 0xee, 0xd7, 0xee, 0xd7, 0xee, 0xf8, 0xee, 0xf8, 0xee,
    0xf8, 0xee, 0xf8, 0xee, 0xf8, 0xee, 0xf8, 0xee, 0xd7, 0xee, 0xf8, 0xee, 0xf8, 0xee, 0xf8, 0xee,
    0xd7, 0xee, 0xd7, 0xee, 0xf8, 0xee, 0xf8, 0xee, 0xf8, 0xee, 0xd7, 0xee, 0xd7, 0xee, 0xd7, 0xee,
    0xd7, 0xee, 0xf8, 0xee, 0xf8, 0xee, 0xf8, 0xee, 0xd7, 0xee, 0xd7, 0xee, 0xf8, 0xee, 0xd7, 0xee,
    0xd7, 0xee, 0xf8, 0xee, 0xd7, 0xee, 0xd7, 0xee, 0xf8, 0xee, 0xf8, 0xee, 0xf8, 0xee, 0xf8, 0xee,
    0xd7, 0xee, 0xf8, 0xee, 0xf8, 0xee, 0xf8, 0xee, 0xf8, 0xee, 0xf8, 0xee, 0xf8, 0xee, 0xf8, 0xee,
    0xf8, 0xee, 0xf8, 0xee, 0xf8, 0xee, 0xd7, 0xee, 0xd7, 0xee, 0xf8, 0xee, 0xd7, 0xee, 0xd7, 0xee,
    0xd7, 0xee, 0xd7, 0xee, 0xd7, 0xee, 0xd7, 0xee, 0xf8, 0xee, 0xf8, 0xee, 0xf8, 0xee, 0xd7, 0xee,
    0xf8, 0xee, 0xd7, 0xee, 0xd7, 0xee, 0xf8, 0xee, 0xf8, 0xee, 0xf8, 0xee, 0xf8, 0xee, 0xd7, 0xee,
    0xd7, 0xee, 0xf8, 0xee, 0xf8, 0xee, 0xf8, 0xee, 0xf8, 0xee, 0xd7, 0xee, 0xf8, 0xee, 0xf8, 0xee,
    0xf8, 0xee, 0xf8, 0xee, 0xf8, 0xee, 0xf8, 0xee, 0xf8, 0xee, 0xf8, 0xee, 0xf8, 0xee, 0xf8, 0xee,
    0xf8, 0xee, 0xf8, 0xee, 0xf8, 0xee, 0xf8, 0xee, 0xf8, 0xee, 0xf8, 0xee, 0xd7, 0xee, 0xd7, 0xee,
    0xf8, 0xee, 0xf8, 0xee, 0xf8, 0xee, 0xf8, 0xee, 0xf8, 0xee, 0xf8, 0xee, 0xf8, 0xee, 0xf8, 0xee,
    0xf8, 0xee, 0xf8, 0xee, 0xd7, 0xee, 0xd7, 0xee, 0xd7, 0xee, 0xf8, 0xee, 0xb6, 0xee, 0xd7, 0xee,
    0xd7, 0xee, 0xd7, 0xee, 0xd7, 0xee, 0xd7, 0xee, 0xd7, 0xee, 0xd7, 0xee, 0xd7, 0xee, 0xf8, 0xee,
    0xd7, 0xee, 0xd7, 0xee, 0xd7, 0xee, 0xd7, 0xee, 0xf8, 0xee, 0xf8, 0xee, 0xf8, 0xee, 0xf8, 0xee,
    0xf8, 0xee, 0xf8, 0xee, 0xf8, 0xee, 0xd7, 0xee, 0xd7, 0xee, 0xd7, 0xee, 0xf8, 0xee, 0xf8, 0xee,
    0xd7, 0xee, 0xf8, 0xee, 0xf8, 0xee, 0xf8, 0xee, 0xf8, 0xee, 0xf8, 0xee, 0xf8, 0xee, 0xf8, 0xee,
    0xd7, 0xee, 0xf8, 0xee, 0xd7, 0xee, 0xd7, 0xee, 0xf8, 0xee, 0xd7, 0xee, 0xf8, 0xee, 0xf8, 0xee,
    0xf8, 0xee, 0xf8, 0xee, 0xd7, 0xee, 0xd7, 0xee, 0xf8, 0xee, 0xf8, 0xee, 0xd7, 0xee, 0xd7, 0xee,
    0xf8, 0xee, 0xf8, 0xee, 0xf8, 0xee, 0xf8, 0xee, 0xf8, 0xee, 0xf8, 0xee, 0xd7, 0xee, 0xd7, 0xee,
    0xd7, 0xee, 0xf8, 0xee, 0xf8, 0xee, 0xf8, 0xee, 0xf8, 0xee, 0xf8, 0xee, 0xd7, 0xee, 0xf8, 0xee,
    0xf8, 0xee, 0xf8, 0xee, 0xd7, 0xee, 0xf8, 0xee, 0xf8, 0xee, 0xf8, 0xee, 0xd7, 0xee, 0xd7, 0xee,
    0xd7, 0xee, 0xd7, 0xee, 0xd7, 0xee, 0xb6, 0xe6, 0xd7, 0xee, 0xd7, 0xee, 0xd7, 0xee, 0xd7, 0xee,
    0xf8, 0xee, 0xf8, 0xee, 0xf8, 0xee, 0xd7, 0xee, 0xf8, 0xee, 0xf8, 0xee, 0xd7, 0xee, 0xf8, 0xee,
    0xf8, 0xee, 0xf8, 0xee, 0xf8, 0xee, 0xf8, 0xee, 0xd7, 0xee, 0xd7, 0xee, 0xd7, 0xee, 0xd7, 0xee,
    0xd7, 0xee, 0xd7, 0xee, 0xd7, 0xee, 0xd7, 0xee, 0xd7, 0xee, 0xd7, 0xee, 0xd7, 0xee, 0xd7, 0xee,
    0xd7, 0xee, 0xd7, 0xee, 0xd7, 0xee, 0xf8, 0xee, 0xd7, 0xee, 0xd7, 0xee, 0xd7, 0xee, 0xd7, 0xee,
    0xd7, 0xee, 0xd7, 0xee, 0xd7, 0xee, 0xf8, 0xee, 0xd7, 0xee, 0xd7, 0xee, 0xd7, 0xee, 0xd7, 0xee,
    0xf8, 0xee, 0xf8, 0xee, 0xf8, 0xee, 0xd7, 0xee, 0xd7, 0xee, 0xf8, 0xee, 0xf8, 0xee, 0xd7, 0xee,
    0xd7, 0xee, 0xd7, 0xee, 0xf8, 0xee, 0xd7, 0xee, 0xf8, 0xee, 0xf8, 0xee, 0xd7, 0xee, 0xf8, 0xee,
    0xf8, 0xee, 0xf8, 0xee, 0xf8, 0xee, 0xf8, 0xee, 0xd7, 0xee, 0xd7, 0xee, 0xf8, 0xee, 0xf8, 0xee,
    0xf8, 0xee, 0xd7, 0xee, 0xd7, 0xee, 0xd7, 0xee, 0xd7, 0xee, 0xf8, 0xee, 0xf8, 0xee, 0xd7, 0xee,
    0xd7, 0xee, 0xd7, 0xee, 0xf8, 0xee, 0xf8, 0xee, 0xf8, 0xee, 0xf8, 0xee, 0xf8, 0xee, 0xd7, 0xee,
    0xd7, 0xee, 0xf8, 0xee, 0xf8, 0xee, 0xf8, 0xee, 0xf8, 0xee, 0xf8, 0xee, 0xf8, 0xee, 0xf8, 0xee,
    0xf8, 0xee, 0xf8, 0xee, 0xf8, 0xee, 0xf8, 0xee, 0xf8, 0xee, 0xf8, 0xee, 0xf8, 0xee, 0xf8, 0xee,
    0xd7, 0xee, 0xf8, 0xee, 0xf8, 0xee, 0xd7, 0xee, 0xd7, 0xee, 0xf8, 0xee, 0xd7, 0xee, 0xd7, 0xee,
    0xd7, 0xee, 0xf8, 0xee, 0xf8, 0xee, 0xd7, 0xee, 0xf8, 0xee, 0xf8, 0xee, 0xf8, 0xee, 0xf8, 0xee,
    0xf8, 0xee, 0xf8, 0xee, 0xd7, 0xee, 0xf8, 0xee, 0xf8, 0xee, 0xf8, 0xee, 0xf8, 0xee, 0xd7, 0xee,
    0xd7, 0xee, 0xd7, 0xee, 0xd7, 0xee, 0xd7, 0xee, 0xd7, 0xee, 0xd7, 0xee, 0xf8, 0xee, 0xf8, 0xee,
    0xf8, 0xee, 0xf8, 0xee, 0xf8, 0xee, 0xf8, 0xee, 0xf8, 0xee, 0xf8, 0xee, 0xf8, 0xee, 0xf8, 0xee,
    0xf8, 0xee, 0xf8, 0xee, 0xf8, 0xee, 0xf8, 0xee, 0xf8, 0xee, 0xf8, 0xee, 0xf8, 0xee, 0xd7, 0xee,
    0xf8, 0xee, 0xf8, 0xee, 0xf8, 0xee, 0xf8, 0xee, 0xd7, 0xee, 0xf8, 0xee, 0xf8, 0xee, 0xf8, 0xee,
    0xf8, 0xee, 0xf8, 0xee, 0xd7, 0xee, 0xd7, 0xee, 0xd7, 0xee, 0xb6, 0xe6, 0x75, 0xe6, 0x95, 0xe6,
    0xd7, 0xee, 0xd7, 0xee, 0xd7, 0xee, 0xd7, 0xee, 0xd7, 0xee, 0xf8, 0xee, 0xd7, 0xee, 0xd7, 0xee,
    0xd7, 0xee, 0xd7, 0xee, 0xd7, 0xee, 0xf8, 0xee, 0xf8, 0xee, 0xf8, 0xee, 0xf8, 0xee, 0xd7, 0xee,
    0xf8, 0xee, 0xf8, 0xee, 0xf8, 0xee, 0xd7, 0xee, 0xd7, 0xee, 0xf8, 0xee, 0xf8, 0xee, 0xf8, 0xee,
    0xf8, 0xee, 0xf8, 0xee, 0xf8, 0xee, 0xf8, 0xee, 0xf8, 0xee, 0xd7, 0xee, 0xf8, 0xee, 0xf8, 0xee,
    0xd7, 0xee, 0xf8, 0xee, 0xf8, 0xee, 0xd7, 0xee, 0xd7, 0xee, 0xd7, 0xee, 0xf8, 0xee, 0xf8, 0xee,
    0xf8, 0xee, 0xf8, 0xee, 0xf8, 0xee, 0xd7, 0xee, 0xf8, 0xee, 0xf8, 0xee, 0xd7, 0xee, 0xf8, 0xee,
    0xf8, 0xee, 0xd7, 0xee, 0xf8, 0xee, 0xf8, 0xee, 0xf8, 0xee, 0xf8, 0xee, 0xf8, 0xee, 0xf8, 0xee,
    0xd7, 0xee, 0xd7, 0xee, 0xd7, 0xee, 0xf8, 0xee, 0xf8, 0xee, 0xf8, 0xee, 0xd7, 0xee, 0xf8, 0xee,
    0xf8, 0xee, 0xf8, 0xee, 0xf8, 0xee, 0xf8, 0xee, 0xf8, 0xee, 0xf8, 0xee, 0xf8, 0xee, 0xd7, 0xee,
    0xd7, 0xee, 0xd7, 0xee, 0xd7, 0xee, 0xb6, 0xe6, 0xd7, 0xee, 0xf8, 0xee, 0xf8, 0xee, 0xf8, 0xee,
    0xd7, 0xee, 0xf8, 0xee, 0xf8, 0xee, 0xf8, 0xee, 0xf8, 0xee, 0xf8, 0xee, 0xf8, 0xee, 0xf8, 0xee,
    0xf8, 0xee, 0xd7, 0xee, 0xd7, 0xee, 0xf8, 0xee, 0xf8, 0xee, 0xd7, 0xee, 0xf8, 0xee, 0xd7, 0xee,
    0xb6, 0xe6, 0xd7, 0xee, 0xf8, 0xee, 0xf8, 0xee, 0xd7, 0xee, 0xf8, 0xee, 0xf8, 0xee, 0xd7, 0xee,
    0xf8, 0xee, 0xd7, 0xee, 0xf8, 0xee, 0xf8, 0xee, 0xf8, 0xee, 0xd7, 0xee, 0xd7, 0xee, 0xd7, 0xee,
    0xd7, 0xee, 0xd7, 0xee, 0xd7, 0xee, 0xd7, 0xee, 0xd7, 0xee, 0xd7, 0xee, 0xd7, 0xee, 0xd7, 0xee,
    0xf8, 0xee, 0xd7, 0xee, 0xd7, 0xee, 0xb6, 0xe6, 0xd7, 0xee, 0xf8, 0xee, 0xf8, 0xee, 0xd7, 0xee,
    0xd7, 0xee, 0xf8, 0xee, 0xd7, 0xee, 0xd7, 0xee, 0xd7, 0xee, 0xf8, 0xee, 0xd7, 0xee, 0xf8, 0xee,
    0xf8, 0xee, 0xf8, 0xee, 0xd7, 0xee, 0xf8, 0xee, 0xd7, 0xee, 0xd7, 0xee, 0xd7, 0xee, 0xf8, 0xee,
    0xd7, 0xee, 0xd7, 0xee, 0xd7, 0xee, 0xd7, 0xee, 0xb6, 0xe6, 0xd7, 0xee, 0xf8, 0xee, 0xf8, 0xee,
    0xf8, 0xee, 0xd7, 0xee, 0xf8, 0xee, 0xf8, 0xee, 0xf8, 0xee, 0xf8, 0xee, 0xf8, 0xee, 0xf8, 0xee,
    0xd7, 0xee, 0xf8, 0xee, 0xf8, 0xee, 0xf8, 0xee, 0xf8, 0xee, 0xf8, 0xee, 0xf8, 0xee, 0xf8, 0xee,
    0xf8, 0xee, 0xf8, 0xee, 0xf8, 0xee, 0xf8, 0xee, 0xf8, 0xee, 0xf8, 0xee, 0xf8, 0xee, 0xf8, 0xee,
    0xd7, 0xee, 0xf8, 0xee, 0xf8, 0xee, 0xf8, 0xee, 0xf8, 0xee, 0xf8, 0xee, 0xf8, 0xee, 0xf8, 0xee,
    0xf8, 0xee, 0xf8, 0xee, 0xf8, 0xee, 0xf8, 0xee, 0xf8, 0xee, 0xf8, 0xee, 0xf8, 0xee, 0xf8, 0xee,
    0xf8, 0xee, 0xf8, 0xee, 0xf8, 0xee, 0xf8, 0xee, 0xd7, 0xee, 0xd7, 0xee, 0xd7, 0xee, 0xd7, 0xee,
    0xf8, 0xee, 0xd7, 0xee, 0xd7, 0xee, 0xd7, 0xee, 0xd7, 0xee, 0xf8, 0xee, 0xf8, 0xee, 0xf8, 0xee,
    0xd7, 0xee, 0xd7, 0xee, 0xf8, 0xee, 0xf8, 0xee, 0xf8, 0xee, 0xf8, 0xee, 0xf8, 0xee, 0xf8, 0xee,
    0xf8, 0xee, 0xf8, 0xee, 0xf8, 0xee, 0xf8, 0xee, 0xf8, 0xee, 0xf8, 0xee, 0xf8, 0xee, 0xd7, 0xee,
    0xf8, 0xee, 0xf8, 0xee, 0xf8, 0xee, 0xf8, 0xee, 0xd7, 0xee, 0xf8, 0xee, 0xf8, 0xee, 0xd7, 0xee,
    0xd7, 0xee, 0xd7, 0xee, 0xd7, 0xee, 0xd7, 0xee, 0xb6, 0xee, 0x95, 0xe6, 0x75, 0xe6, 0xb6, 0xe6,
    0xd7, 0xee, 0xf8, 0xee, 0xd7, 0xee, 0xd7, 0xee, 0xf8, 0xee, 0xd7, 0xee, 0xd7, 0xee, 0xd7, 0xee,
    0xd7, 0xee, 0xd7, 0xee, 0xd7, 0xee, 0xf8, 0xee, 0xd7, 0xee, 0xd7, 0xee, 0xf8, 0xee, 0xd7, 0xee,
    0xd7, 0xee, 0xf8, 0xee, 0xf8, 0xee, 0xf8, 0xee, 0xf8, 0xee, 0xd7, 0xee, 0xf8, 0xee, 0xf8, 0xee,
    0xf8, 0xee, 0xf8, 0xee, 0xf8, 0xee, 0xf8, 0xee, 0xd7, 0xee, 0xf8, 0xee, 0xd7, 0xee, 0xf8, 0xee,
    0xd7, 0xee, 0xd7, 0xee, 0xd7, 0xee, 0xf8, 0xee, 0xd7, 0xee, 0xd7, 0xee, 0xf8, 0xee, 0xf8, 0xee,
    0xf8, 0xee, 0xf8, 0xee, 0xf8, 0xee, 0xf8, 0xee, 0xf8, 0xee, 0xf8, 0xee, 0xf8, 0xee, 0xd7, 0xee,
    0xf8, 0xee, 0xd7, 0xee, 0xd7, 0xee, 0xd7, 0xee, 0xf8, 0xee, 0xf8, 0xee, 0xf8, 0xee, 0xf8, 0xee,
    0xd7, 0xee, 0xd7, 0xee, 0xd7, 0xee, 0xf8, 0xee, 0xf8, 0xee, 0xf8, 0xee, 0xf8, 0xee, 0xf8, 0xee,
    0xf8, 0xee, 0xf8, 0xee, 0xf8, 0xee, 0xf8, 0xee, 0xd7, 0xee, 0xf8, 0xee, 0xf8, 0xee, 0xd7, 0xee,
    0xd7, 0xee, 0xd7, 0xee, 0xf8, 0xee, 0xd7, 0xee, 0xd7, 0xee, 0xf8, 0xee, 0xf8, 0xee, 0xd7, 0xee,
    0xd7, 0xee, 0xd7, 0xee, 0xf8, 0xee, 0xf8, 0xee, 0xf8, 0xee, 0xf8, 0xee, 0xf8, 0xee, 0xf8, 0xee,
    0xf8, 0xee, 0xd7, 0xee, 0xd7, 0xee, 0xf8, 0xee, 0xf8, 0xee, 0xd7, 0xee, 0xd7, 0xee, 0xd7, 0xee,
    0xd7, 0xee, 0xd7, 0xee, 0xf8, 0xee, 0xf8, 0xee, 0xf8, 0xee, 0xf8, 0xee, 0xf8, 0xee, 0xd7, 0xee,
    0xd7, 0xee, 0xf8, 0xee, 0xf8, 0xee, 0xd7, 0xee, 0xd7, 0xee, 0xd7, 0xee, 0xd7, 0xee, 0xd7, 0xee,
    0xd7, 0xee, 0xd7, 0xee, 0xd7, 0xee, 0xd7, 0xee, 0xd7, 0xee, 0xd7, 0xee, 0xf8, 0xee, 0xf8, 0xee,
    0xf8, 0xee, 0xf8, 0xee, 0xd7, 0xee, 0xd7, 0xee, 0xd7, 0xee, 0xd7, 0xee, 0xf8, 0xee, 0xd7, 0xee,
    0xd7, 0xee, 0xf8, 0xee, 0xd7, 0xee, 0xd7, 0xee, 0xd7, 0xee, 0xf8, 0xee, 0xf8, 0xee, 0xd7, 0xee,
    0xf8, 0xee, 0xf8, 0xee, 0xf8, 0xee, 0xf8, 0xee, 0xf8, 0xee, 0xf8, 0xee, 0xb6, 0xee, 0xb6, 0xee,
    0xd7, 0xee, 0xd7, 0xee, 0xd7, 0xee, 0xb6, 0xe6, 0xd7, 0xee, 0xd7, 0xee, 0xd7, 0xee, 0xd7, 0xee,
    0xd7, 0xee, 0xd7, 0xee, 0xf8, 0xee, 0xf8, 0xee, 0xf8, 0xee, 0xf8, 0xee, 0xf8, 0xee, 0xf8, 0xee,
    0xd7, 0xee, 0xd7, 0xee, 0xf8, 0xee, 0xf8, 0xee, 0xf8, 0xee, 0xf8, 0xee, 0xf8, 0xee, 0xf8, 0xee,
    0xf8, 0xee, 0xf8, 0xee, 0xf8, 0xee, 0xd7, 0xee, 0xf8, 0xee, 0xf8, 0xee, 0xf8, 0xee, 0xd7, 0xee,
    0xd7, 0xee, 0xd7, 0xee, 0xd7, 0xee, 0xd7, 0xee, 0xd7, 0xee, 0xd7, 0xee, 0xf8, 0xee, 0xf8, 0xee,
    0xf8, 0xee, 0xf8, 0xee, 0xd7, 0xee, 0xd7, 0xee, 0xf8, 0xee, 0xf8, 0xee, 0xf8, 0xee, 0xf8, 0xee,
    0xf8, 0xee, 0xf8, 0xee, 0xf8, 0xee, 0xf8, 0xee, 0xf8, 0xee, 0xf8, 0xee, 0xd7, 0xee, 0xf8, 0xee,
    0xf8, 0xee, 0xf8, 0xee, 0xd7, 0xee, 0xd7, 0xee, 0xd7, 0xee, 0xf8, 0xee, 0xf8, 0xee, 0xf8, 0xee,
    0xf8, 0xee, 0xf8, 0xee, 0xf8, 0xee, 0xf8, 0xee, 0xf8, 0xee, 0xf8, 0xee, 0xf8, 0xee, 0xf8, 0xee,
    0xf8, 0xee, 0xf8, 0xee, 0xf8, 0xee, 0xf8, 0xee, 0xf8, 0xee, 0xf8, 0xee, 0xf8, 0xee, 0xf8, 0xee,
    0xf8, 0xee, 0xd7, 0xee, 0xd7, 0xee, 0xd7, 0xee, 0xb6, 0xe6, 0xd7, 0xee, 0xd7, 0xee, 0xb6, 0xe6,
    0xd7, 0xee, 0xd7, 0xee, 0xd7, 0xee, 0xd7, 0xee, 0xf8, 0xee, 0xd7, 0xee, 0xb6, 0xe6, 0xd7, 0xee,
    0xd7, 0xee, 0xd7, 0xee, 0xd7, 0xee, 0xd7, 0xee, 0xd7, 0xee, 0xd7, 0xee, 0xd7, 0xee, 0xd7, 0xee,
    0xd7, 0xee, 0xd7, 0xee, 0xf8, 0xee, 0xf8, 0xee, 0xd7, 0xee, 0xd7, 0xee, 0xf8, 0xee, 0xf8, 0xee,
    0xd7, 0xee, 0xf8, 0xee, 0xf8, 0xee, 0xf8, 0xee, 0xf8, 0xee, 0xd7, 0xee, 0xd7, 0xee, 0xf8, 0xee,
    0xd7, 0xee, 0xf8, 0xee, 0xf8, 0xee, 0xf8, 0xee, 0xd7, 0xee, 0xd7, 0xee, 0xf8, 0xee, 0xd7, 0xee,
    0xd7, 0xee, 0xd7, 0xee, 0xf8, 0xee, 0xf8, 0xee, 0xd7, 0xee, 0xd7, 0xee, 0xd7, 0xee, 0xd7, 0xee,
    0xf8, 0xee, 0xf8, 0xee, 0xf8, 0xee, 0xf8, 0xee, 0xf8, 0xee, 0xf8, 0xee, 0xf8, 0xee, 0xf8, 0xee,
    0xd7, 0xee, 0xd7, 0xee, 0xf8, 0xee, 0xf8, 0xee, 0xf8, 0xee, 0xf8, 0xee, 0xf8, 0xee, 0xf8, 0xee,
    0xd7, 0xee, 0xd7, 0xee, 0xd7, 0xee, 0xf8, 0xee, 0xf8, 0xee, 0xf8, 0xee, 0xf8, 0xee, 0xf8, 0xee,
    0xf8, 0xee, 0xf8, 0xee, 0xf8, 0xee, 0xf8, 0xee, 0xf8, 0xee, 0xd7, 0xee, 0xd7, 0xee, 0xd7, 0xee,
    0xd7, 0xee, 0xd7, 0xee, 0xf8, 0xee, 0xf8, 0xee, 0xd7, 0xee, 0xf8, 0xee, 0xf8, 0xee, 0xd7, 0xee,
    0xd7, 0xee, 0xd7, 0xee, 0xf8, 0xee, 0xf8, 0xee, 0xf8, 0xee, 0xd7, 0xee, 0xf8, 0xee, 0xd7, 0xee,
    0xd7, 0xee, 0xd7, 0xee, 0xf8, 0xee, 0xf8, 0xee, 0xd7, 0xee, 0xd7, 0xee, 0xd7, 0xee, 0xd7, 0xee,
    0xd7, 0xee, 0xd7, 0xee, 0xd7, 0xee, 0xd7, 0xee, 0xf8, 0xee, 0xf8, 0xee, 0xf8, 0xee, 0xd7, 0xee,
    0xd7, 0xee, 0xf8, 0xee, 0xf8, 0xee, 0xf8, 0xee, 0xd7, 0xee, 0xd7, 0xee, 0xf8, 0xee, 0xf8, 0xee,
    0xd7, 0xee, 0xd7, 0xee, 0xd7, 0xee, 0xd7, 0xee, 0xd7, 0xee, 0xd7, 0xee, 0xf8, 0xee, 0xf8, 0xee,
    0xd7, 0xee, 0xf8, 0xee, 0xd7, 0xee, 0xf8, 0xee, 0xd7, 0xee, 0xd7, 0xee, 0xd7, 0xee, 0xd7, 0xee,
    0xd7, 0xee, 0xd7, 0xee, 0xf8, 0xee, 0xd7, 0xee, 0xd7, 0xee, 0xf8, 0xee, 0xf8, 0xee, 0xf8, 0xee,
    0xf8, 0xee, 0xf8, 0xee, 0xd7, 0xee, 0xd7, 0xee, 0xf8, 0xee, 0xf8, 0xee, 0xd7, 0xee, 0xd7, 0xee,
    0xd7, 0xee, 0xd7, 0xee, 0xd7, 0xee, 0xd7, 0xee, 0xd7, 0xee, 0xd7, 0xee, 0xd7, 0xee, 0xd7, 0xee,
    0xd7, 0xee, 0xd7, 0xee, 0xf8, 0xee, 0xf8, 0xee, 0xf8, 0xee, 0xf8, 0xee, 0xf8, 0xee, 0xf8, 0xee,
    0xf8, 0xee, 0xd7, 0xee, 0xf8, 0xee, 0xf8, 0xee, 0xf8, 0xee, 0xf8, 0xee, 0xf8, 0xee, 0xf8, 0xee,
    0xf8, 0xee, 0xf8, 0xee, 0xf8, 0xee, 0xf8, 0xee, 0xf8, 0xee, 0xf8, 0xee, 0xf8, 0xee, 0xf8, 0xee,
    0xd7, 0xee, 0xb6, 0xe6, 0xd7, 0xee, 0xd7, 0xee, 0xf8, 0xee, 0xd7, 0xee, 0xf8, 0xee, 0xf8, 0xee,
    0xf8, 0xee, 0xf8, 0xee, 0xd7, 0xee, 0xd7, 0xee, 0xf8, 0xee, 0xd7, 0xee, 0xd7, 0xee, 0xf8, 0xee,
    0xd7, 0xee, 0xf8, 0xee, 0xd7, 0xee, 0xf8, 0xee, 0xf8, 0xee, 0xf8, 0xee, 0xf8, 0xee, 0xf8, 0xee,
    0xf8, 0xee, 0xf8, 0xee, 0xd7, 0xee, 0xd7, 0xee, 0xd7, 0xee, 0xd7, 0xee, 0xf8, 0xee, 0xf8, 0xee,
    0xf8, 0xee, 0xf8, 0xee, 0xd7, 0xee, 0xf8, 0xee, 0xd7, 0xee, 0xf8, 0xee, 0xf8, 0xee, 0xf8, 0xee,
    0xf8, 0xee, 0xf8, 0xee, 0xf8, 0xee, 0xf8, 0xee, 0xf8, 0xee, 0xf8, 0xee, 0xd7, 0xee, 0xf8, 0xee,
    0xf8, 0xee, 0xd7, 0xee, 0xd7, 0xee, 0xb6, 0xe6, 0xd7, 0xee, 0xd7, 0xee, 0xd7, 0xee, 0xd7, 0xee,
    0xf8, 0xee, 0xf8, 0xee, 0xd7, 0xee, 0xd7, 0xee, 0xd7, 0xee, 0xd7, 0xee, 0xd7, 0xee, 0xd7, 0xee,
    0xd7, 0xee, 0xd7, 0xee, 0xd7, 0xee, 0xd7, 0xee, 0xf8, 0xee, 0xf8, 0xee, 0xd7, 0xee, 0xd7, 0xee,
    0xd7, 0xee, 0xd7, 0xee, 0xf8, 0xee, 0xd7, 0xee, 0xd7, 0xee, 0xd7, 0xee, 0xf8, 0xee, 0xd7, 0xee,
    0xf8, 0xee, 0xf8, 0xee, 0xd7, 0xee, 0xd7, 0xee, 0xf8, 0xee, 0xf8, 0xee, 0xf8, 0xee, 0xf8, 0xee,
    0xd7, 0xee, 0xf8, 0xee, 0xd7, 0xee, 0xd7, 0xee, 0xd7, 0xee, 0xd7, 0xee, 0xf8, 0xee, 0xd7, 0xee,
    0xf8, 0xee, 0xf8, 0xee, 0xf8, 0xee, 0xf8, 0xee, 0xf8, 0xee, 0xf8, 0xee, 0xf8, 0xee, 0xd7, 0xee,
    0xf8, 0xee, 0xd7, 0xee, 0xd7, 0xee, 0xf8, 0xee, 0xf8, 0xee, 0xf8, 0xee, 0xf8, 0xee, 0xf8, 0xee,
    0xf8, 0xee, 0xf8, 0xee, 0xf8, 0xee, 0xd7, 0xee, 0xd7, 0xee, 0xd7, 0xee, 0xd7, 0xee, 0xf8, 0xee,
    0xf8, 0xee, 0xf8, 0xee, 0xd7, 0xee, 0xf8, 0xee, 0xf8, 0xee, 0xf8, 0xee, 0xf8, 0xee, 0xf8, 0xee,
    0xf8, 0xee, 0xf8, 0xee, 0xf8, 0xee, 0xf8, 0xee, 0xf8, 0xee, 0xd7, 0xee, 0xf8, 0xee, 0xf8, 0xee,
    0xd7, 0xee, 0xd7, 0xee, 0xd7, 0xee, 0xd7, 0xee, 0xd7, 0xee, 0xd7, 0xee, 0xf8, 0xee, 0xd7, 0xee,
    0xd7, 0xee, 0xd7, 0xee, 0xd7, 0xee, 0xd7, 0xee, 0xd7, 0xee, 0xf8, 0xee, 0xf8, 0xee, 0xf8, 0xee,
    0xf8, 0xee, 0xf8, 0xee, 0xf8, 0xee, 0xf8, 0xee, 0xf8, 0xee, 0xd7, 0xee, 0xd7, 0xee, 0xf8, 0xee,
    0xd7, 0xee, 0xf8, 0xee, 0xf8, 0xee, 0xd7, 0xee, 0xf8, 0xee, 0xd7, 0xee, 0xf8, 0xee, 0xd7, 0xee,
    0xd7, 0xee, 0xf8, 0xee, 0xd7, 0xee, 0xf8, 0xee, 0xd7, 0xee, 0xd7, 0xee, 0xd7, 0xee, 0xf8, 0xee,
    0xd7, 0xee, 0xd7, 0xee, 0xf8, 0xee, 0xd7, 0xee, 0xd7, 0xee, 0xf8, 0xee, 0xd7, 0xee, 0xf8, 0xee,
    0xd7, 0xee, 0xd7, 0xee, 0xf8, 0xee, 0xf8, 0xee, 0xd7, 0xee, 0xf8, 0xee, 0xd7, 0xee, 0xd7, 0xee,
    0xf8, 0xee, 0xd7, 0xee, 0xd7, 0xee, 0xd7, 0xee, 0xd7, 0xee, 0xd7, 0xee, 0xd7, 0xee, 0xf8, 0xee,
    0xf8, 0xee, 0xf8, 0xee, 0xd7, 0xee, 0xf8, 0xee, 0xf8, 0xee, 0xf8, 0xee, 0xd7, 0xee, 0xd7, 0xee,
    0xf8, 0xee, 0xd7, 0xee, 0xd7, 0xee, 0xf8, 0xee, 0xf8, 0xee, 0xf8, 0xee, 0xf8, 0xee, 0xd7, 0xee,
    0xd7, 0xee, 0xd7, 0xee, 0xf8, 0xee, 0xf8, 0xee, 0xf8, 0xee, 0xf8, 0xee, 0xd7, 0xee, 0xf8, 0xee,
    0xf8, 0xee, 0xf8, 0xee, 0xf8, 0xee, 0xf8, 0xee, 0xf8, 0xee, 0xd7, 0xee, 0xf8, 0xee, 0xf8, 0xee,
    0xf8, 0xee, 0xf8, 0xee, 0xf8, 0xee, 0xf8, 0xee, 0xf8, 0xee, 0xf8, 0xee, 0xd7, 0xee, 0xd7, 0xee,
    0xd7, 0xee, 0xd7, 0xee, 0xf8, 0xee, 0xf8, 0xee, 0xd7, 0xee, 0xf8, 0xee, 0xf8, 0xee, 0xd7, 0xee,
    0xd7, 0xee, 0xf8, 0xee, 0xd7, 0xee, 0xd7, 0xee, 0xd7, 0xee, 0xd7, 0xee, 0xd7, 0xee, 0xd7, 0xee,
    0xf8, 0xee, 0xf8, 0xee, 0xd7, 0xee, 0xf8, 0xee, 0xf8, 0xee, 0xf8, 0xee, 0xf8, 0xee, 0xf8, 0xee,
    0xf8, 0xee, 0xf8, 0xee, 0xf8, 0xee, 0xd7, 0xee, 0xd7, 0xee, 0xd7, 0xee, 0xd7, 0xee, 0xf8, 0xee,
    0xf8, 0xee, 0xf8, 0xee, 0xd7, 0xee, 0xf8, 0xee, 0xf8, 0xee, 0xf8, 0xee, 0xf8, 0xee, 0xf8, 0xee,
    0xf8, 0xee, 0xf8, 0xee, 0xf8, 0xee, 0xf8, 0xee, 0xf8, 0xee, 0xf8, 0xee, 0xf8, 0xee, 0xf8, 0xee,
    0xd7, 0xee, 0xd7, 0xee, 0xd7, 0xee, 0xd7, 0xee, 0xd7, 0xee, 0xd7, 0xee, 0xf8, 0xee, 0xd7, 0xee,
    0xf8, 0xee, 0xd7, 0xee, 0xd7, 0xee, 0xd7, 0xee, 0xd7, 0xee, 0xd7, 0xee, 0xd7, 0xee, 0xd7, 0xee,
    0xd7, 0xee, 0xd7, 0xee, 0xd7, 0xee, 0xf8, 0xee, 0xf8, 0xee, 0xf8, 0xee, 0xd7, 0xee, 0xd7, 0xee,
    0xd7, 0xee, 0xd7, 0xee, 0xf8, 0xee, 0xf8, 0xee, 0xd7, 0xee, 0xf8, 0xee, 0xd7, 0xee, 0xd7, 0xee,
    0xd7, 0xee, 0xf8, 0xee, 0xf8, 0xee, 0xd7, 0xee, 0xf8, 0xee, 0xf8, 0xee, 0xf8, 0xee, 0xf8, 0xee,
    0xf8, 0xee, 0xf8, 0xee, 0xd7, 0xee, 0xf8, 0xee, 0xf8, 0xee, 0xd7, 0xee, 0xd7, 0xee, 0xd7, 0xee,
    0xd7, 0xee, 0xd7, 0xee, 0xd7, 0xee, 0xf8, 0xee, 0xf8, 0xee, 0xf8, 0xee, 0xf8, 0xee, 0xd7, 0xee,
    0xf8, 0xee, 0xd7, 0xee, 0xd7, 0xee, 0xd7, 0xee, 0xd7, 0xee, 0xf8, 0xee, 0xf8, 0xee, 0xf8, 0xee,
    0xf8, 0xee, 0xf8, 0xee, 0xd7, 0xee, 0xd7, 0xee, 0xd7, 0xee, 0xf8, 0xee, 0xf8, 0xee, 0xf8, 0xee,
    0xd7, 0xee, 0xf8, 0xee, 0xf8, 0xee, 0xf8, 0xee, 0xf8, 0xee, 0xf8, 0xee, 0xf8, 0xee, 0xf8, 0xee,
    0xd7, 0xee, 0xf8, 0xee, 0xf8, 0xee, 0xd7, 0xee, 0xd7, 0xee, 0xd7, 0xee, 0xf8, 0xee, 0xf8, 0xee,
    0xf8, 0xee, 0xd7, 0xee, 0xd7, 0xee, 0xd7, 0xee, 0xf8, 0xee, 0xf8, 0xee, 0xd7, 0xee, 0xd7, 0xee,
    0xf8, 0xee, 0xd7, 0xee, 0xf8, 0xee, 0xf8, 0xee, 0xd7, 0xee, 0xf8, 0xee, 0xd7, 0xee, 0xd7, 0xee,
    0xf8, 0xee, 0xf8, 0xee, 0xf8, 0xee, 0xd7, 0xee, 0xd7, 0xee, 0xd7, 0xee, 0xf8, 0xee, 0xd7, 0xee,
    0xd7, 0xee, 0xd7, 0xee, 0xf8, 0xee, 0xf8, 0xee, 0xd7, 0xee, 0xd7, 0xee, 0xd7, 0xee, 0xd7, 0xee,
    0xd7, 0xee, 0xd7, 0xee, 0xf8, 0xee, 0xd7, 0xee, 0xf8, 0xee, 0xf8, 0xee, 0xd7, 0xee, 0xd7, 0xee,
    0xd7, 0xee, 0xd7, 0xee, 0xf8, 0xee, 0xd7, 0xee, 0xd7, 0xee, 0xf8, 0xee, 0xd7, 0xee, 0xd7, 0xee,
    0xf8, 0xee, 0xf8, 0xee, 0xd7, 0xee, 0xf8, 0xee, 0xf8, 0xee, 0xf8, 0xee, 0xf8, 0xee, 0xd7, 0xee,
    0xf8, 0xee, 0xd7, 0xee, 0xd7, 0xee, 0xd7, 0xee, 0xd7, 0xee, 0xd7, 0xee, 0xf8, 0xee, 0xf8, 0xee,
    0xf8, 0xee, 0xd7, 0xee, 0xf8, 0xee, 0xf8, 0xee, 0xf8, 0xee, 0xf8, 0xee, 0xf8, 0xee, 0xf8, 0xee,
    0xf8, 0xee, 0xd7, 0xee, 0xd7, 0xee, 0xf8, 0xee, 0xf8, 0xee, 0xf8, 0xee, 0xf8, 0xee, 0xf8, 0xee,
    0xf8, 0xee, 0xf8, 0xee, 0xf8, 0xee, 0xd7, 0xee, 0xf8, 0xee, 0xf8, 0xee, 0xf8, 0xee, 0xf8, 0xee,
    0xf8, 0xee, 0xd7, 0xee, 0xf8, 0xee, 0xf8, 0xee, 0xf8, 0xee, 0xf8, 0xee, 0xf8, 0xee, 0xf8, 0xee,
    0xf8, 0xee, 0xf8, 0xee, 0xf8, 0xee, 0xf8, 0xee, 0xf8, 0xee, 0xf8, 0xee, 0xd7, 0xee, 0xd7, 0xee,
    0xf8, 0xee, 0xd7, 0xee, 0xf8, 0xee, 0xf8, 0xee, 0xf8, 0xee, 0xf8, 0xee, 0xf8, 0xee, 0xf8, 0xee,
    0xd7, 0xee, 0xf8, 0xee, 0xd7, 0xee, 0xf8, 0xee, 0xd7, 0xee, 0xf8, 0xee, 0xf8, 0xee, 0xf8, 0xee,
    0xd7, 0xee, 0xf8, 0xee, 0xf8, 0xee, 0xf8, 0xee, 0xf8, 0xee, 0xf8, 0xee, 0xf8, 0xee, 0xf8, 0xee,
    0xf8, 0xee, 0xf8, 0xee, 0xf8, 0xee, 0xf8, 0xee, 0xd7, 0xee, 0xd7, 0xee, 0xd7, 0xee, 0xf8, 0xee,
    0xf8, 0xee, 0xf8, 0xee, 0xf8, 0xee, 0xf8, 0xee, 0xf8, 0xee, 0xf8, 0xee, 0xf8, 0xee, 0xf8, 0xee,
    0xf8, 0xee, 0xd7, 0xee, 0xd7, 0xee, 0xd7, 0xee, 0xf8, 0xee, 0xd7, 0xee, 0xd7, 0xee, 0xf8, 0xee,
    0xf8, 0xee, 0xd7, 0xee, 0xd7, 0xee, 0xd7, 0xee, 0xf8, 0xee, 0xf8, 0xee, 0xf8, 0xee, 0xd7, 0xee,
    0xd7, 0xee, 0xd7, 0xee, 0xd7, 0xee, 0xd7, 0xee, 0xd7, 0xee, 0xd7, 0xee, 0xd7, 0xee, 0xd7, 0xee,
    0xf8, 0xee, 0xd7, 0xee, 0xf8, 0xee, 0xf8, 0xee, 0xd7, 0xee, 0xd7, 0xee, 0xf8, 0xee, 0xf8, 0xee,
    0xd7, 0xee, 0xd7, 0xee, 0xf8, 0xee, 0xd7, 0xee, 0xf8, 0xee, 0xf8, 0xee, 0xf8, 0xee, 0xf8, 0xee,
    0xf8, 0xee, 0xf8, 0xee, 0xd7, 0xee, 0xf8, 0xee, 0xf8, 0xee, 0xf8, 0xee, 0xf8, 0xee, 0xf8, 0xee,
    0xf8, 0xee, 0xf8, 0xee, 0xd7, 0xee, 0xd7, 0xee, 0xd7, 0xee, 0xf8, 0xee, 0xd7, 0xee, 0xf8, 0xee,
    0xf8, 0xee, 0xd7, 0xee, 0xd7, 0xee, 0xf8, 0xee, 0xd7, 0xee, 0xd7, 0xee, 0xf8, 0xee, 0xf8, 0xee,
    0xf8, 0xee, 0xd7, 0xee, 0xd7, 0xee, 0xf8, 0xee, 0xf8, 0xee, 0xd7, 0xee, 0xd7, 0xee, 0xf8, 0xee,
    0xd7, 0xee, 0xf8, 0xee, 0xf8, 0xee, 0xd7, 0xee, 0xd7, 0xee, 0xf8, 0xee, 0xf8, 0xee, 0xf8, 0xee,
    0xd7, 0xee, 0xd7, 0xee, 0xf8, 0xee, 0xf8, 0xee, 0xd7, 0xee, 0xf8, 0xee, 0xf8, 0xee, 0xd7, 0xee,
    0xd7, 0xee, 0xd7, 0xee, 0xf8, 0xee, 0xf8, 0xee, 0xf8, 0xee, 0xf8, 0xee, 0xf8, 0xee, 0xf8, 0xee,
    0xf8, 0xee, 0xd7, 0xee, 0xd7, 0xee, 0xd7, 0xee, 0xf8, 0xee, 0xf8, 0xee, 0xd7, 0xee, 0xd7, 0xee,
    0xd7, 0xee, 0xf8, 0xee, 0xd7, 0xee, 0xd7, 0xee, 0xf8, 0xee, 0xd7, 0xee, 0xd7, 0xee, 0xd7, 0xee,
    0xf8, 0xee, 0xf8, 0xee, 0xf8, 0xee, 0xd7, 0xee, 0xf8, 0xee, 0xf8, 0xee, 0xd7, 0xee, 0xd7, 0xee,
    0xd7, 0xee, 0xd7, 0xee, 0xd7, 0xee, 0xf8, 0xee, 0xd7, 0xee, 0xd7, 0xee, 0xd7, 0xee, 0xd7, 0xee,
    0xd7, 0xee, 0xd7, 0xee, 0xd7, 0xee, 0xf8, 0xee, 0xf8, 0xee, 0xf8, 0xee, 0xf8, 0xee, 0xf8, 0xee,
    0xd7, 0xee, 0xd7, 0xee, 0xd7, 0xee, 0xd7, 0xee, 0xf8, 0xee, 0xf8, 0xee, 0xd7, 0xee, 0xd7, 0xee,
    0xf8, 0xee, 0xd7, 0xee, 0xf8, 0xee, 0xd7, 0xee, 0xf8, 0xee, 0xf8, 0xee, 0xf8, 0xee, 0xf8, 0xee,
    0xf8, 0xee, 0xd7, 0xee, 0xd7, 0xee, 0xd7, 0xee, 0xd7, 0xee, 0xd7, 0xee, 0xf8, 0xee, 0xf8, 0xee,
    0xd7, 0xee, 0xd7, 0xee, 0xf8, 0xee, 0xf8, 0xee, 0xf8, 0xee, 0xf8, 0xee, 0xf8, 0xee, 0xf8, 0xee,
    0xf8, 0xee, 0xf8, 0xee, 0xf8, 0xee, 0xd7, 0xee, 0xf8, 0xee, 0xf8, 0xee, 0xf8, 0xee, 0xf8, 0xee,
    0xf8, 0xee, 0xd7, 0xee, 0xf8, 0xee, 0xf8, 0xee, 0xd7, 0xee, 0xf8, 0xee, 0xf8, 0xee, 0xd7, 0xee,
    0xf8, 0xee, 0xd7, 0xee, 0xd7, 0xee, 0xf8, 0xee, 0xf8, 0xee, 0xf8, 0xee, 0xf8, 0xee, 0xf8, 0xee,
    0xf8, 0xee, 0xf8, 0xee, 0xf8, 0xee, 0xf8, 0xee, 0xf8, 0xee, 0xf8, 0xee, 0xd7, 0xee, 0xd7, 0xee,
    0xf8, 0xee, 0xd7, 0xee, 0xd7, 0xee, 0xf8, 0xee, 0xf8, 0xee, 0xf8, 0xee, 0xf8, 0xee, 0xf8, 0xee,
    0xf8, 0xee, 0xf8, 0xee, 0xf8, 0xee, 0xf8, 0xee, 0xf8, 0xee, 0xf8, 0xee, 0xf8, 0xee, 0xf8, 0xee,
    0xf8, 0xee, 0xd7, 0xee, 0xf8, 0xee, 0xf8, 0xee, 0xf8, 0xee, 0xf8, 0xee, 0xf8, 0xee, 0xf8, 0xee,
    0xf8, 0xee, 0xf8, 0xee, 0xf8, 0xee, 0xd7, 0xee, 0xd7, 0xee, 0xd7, 0xee, 0xd7, 0xee, 0xf8, 0xee,
    0xf8, 0xee, 0xf8, 0xee, 0xd7, 0xee, 0xf8, 0xee, 0xf8, 0xee, 0xf8, 0xee, 0xd7, 0xee, 0xf8, 0xee,
    0xd7, 0xee, 0xd7, 0xee, 0xd7, 0xee, 0xf8, 0xee, 0xf8, 0xee, 0xd7, 0xee, 0xd7, 0xee, 0xf8, 0xee,
    0xd7, 0xee, 0xd7, 0xee, 0xd7, 0xee, 0xd7, 0xee, 0xd7, 0xee, 0xf8, 0xee, 0xf8, 0xee, 0xf8, 0xee,
    0xf8, 0xee, 0xd7, 0xee, 0xd7, 0xee, 0xf8, 0xee, 0xf8, 0xee, 0xd7, 0xee, 0xd7, 0xee, 0xf8, 0xee,
    0xf8, 0xee, 0xf8, 0xee, 0xd7, 0xee, 0xf8, 0xee, 0xf8, 0xee, 0xd7, 0xee, 0xf8, 0xee, 0xf8, 0xee,
    0xd7, 0xee, 0xd7, 0xee, 0xd7, 0xee, 0xd7, 0xee, 0xf8, 0xee, 0xd7, 0xee, 0xd7, 0xee, 0xf8, 0xee,
    0xf8, 0xee, 0xf8, 0xee, 0xf8, 0xee, 0xf8, 0xee, 0xd7, 0xee, 0xd7, 0xee, 0xf8, 0xee, 0xf8, 0xee,
    0xf8, 0xee, 0xf8, 0xee, 0xd7, 0xee, 0xf8, 0xee, 0xd7, 0xee, 0xd7, 0xee, 0xd7, 0xee, 0xf8, 0xee,
    0xf8, 0xee, 0xf8, 0xee, 0xd7, 0xee, 0xd7, 0xee, 0xf8, 0xee, 0xf8, 0xee, 0xd7, 0xee, 0xf8, 0xee,
    0xf8, 0xee, 0xd7, 0xee, 0xf8, 0xee, 0xf8, 0xee, 0xd7, 0xee, 0xf8, 0xee, 0xf8, 0xee, 0xf8, 0xee,
    0xd7, 0xee, 0xf8, 0xee, 0xf8, 0xee, 0xd7, 0xee, 0xd7, 0xee, 0xd7, 0xee, 0xd7, 0xee, 0xd7, 0xee,
    0xd7, 0xee, 0xf8, 0xee, 0xd7, 0xee, 0xd7, 0xee, 0xf8, 0xee, 0xd7, 0xee, 0xd7, 0xee, 0xf8, 0xee,
    0xf8, 0xee, 0xd7, 0xee, 0xf8, 0xee, 0xf8, 0xee, 0xf8, 0xee, 0xf8, 0xee, 0xd7, 0xee, 0xf8, 0xee,
    0xf8, 0xee, 0xf8, 0xee, 0xd7, 0xee, 0xd7, 0xee, 0xf8, 0xee, 0xf8, 0xee, 0xf8, 0xee, 0xd7, 0xee,
    0xd7, 0xee, 0xf8, 0xee, 0xd7, 0xee, 0xd7, 0xee, 0xf8, 0xee, 0xf8, 0xee, 0xd7, 0xee, 0xd7, 0xee,
    0xf8, 0xee, 0xf8, 0xee, 0xd7, 0xee, 0xd7, 0xee, 0xf8, 0xee, 0xf8, 0xee, 0xd7, 0xee, 0xf8, 0xee,
    0xd7, 0xee, 0xd7, 0xee, 0xd7, 0xee, 0xd7, 0xee, 0xd7, 0xee, 0xd7, 0xee, 0xd7, 0xee, 0xd7, 0xee,
    0xd7, 0xee, 0xd7, 0xee, 0xd7, 0xee, 0xd7, 0xee, 0xd7, 0xee, 0xd7, 0xee, 0xd7, 0xee, 0xf8, 0xee,
    0xf8, 0xee, 0xd7, 0xee, 0xd7, 0xee, 0xd7, 0xee, 0xd7, 0xee, 0xd7, 0xee, 0xd7, 0xee, 0xd7, 0xee,
    0xd7, 0xee, 0xf8, 0xee, 0xf8, 0xee, 0xf8, 0xee, 0xf8, 0xee, 0xd7, 0xee, 0xd7, 0xee, 0xf8, 0xee,
    0xf8, 0xee, 0xd7, 0xee, 0xd7, 0xee, 0xd7, 0xee, 0xf8, 0xee, 0xd7, 0xee, 0xd7, 0xee, 0xf8, 0xee,
    0xf8, 0xee, 0xf8, 0xee, 0xf8, 0xee, 0xf8, 0xee, 0xd7, 0xee, 0xd7, 0xee, 0xd7, 0xee, 0xf8, 0xee,
    0xf8, 0xee, 0xf8, 0xee, 0xf8, 0xee, 0xd7, 0xee, 0xf8, 0xee, 0xf8, 0xee, 0xf8, 0xee, 0xf8, 0xee,
    0xf8, 0xee, 0xd7, 0xee, 0xf8, 0xee, 0xf8, 0xee, 0xf8, 0xee, 0xf8, 0xee, 0xf8, 0xee, 0xd7, 0xee,
    0xf8, 0xee, 0xf8, 0xee, 0xf8, 0xee, 0xd7, 0xee, 0xf8, 0xee, 0xf8, 0xee, 0xf8, 0xee, 0xf8, 0xee,
    0xf8, 0xee, 0xd7, 0xee, 0xd7, 0xee, 0xf8, 0xee, 0xd7, 0xee, 0xd7, 0xee, 0xf8, 0xee, 0xf8, 0xee,
    0xf8, 0xee, 0xf8, 0xee, 0xd7, 0xee, 0xf8, 0xee, 0xf8, 0xee, 0xf8, 0xee, 0xf8, 0xee, 0xf8, 0xee,
    0xf8, 0xee, 0xf8, 0xee, 0xf8, 0xee, 0xf8, 0xee, 0xf8, 0xee, 0xf8, 0xee, 0xf8, 0xee, 0xf8, 0xee,
    0xf8, 0xee, 0xf8, 0xee, 0xf8, 0xee, 0xf8, 0xee, 0xf8, 0xee, 0xf8, 0xee, 0xf8, 0xee, 0xf8, 0xee,
    0xf8, 0xee, 0xf8, 0xee, 0xf8, 0xee, 0xf8, 0xee, 0xd7, 0xee, 0xd7, 0xee, 0xd7, 0xee, 0xf8, 0xee,
    0xf8, 0xee, 0xf8, 0xee, 0xd7, 0xee, 0xf8, 0xee, 0xf8, 0xee, 0xf8, 0xee, 0xf8, 0xee, 0xf8, 0xee,
    0xf8, 0xee, 0xd7, 0xee, 0xd7, 0xee, 0xf8, 0xee, 0xd7, 0xee, 0xd7, 0xee, 0xd7, 0xee, 0xf8, 0xee,
    0xd7, 0xee, 0xd7, 0xee, 0xf8, 0xee, 0xf8, 0xee, 0xd7, 0xee, 0xf8, 0xee, 0xd7, 0xee, 0xf8, 0xee,
    0xf8, 0xee, 0xf8, 0xee, 0xd7, 0xee, 0xf8, 0xee, 0xd7, 0xee, 0xd7, 0xee, 0xd7, 0xee, 0xf8, 0xee,
    0xf8, 0xee, 0xf8, 0xee, 0xd7, 0xee, 0xf8, 0xee, 0xf8, 0xee, 0xf8, 0xee, 0xf8, 0xee, 0xd7, 0xee,
    0xf8, 0xee, 0xf8, 0xee, 0xf8, 0xee, 0xf8, 0xee, 0xd7, 0xee, 0xf8, 0xee, 0xd7, 0xee, 0xf8, 0xee,
    0xf8, 0xee, 0xd7, 0xee, 0xf8, 0xee, 0xf8, 0xee, 0xd7, 0xee, 0xd7, 0xee, 0xf8, 0xee, 0xf8, 0xee,
    0xf8, 0xee, 0xf8, 0xee, 0xd7, 0xee, 0xd7, 0xee, 0xf8, 0xee, 0xd7, 0xee, 0xd7, 0xee, 0xf8, 0xee,
    0xf8, 0xee, 0xf8, 0xee, 0xd7, 0xee, 0xd7, 0xee, 0xf8, 0xee, 0xf8, 0xee, 0xd7, 0xee, 0xd7, 0xee,
    0xd7, 0xee, 0xf8, 0xee, 0xf8, 0xee, 0xf8, 0xee, 0xd7, 0xee, 0xd7, 0xee, 0xf8, 0xee, 0xf8, 0xee,
    0xf8, 0xee, 0xf8, 0xee, 0xf8, 0xee, 0xf8, 0xee, 0xf8, 0xee, 0xd7, 0xee, 0xd7, 0xee, 0xf8, 0xee,
    0xd7, 0xee, 0xd7, 0xee, 0xf8, 0xee, 0xd7, 0xee, 0xf8, 0xee, 0xd7, 0xee, 0xd7, 0xee, 0xf8, 0xee,
    0xf8, 0xee, 0xd7, 0xee, 0xf8, 0xee, 0xf8, 0xee, 0xd7, 0xee, 0xf8, 0xee, 0xd7, 0xee, 0xd7, 0xee,
    0xd7, 0xee, 0xf8, 0xee, 0xd7, 0xee, 0xf8, 0xee, 0xf8, 0xee, 0xf8, 0xee, 0xf8, 0xee, 0xd7, 0xee,
    0xd7, 0xee, 0xf8, 0xee, 0xd7, 0xee, 0xd7, 0xee, 0xf8, 0xee, 0xd7, 0xee, 0xd7, 0xee, 0xf8, 0xee,
    0xf8, 0xee, 0xd7, 0xee, 0xd7, 0xee, 0xf8, 0xee, 0xd7, 0xee, 0xf8, 0xee, 0xf8, 0xee, 0xf8, 0xee,
    0xd7, 0xee, 0xd7, 0xee, 0xf8, 0xee, 0xd7, 0xee, 0xd7, 0xee, 0xd7, 0xee, 0xd7, 0xee, 0xd7, 0xee,
    0xf8, 0xee, 0xf8, 0xee, 0xd7, 0xee, 0xd7, 0xee, 0xd7, 0xee, 0xd7, 0xee, 0xf8, 0xee, 0xf8, 0xee,
    0xd7, 0xee, 0xd7, 0xee, 0xd7, 0xee, 0xd7, 0xee, 0xd7, 0xee, 0xf8, 0xee, 0xf8, 0xee, 0xd7, 0xee,
    0xd7, 0xee, 0xf8, 0xee, 0xf8, 0xee, 0xf8, 0xee, 0xf8, 0xee, 0xf8, 0xee, 0xd7, 0xee, 0xf8, 0xee,
    0xd7, 0xee, 0xd7, 0xee, 0xd7, 0xee, 0xd7, 0xee, 0xf8, 0xee, 0xf8, 0xee, 0xf8, 0xee, 0xf8, 0xee,
    0xf8, 0xee, 0xf8, 0xee, 0xf8, 0xee, 0xf8, 0xee, 0xf8, 0xee, 0xf8, 0xee, 0xd7, 0xee, 0xd7, 0xee,
    0xd7, 0xee, 0xb6, 0xe6, 0xd7, 0xee, 0xd7, 0xee, 0xf8, 0xee, 0xf8, 0xee, 0xf8, 0xee, 0xf8, 0xee,
    0xd7, 0xee, 0xf8, 0xee, 0xf8, 0xee, 0xd7, 0xee, 0xf8, 0xee, 0xd7, 0xee, 0xf8, 0xee, 0xf8, 0xee,
    0xf8, 0xee, 0xf8, 0xee, 0xd7, 0xee, 0xd7, 0xee, 0xd7, 0xee, 0xd7, 0xee, 0xf8, 0xee, 0xf8, 0xee,
    0xf8, 0xee, 0xf8, 0xee, 0xf8, 0xee, 0xd7, 0xee, 0xd7, 0xee, 0xf8, 0xee, 0xf8, 0xee, 0xf8, 0xee,
    0xf8, 0xee, 0xf8, 0xee, 0xf8, 0xee, 0xd7, 0xee, 0xf8, 0xee, 0xf8, 0xee, 0xf8, 0xee, 0xf8, 0xee,
    0xf8, 0xee, 0xf8, 0xee, 0xf8, 0xee, 0xf8, 0xee, 0xf8, 0xee, 0xf8, 0xee, 0xf8, 0xee, 0xf8, 0xee,
    0xf8, 0xee, 0xf8, 0xee, 0xf8, 0xee, 0xf8, 0xee, 0xf8, 0xee, 0xf8, 0xee, 0xf8, 0xee, 0xf8, 0xee,
    0xf8, 0xee, 0xf8, 0xee, 0xd7, 0xee, 0xf8, 0xee, 0xf8, 0xee, 0xd7, 0xee, 0xf8, 0xee, 0xf8, 0xee,
    0xf8, 0xee, 0xf8, 0xee, 0xf8, 0xee, 0xf8, 0xee, 0xf8, 0xee, 0xf8, 0xee, 0xd7, 0xee, 0xd7, 0xee,
    0xf8, 0xee, 0xf8, 0xee, 0xd7, 0xee, 0xf8, 0xee, 0xf8, 0xee, 0xf8, 0xee, 0xf8, 0xee, 0xf8, 0xee,
    0xf8, 0xee, 0xf8, 0xee, 0xf8, 0xee, 0xf8, 0xee, 0xf8, 0xee, 0xf8, 0xee, 0xf8, 0xee, 0xd7, 0xee,
    0xf8, 0xee, 0xf8, 0xee, 0xf8, 0xee, 0xf8, 0xee, 0xd7, 0xee, 0xf8, 0xee, 0xd7, 0xee, 0xf8, 0xee,
    0xd7, 0xee, 0xf8, 0xee, 0xf8, 0xee, 0xf8, 0xee, 0xf8, 0xee, 0xf8, 0xee, 0xd7, 0xee, 0xd7, 0xee,
    0xd7, 0xee, 0xf8, 0xee, 0xf8, 0xee, 0xf8, 0xee, 0xf8, 0xee, 0xf8, 0xee, 0xf8, 0xee, 0xf8, 0xee,
    0xf8, 0xee, 0xf8, 0xee, 0xf8, 0xee, 0xd7, 0xee, 0xf8, 0xee, 0xd7, 0xee, 0xd7, 0xee, 0xf8, 0xee,
    0xf8, 0xee, 0xf8, 0xee, 0xf8, 0xee, 0xf8, 0xee, 0xf8, 0xee, 0xf8, 0xee, 0xd7, 0xee, 0xf8, 0xee,
    0xf8, 0xee, 0xf8, 0xee, 0xd7, 0xee, 0xd7, 0xee, 0xd7, 0xee, 0xd7, 0xee, 0xd7, 0xee, 0xd7, 0xee,
    0xf8, 0xee, 0xf8, 0xee, 0xf8, 0xee, 0xd7, 0xee, 0xd7, 0xee, 0xf8, 0xee, 0xf8, 0xee, 0xd7, 0xee,
    0xf8, 0xee, 0xf8, 0xee, 0xf8, 0xee, 0xf8, 0xee, 0xf8, 0xee, 0xf8, 0xee, 0xd7, 0xee, 0xd7, 0xee,
    0xd7, 0xee, 0xd7, 0xee, 0xd7, 0xee, 0xd7, 0xee, 0xf8, 0xee, 0xd7, 0xee, 0xd7, 0xee, 0xd7, 0xee,
    0xf8, 0xee, 0xf8, 0xee, 0xf8, 0xee, 0xf8, 0xee, 0xd7, 0xee, 0xd7, 0xee, 0xf8, 0xee, 0xf8, 0xee,
    0xf8, 0xee, 0xf8, 0xee, 0xf8, 0xee, 0xf8, 0xee, 0xf8, 0xee, 0xf8, 0xee, 0xf8, 0xee, 0xf8, 0xee,
    0xd7, 0xee, 0xd7, 0xee, 0xd7, 0xee, 0xd7, 0xee, 0xd7, 0xee, 0xd7, 0xee, 0xd7, 0xee, 0xf8, 0xee,
    0xf8, 0xee, 0xd7, 0xee, 0xd7, 0xee, 0xf8, 0xee, 0xd7, 0xee, 0xd7, 0xee, 0xd7, 0xee, 0xd7, 0xee,
    0xd7, 0xee, 0xd7, 0xee, 0xd7, 0xee, 0xd7, 0xee, 0xd7, 0xee, 0xd7, 0xee, 0xd7, 0xee, 0xd7, 0xee,
    0xf8, 0xee, 0xf8, 0xee, 0xd7, 0xee, 0xd7, 0xee, 0xf8, 0xee, 0xf8, 0xee, 0xf8, 0xee, 0xd7, 0xee,
    0xd7, 0xee, 0xf8, 0xee, 0xf8, 0xee, 0xd7, 0xee, 0xd7, 0xee, 0xf8, 0xee, 0xf8, 0xee, 0xf8, 0xee,
    0xd7, 0xee, 0xf8, 0xee, 0xf8, 0xee, 0xf8, 0xee, 0xf8, 0xee, 0xf8, 0xee, 0xf8, 0xee, 0xf8, 0xee,
    0xd7, 0xee, 0xd7, 0xee, 0xd7, 0xee, 0xd7, 0xee, 0xf8, 0xee, 0xf8, 0xee, 0xf8, 0xee, 0xf8, 0xee,
    0xf8, 0xee, 0xf8, 0xee, 0xf8, 0xee, 0xf8, 0xee, 0xf8, 0xee, 0xd7, 0xee, 0xd7, 0xee, 0xd7, 0xee,
    0xb6, 0xe6, 0xd7, 0xee, 0xb6, 0xe6, 0xd7, 0xee, 0xf8, 0xee, 0xd7, 0xee, 0xf8, 0xee, 0xf8, 0xee,
    0xf8, 0xee, 0xf8, 0xee, 0xd7, 0xee, 0xd7, 0xee, 0xd7, 0xee, 0xd7, 0xee, 0xd7, 0xee, 0xf8, 0xee,
    0xf8, 0xee, 0xd7, 0xee, 0xd7, 0xee, 0xf8, 0xee, 0xd7, 0xee, 0xd7, 0xee, 0xf8, 0xee, 0xd7, 0xee,
    0xd7, 0xee, 0xd7, 0xee, 0xd7, 0xee, 0xd7, 0xee, 0xd7, 0xee, 0xd7, 0xee, 0xd7, 0xee, 0xf8, 0xee,
    0xf8, 0xee, 0xf8, 0xee, 0xf8, 0xee, 0xd7, 0xee, 0xd7, 0xee, 0xf8, 0xee, 0xf8, 0xee, 0xf8, 0xee,
    0xf8, 0xee, 0xf8, 0xee, 0xf8, 0xee, 0xf8, 0xee, 0xf8, 0xee, 0xf8, 0xee, 0xf8, 0xee, 0xf8, 0xee,
    0xf8, 0xee, 0xf8, 0xee, 0xd7, 0xee, 0xf8, 0xee, 0xf8, 0xee, 0xf8, 0xee, 0xf8, 0xee, 0xf8, 0xee,
    0xf8, 0xee, 0xf8, 0xee, 0xd7, 0xee, 0xf8, 0xee, 0xf8, 0xee, 0xd7, 0xee, 0xd7, 0xee, 0xf8, 0xee,
    0xf8, 0xee, 0xf8, 0xee, 0xf8, 0xee, 0xf8, 0xee, 0xf8, 0xee, 0xf8, 0xee, 0xf8, 0xee, 0xd7, 0xee,
    0xf8, 0xee, 0xf8, 0xee, 0xf8, 0xee, 0xf8, 0xee, 0xd7, 0xee, 0xf8, 0xee, 0xf8, 0xee, 0xf8, 0xee,
    0xf8, 0xee, 0xf8, 0xee, 0xf8, 0xee, 0xf8, 0xee, 0xf8, 0xee, 0xf8, 0xee, 0xf8, 0xee, 0xd7, 0xee,
    0xf8, 0xee, 0xf8, 0xee, 0xf8, 0xee, 0xf8, 0xee, 0xf8, 0xee, 0xf8, 0xee, 0xd7, 0xee, 0xd7, 0xee,
    0xd7, 0xee, 0xf8, 0xee, 0xf8, 0xee, 0xd7, 0xee, 0xf8, 0xee, 0xf8, 0xee, 0xd7, 0xee, 0xd7, 0xee,
    0xd7, 0xee, 0xf8, 0xee, 0xd7, 0xee, 0xf8, 0xee, 0xf8, 0xee, 0xf8, 0xee, 0xf8, 0xee, 0xf8, 0xee,
    0xd7, 0xee, 0xd7, 0xee, 0xf8, 0xee, 0xd7, 0xee, 0xf8, 0xee, 0xd7, 0xee, 0xd7, 0xee, 0xd7, 0xee,
    0xf8, 0xee, 0xd7, 0xee, 0xd7, 0xee, 0xf8, 0xee, 0xf8, 0xee, 0xf8, 0xee, 0xd7, 0xee, 0xf8, 0xee,
    0xf8, 0xee, 0xf8, 0xee, 0xd7, 0xee, 0xd7, 0xee, 0xd7, 0xee, 0xd7, 0xee, 0xf8, 0xee, 0xd7, 0xee,
    0xf8, 0xee, 0xf8, 0xee, 0xf8, 0xee, 0xf8, 0xee, 0xd7, 0xee, 0xf8, 0xee, 0xf8, 0xee, 0xf8, 0xee,
    0xd7, 0xee, 0xf8, 0xee, 0xf8, 0xee, 0xd7, 0xee, 0xf8, 0xee, 0xf8, 0xee, 0xd7, 0xee, 0xd7, 0xee,
    0xd7, 0xee, 0xd7, 0xee, 0xf8, 0xee, 0xf8, 0xee, 0xf8, 0xee, 0xd7, 0xee, 0xf8, 0xee, 0xf8, 0xee,
    0xf8, 0xee, 0xf8, 0xee, 0xf8, 0xee, 0xf8, 0xee, 0xd7, 0xee, 0xd7, 0xee, 0xf8, 0xee, 0xf8, 0xee,
    0xd7, 0xee, 0xd7, 0xee, 0xf8, 0xee, 0xd7, 0xee, 0xd7, 0xee, 0xd7, 0xee, 0xd7, 0xee, 0xf8, 0xee,
    0xf8, 0xee, 0xd7, 0xee, 0xd7, 0xee, 0xf8, 0xee, 0xf8, 0xee, 0xf8, 0xee, 0xf8, 0xee, 0xf8, 0xee,
    0xd7, 0xee, 0xd7, 0xee, 0xd7, 0xee, 0xf8, 0xee, 0xf8, 0xee, 0xd7, 0xee, 0xd7, 0xee, 0xd7, 0xee,
    0xd7, 0xee, 0xd7, 0xee, 0xd7, 0xee, 0xd7, 0xee, 0xd7, 0xee, 0xd7, 0xee, 0xd7, 0xee, 0xd7, 0xee,
    0xf8, 0xee, 0xf8, 0xee, 0xd7, 0xee, 0xd7, 0xee, 0xd7, 0xee, 0xf8, 0xee, 0xd7, 0xee, 0xd7, 0xee,
    0xd7, 0xee, 0xf8, 0xee, 0xf8, 0xee, 0xd7, 0xee, 0xf8, 0xee, 0xd7, 0xee, 0xd7, 0xee, 0xd7, 0xee,
    0xd7, 0xee, 0xd7, 0xee, 0xf8, 0xee, 0xf8, 0xee, 0xf8, 0xee, 0xf8, 0xee, 0xf8, 0xee, 0xf8, 0xee,
    0xf8, 0xee, 0xd7, 0xee, 0xd7, 0xee, 0xd7, 0xee, 0xf8, 0xee, 0xf8, 0xee, 0xf8, 0xee, 0xf8, 0xee,
    0xf8, 0xee, 0xf8, 0xee, 0xf8, 0xee, 0xf8, 0xee, 0xf8, 0xee, 0xd7, 0xee, 0xd7, 0xee, 0xd7, 0xee,
    0xd7, 0xee, 0xd7, 0xee, 0xd7, 0xee, 0xd7, 0xee, 0xd7, 0xee, 0xf8, 0xee, 0xf8, 0xee, 0xd7, 0xee,
    0xd7, 0xee, 0xd7, 0xee, 0xd7, 0xee, 0xf8, 0xee, 0xd7, 0xee, 0xf8, 0xee, 0xd7, 0xee, 0xf8, 0xee,
    0xf8, 0xee, 0xf8, 0xee, 0xd7, 0xee, 0xd7, 0xee, 0xd7, 0xee, 0xf8, 0xee, 0xf8, 0xee, 0xd7, 0xee,
    0xd7, 0xee, 0xd7, 0xee, 0xd7, 0xee, 0xd7, 0xee, 0xf8, 0xee, 0xf8, 0xee, 0xf8, 0xee, 0xd7, 0xee,
    0xf8, 0xee, 0xd7, 0xee, 0xf8, 0xee, 0xf8, 0xee, 0xd7, 0xee, 0xd7, 0xee, 0xf8, 0xee, 0xf8, 0xee,
    0xf8, 0xee, 0xf8, 0xee, 0xf8, 0xee, 0xf8, 0xee, 0xf8, 0xee, 0xf8, 0xee, 0xf8, 0xee, 0xf8, 0xee,
    0xd7, 0xee, 0xf8, 0xee, 0xf8, 0xee, 0xf8, 0xee, 0xf8, 0xee, 0xf8, 0xee, 0xf8, 0xee, 0xf8, 0xee,
    0xf8, 0xee, 0xf8, 0xee, 0xf8, 0xee, 0xf8, 0xee, 0xf8, 0xee, 0xf8, 0xee, 0xd7, 0xee, 0xf8, 0xee,
    0xd7, 0xee, 0xf8, 0xee, 0xf8, 0xee, 0xf8, 0xee, 0xf8, 0xee, 0xf8, 0xee, 0xf8, 0xee, 0xf8, 0xee,
    0xf8, 0xee, 0xf8, 0xee, 0xf8, 0xee, 0xf8, 0xee, 0xf8, 0xee, 0xd7, 0xee, 0xf8, 0xee, 0xf8, 0xee,
    0xf8, 0xee, 0xf8, 0xee, 0xf8, 0xee, 0xf8, 0xee, 0xd7, 0xee, 0xf8, 0xee, 0xf8, 0xee, 0xf8, 0xee,
    0xf8, 0xee, 0xf8, 0xee, 0xf8, 0xee, 0xf8, 0xee, 0xf8, 0xee, 0xf8, 0xee, 0xd7, 0xee, 0xf8, 0xee,
    0xd7, 0xee, 0xf8, 0xee, 0xf8, 0xee, 0xd7, 0xee, 0xd7, 0xee, 0xf8, 0xee, 0xf8, 0xee, 0xd7, 0xee,
    0xf8, 0xee, 0xf8, 0xee, 0xd7, 0xee, 0xf8, 0xee, 0xf8, 0xee, 0xf8, 0xee, 0xf8, 0xee, 0xf8, 0xee,
    0xf8, 0xee, 0xd7, 0xee, 0xf8, 0xee, 0xf8, 0xee, 0xf8, 0xee, 0xd7, 0xee, 0xf8, 0xee, 0xf8, 0xee,
    0xd7, 0xee, 0xd7, 0xee, 0xd7, 0xee, 0xd7, 0xee, 0xf8, 0xee, 0xf8, 0xee, 0xd7, 0xee, 0xd7, 0xee,
    0xf8, 0xee, 0xd7, 0xee, 0xd7, 0xee, 0xd7, 0xee, 0xd7, 0xee, 0xd7, 0xee, 0xf8, 0xee, 0xd7, 0xee,
    0xd7, 0xee, 0xf8, 0xee, 0xf8, 0xee, 0xf8, 0xee, 0xf8, 0xee, 0xd7, 0xee, 0xf8, 0xee, 0xf8, 0xee,
    0xf8, 0xee, 0xf8, 0xee, 0xf8, 0xee, 0xd7, 0xee, 0xd7, 0xee, 0xd7, 0xee, 0xd7, 0xee, 0xf8, 0xee,
    0xd7, 0xee, 0xd7, 0xee, 0xd7, 0xee, 0xf8, 0xee, 0xf8, 0xee, 0xf8, 0xee, 0xf8, 0xee, 0xf8, 0xee,
    0xf8, 0xee, 0xd7, 0xee, 0xf8, 0xee, 0xf8, 0xee, 0xd7, 0xee, 0xf8, 0xee, 0xf8, 0xee, 0xd7, 0xee,
    0xd7, 0xee, 0xd7, 0xee, 0xf8, 0xee, 0xf8, 0xee, 0xd7, 0xee, 0xd7, 0xee, 0xf8, 0xee, 0xf8, 0xee,
    0xf8, 0xee, 0xf8, 0xee, 0xd7, 0xee, 0xd7, 0xee, 0xd7, 0xee, 0xd7, 0xee, 0xf8, 0xee, 0xf8, 0xee,
    0xd7, 0xee, 0xf8, 0xee, 0xf8, 0xee, 0xf8, 0xee, 0xf8, 0xee, 0xf8, 0xee, 0xf8, 0xee, 0xf8, 0xee,
    0xd7, 0xee, 0xd7, 0xee, 0xd7, 0xee, 0xd7, 0xee, 0xd7, 0xee, 0xf8, 0xee, 0xf8, 0xee, 0xf8, 0xee,
    0xf8, 0xee, 0xf8, 0xee, 0xd7, 0xee, 0xd7, 0xee, 0xd7, 0xee, 0xd7, 0xee, 0xd7, 0xee, 0xd7, 0xee,
    0xf8, 0xee, 0xf8, 0xee, 0xd7, 0xee, 0xd7, 0xee, 0xd7, 0xee, 0xd7, 0xee, 0xd7, 0xee, 0xd7, 0xee,
    0xf8, 0xee, 0xf8, 0xee, 0xd7, 0xee, 0xd7, 0xee, 0xf8, 0xee, 0xf8, 0xee, 0xd7, 0xee, 0xf8, 0xee,
    0xf8, 0xee, 0xd7, 0xee, 0xd7, 0xee, 0xd7, 0xee, 0xf8, 0xee, 0xd7, 0xee, 0xf8, 0xee, 0xd7, 0xee,
    0xf8, 0xee, 0xf8, 0xee, 0xf8, 0xee, 0xf8, 0xee, 0xf8, 0xee, 0xd7, 0xee, 0xf8, 0xee, 0xd7, 0xee,
    0xd7, 0xee, 0xf8, 0xee, 0xd7, 0xee, 0xd7, 0xee, 0xd7, 0xee, 0xd7, 0xee, 0xd7, 0xee, 0xd7, 0xee,
    0xd7, 0xee, 0xf8, 0xee, 0xd7, 0xee, 0xf8, 0xee, 0xf8, 0xee, 0xf8, 0xee, 0xd7, 0xee, 0xf8, 0xee,
    0xf8, 0xee, 0xd7, 0xee, 0xd7, 0xee, 0xd7, 0xee, 0xf8, 0xee, 0xf8, 0xee, 0xf8, 0xee, 0xd7, 0xee,
    0xd7, 0xee, 0xd7, 0xee, 0xd7, 0xee, 0xf8, 0xee, 0xf8, 0xee, 0xf8, 0xee, 0xf8, 0xee, 0xf8, 0xee,
    0xd7, 0xee, 0xd7, 0xee, 0xd7, 0xee, 0xf8, 0xee, 0xd7, 0xee, 0xd7, 0xee, 0xf8, 0xee, 0xd7, 0xee,
    0xf8, 0xee, 0xd7, 0xee, 0xf8, 0xee, 0xf8, 0xee, 0xf8, 0xee, 0xd7, 0xee, 0xf8, 0xee, 0xf8, 0xee,
    0xf8, 0xee, 0xf8, 0xee, 0xf8, 0xee, 0xf8, 0xee, 0xf8, 0xee, 0xd7, 0xee, 0xf8, 0xee, 0xf8, 0xee,
    0xf8, 0xee, 0xf8, 0xee, 0xf8, 0xee, 0xf8, 0xee, 0xf8, 0xee, 0xf8, 0xee, 0xd7, 0xee, 0xf8, 0xee,
    0xf8, 0xee, 0xf8, 0xee, 0xf8, 0xee, 0xd7, 0xee, 0xd7, 0xee, 0xf8, 0xee, 0xf8, 0xee, 0xf8, 0xee,
    0xf8, 0xee, 0xf8, 0xee, 0xf8, 0xee, 0xf8, 0xee, 0xf8, 0xee, 0xd7, 0xee, 0xd7, 0xee, 0xf8, 0xee,
    0xf8, 0xee, 0xf8, 0xee, 0xf8, 0xee, 0xf8, 0xee, 0xf8, 0xee, 0xf8, 0xee, 0xf8, 0xee, 0xf8, 0xee,
    0xf8, 0xee, 0xf8, 0xee, 0xf8, 0xee, 0xf8, 0xee, 0xf8, 0xee, 0xd7, 0xee, 0x95, 0xe6, 0xd7, 0xee,
    0xf8, 0xee, 0xf8, 0xee, 0xf8, 0xee, 0xf8, 0xee, 0xf8, 0xee, 0xf8, 0xee, 0xd7, 0xee, 0xf8, 0xee,
    0xf8, 0xee, 0xd7, 0xee, 0xd7, 0xee, 0xd7, 0xee, 0xf8, 0xee, 0xf8, 0xee, 0xf8, 0xee, 0xf8, 0xee,
    0xf8, 0xee, 0xf8, 0xee, 0xf8, 0xee, 0xf8, 0xee, 0xf8, 0xee, 0xf8, 0xee, 0xf8, 0xee, 0xf8, 0xee,
    0xf8, 0xee, 0xd7, 0xee, 0xf8, 0xee, 0xd7, 0xee, 0xd7, 0xee, 0xf8, 0xee, 0xf8, 0xee, 0xd7, 0xee,
    0xd7, 0xee, 0xd7, 0xee, 0xd7, 0xee, 0xd7, 0xee, 0xd7, 0xee, 0xd7, 0xee, 0xd7, 0xee, 0xf8, 0xee,
    0xd7, 0xee, 0xd7, 0xee, 0xf8, 0xee, 0xf8, 0xee, 0xf8, 0xee, 0xd7, 0xee, 0xf8, 0xee, 0xf8, 0xee,
    0xf8, 0xee, 0xf8, 0xee, 0xf8, 0xee, 0xf8, 0xee, 0xf8, 0xee, 0xd7, 0xee, 0xd7, 0xee, 0xd7, 0xee,
    0xf8, 0xee, 0xd7, 0xee, 0xd7, 0xee, 0xf8, 0xee, 0xf8, 0xee, 0xf8, 0xee, 0xf8, 0xee, 0xd7, 0xee,
    0xd7, 0xee, 0xf8, 0xee, 0xf8, 0xee, 0xf8, 0xee, 0xf8, 0xee, 0xd7, 0xee, 0xf8, 0xee, 0xd7, 0xee,
    0xd7, 0xee, 0xd7, 0xee, 0xf8, 0xee, 0xf8, 0xee, 0xf8, 0xee, 0xd7, 0xee, 0xd7, 0xee, 0xf8, 0xee,
    0xf8, 0xee, 0xf8, 0xee, 0xd7, 0xee, 0x95, 0xe6, 0x95, 0xe6, 0xd7, 0xee, 0xf8, 0xee, 0xf8, 0xee,
    0xd7, 0xee, 0xf8, 0xee, 0xf8, 0xee, 0xf8, 0xee, 0xf8, 0xee, 0xf8, 0xee, 0xf8, 0xee, 0xf8, 0xee,
    0xd7, 0xee, 0xf8, 0xee, 0xd7, 0xee, 0xd7, 0xee, 0xd7, 0xee, 0xd7, 0xee, 0xf8, 0xee, 0xf8, 0xee,
    0xf8, 0xee, 0xf8, 0xee, 0xf8, 0xee, 0xd7, 0xee, 0xf8, 0xee, 0xf8, 0xee, 0xd7, 0xee, 0xd7, 0xee,
    0xd7, 0xee, 0xd7, 0xee, 0xd7, 0xee, 0xd7, 0xee, 0xd7, 0xee, 0xd7, 0xee, 0xd7, 0xee, 0xd7, 0xee,
    0xf8, 0xee, 0xd7, 0xee, 0xd7, 0xee, 0xf8, 0xee, 0xf8, 0xee, 0xf8, 0xee, 0xf8, 0xee, 0xf8, 0xee,
    0xf8, 0xee, 0xd7, 0xee, 0xf8, 0xee, 0xf8, 0xee, 0xd7, 0xee, 0xd7, 0xee, 0xf8, 0xee, 0xd7, 0xee,
    0xf8, 0xee, 0xf8, 0xee, 0xf8, 0xee, 0xf8, 0xee, 0xf8, 0xee, 0xd7, 0xee, 0xf8, 0xee, 0xf8, 0xee,
    0xd7, 0xee, 0xd7, 0xee, 0xd7, 0xee, 0xd7, 0xee, 0xb6, 0xe6, 0xd7, 0xee, 0xd7, 0xee, 0xf8, 0xee,
    0xf8, 0xee, 0xf8, 0xee, 0xf8, 0xee, 0xf8, 0xee, 0xf8, 0xee, 0xf8, 0xee, 0xd7, 0xee, 0xf8, 0xee,
    0xd7, 0xee, 0xd7, 0xee, 0xd7, 0xee, 0xd7, 0xee, 0xf8, 0xee, 0xf8, 0xee, 0xf8, 0xee, 0xd7, 0xee,
    0xd7, 0xee, 0xd7, 0xee, 0xd7, 0xee, 0xd7, 0xee, 0xf8, 0xee, 0xf8, 0xee, 0xf8, 0xee, 0xf8, 0xee,
    0xf8, 0xee, 0xf8, 0xee, 0xd7, 0xee, 0xd7, 0xee, 0xd7, 0xee, 0xd7, 0xee, 0xd7, 0xee, 0xd7, 0xee,
    0xd7, 0xee, 0xd7, 0xee, 0xf8, 0xee, 0xf8, 0xee, 0xf8, 0xee, 0xf8, 0xee, 0xf8, 0xee, 0xf8, 0xee,
    0xf8, 0xee, 0xf8, 0xee, 0xf8, 0xee, 0xf8, 0xee, 0xf8, 0xee, 0xf8, 0xee, 0xf8, 0xee, 0xd7, 0xee,
    0xf8, 0xee, 0xf8, 0xee, 0xf8, 0xee, 0xf8, 0xee, 0xf8, 0xee, 0xf8, 0xee, 0xd7, 0xee, 0xb6, 0xe6,
    0xd7, 0xee, 0xf8, 0xee, 0xf8, 0xee, 0xd7, 0xee, 0xf8, 0xee, 0xd7, 0xee, 0xf8, 0xee, 0xf8, 0xee,
    0xf8, 0xee, 0xf8, 0xee, 0xf8, 0xee, 0xf8, 0xee, 0xf8, 0xee, 0xd7, 0xee, 0xd7, 0xee, 0xf8, 0xee,
    0xf8, 0xee, 0xf8, 0xee, 0xf8, 0xee, 0xf8, 0xee, 0xf8, 0xee, 0xf8, 0xee, 0xf8, 0xee, 0xf8, 0xee,
    0xf8, 0xee, 0xf8, 0xee, 0xf8, 0xee, 0xf8, 0xee, 0xf8, 0xee, 0xd7, 0xee, 0x74, 0xe6, 0xb6, 0xe6,
    0xf8, 0xee, 0xf8, 0xee, 0xf8, 0xee, 0xf8, 0xee, 0xf8, 0xee, 0xf8, 0xee, 0xd7, 0xee, 0xf8, 0xee,
    0xf8, 0xee, 0xf8, 0xee, 0xd7, 0xee, 0xd7, 0xee, 0xf8, 0xee, 0xf8, 0xee, 0xf8, 0xee, 0xf8, 0xee,
    0xf8, 0xee, 0xf8, 0xee, 0xd7, 0xee, 0xf8, 0xee, 0xd7, 0xee, 0xd7, 0xee, 0xf8, 0xee, 0xf8, 0xee,
    0xf8, 0xee, 0xf8, 0xee, 0xf8, 0xee, 0xf8, 0xee, 0xd7, 0xee, 0xd7, 0xee, 0xf8, 0xee, 0xf8, 0xee,
    0xd7, 0xee, 0xd7, 0xee, 0xd7, 0xee, 0xf8, 0xee, 0xd7, 0xee, 0xd7, 0xee, 0xf8, 0xee, 0xf8, 0xee,
    0xd7, 0xee, 0xd7, 0xee, 0xd7, 0xee, 0xf8, 0xee, 0xf8, 0xee, 0xf8, 0xee, 0xf8, 0xee, 0xd7, 0xee,
    0xd7, 0xee, 0xf8, 0xee, 0xf8, 0xee, 0xf8, 0xee, 0xd7, 0xee, 0xf8, 0xee, 0xf8, 0xee, 0xd7, 0xee,
    0xf8, 0xee, 0xf8, 0xee, 0xd7, 0xee, 0xd7, 0xee, 0xf8, 0xee, 0xf8, 0xee, 0xf8, 0xee, 0xf8, 0xee,
    0xd7, 0xee, 0xf8, 0xee, 0xf8, 0xee, 0xf8, 0xee, 0xf8, 0xee, 0xf8, 0xee, 0xf8, 0xee, 0xf8, 0xee,
    0xd7, 0xee, 0xd7, 0xee, 0xf8, 0xee, 0xf8, 0xee, 0xf8, 0xee, 0xf8, 0xee, 0xf8, 0xee, 0xf8, 0xee,
    0xf8, 0xee, 0xf8, 0xee, 0xf8, 0xee, 0x95, 0xe6, 0x95, 0xe6, 0xf8, 0xee, 0xf8, 0xee, 0xf8, 0xee,
    0xf8, 0xee, 0xf8, 0xee, 0xf8, 0xee, 0xf8, 0xee, 0xf8, 0xee, 0xf8, 0xee, 0xf8, 0xee, 0xf8, 0xee,
    0xf8, 0xee, 0xf8, 0xee, 0xd7, 0xee, 0xd7, 0xee, 0xd7, 0xee, 0xf8, 0xee, 0xf8, 0xee, 0xf8, 0xee,
    0xf8, 0xee, 0xd7, 0xee, 0xf8, 0xee, 0xf8, 0xee, 0xf8, 0xee, 0xf8, 0xee, 0xf8, 0xee, 0xf8, 0xee,
    0xd7, 0xee, 0xd7, 0xee, 0xd7, 0xee, 0xf8, 0xee, 0xd7, 0xee, 0xd7, 0xee, 0xf8, 0xee, 0xf8, 0xee,
    0xd7, 0xee, 0xd7, 0xee, 0xf8, 0xee, 0xd7, 0xee, 0xd7, 0xee, 0xf8, 0xee, 0xf8, 0xee, 0xf8, 0xee,
    0xf8, 0xee, 0xf8, 0xee, 0xf8, 0xee, 0xd7, 0xee, 0xd7, 0xee, 0xd7, 0xee, 0xf8, 0xee, 0xf8, 0xee,
    0xf8, 0xee, 0xd7, 0xee, 0xd7, 0xee, 0xf8, 0xee, 0xd7, 0xee, 0xd7, 0xee, 0xf8, 0xee, 0xf8, 0xee,
    0xd7, 0xee, 0xd7, 0xee, 0xf8, 0xee, 0xd7, 0xee, 0xd7, 0xee, 0xf8, 0xee, 0xd7, 0xee, 0xf8, 0xee,
    0xf8, 0xee, 0xf8, 0xee, 0xf8, 0xee, 0xd7, 0xee, 0xf8, 0xee, 0xf8, 0xee, 0xf8, 0xee, 0xd7, 0xee,
    0xf8, 0xee, 0xd7, 0xee, 0xd7, 0xee, 0xd7, 0xee, 0xf8, 0xee, 0xf8, 0xee, 0xd7, 0xee, 0xd7, 0xee,
    0xd7, 0xee, 0xd7, 0xee, 0xd7, 0xee, 0xf8, 0xee, 0xf8, 0xee, 0xf8, 0xee, 0xd7, 0xee, 0xf8, 0xee,
    0xf8, 0xee, 0xf8, 0xee, 0xd7, 0xee, 0xd7, 0xee, 0xf8, 0xee, 0xd7, 0xee, 0xd7, 0xee, 0xd7, 0xee,
    0xf8, 0xee, 0xf8, 0xee, 0xf8, 0xee, 0xf8, 0xee, 0xf8, 0xee, 0xf8, 0xee, 0xf8, 0xee, 0xf8, 0xee,
    0xf8, 0xee, 0xf8, 0xee, 0xf8, 0xee, 0xf8, 0xee, 0xf8, 0xee, 0xf8, 0xee, 0xf8, 0xee, 0xf8, 0xee,
    0xf8, 0xee, 0xf8, 0xee, 0xf8, 0xee, 0xf8, 0xee, 0xd7, 0xee, 0xf8, 0xee, 0xb6, 0xe6, 0x74, 0xe6,
    0x75, 0xe6, 0xd7, 0xee, 0xf8, 0xee, 0xd7, 0xee, 0xf8, 0xee, 0xd7, 0xee, 0xf8, 0xee, 0xf8, 0xee,
    0xf8, 0xee, 0xf8, 0xee, 0xf8, 0xee, 0xf8, 0xee, 0xf8, 0xee, 0xd7, 0xee, 0xd7, 0xee, 0xf8, 0xee,
    0xf8, 0xee, 0xf8, 0xee, 0xf8, 0xee, 0xf8, 0xee, 0xf8, 0xee, 0xf8, 0xee, 0xf8, 0xee, 0xf8, 0xee,
    0xf8, 0xee, 0xf8, 0xee, 0xf8, 0xee, 0xf8, 0xee, 0xf8, 0xee, 0xd7, 0xee, 0x74, 0xe6, 0xb6, 0xe6,
    0xf8, 0xee, 0xf8, 0xee, 0xf8, 0xee, 0xf8, 0xee, 0xf8, 0xee, 0xf8, 0xee, 0xf8, 0xee, 0xf8, 0xee,
    0xf8, 0xee, 0xf8, 0xee, 0xd7, 0xee, 0xf8, 0xee, 0xf8, 0xee, 0xf8, 0xee, 0xf8, 0xee, 0xf8, 0xee,
    0xf8, 0xee, 0xf8, 0xee, 0xd7, 0xee, 0xf8, 0xee, 0xf8, 0xee, 0xd7, 0xee, 0xf8, 0xee, 0xf8, 0xee,
    0xf8, 0xee, 0xd7, 0xee, 0xd7, 0xee, 0xd7, 0xee, 0xd7, 0xee, 0xd7, 0xee, 0xd7, 0xee, 0xf8, 0xee,
    0xd7, 0xee, 0xf8, 0xee, 0xd7, 0xee, 0xd7, 0xee, 0xd7, 0xee, 0xd7, 0xee, 0xd7, 0xee, 0xd7, 0xee,
    0xd7, 0xee, 0xd7, 0xee, 0xd7, 0xee, 0xd7, 0xee, 0xd7, 0xee, 0xf8, 0xee, 0xf8, 0xee, 0xd7, 0xee,
    0xf8, 0xee, 0xf8, 0xee, 0xf8, 0xee, 0xf8, 0xee, 0xd7, 0xee, 0xf8, 0xee, 0xf8, 0xee, 0xf8, 0xee,
    0xf8, 0xee, 0xf8, 0xee, 0xf8, 0xee, 0xd7, 0xee, 0xd7, 0xee, 0xf8, 0xee, 0xf8, 0xee, 0xf8, 0xee,
    0xf8, 0xee, 0xf8, 0xee, 0xf8, 0xee, 0xf8, 0xee, 0xf8, 0xee, 0xf8, 0xee, 0xd7, 0xee, 0xd7, 0xee,
    0xd7, 0xee, 0xd7, 0xee, 0xf8, 0xee, 0xf8, 0xee, 0xf8, 0xee, 0xf8, 0xee, 0xf8, 0xee, 0xf8, 0xee,
    0xf8, 0xee, 0xd7, 0xee, 0xd7, 0xee, 0xd7, 0xee, 0xd7, 0xee, 0xf8, 0xee, 0xf8, 0xee, 0xf8, 0xee,
    0xf8, 0xee, 0xf8, 0xee, 0xf8, 0xee, 0xf8, 0xee, 0xf8, 0xee, 0xd7, 0xee, 0xd7, 0xee, 0xd7, 0xee,
    0xd7, 0xee, 0xd7, 0xee, 0xd7, 0xee, 0xd7, 0xee, 0xd7, 0xee, 0xf8, 0xee, 0xf8, 0xee, 0xd7, 0xee,
    0xd7, 0xee, 0xd7, 0xee, 0xf8, 0xee, 0xd7, 0xee, 0xd7, 0xee, 0xd7, 0xee, 0xd7, 0xee, 0xd7, 0xee,
    0xd7, 0xee, 0xd7, 0xee, 0xd7, 0xee, 0xf8, 0xee, 0xd7, 0xee, 0xf8, 0xee, 0xf8, 0xee, 0xf8, 0xee,
    0xd7, 0xee, 0xf8, 0xee, 0xf8, 0xee, 0xf8, 0xee, 0xd7, 0xee, 0xd7, 0xee, 0xf8, 0xee, 0xf8, 0xee,
    0xf8, 0xee, 0xf8, 0xee, 0xd7, 0xee, 0xd7, 0xee, 0xd7, 0xee, 0xf8, 0xee, 0xf8, 0xee, 0xf8, 0xee,
    0xd7, 0xee, 0xd7, 0xee, 0xf8, 0xee, 0xf8, 0xee, 0xd7, 0xee, 0xd7, 0xee, 0xf8, 0xee, 0xd7, 0xee,
    0xf8, 0xee, 0xd7, 0xee, 0xd7, 0xee, 0xd7, 0xee, 0xd7, 0xee, 0xf8, 0xee, 0xf8, 0xee, 0xf8, 0xee,
    0xf8, 0xee, 0xf8, 0xee, 0xf8, 0xee, 0xd7, 0xee, 0xd7, 0xee, 0xd7, 0xee, 0xf8, 0xee, 0xd7, 0xee,
    0xf8, 0xee, 0xf8, 0xee, 0xd7, 0xee, 0xf8, 0xee, 0xf8, 0xee, 0xf8, 0xee, 0xd7, 0xee, 0xf8, 0xee,
    0xf8, 0xee, 0xd7, 0xee, 0xd7, 0xee, 0xd7, 0xee, 0xf8, 0xee, 0xd7, 0xee, 0xf8, 0xee, 0xf8, 0xee,
    0xd7, 0xee, 0xd7, 0xee, 0xd7, 0xee, 0xd7, 0xee, 0xd7, 0xee, 0xf8, 0xee, 0xf8, 0xee, 0xf8, 0xee,
    0xf8, 0xee, 0xd7, 0xee, 0xf8, 0xee, 0xf8, 0xee, 0xf8, 0xee, 0xf8, 0xee, 0xf8, 0xee, 0xf8, 0xee,
    0xf8, 0xee, 0xf8, 0xee, 0xf8, 0xee, 0xf8, 0xee, 0xf8, 0xee, 0xf8, 0xee, 0xf8, 0xee, 0xd7, 0xee,
    0xf8, 0xee, 0xf8, 0xee, 0xf8, 0xee, 0xd7, 0xee, 0xf8, 0xee, 0xf8, 0xee, 0xd7, 0xee, 0x95, 0xe6,
    0x75, 0xe6, 0xb6, 0xe6, 0xd7, 0xee, 0xd7, 0xee, 0xd7, 0xee, 0xf8, 0xee, 0xf8, 0xee, 0xf8, 0xee,
    0xf8, 0xee, 0xf8, 0xee, 0xf8, 0xee, 0xd7, 0xee, 0xf8, 0xee, 0xf8, 0xee, 0xd7, 0xee, 0xf8, 0xee,
    0xf8, 0xee, 0xf8, 0xee, 0xf8, 0xee, 0xf8, 0xee, 0xf8, 0xee, 0xf8, 0xee, 0xf8, 0xee, 0xf8, 0xee,
    0xf8, 0xee, 0xf8, 0xee, 0xf8, 0xee, 0xf8, 0xee, 0xf8, 0xee, 0xf8, 0xee, 0xd7, 0xee, 0xd7, 0xee,
    0xf8, 0xee, 0xf8, 0xee, 0xf8, 0xee, 0xf8, 0xee, 0xf8, 0xee, 0xf8, 0xee, 0xf8, 0xee, 0xf8, 0xee,
    0xf8, 0xee, 0xd7, 0xee, 0xf8, 0xee, 0xf8, 0xee, 0xf8, 0xee, 0xf8, 0xee, 0xd7, 0xee, 0xf8, 0xee,
    0xd7, 0xee, 0xd7, 0xee, 0xf8, 0xee, 0xf8, 0xee, 0xf8, 0xee, 0xd7, 0xee, 0xf8, 0xee, 0xf8, 0xee,
    0xf8, 0xee, 0xf8, 0xee, 0xf8, 0xee, 0xf8, 0xee, 0xd7, 0xee, 0xd7, 0xee, 0xd7, 0xee, 0xd7, 0xee,
    0xd7, 0xee, 0xd7, 0xee, 0xd7, 0xee, 0xd7, 0xee, 0xd7, 0xee, 0xf8, 0xee, 0xd7, 0xee, 0xd7, 0xee,
    0xd7, 0xee, 0xd7, 0xee, 0xf8, 0xee, 0xd7, 0xee, 0xd7, 0xee, 0xf8, 0xee, 0xd7, 0xee, 0xd7, 0xee,
    0xd7, 0xee, 0xf8, 0xee, 0xf8, 0xee, 0xf8, 0xee, 0xd7, 0xee, 0xd7, 0xee, 0xf8, 0xee, 0xf8, 0xee,
    0xf8, 0xee, 0xf8, 0xee, 0xf8, 0xee, 0xf8, 0xee, 0xd7, 0xee, 0xf8, 0xee, 0xf8, 0xee, 0xf8, 0xee,
    0xf8, 0xee, 0xf8, 0xee, 0xd7, 0xee, 0xf8, 0xee, 0xf8, 0xee, 0xf8, 0xee, 0xf8, 0xee, 0xd7, 0xee,
    0xd7, 0xee, 0xd7, 0xee, 0xf8, 0xee, 0xf8, 0xee, 0xf8, 0xee, 0xf8, 0xee, 0xf8, 0xee, 0xf8, 0xee,
    0xd7, 0xee, 0xd7, 0xee, 0xf8, 0xee, 0xf8, 0xee, 0xd7, 0xee, 0xd7, 0xee, 0xf8, 0xee, 0xd7, 0xee,
    0xf8, 0xee, 0xf8, 0xee, 0xf8, 0xee, 0xf8, 0xee, 0xf8, 0xee, 0xd7, 0xee, 0xd7, 0xee, 0xd7, 0xee,
    0xd7, 0xee, 0xd7, 0xee, 0xf8, 0xee, 0xf8, 0xee, 0xf8, 0xee, 0xd7, 0xee, 0xf8, 0xee, 0xd7, 0xee,
    0xd7, 0xee, 0xd7, 0xee, 0xf8, 0xee, 0xd7, 0xee, 0xd7, 0xee, 0xd7, 0xee, 0xd7, 0xee, 0xd7, 0xee,
    0xd7, 0xee, 0xd7, 0xee, 0xd7, 0xee, 0xd7, 0xee, 0xf8, 0xee, 0xf8, 0xee, 0xf8, 0xee, 0xf8, 0xee,
    0xd7, 0xee, 0xd7, 0xee, 0xd7, 0xee, 0xf8, 0xee, 0xd7, 0xee, 0xd7, 0xee, 0xf8, 0xee, 0xf8, 0xee,
    0xf8, 0xee, 0xd7, 0xee, 0xd7, 0xee, 0xf8, 0xee, 0xd7, 0xee, 0xd7, 0xee, 0xd7, 0xee, 0xf8, 0xee,
    0xf8, 0xee, 0xd7, 0xee, 0xf8, 0xee, 0xf8, 0xee, 0xd7, 0xee, 0xd7, 0xee, 0xd7, 0xee, 0xf8, 0xee,
    0xd7, 0xee, 0xd7, 0xee, 0xf8, 0xee, 0xf8, 0xee, 0xd7, 0xee, 0xf8, 0xee, 0xf8, 0xee, 0xf8, 0xee,
    0xd7, 0xee, 0xf8, 0xee, 0xf8, 0xee, 0xf8, 0xee, 0xf8, 0xee, 0xf8, 0xee, 0xf8, 0xee, 0xf8, 0xee,
    0xf8, 0xee, 0xd7, 0xee, 0xd7, 0xee, 0xd7, 0xee, 0xd7, 0xee, 0xd7, 0xee, 0xf8, 0xee, 0xf8, 0xee,
    0xd7, 0xee, 0xf8, 0xee, 0xd7, 0xee, 0xd7, 0xee, 0xf8, 0xee, 0xf8, 0xee, 0xf8, 0xee, 0xf8, 0xee,
    0xf8, 0xee, 0xd7, 0xee, 0xd7, 0xee, 0xd7, 0xee, 0xf8, 0xee, 0xf8, 0xee, 0xd7, 0xee, 0xf8, 0xee,
    0xf8, 0xee, 0xd7, 0xee, 0xd7, 0xee, 0xf8, 0xee, 0xf8, 0xee, 0xf8, 0xee, 0xf8, 0xee, 0xf8, 0xee,
    0xf8, 0xee, 0xf8, 0xee, 0xf8, 0xee, 0xf8, 0xee, 0xf8, 0xee, 0xf8, 0xee, 0xf8, 0xee, 0xf8, 0xee,
    0xf8, 0xee, 0xf8, 0xee, 0xf8, 0xee, 0xf8, 0xee, 0xd7, 0xee, 0xf8, 0xee, 0xf8, 0xee, 0xd7, 0xee,
    0xd7, 0xee, 0xd7, 0xee, 0xd7, 0xee, 0xd7, 0xee, 0xd7, 0xee, 0xd7, 0xee, 0xf8, 0xee, 0xf8, 0xee,
    0xf8, 0xee, 0xf8, 0xee, 0xf8, 0xee, 0xf8, 0xee, 0xf8, 0xee, 0xf8, 0xee, 0xd7, 0xee, 0xd7, 0xee,
    0xd7, 0xee, 0xf8, 0xee, 0xf8, 0xee, 0xf8, 0xee, 0xf8, 0xee, 0xf8, 0xee, 0xb6, 0xe6, 0xd7, 0xee,
    0xf8, 0xee, 0xf8, 0xee, 0xf8, 0xee, 0xf8, 0xee, 0xf8, 0xee, 0xf8, 0xee, 0xf8, 0xee, 0xf8, 0xee,
    0xf8, 0xee, 0xf8, 0xee, 0xf8, 0xee, 0xf8, 0xee, 0xf8, 0xee, 0xf8, 0xee, 0xf8, 0xee, 0xf8, 0xee,
    0xf8, 0xee, 0xd7, 0xee, 0xd7, 0xee, 0xf8, 0xee, 0xf8, 0xee, 0xf8, 0xee, 0xd7, 0xee, 0xd7, 0xee,
    0xd7, 0xee, 0xf8, 0xee, 0xf8, 0xee, 0xf8, 0xee, 0xf8, 0xee, 0xf8, 0xee, 0xf8, 0xee, 0xf8, 0xee,
    0xf8, 0xee, 0xd7, 0xee, 0xf8, 0xee, 0xf8, 0xee, 0xd7, 0xee, 0xd7, 0xee, 0xf8, 0xee, 0xf8, 0xee,
    0xd7, 0xee, 0xd7, 0xee, 0xf8, 0xee, 0xf8, 0xee, 0xf8, 0xee, 0xf8, 0xee, 0xf8, 0xee, 0xf8, 0xee,
    0xd7, 0xee, 0xd7, 0xee, 0xd7, 0xee, 0xd7, 0xee, 0xd7, 0xee, 0xf8, 0xee, 0xf8, 0xee, 0xd7, 0xee,
    0xd7, 0xee, 0xd7, 0xee, 0xd7, 0xee, 0xd7, 0xee, 0xd7, 0xee, 0xf8, 0xee, 0xf8, 0xee, 0xf8, 0xee,
    0xf8, 0xee, 0xf8, 0xee, 0xf8, 0xee, 0xf8, 0xee, 0xd7, 0xee, 0xf8, 0xee, 0xf8, 0xee, 0xd7, 0xee,
    0xf8, 0xee, 0xf8, 0xee, 0xd7, 0xee, 0xd7, 0xee, 0xf8, 0xee, 0xf8, 0xee, 0xf8, 0xee, 0xf8, 0xee,
    0xd7, 0xee, 0xd7, 0xee, 0xd7, 0xee, 0xf8, 0xee, 0xf8, 0xee, 0xd7, 0xee, 0xf8, 0xee, 0xf8, 0xee,
    0xd7, 0xee, 0xf8, 0xee, 0xf8, 0xee, 0xf8, 0xee, 0xf8, 0xee, 0xd7, 0xee, 0xf8, 0xee, 0xf8, 0xee,
    0xd7, 0xee, 0xf8, 0xee, 0xf8, 0xee, 0xf8, 0xee, 0xd7, 0xee, 0xd7, 0xee, 0xf8, 0xee, 0xd7, 0xee,
    0xd7, 0xee, 0xd7, 0xee, 0xf8, 0xee, 0xd7, 0xee, 0xd7, 0xee, 0xd7, 0xee, 0xd7, 0xee, 0xd7, 0xee,
    0xf8, 0xee, 0xd7, 0xee, 0xd7, 0xee, 0xf8, 0xee, 0xd7, 0xee, 0xd7, 0xee, 0xf8, 0xee, 0xd7, 0xee,
    0xd7, 0xee, 0xd7, 0xee, 0xd7, 0xee, 0xd7, 0xee, 0xd7, 0xee, 0xd7, 0xee, 0xf8, 0xee, 0xf8, 0xee,
    0xf8, 0xee, 0xf8, 0xee, 0xf8, 0xee, 0xd7, 0xee, 0xf8, 0xee, 0xd7, 0xee, 0xd7, 0xee, 0xf8, 0xee,
    0xf8, 0xee, 0xd7, 0xee, 0xf8, 0xee, 0xf8, 0xee, 0xf8, 0xee, 0xd7, 0xee, 0xf8, 0xee, 0xf8, 0xee,
    0xf8, 0xee, 0xd7, 0xee, 0xd7, 0xee, 0xf8, 0xee, 0xd7, 0xee, 0xd7, 0xee, 0xf8, 0xee, 0xd7, 0xee,
    0xd7, 0xee, 0xf8, 0xee, 0xf8, 0xee, 0xf8, 0xee, 0xf8, 0xee, 0xf8, 0xee, 0xf8, 0xee, 0xd7, 0xee,
    0xd7, 0xee, 0xf8, 0xee, 0xf8, 0xee, 0xf8, 0xee, 0xf8, 0xee, 0xf8, 0xee, 0xf8, 0xee, 0xf8, 0xee,
    0xf8, 0xee, 0xd7, 0xee, 0xd7, 0xee, 0xf8, 0xee, 0xd7, 0xee, 0xd7, 0xee, 0xf8, 0xee, 0xf8, 0xee,
    0xf8, 0xee, 0xf8, 0xee, 0xf8, 0xee, 0xf8, 0xee, 0xf8, 0xee, 0xd7, 0xee, 0xd7, 0xee, 0xf8, 0xee,
    0xf8, 0xee, 0xf8, 0xee, 0xd7, 0xee, 0xd7, 0xee, 0xf8, 0xee, 0xf8, 0xee, 0xd7, 0xee, 0xf8, 0xee,
    0xf8, 0xee, 0xf8, 0xee, 0xf8, 0xee, 0xf8, 0xee, 0xf8, 0xee, 0xf8, 0xee, 0xf8, 0xee, 0xf8, 0xee,
    0xf8, 0xee, 0xf8, 0xee, 0xf8, 0xee, 0xf8, 0xee, 0xd7, 0xee, 0xd7, 0xee, 0xd7, 0xee, 0xd7, 0xee,
    0xd7, 0xee, 0xd7, 0xee, 0xd7, 0xee, 0xf8, 0xee, 0xf8, 0xee, 0xf8, 0xee, 0xf8, 0xee, 0xd7, 0xee,
    0xd7, 0xee, 0xd7, 0xee, 0xf8, 0xee, 0xd7, 0xee, 0xd7, 0xee, 0xd7, 0xee, 0xf8, 0xee, 0xf8, 0xee,
    0xd7, 0xee, 0xf8, 0xee, 0xf8, 0xee, 0xf8, 0xee, 0xf8, 0xee, 0xf8, 0xee, 0xf8, 0xee, 0xd7, 0xee,
    0xd7, 0xee, 0xd7, 0xee, 0xf8, 0xee, 0xf8, 0xee, 0xf8, 0xee, 0xd7, 0xee, 0xb6, 0xe6, 0xf8, 0xee,
    0xf8, 0xee, 0xf8, 0xee, 0xf8, 0xee, 0xf8, 0xee, 0xf8, 0xee, 0xf8, 0xee, 0xd7, 0xee, 0xf8, 0xee,
    0xd7, 0xee, 0xd7, 0xee, 0xf8, 0xee, 0xf8, 0xee, 0xf8, 0xee, 0xf8, 0xee, 0xf8, 0xee, 0xf8, 0xee,
    0xf8, 0xee, 0xf8, 0xee, 0xd7, 0xee, 0xd7, 0xee, 0xd7, 0xee, 0xf8, 0xee, 0xf8, 0xee, 0xf8, 0xee,
    0xf8, 0xee, 0xf8, 0xee, 0xf8, 0xee, 0xf8, 0xee, 0xf8, 0xee, 0xd7, 0xee, 0xf8, 0xee, 0xf8, 0xee,
    0xf8, 0xee, 0xd7, 0xee, 0xd7, 0xee, 0xf8, 0xee, 0xd7, 0xee, 0xf8, 0xee, 0xf8, 0xee, 0xf8, 0xee,
    0xd7, 0xee, 0xd7, 0xee, 0xf8, 0xee, 0xf8, 0xee, 0xf8, 0xee, 0xf8, 0xee, 0xf8, 0xee, 0xf8, 0xee,
    0xd7, 0xee, 0xd7, 0xee, 0xf8, 0xee, 0xf8, 0xee, 0xf8, 0xee, 0xf8, 0xee, 0xf8, 0xee, 0xf8, 0xee,
    0xd7, 0xee, 0xd7, 0xee, 0xd7, 0xee, 0xd7, 0xee, 0xd7, 0xee, 0xf8, 0xee, 0xd7, 0xee, 0xf8, 0xee,
    0xd7, 0xee, 0xf8, 0xee, 0xf8, 0xee, 0xf8, 0xee, 0xd7, 0xee, 0xf8, 0xee, 0xf8, 0xee, 0xd7, 0xee,
    0xd7, 0xee, 0xd7, 0xee, 0xf8, 0xee, 0xd7, 0xee, 0xd7, 0xee, 0xf8, 0xee, 0xf8, 0xee, 0xf8, 0xee,
    0xf8, 0xee, 0xf8, 0xee, 0xf8, 0xee, 0xd7, 0xee, 0xf8, 0xee, 0xd7, 0xee, 0xf8, 0xee, 0xf8, 0xee,
    0xf8, 0xee, 0xf8, 0xee, 0xf8, 0xee, 0xd7, 0xee, 0xf8, 0xee, 0xf8, 0xee, 0xf8, 0xee, 0xf8, 0xee,
    0xf8, 0xee, 0xf8, 0xee, 0xf8, 0xee, 0xf8, 0xee, 0xf8, 0xee, 0xd7, 0xee, 0xd7, 0xee, 0xf8, 0xee,
    0xf8, 0xee, 0xd7, 0xee, 0xd7, 0xee, 0xd7, 0xee, 0xd7, 0xee, 0xd7, 0xee, 0xd7, 0xee, 0xd7, 0xee,
    0xf8, 0xee, 0xf8, 0xee, 0xd7, 0xee, 0xd7, 0xee, 0xd7, 0xee, 0xd7, 0xee, 0xd7, 0xee, 0xd7, 0xee,
    0xd7, 0xee, 0xd7, 0xee, 0xd7, 0xee, 0xd7, 0xee, 0xd7, 0xee, 0xd7, 0xee, 0xf8, 0xee, 0xf8, 0xee,
    0xf8, 0xee, 0xd7, 0xee, 0xd7, 0xee, 0xd7, 0xee, 0xf8, 0xee, 0xf8, 0xee, 0xd7, 0xee, 0xd7, 0xee,
    0xd7, 0xee, 0xd7, 0xee, 0xd7, 0xee, 0xf8, 0xee, 0xf8, 0xee, 0xf8, 0xee, 0xf8, 0xee, 0xf8, 0xee,
    0xf8, 0xee, 0xd7, 0xee, 0xf8, 0xee, 0xf8, 0xee, 0xd7, 0xee, 0xf8, 0xee, 0xf8, 0xee, 0xf8, 0xee,
    0xf8, 0xee, 0xd7, 0xee, 0xf8, 0xee, 0xf8, 0xee, 0xf8, 0xee, 0xf8, 0xee, 0xf8, 0xee, 0xd7, 0xee,
    0xf8, 0xee, 0xf8, 0xee, 0xf8, 0xee, 0xf8, 0xee, 0xf8, 0xee, 0xf8, 0xee, 0xf8, 0xee, 0xd7, 0xee,
    0xd7, 0xee, 0xf8, 0xee, 0xf8, 0xee, 0xf8, 0xee, 0xd7, 0xee, 0xd7, 0xee, 0xf8, 0xee, 0xd7, 0xee,
    0xd7, 0xee, 0xf8, 0xee, 0xf8, 0xee, 0xf8, 0xee, 0xf8, 0xee, 0xf8, 0xee, 0xd7, 0xee, 0xf8, 0xee,
    0xd7, 0xee, 0xf8, 0xee, 0xd7, 0xee, 0xf8, 0xee, 0xf8, 0xee, 0xf8, 0xee, 0xf8, 0xee, 0xf8, 0xee,
    0xf8, 0xee, 0xf8, 0xee, 0xf8, 0xee, 0xd7, 0xee, 0xd7, 0xee, 0xf8, 0xee, 0xf8, 0xee, 0xf8, 0xee,
    0xf8, 0xee, 0xf8, 0xee, 0xf8, 0xee, 0xd7, 0xee, 0xd7, 0xee, 0xd7, 0xee, 0xd7, 0xee, 0xd7, 0xee,
    0xd7, 0xee, 0xd7, 0xee, 0xd7, 0xee, 0xf8, 0xee, 0xf8, 0xee, 0xf8, 0xee, 0xf8, 0xee, 0xf8, 0xee,
    0xf8, 0xee, 0xf8, 0xee, 0xf8, 0xee, 0xd7, 0xee, 0xd7, 0xee, 0xf8, 0xee, 0xd7, 0xee, 0xf8, 0xee,
    0xf8, 0xee, 0xf8, 0xee, 0xf8, 0xee, 0xf8, 0xee, 0xf8, 0xee, 0xf8, 0xee, 0xf8, 0xee, 0xf8, 0xee,
    0xd7, 0xee, 0xd7, 0xee, 0xf8, 0xee, 0xd7, 0xee, 0xd7, 0xee, 0xd7, 0xee, 0xf8, 0xee, 0xf8, 0xee,
    0xf8, 0xee, 0xf8, 0xee, 0xf8, 0xee, 0xf8, 0xee, 0xf8, 0xee, 0xf8, 0xee, 0xf8, 0xee, 0xf8, 0xee,
    0xf8, 0xee, 0xf8, 0xee, 0xf8, 0xee, 0xf8, 0xee, 0xf8, 0xee, 0xf8, 0xee, 0xf8, 0xee, 0xd7, 0xee,
    0xd7, 0xee, 0xd7, 0xee, 0xf8, 0xee, 0xd7, 0xee, 0xf8, 0xee, 0xf8, 0xee, 0xf8, 0xee, 0xd7, 0xee,
    0xf8, 0xee, 0xf8, 0xee, 0xf8, 0xee, 0xf8, 0xee, 0xf8, 0xee, 0xf8, 0xee, 0xd7, 0xee, 0xf8, 0xee,
    0xf8, 0xee, 0xf8, 0xee, 0xf8, 0xee, 0xf8, 0xee, 0xd7, 0xee, 0xf8, 0xee, 0xd7, 0xee, 0xf8, 0xee,
    0xf8, 0xee, 0xd7, 0xee, 0xd7, 0xee, 0xf8, 0xee, 0xf8, 0xee, 0xf8, 0xee, 0xf8, 0xee, 0xf8, 0xee,
    0xd7, 0xee, 0xf8, 0xee, 0xf8, 0xee, 0xf8, 0xee, 0xd7, 0xee, 0xd7, 0xee, 0xf8, 0xee, 0xf8, 0xee,
    0xd7, 0xee, 0xd7, 0xee, 0xf8, 0xee, 0xd7, 0xee, 0xd7, 0xee, 0xf8, 0xee, 0xd7, 0xee, 0xf8, 0xee,
    0xd7, 0xee, 0xd7, 0xee, 0xd7, 0xee, 0xf8, 0xee, 0xd7, 0xee, 0xf8, 0xee, 0xf8, 0xee, 0xd7, 0xee,
    0xf8, 0xee, 0xf8, 0xee, 0xf8, 0xee, 0xf8, 0xee, 0xd7, 0xee, 0xd7, 0xee, 0xd7, 0xee, 0xd7, 0xee,
    0xf8, 0xee, 0xf8, 0xee, 0xf8, 0xee, 0xd7, 0xee, 0xd7, 0xee, 0xf8, 0xee, 0xf8, 0xee, 0xf8, 0xee,
    0xd7, 0xee, 0xf8, 0xee, 0xf8, 0xee, 0xf8, 0xee, 0xf8, 0xee, 0xf8, 0xee, 0xf8, 0xee, 0xf8, 0xee,
    0xf8, 0xee, 0xf8, 0xee, 0xd7, 0xee, 0xf8, 0xee, 0xf8, 0xee, 0xf8, 0xee, 0xf8, 0xee, 0xf8, 0xee,
    0xd7, 0xee, 0xd7, 0xee, 0xd7, 0xee, 0xd7, 0xee, 0xd7, 0xee, 0xd7, 0xee, 0xf8, 0xee, 0xf8, 0xee,
    0xf8, 0xee, 0xd7, 0xee, 0xf8, 0xee, 0xd7, 0xee, 0xd7, 0xee, 0xd7, 0xee, 0xd7, 0xee, 0xd7, 0xee,
    0xd7, 0xee, 0xd7, 0xee, 0xd7, 0xee, 0xd7, 0xee, 0xd7, 0xee, 0xd7, 0xee, 0xd7, 0xee, 0xf8, 0xee,
    0xd7, 0xee, 0xd7, 0xee, 0xf8, 0xee, 0xd7, 0xee, 0xd7, 0xee, 0xf8, 0xee, 0xd7, 0xee, 0xd7, 0xee,
    0xd7, 0xee, 0xf8, 0xee, 0xd7, 0xee, 0xf8, 0xee, 0xf8, 0xee, 0xf8, 0xee, 0xf8, 0xee, 0xf8, 0xee,
    0xf8, 0xee, 0xd7, 0xee, 0xd7, 0xee, 0xd7, 0xee, 0xd7, 0xee, 0xf8, 0xee, 0xf8, 0xee, 0xf8, 0xee,
    0xf8, 0xee, 0xf8, 0xee, 0xf8, 0xee, 0xf8, 0xee, 0xf8, 0xee, 0xf8, 0xee, 0xf8, 0xee, 0xf8, 0xee,
    0xd7, 0xee, 0xd7, 0xee, 0xf8, 0xee, 0xf8, 0xee, 0xd7, 0xee, 0xd7, 0xee, 0xd7, 0xee, 0xd7, 0xee,
    0xd7, 0xee, 0xf8, 0xee, 0xf8, 0xee, 0xf8, 0xee, 0xd7, 0xee, 0xd7, 0xee, 0xf8, 0xee, 0xd7, 0xee,
    0xd7, 0xee, 0xf8, 0xee, 0xf8, 0xee, 0xd7, 0xee, 0xd7, 0xee, 0xf8, 0xee, 0xd7, 0xee, 0xf8, 0xee,
    0xf8, 0xee, 0xf8, 0xee, 0xf8, 0xee, 0xf8, 0xee, 0xf8, 0xee, 0xf8, 0xee, 0xf8, 0xee, 0xf8, 0xee,
    0xf8, 0xee, 0xf8, 0xee, 0xf8, 0xee, 0xd7, 0xee, 0xf8, 0xee, 0xf8, 0xee, 0xd7, 0xee, 0xf8, 0xee,
    0xf8, 0xee, 0xf8, 0xee, 0xd7, 0xee, 0xd7, 0xee, 0xd7, 0xee, 0xf8, 0xee, 0xf8, 0xee, 0xf8, 0xee,
    0xf8, 0xee, 0xf8, 0xee, 0xf8, 0xee, 0xf8, 0xee, 0xf8, 0xee, 0xf8, 0xee, 0xf8, 0xee, 0xf8, 0xee,
    0xf8, 0xee, 0xf8, 0xee, 0xd7, 0xee, 0xd7, 0xee, 0xd7, 0xee, 0xd7, 0xee, 0xd7, 0xee, 0xd7, 0xee,
    0xd7, 0xee, 0xf8, 0xee, 0xf8, 0xee, 0xf8, 0xee, 0xf8, 0xee, 0xf8, 0xee, 0xd7, 0xee, 0xf8, 0xee,
    0xf8, 0xee, 0xd7, 0xee, 0xd7, 0xee, 0xd7, 0xee, 0xd7, 0xee, 0xf8, 0xee, 0xf8, 0xee, 0xf8, 0xee,
    0xf8, 0xee, 0xf8, 0xee, 0xf8, 0xee, 0xf8, 0xee, 0xf8, 0xee, 0xf8, 0xee, 0xd7, 0xee, 0xd7, 0xee,
    0xd7, 0xee, 0xf8, 0xee, 0xf8, 0xee, 0xf8, 0xee, 0xf8, 0xee, 0xf8, 0xee, 0xf8, 0xee, 0xf8, 0xee,
    0xd7, 0xee, 0xd7, 0xee, 0xd7, 0xee, 0xd7, 0xee, 0xd7, 0xee, 0xf8, 0xee, 0xf8, 0xee, 0xf8, 0xee,
    0xd7, 0xee, 0xd7, 0xee, 0xf8, 0xee, 0xf8, 0xee, 0xf8, 0xee, 0xf8, 0xee, 0xd7, 0xee, 0xf8, 0xee,
    0xf8, 0xee, 0xf8, 0xee, 0xf8, 0xee, 0xf8, 0xee, 0xd7, 0xee, 0xf8, 0xee, 0xf8, 0xee, 0xf8, 0xee,
    0xf8, 0xee, 0xf8, 0xee, 0xd7, 0xee, 0xf8, 0xee, 0xf8, 0xee, 0xf8, 0xee, 0xf8, 0xee, 0xf8, 0xee,
    0xd7, 0xee, 0xf8, 0xee, 0xf8, 0xee, 0xf8, 0xee, 0xf8, 0xee, 0xd7, 0xee, 0xd7, 0xee, 0xd7, 0xee,
    0xd7, 0xee, 0xd7, 0xee, 0xd7, 0xee, 0xd7, 0xee, 0xd7, 0xee, 0xf8, 0xee, 0xd7, 0xee, 0xd7, 0xee,
    0xf8, 0xee, 0xf8, 0xee, 0xf8, 0xee, 0xf8, 0xee, 0xf8, 0xee, 0xf8, 0xee, 0xd7, 0xee, 0xd7, 0xee,
    0xf8, 0xee, 0xf8, 0xee, 0xd7, 0xee, 0xf8, 0xee, 0xf8, 0xee, 0xf8, 0xee, 0xd7, 0xee, 0xf8, 0xee,
    0xf8, 0xee, 0xf8, 0xee, 0xd7, 0xee, 0xd7, 0xee, 0xd7, 0xee, 0xf8, 0xee, 0xf8, 0xee, 0xf8, 0xee,
    0xf8, 0xee, 0xf8, 0xee, 0xf8, 0xee, 0xf8, 0xee, 0xf8, 0xee, 0xf8, 0xee, 0xf8, 0xee, 0xf8, 0xee,
    0xf8, 0xee, 0xf8, 0xee, 0xd7, 0xee, 0xf8, 0xee, 0xf8, 0xee, 0xf8, 0xee, 0xf8, 0xee, 0xf8, 0xee,
    0xd7, 0xee, 0xd7, 0xee, 0xd7, 0xee, 0xd7, 0xee, 0xd7, 0xee, 0xd7, 0xee, 0xf8, 0xee, 0xf8, 0xee,
    0xd7, 0xee, 0xf8, 0xee, 0xf8, 0xee, 0xf8, 0xee, 0xd7, 0xee, 0xd7, 0xee, 0xd7, 0xee, 0xd7, 0xee,
    0xd7, 0xee, 0xf8, 0xee, 0xd7, 0xee, 0xd7, 0xee, 0xd7, 0xee, 0xd7, 0xee, 0xf8, 0xee, 0xf8, 0xee,
    0xd7, 0xee, 0xd7, 0xee, 0xf8, 0xee, 0xf8, 0xee, 0xd7, 0xee, 0xd7, 0xee, 0xf8, 0xee, 0xd7, 0xee,
    0xd7, 0xee, 0xf8, 0xee, 0xd7, 0xee, 0xf8, 0xee, 0xf8, 0xee, 0xf8, 0xee, 0xf8, 0xee, 0xf8, 0xee,
    0xf8, 0xee, 0xf8, 0xee, 0xd7, 0xee, 0xd7, 0xee, 0xd7, 0xee, 0xf8, 0xee, 0xf8, 0xee, 0xf8, 0xee,
    0xf8, 0xee, 0xf8, 0xee, 0xf8, 0xee, 0xf8, 0xee, 0xf8, 0xee, 0xf8, 0xee, 0xf8, 0xee, 0xf8, 0xee,
    0xf8, 0xee, 0xd7, 0xee, 0xd7, 0xee, 0xf8, 0xee, 0xf8, 0xee, 0xf8, 0xee, 0xd7, 0xee, 0xf8, 0xee,
    0xf8, 0xee, 0xf8, 0xee, 0xf8, 0xee, 0xf8, 0xee, 0xd7, 0xee, 0xd7, 0xee, 0xf8, 0xee, 0xf8, 0xee,
    0xd7, 0xee, 0xf8, 0xee, 0xf8, 0xee, 0xd7, 0xee, 0xf8, 0xee, 0xf8, 0xee, 0xd7, 0xee, 0xf8, 0xee,
    0xd7, 0xee, 0xf8, 0xee, 0xf8, 0xee, 0xf8, 0xee, 0xf8, 0xee, 0xf8, 0xee, 0xd7, 0xee, 0xd7, 0xee,
    0xf8, 0xee, 0xf8, 0xee, 0xf8, 0xee, 0xd7, 0xee, 0xf8, 0xee, 0xf8, 0xee, 0xd7, 0xee, 0xf8, 0xee,
    0xd7, 0xee, 0xd7, 0xee, 0xd7, 0xee, 0xf8, 0xee, 0xf8, 0xee, 0xf8, 0xee, 0xf8, 0xee, 0xf8, 0xee,
    0xf8, 0xee, 0xf8, 0xee, 0xf8, 0xee, 0xf8, 0xee, 0xf8, 0xee, 0xf8, 0xee, 0xf8, 0xee, 0xf8, 0xee,
    0xf8, 0xee, 0xf8, 0xee, 0xd7, 0xee, 0xd7, 0xee, 0xd7, 0xee, 0xf8, 0xee, 0xf8, 0xee, 0xf8, 0xee,
    0xd7, 0xee, 0xf8, 0xee, 0xf8, 0xee, 0xf8, 0xee, 0xf8, 0xee, 0xf8, 0xee, 0xd7, 0xee, 0xf8, 0xee,
    0xd7, 0xee, 0xd7, 0xee, 0xd7, 0xee, 0xf8, 0xee, 0xf8, 0xee, 0xf8, 0xee, 0xf8, 0xee, 0xf8, 0xee,
    0xf8, 0xee, 0xf8, 0xee, 0xf8, 0xee, 0xf8, 0xee, 0xf8, 0xee, 0xf8, 0xee, 0xd7, 0xee, 0xd7, 0xee,
    0xf8, 0xee, 0xd7, 0xee, 0xf8, 0xee, 0xf8, 0xee, 0xf8, 0xee, 0xf8, 0xee, 0xf8, 0xee, 0xf8, 0xee,
    0xf8, 0xee, 0xd7, 0xee, 0xd7, 0xee, 0xf8, 0xee, 0xd7, 0xee, 0xd7, 0xee, 0xf8, 0xee, 0xf8, 0xee,
    0xf8, 0xee, 0xf8, 0xee, 0xf8, 0xee, 0xf8, 0xee, 0xd7, 0xee, 0xd7, 0xee, 0xd7, 0xee, 0xd7, 0xee,
    0xf8, 0xee, 0xf8, 0xee, 0xf8, 0xee, 0xf8, 0xee, 0xf8, 0xee, 0xf8, 0xee, 0xf8, 0xee, 0xf8, 0xee,
    0xf8, 0xee, 0xf8, 0xee, 0xd7, 0xee, 0xd7, 0xee, 0xf8, 0xee, 0xf8, 0xee, 0xf8, 0xee, 0xd7, 0xee,
    0xd7, 0xee, 0xf8, 0xee, 0xf8, 0xee, 0xf8, 0xee, 0xf8, 0xee, 0xf8, 0xee, 0xd7, 0xee, 0xf8, 0xee,
    0xd7, 0xee, 0xd7, 0xee, 0xd7, 0xee, 0xd7, 0xee, 0xd7, 0xee, 0xd7, 0xee, 0xd7, 0xee, 0xd7, 0xee,
    0xf8, 0xee, 0xd7, 0xee, 0xf8, 0xee, 0xf8, 0xee, 0xf8, 0xee, 0xf8, 0xee, 0xd7, 0xee, 0xd7, 0xee,
    0xf8, 0xee, 0xf8, 0xee, 0xd7, 0xee, 0xf8, 0xee, 0xf8, 0xee, 0xd7, 0xee, 0xd7, 0xee, 0xf8, 0xee,
    0xf8, 0xee, 0xf8, 0xee, 0xd7, 0xee, 0xd7, 0xee, 0xd7, 0xee, 0xf8, 0xee, 0xf8, 0xee, 0xf8, 0xee,
    0xf8, 0xee, 0xf8, 0xee, 0xf8, 0xee, 0xd7, 0xee, 0xf8, 0xee, 0xf8, 0xee, 0xf8, 0xee, 0xf8, 0xee,
    0xd7, 0xee, 0xd7, 0xee, 0xd7, 0xee, 0xf8, 0xee, 0xf8, 0xee, 0xf8, 0xee, 0xf8, 0xee, 0xf8, 0xee,
    0xf8, 0xee, 0xd7, 0xee, 0xd7, 0xee, 0xf8, 0xee, 0xd7, 0xee, 0xf8, 0xee, 0xf8, 0xee, 0xf8, 0xee,
    0xf8, 0xee, 0xf8, 0xee, 0xf8, 0xee, 0xd7, 0xee, 0xd7, 0xee, 0xd7, 0xee, 0xd7, 0xee, 0xf8, 0xee,
    0xf8, 0xee, 0xf8, 0xee, 0xd7, 0xee, 0xd7, 0xee, 0xd7, 0xee, 0xd7, 0xee, 0xf8, 0xee, 0xf8, 0xee,
    0xf8, 0xee, 0xd7, 0xee, 0xd7, 0xee, 0xf8, 0xee, 0xd7, 0xee, 0xd7, 0xee, 0xf8, 0xee, 0xf8, 0xee,
    0xf8, 0xee, 0xf8, 0xee, 0xd7, 0xee, 0xf8, 0xee, 0xf8, 0xee, 0xd7, 0xee, 0xf8, 0xee, 0xf8, 0xee,
    0xf8, 0xee, 0xf8, 0xee, 0xd7, 0xee, 0xd7, 0xee, 0xd7, 0xee, 0xf8, 0xee, 0xf8, 0xee, 0xf8, 0xee,
    0xf8, 0xee, 0xf8, 0xee, 0xf8, 0xee, 0xf8, 0xee, 0xf8, 0xee, 0xf8, 0xee, 0xf8, 0xee, 0xf8, 0xee,
    0xf8, 0xee, 0xd7, 0xee, 0xf8, 0xee, 0xf8, 0xee, 0xf8, 0xee, 0xd7, 0xee, 0xd7, 0xee, 0xf8, 0xee,
    0xf8, 0xee, 0xf8, 0xee, 0xf8, 0xee, 0xf8, 0xee, 0xf8, 0xee, 0xd7, 0xee, 0xf8, 0xee, 0xf8, 0xee,
    0xf8, 0xee, 0xf8, 0xee, 0xf8, 0xee, 0xf8, 0xee, 0xf8, 0xee, 0xf8, 0xee, 0xf8, 0xee, 0xf8, 0xee,
    0xd7, 0xee, 0xf8, 0xee, 0xf8, 0xee, 0xf8, 0xee, 0xf8, 0xee, 0xf8, 0xee, 0xd7, 0xee, 0xf8, 0xee,
    0xf8, 0xee, 0xf8, 0xee, 0xf8, 0xee, 0xf8, 0xee, 0xf8, 0xee, 0xd7, 0xee, 0xf8, 0xee, 0xf8, 0xee,
    0xf8, 0xee, 0xd7, 0xee, 0xf8, 0xee, 0xf8, 0xee, 0xf8, 0xee, 0xf8, 0xee, 0xf8, 0xee, 0xf8, 0xee,
    0xf8, 0xee, 0xf8, 0xee, 0xf8, 0xee, 0xf8, 0xee, 0xf8, 0xee, 0xd7, 0xee, 0xf8, 0xee, 0xf8, 0xee,
    0xf8, 0xee, 0xf8, 0xee, 0xf8, 0xee, 0xd7, 0xee, 0xf8, 0xee, 0xf8, 0xee, 0xf8, 0xee, 0xf8, 0xee,
    0xd7, 0xee, 0xf8, 0xee, 0xf8, 0xee, 0xf8, 0xee, 0xf8, 0xee, 0xf8, 0xee, 0xf8, 0xee, 0xf8, 0xee,
    0xd7, 0xee, 0xd7, 0xee, 0xd7, 0xee, 0xd7, 0xee, 0xf8, 0xee, 0xf8, 0xee, 0xf8, 0xee, 0xf8, 0xee,
    0xf8, 0xee, 0xf8, 0xee, 0xf8, 0xee, 0xf8, 0xee, 0xf8, 0xee, 0xd7, 0xee, 0xd7, 0xee, 0xd7, 0xee,
    0xf8, 0xee, 0xf8, 0xee, 0xf8, 0xee, 0xf8, 0xee, 0xf8, 0xee, 0xf8, 0xee, 0xf8, 0xee, 0xd7, 0xee,
    0xd7, 0xee, 0xd7, 0xee, 0xd7, 0xee, 0xd7, 0xee, 0xf8, 0xee, 0xf8, 0xee, 0xd7, 0xee, 0xf8, 0xee,
    0xf8, 0xee, 0xd7, 0xee, 0xf8, 0xee, 0xf8, 0xee, 0xd7, 0xee, 0xf8, 0xee, 0xd7, 0xee, 0xf8, 0xee,
    0xf8, 0xee, 0xf8, 0xee, 0xf8, 0xee, 0xf8, 0xee, 0xf8, 0xee, 0xf8, 0xee, 0xd7, 0xee, 0xf8, 0xee,
    0xf8, 0xee, 0xf8, 0xee, 0xd7, 0xee, 0xd7, 0xee, 0xd7, 0xee, 0xf8, 0xee, 0xd7, 0xee, 0xf8, 0xee,
    0xd7, 0xee, 0xd7, 0xee, 0xd7, 0xee, 0xf8, 0xee, 0xf8, 0xee, 0xf8, 0xee, 0xf8, 0xee, 0xf8, 0xee,
    0xf8, 0xee, 0xd7, 0xee, 0xd7, 0xee, 0xd7, 0xee, 0xd7, 0xee, 0xd7, 0xee, 0xd7, 0xee, 0xf8, 0xee,
    0xd7, 0xee, 0xd7, 0xee, 0xf8, 0xee, 0xd7, 0xee, 0xf8, 0xee, 0xf8, 0xee, 0xd7, 0xee, 0xd7, 0xee,
    0xf8, 0xee, 0xf8, 0xee, 0xf8, 0xee, 0xf8, 0xee, 0xd7, 0xee, 0xf8, 0xee, 0xd7, 0xee, 0xf8, 0xee,
    0xf8, 0xee, 0xf8, 0xee, 0xf8, 0xee, 0xf8, 0xee, 0xf8, 0xee, 0xf8, 0xee, 0xf8, 0xee, 0xf8, 0xee,
    0xf8, 0xee, 0xd7, 0xee, 0xf8, 0xee, 0xf8, 0xee, 0xf8, 0xee, 0xf8, 0xee, 0xf8, 0xee, 0xf8, 0xee,
    0xf8, 0xee, 0xf8, 0xee, 0xd7, 0xee, 0xd7, 0xee, 0xf8, 0xee, 0xd7, 0xee, 0xd7, 0xee, 0xd7, 0xee,
    0xd7, 0xee, 0xf8, 0xee, 0xf8, 0xee, 0xd7, 0xee, 0xd7, 0xee, 0xd7, 0xee, 0xf8, 0xee, 0xf8, 0xee,
    0xf8, 0xee, 0xf8, 0xee, 0xd7, 0xee, 0xd7, 0xee, 0xd7, 0xee, 0xd7, 0xee, 0xd7, 0xee, 0xd7, 0xee,
    0xf8, 0xee, 0xf8, 0xee, 0xf8, 0xee, 0xd7, 0xee, 0xd7, 0xee, 0xf8, 0xee, 0xf8, 0xee, 0xf8, 0xee,
    0xd7, 0xee, 0xd7, 0xee, 0xd7, 0xee, 0xd7, 0xee, 0xf8, 0xee, 0xd7, 0xee, 0xd7, 0xee, 0xf8, 0xee,
    0xd7, 0xee, 0xf8, 0xee, 0xd7, 0xee, 0xf8, 0xee, 0xf8, 0xee, 0xd7, 0xee, 0xf8, 0xee, 0xf8, 0xee,
    0xf8, 0xee, 0xd7, 0xee, 0xd7, 0xee, 0xd7, 0xee, 0xd7, 0xee, 0xd7, 0xee, 0xf8, 0xee, 0xf8, 0xee,
    0xf8, 0xee, 0xd7, 0xee, 0xf8, 0xee, 0xf8, 0xee, 0xf8, 0xee, 0xf8, 0xee, 0xf8, 0xee, 0xf8, 0xee,
    0xf8, 0xee, 0xf8, 0xee, 0xf8, 0xee, 0xd7, 0xee, 0xb6, 0xe6, 0xd7, 0xee, 0xf8, 0xee, 0xf8, 0xee,
    0xf8, 0xee, 0xf8, 0xee, 0xf8, 0xee, 0xf8, 0xee, 0xd7, 0xee, 0xd7, 0xee, 0xd7, 0xee, 0xf8, 0xee,
    0xf8, 0xee, 0xf8, 0xee, 0xf8, 0xee, 0xf8, 0xee, 0xd7, 0xee, 0xd7, 0xee, 0xf8, 0xee, 0xf8, 0xee,
    0xf8, 0xee, 0xf8, 0xee, 0xf8, 0xee, 0xf8, 0xee, 0xf8, 0xee, 0xf8, 0xee, 0xf8, 0xee, 0xf8, 0xee,
    0xf8, 0xee, 0xf8, 0xee, 0xf8, 0xee, 0xf8, 0xee, 0xf8, 0xee, 0xd7, 0xee, 0xf8, 0xee, 0xf8, 0xee,
    0xf8, 0xee, 0xf8, 0xee, 0xf8, 0xee, 0xf8, 0xee, 0xf8, 0xee, 0xf8, 0xee, 0xf8, 0xee, 0xd7, 0xee,
    0xf8, 0xee, 0xf8, 0xee, 0xf8, 0xee, 0xf8, 0xee, 0xf8, 0xee, 0xf8, 0xee, 0xf8, 0xee, 0xf8, 0xee,
    0xf8, 0xee, 0xf8, 0xee, 0xf8, 0xee, 0xf8, 0xee, 0xf8, 0xee, 0xf8, 0xee, 0xf8, 0xee, 0xd7, 0xee,
    0xd7, 0xee, 0xf8, 0xee, 0xf8, 0xee, 0xf8, 0xee, 0xf8, 0xee, 0xf8, 0xee, 0xf8, 0xee, 0xf8, 0xee,
    0xd7, 0xee, 0xd7, 0xee, 0xf8, 0xee, 0xd7, 0xee, 0xf8, 0xee, 0xf8, 0xee, 0xf8, 0xee, 0xf8, 0xee,
    0xf8, 0xee, 0xf8, 0xee, 0xf8, 0xee, 0xf8, 0xee, 0xf8, 0xee, 0xf8, 0xee, 0xd7, 0xee, 0xd7, 0xee,
    0xf8, 0xee, 0xf8, 0xee, 0xf8, 0xee, 0xf8, 0xee, 0xf8, 0xee, 0xf8, 0xee, 0xd7, 0xee, 0xd7, 0xee,
    0xd7, 0xee, 0xd7, 0xee, 0xd7, 0xee, 0xf8, 0xee, 0xd7, 0xee, 0xd7, 0xee, 0xd7, 0xee, 0xd7, 0xee,
    0xf8, 0xee, 0xd7, 0xee, 0xd7, 0xee, 0xd7, 0xee, 0xd7, 0xee, 0xd7, 0xee, 0xf8, 0xee, 0xf8, 0xee,
    0xf8, 0xee, 0xf8, 0xee, 0xf8, 0xee, 0xf8, 0xee, 0xf8, 0xee, 0xd7, 0xee, 0xd7, 0xee, 0xf8, 0xee,
    0xd7, 0xee, 0xf8, 0xee, 0xf8, 0xee, 0xd7, 0xee, 0xd7, 0xee, 0xf8, 0xee, 0xd7, 0xee, 0xd7, 0xee,
    0xf8, 0xee, 0xf8, 0xee, 0xd7, 0xee, 0xf8, 0xee, 0xf8, 0xee, 0xd7, 0xee, 0xf8, 0xee, 0xf8, 0xee,
    0xf8, 0xee, 0xf8, 0xee, 0xf8, 0xee, 0xd7, 0xee, 0xd7, 0xee, 0xd7, 0xee, 0xf8, 0xee, 0xf8, 0xee,
    0xd7, 0xee, 0xf8, 0xee, 0xd7, 0xee, 0xd7, 0xee, 0xf8, 0xee, 0xf8, 0xee, 0xd7, 0xee, 0xf8, 0xee,
    0xf8, 0xee, 0xf8, 0xee, 0xf8, 0xee, 0xd7, 0xee, 0xf8, 0xee, 0xd7, 0xee, 0xd7, 0xee, 0xf8, 0xee,
    0xf8, 0xee, 0xd7, 0xee, 0xf8, 0xee, 0xf8, 0xee, 0xf8, 0xee, 0xf8, 0xee, 0xf8, 0xee, 0xf8, 0xee,
    0xf8, 0xee, 0xf8, 0xee, 0xf8, 0xee, 0xf8, 0xee, 0xf8, 0xee, 0xf8, 0xee, 0xf8, 0xee, 0xf8, 0xee,
    0xf8, 0xee, 0xf8, 0xee, 0xf8, 0xee, 0xf8, 0xee, 0xf8, 0xee, 0xf8, 0xee, 0xd7, 0xee, 0xd7, 0xee,
    0xd7, 0xee, 0xf8, 0xee, 0xf8, 0xee, 0xd7, 0xee, 0xd7, 0xee, 0xd7, 0xee, 0xf8, 0xee, 0xf8, 0xee,
    0xf8, 0xee, 0xf8, 0xee, 0xf8, 0xee, 0xf8, 0xee, 0xd7, 0xee, 0xd7, 0xee, 0xd7, 0xee, 0xf8, 0xee,
    0xf8, 0xee, 0xf8, 0xee, 0xd7, 0xee, 0xd7, 0xee, 0xd7, 0xee, 0xf8, 0xee, 0xd7, 0xee, 0xd7, 0xee,
    0xd7, 0xee, 0xd7, 0xee, 0xd7, 0xee, 0xf8, 0xee, 0xd7, 0xee, 0xf8, 0xee, 0xd7, 0xee, 0xd7, 0xee,
    0xf8, 0xee, 0xf8, 0xee, 0xf8, 0xee, 0xf8, 0xee, 0xf8, 0xee, 0xf8, 0xee, 0xd7, 0xee, 0xf8, 0xee,
    0xf8, 0xee, 0xf8, 0xee, 0xb6, 0xe6, 0xd7, 0xee, 0xf8, 0xee, 0xf8, 0xee, 0xf8, 0xee, 0xf8, 0xee,
    0xf8, 0xee, 0xf8, 0xee, 0xf8, 0xee, 0xf8, 0xee, 0xf8, 0xee, 0xf8, 0xee, 0xf8, 0xee, 0xf8, 0xee,
    0xf8, 0xee, 0xd7, 0xee, 0xd7, 0xee, 0xd7, 0xee, 0xb6, 0xe6, 0xd7, 0xee, 0xf8, 0xee, 0xf8, 0xee,
    0xf8, 0xee, 0xf8, 0xee, 0xf8, 0xee, 0xf8, 0xee, 0xd7, 0xee, 0xd7, 0xee, 0xd7, 0xee, 0xf8, 0xee,
    0xf8, 0xee, 0xf8, 0xee, 0xf8, 0xee, 0xf8, 0xee, 0xf8, 0xee, 0xd7, 0xee, 0xf8, 0xee, 0xf8, 0xee,
    0xf8, 0xee, 0xd7, 0xee, 0xf8, 0xee, 0xf8, 0xee, 0xf8, 0xee, 0xf8, 0xee, 0xf8, 0xee, 0xf8, 0xee,
    0xf8, 0xee, 0xf8, 0xee, 0xf8, 0xee, 0xf8, 0xee, 0xf8, 0xee, 0xf8, 0xee, 0xf8, 0xee, 0xf8, 0xee,
    0xf8, 0xee, 0xf8, 0xee, 0xf8, 0xee, 0xf8, 0xee, 0xf8, 0xee, 0xf8, 0xee, 0xd7, 0xee, 0xd7, 0xee,
    0xd7, 0xee, 0xd7, 0xee, 0xf8, 0xee, 0xf8, 0xee, 0xf8, 0xee, 0xf8, 0xee, 0xf8, 0xee, 0xf8, 0xee,
    0xf8, 0xee, 0xf8, 0xee, 0xf8, 0xee, 0xf8, 0xee, 0xf8, 0xee, 0xd7, 0xee, 0xd7, 0xee, 0xd7, 0xee,
    0xd7, 0xee, 0xf8, 0xee, 0xf8, 0xee, 0xd7, 0xee, 0xf8, 0xee, 0xf8, 0xee, 0xf8, 0xee, 0xf8, 0xee,
    0xf8, 0xee, 0xd7, 0xee, 0xf8, 0xee, 0xf8, 0xee, 0xd7, 0xee, 0xf8, 0xee, 0xf8, 0xee, 0xf8, 0xee,
    0xf8, 0xee, 0xf8, 0xee, 0xf8, 0xee, 0xf8, 0xee, 0xf8, 0xee, 0xf8, 0xee, 0xf8, 0xee, 0xf8, 0xee,
    0xf8, 0xee, 0xf8, 0xee, 0xf8, 0xee, 0xf8, 0xee, 0xd7, 0xee, 0xf8, 0xee, 0xf8, 0xee, 0xd7, 0xee,
    0xd7, 0xee, 0xd7, 0xee, 0xf8, 0xee, 0xf8, 0xee, 0xd7, 0xee, 0xd7, 0xee, 0xd7, 0xee, 0xf8, 0xee,
    0xf8, 0xee, 0xf8, 0xee, 0xf8, 0xee, 0xd7, 0xee, 0xd7, 0xee, 0xd7, 0xee, 0xf8, 0xee, 0xf8, 0xee,
    0xf8, 0xee, 0xd7, 0xee, 0xf8, 0xee, 0xf8, 0xee, 0xf8, 0xee, 0xd7, 0xee, 0xd7, 0xee, 0xf8, 0xee,
    0xf8, 0xee, 0xf8, 0xee, 0xf8, 0xee, 0xd7, 0xee, 0xd7, 0xee, 0xf8, 0xee, 0xd7, 0xee, 0xd7, 0xee,
    0xf8, 0xee, 0xd7, 0xee, 0xd7, 0xee, 0xd7, 0xee, 0xd7, 0xee, 0xf8, 0xee, 0xf8, 0xee, 0xf8, 0xee,
    0xf8, 0xee, 0xf8, 0xee, 0xd7, 0xee, 0xf8, 0xee, 0xd7, 0xee, 0xd7, 0xee, 0xf8, 0xee, 0xd7, 0xee,
    0xf8, 0xee, 0xf8, 0xee, 0xf8, 0xee, 0xd7, 0xee, 0xf8, 0xee, 0xf8, 0xee, 0xd7, 0xee, 0xd7, 0xee,
    0xf8, 0xee, 0xf8, 0xee, 0xf8, 0xee, 0xd7, 0xee, 0xd7, 0xee, 0xd7, 0xee, 0xd7, 0xee, 0xf8, 0xee,
    0xf8, 0xee, 0xd7, 0xee, 0xd7, 0xee, 0xf8, 0xee, 0xf8, 0xee, 0xf8, 0xee, 0xf8, 0xee, 0xf8, 0xee,
    0xf8, 0xee, 0xf8, 0xee, 0xd7, 0xee, 0xf8, 0xee, 0xf8, 0xee, 0xf8, 0xee, 0xf8, 0xee, 0xf8, 0xee,
    0xd7, 0xee, 0xf8, 0xee, 0xf8, 0xee, 0xf8, 0xee, 0xf8, 0xee, 0xf8, 0xee, 0xf8, 0xee, 0xf8, 0xee,
    0xd7, 0xee, 0xd7, 0xee, 0xf8, 0xee, 0xf8, 0xee, 0xf8, 0xee, 0xd7, 0xee, 0xf8, 0xee, 0xf8, 0xee,
    0xf8, 0xee, 0xf8, 0xee, 0xf8, 0xee, 0xf8, 0xee, 0xd7, 0xee, 0xd7, 0xee, 0xd7, 0xee, 0xd7, 0xee,
    0xf8, 0xee, 0xf8, 0xee, 0xd7, 0xee, 0xf8, 0xee, 0xf8, 0xee, 0xd7, 0xee, 0xd7, 0xee, 0xd7, 0xee,
    0xd7, 0xee, 0xd7, 0xee, 0xd7, 0xee, 0xd7, 0xee, 0xf8, 0xee, 0xf8, 0xee, 0xf8, 0xee, 0xd7, 0xee,
    0xf8, 0xee, 0xf8, 0xee, 0xf8, 0xee, 0xf8, 0xee, 0xd7, 0xee, 0xf8, 0xee, 0xf8, 0xee, 0xf8, 0xee,
    0xf8, 0xee, 0xf8, 0xee, 0xd7, 0xee, 0xf8, 0xee, 0xf8, 0xee, 0xf8, 0xee, 0xf8, 0xee, 0xf8, 0xee,
    0xf8, 0xee, 0xf8, 0xee, 0xf8, 0xee, 0xf8, 0xee, 0xf8, 0xee, 0xf8, 0xee, 0xd7, 0xee, 0xf8, 0xee,
    0xf8, 0xee, 0xd7, 0xee, 0xf8, 0xee, 0xd7, 0xee, 0xd7, 0xee, 0xf8, 0xee, 0xf8, 0xee, 0xf8, 0xee,
    0xf8, 0xee, 0xf8, 0xee, 0xf8, 0xee, 0xf8, 0xee, 0xd7, 0xee, 0xd7, 0xee, 0xd7, 0xee, 0xf8, 0xee,
    0xd7, 0xee, 0xf8, 0xee, 0xf8, 0xee, 0xf8, 0xee, 0xf8, 0xee, 0xf8, 0xee, 0xf8, 0xee, 0xd7, 0xee,
    0xf8, 0xee, 0xd7, 0xee, 0xd7, 0xee, 0xf8, 0xee, 0xf8, 0xee, 0xf8, 0xee, 0xf8, 0xee, 0xf8, 0xee,
    0xd7, 0xee, 0xf8, 0xee, 0xf8, 0xee, 0xf8, 0xee, 0xf8, 0xee, 0xf8, 0xee, 0xd7, 0xee, 0xd7, 0xee,
    0xd7, 0xee, 0xd7, 0xee, 0xf8, 0xee, 0xf8, 0xee, 0xf8, 0xee, 0xf8, 0xee, 0xf8, 0xee, 0xd7, 0xee,
    0xd7, 0xee, 0xd7, 0xee, 0xd7, 0xee, 0xf8, 0xee, 0xf8, 0xee, 0xf8, 0xee, 0xf8, 0xee, 0xf8, 0xee,
    0xf8, 0xee, 0xf8, 0xee, 0xf8, 0xee, 0xf8, 0xee, 0xd7, 0xee, 0xd7, 0xee, 0xd7, 0xee, 0xf8, 0xee,
    0xd7, 0xee, 0xd7, 0xee, 0xd7, 0xee, 0xf8, 0xee, 0xf8, 0xee, 0xf8, 0xee, 0xf8, 0xee, 0xf8, 0xee,
    0xf8, 0xee, 0xf8, 0xee, 0xf8, 0xee, 0xf8, 0xee, 0xd7, 0xee, 0xd7, 0xee, 0xf8, 0xee, 0xf8, 0xee,
    0xf8, 0xee, 0xf8, 0xee, 0xf8, 0xee, 0xf8, 0xee, 0xf8, 0xee, 0xf8, 0xee, 0xf8, 0xee, 0xd7, 0xee,
    0xd7, 0xee, 0xf8, 0xee, 0xf8, 0xee, 0xf8, 0xee, 0xf8, 0xee, 0xf8, 0xee, 0xd7, 0xee, 0xd7, 0xee,
    0xf8, 0xee, 0xf8, 0xee, 0xf8, 0xee, 0xf8, 0xee, 0xf8, 0xee, 0xf8, 0xee, 0xf8, 0xee, 0xf8, 0xee,
    0xf8, 0xee, 0xd7, 0xee, 0xf8, 0xee, 0xf8, 0xee, 0xd7, 0xee, 0xf8, 0xee, 0xf8, 0xee, 0xf8, 0xee,
    0xd7, 0xee, 0xf8, 0xee, 0xf8, 0xee, 0xf8, 0xee, 0xf8, 0xee, 0xf8, 0xee, 0xf8, 0xee, 0xf8, 0xee,
    0xd7, 0xee, 0xf8, 0xee, 0xf8, 0xee, 0xd7, 0xee, 0xd7, 0xee, 0xd7, 0xee, 0xd7, 0xee, 0xd7, 0xee,
    0xf8, 0xee, 0xd7, 0xee, 0xd7, 0xee, 0xd7, 0xee, 0xf8, 0xee, 0xf8, 0xee, 0xd7, 0xee, 0xf8, 0xee,
    0xd7, 0xee, 0xd7, 0xee, 0xd7, 0xee, 0xd7, 0xee, 0xd7, 0xee, 0xd7, 0xee, 0xd7, 0xee, 0xf8, 0xee,
    0xd7, 0xee, 0xf8, 0xee, 0xf8, 0xee, 0xd7, 0xee, 0xd7, 0xee, 0xf8, 0xee, 0xd7, 0xee, 0xf8, 0xee,
    0xf8, 0xee, 0xf8, 0xee, 0xf8, 0xee, 0xd7, 0xee, 0xd7, 0xee, 0xd7, 0xee, 0xd7, 0xee, 0xf8, 0xee,
    0xf8, 0xee, 0xf8, 0xee, 0xf8, 0xee, 0xf8, 0xee, 0xf8, 0xee, 0xd7, 0xee, 0xf8, 0xee, 0xf8, 0xee,
    0xf8, 0xee, 0xf8, 0xee, 0xf8, 0xee, 0xf8, 0xee, 0xf8, 0xee, 0xf8, 0xee, 0xf8, 0xee, 0xf8, 0xee,
    0xf8, 0xee, 0xf8, 0xee, 0xf8, 0xee, 0xf8, 0xee, 0xf8, 0xee, 0xf8, 0xee, 0xf8, 0xee, 0xf8, 0xee,
    0xf8, 0xee, 0xf8, 0xee, 0xf8, 0xee, 0xf8, 0xee, 0xf8, 0xee, 0xd7, 0xee, 0xf8, 0xee, 0xf8, 0xee,
    0xf8, 0xee, 0xf8, 0xee, 0xd7, 0xee, 0xf8, 0xee, 0xd7, 0xee, 0xd7, 0xee, 0xd7, 0xee, 0xf8, 0xee,
    0xf8, 0xee, 0xf8, 0xee, 0xd7, 0xee, 0xf8, 0xee, 0xf8, 0xee, 0xd7, 0xee, 0xd7, 0xee, 0xd7, 0xee,
    0xd7, 0xee, 0xf8, 0xee, 0xf8, 0xee, 0xf8, 0xee, 0xf8, 0xee, 0xd7, 0xee, 0xf8, 0xee, 0xf8, 0xee,
    0xd7, 0xee, 0xf8, 0xee, 0xf8, 0xee, 0xd7, 0xee, 0xd7, 0xee, 0xd7, 0xee, 0xf8, 0xee, 0xf8, 0xee,
    0xf8, 0xee, 0xf8, 0xee, 0xd7, 0xee, 0xd7, 0xee, 0xf8, 0xee, 0xf8, 0xee, 0xf8, 0xee, 0xf8, 0xee,
    0xf8, 0xee, 0xf8, 0xee, 0xf8, 0xee, 0xf8, 0xee, 0xf8, 0xee, 0xd7, 0xee, 0xd7, 0xee, 0xd7, 0xee,
    0xd7, 0xee, 0xf8, 0xee, 0xf8, 0xee, 0xf8, 0xee, 0xf8, 0xee, 0xf8, 0xee, 0xd7, 0xee, 0xf8, 0xee,
    0xf8, 0xee, 0xf8, 0xee, 0xf8, 0xee, 0xf8, 0xee, 0xd7, 0xee, 0xd7, 0xee, 0xf8, 0xee, 0xf8, 0xee,
    0xd7, 0xee, 0xf8, 0xee, 0xf8, 0xee, 0xf8, 0xee, 0xf8, 0xee, 0xf8, 0xee, 0xf8, 0xee, 0xd7, 0xee,
    0xf8, 0xee, 0xf8, 0xee, 0xd7, 0xee, 0xf8, 0xee, 0xf8, 0xee, 0xf8, 0xee, 0xf8, 0xee, 0xf8, 0xee,
    0xf8, 0xee, 0xd7, 0xee, 0xd7, 0xee, 0xf8, 0xee, 0xf8, 0xee, 0xf8, 0xee, 0xd7, 0xee, 0xd7, 0xee,
    0xd7, 0xee, 0xf8, 0xee, 0xf8, 0xee, 0xf8, 0xee, 0xf8, 0xee, 0xf8, 0xee, 0xf8, 0xee, 0xd7, 0xee,
    0xd7, 0xee, 0xd7, 0xee, 0xd7, 0xee, 0xd7, 0xee, 0xf8, 0xee, 0xf8, 0xee, 0xd7, 0xee, 0xf8, 0xee,
    0xf8, 0xee, 0xf8, 0xee, 0xd7, 0xee, 0xd7, 0xee, 0xd7, 0xee, 0xd7, 0xee, 0xd7, 0xee, 0xd7, 0xee,
    0xd7, 0xee, 0xd7, 0xee, 0xf8, 0xee, 0xf8, 0xee, 0xf8, 0xee, 0xf8, 0xee, 0xf8, 0xee, 0xf8, 0xee,
    0xf8, 0xee, 0xf8, 0xee, 0xf8, 0xee, 0xf8, 0xee, 0xf8, 0xee, 0xd7, 0xee, 0xf8, 0xee, 0xf8, 0xee,
    0xf8, 0xee, 0xf8, 0xee, 0xf8, 0xee, 0xf8, 0xee, 0xf8, 0xee, 0xf8, 0xee, 0xd7, 0xee, 0xd7, 0xee,
    0xf8, 0xee, 0xf8, 0xee, 0xf8, 0xee, 0xf8, 0xee, 0xf8, 0xee, 0xf8, 0xee, 0xd7, 0xee, 0xd7, 0xee,
    0xf8, 0xee, 0xf8, 0xee, 0xf8, 0xee, 0xf8, 0xee, 0xf8, 0xee, 0xf8, 0xee, 0xf8, 0xee, 0xf8, 0xee,
    0xd7, 0xee, 0xd7, 0xee, 0xd7, 0xee, 0xf8, 0xee, 0xf8, 0xee, 0xf8, 0xee, 0xf8, 0xee, 0xf8, 0xee,
    0xd7, 0xee, 0xf8, 0xee, 0xf8, 0xee, 0xf8, 0xee, 0xf8, 0xee, 0xf8, 0xee, 0xf8, 0xee, 0xf8, 0xee,
    0xf8, 0xee, 0xf8, 0xee, 0xf8, 0xee, 0xf8, 0xee, 0xf8, 0xee, 0xf8, 0xee, 0xd7, 0xee, 0xd7, 0xee,
    0xd7, 0xee, 0xd7, 0xee, 0xd7, 0xee, 0xd7, 0xee, 0xd7, 0xee, 0xf8, 0xee, 0xd7, 0xee, 0xf8, 0xee,
    0xd7, 0xee, 0xd7, 0xee, 0xf8, 0xee, 0xd7, 0xee, 0xd7, 0xee, 0xf8, 0xee, 0xf8, 0xee, 0xf8, 0xee,
    0xd7, 0xee, 0xf8, 0xee, 0xd7, 0xee, 0xd7, 0xee, 0xf8, 0xee, 0xf8, 0xee, 0xf8, 0xee, 0xf8, 0xee,
    0xd7, 0xee, 0xd7, 0xee, 0xd7, 0xee, 0xd7, 0xee, 0xf8, 0xee, 0xd7, 0xee, 0xd7, 0xee, 0xf8, 0xee,
    0xf8, 0xee, 0xf8, 0xee, 0xd7, 0xee, 0xd7, 0xee, 0xf8, 0xee, 0xd7, 0xee, 0xf8, 0xee, 0xf8, 0xee,
    0xf8, 0xee, 0xf8, 0xee, 0xf8, 0xee, 0xf8, 0xee, 0xf8, 0xee, 0xf8, 0xee, 0xd7, 0xee, 0xd7, 0xee,
    0xf8, 0xee, 0xf8, 0xee, 0xf8, 0xee, 0xf8, 0xee, 0xf8, 0xee, 0xf8, 0xee, 0xf8, 0xee, 0xf8, 0xee,
    0xf8, 0xee, 0xd7, 0xee, 0xf8, 0xee, 0xf8, 0xee, 0xf8, 0xee, 0xf8, 0xee, 0xd7, 0xee, 0xd7, 0xee,
    0xd7, 0xee, 0xd7, 0xee, 0xd7, 0xee, 0xd7, 0xee, 0xf8, 0xee, 0xd7, 0xee, 0xd7, 0xee, 0xf8, 0xee,
    0xf8, 0xee, 0xd7, 0xee, 0xf8, 0xee, 0xf8, 0xee, 0xd7, 0xee, 0xd7, 0xee, 0xd7, 0xee, 0xd7, 0xee,
    0xd7, 0xee, 0xd7, 0xee, 0xf8, 0xee, 0xf8, 0xee, 0xd7, 0xee, 0xd7, 0xee, 0xf8, 0xee, 0xd7, 0xee,
    0xf8, 0xee, 0xd7, 0xee, 0xd7, 0xee, 0xd7, 0xee, 0xd7, 0xee, 0xd7, 0xee, 0xf8, 0xee, 0xf8, 0xee,
    0xf8, 0xee, 0xf8, 0xee, 0xf8, 0xee, 0xf8, 0xee, 0xf8, 0xee, 0xf8, 0xee, 0xf8, 0xee, 0xf8, 0xee,
    0xf8, 0xee, 0xf8, 0xee, 0xf8, 0xee, 0xd7, 0xee, 0xd7, 0xee, 0xb6, 0xe6, 0xd7, 0xee, 0xd7, 0xee,
    0xf8, 0xee, 0xf8, 0xee, 0xf8, 0xee, 0xf8, 0xee, 0xd7, 0xee, 0xf8, 0xee, 0xf8, 0xee, 0xf8, 0xee,
    0xf8, 0xee, 0xf8, 0xee, 0xf8, 0xee, 0xf8, 0xee, 0xd7, 0xee, 0xf8, 0xee, 0xd7, 0xee, 0xd7, 0xee,
    0xd7, 0xee, 0xd7, 0xee, 0xd7, 0xee, 0xd7, 0xee, 0xf8, 0xee, 0xf8, 0xee, 0xd7, 0xee, 0xd7, 0xee,
    0xf8, 0xee, 0xf8, 0xee, 0xf8, 0xee, 0xf8, 0xee, 0xf8, 0xee, 0xd7, 0xee, 0xd7, 0xee, 0xd7, 0xee,
    0xf8, 0xee, 0xd7, 0xee, 0xd7, 0xee, 0xf8, 0xee, 0xf8, 0xee, 0xf8, 0xee, 0xf8, 0xee, 0xf8, 0xee,
    0xf8, 0xee, 0xd7, 0xee, 0xd7, 0xee, 0xd7, 0xee, 0xf8, 0xee, 0xf8, 0xee, 0xf8, 0xee, 0xd7, 0xee,
    0xd7, 0xee, 0xf8, 0xee, 0xf8, 0xee, 0xf8, 0xee, 0xf8, 0xee, 0xf8, 0xee, 0xf8, 0xee, 0xf8, 0xee,
    0xd7, 0xee, 0xd7, 0xee, 0xd7, 0xee, 0xd7, 0xee, 0xd7, 0xee, 0xd7, 0xee, 0xd7, 0xee, 0xd7, 0xee,
    0xd7, 0xee, 0xf8, 0xee, 0xf8, 0xee, 0xf8, 0xee, 0xf8, 0xee, 0xf8, 0xee, 0xf8, 0xee, 0xd7, 0xee,
    0xd7, 0xee, 0xf8, 0xee, 0xf8, 0xee, 0xf8, 0xee, 0xf8, 0xee, 0xd7, 0xee, 0xf8, 0xee, 0xf8, 0xee,
    0xf8, 0xee, 0xf8, 0xee, 0xf8, 0xee, 0xf8, 0xee, 0xf8, 0xee, 0xf8, 0xee, 0xd7, 0xee, 0xd7, 0xee,
    0xf8, 0xee, 0xd7, 0xee, 0xf8, 0xee, 0xf8, 0xee, 0xf8, 0xee, 0xf8, 0xee, 0xf8, 0xee, 0xf8, 0xee,
    0xf8, 0xee, 0xf8, 0xee, 0xf8, 0xee, 0xf8, 0xee, 0xd7, 0xee, 0xf8, 0xee, 0xd7, 0xee, 0xd7, 0xee,
    0xd7, 0xee, 0xf8, 0xee, 0xf8, 0xee, 0xd7, 0xee, 0xd7, 0xee, 0xd7, 0xee, 0xf8, 0xee, 0xf8, 0xee,
    0xf8, 0xee, 0xf8, 0xee, 0xf8, 0xee, 0xf8, 0xee, 0xf8, 0xee, 0xf8, 0xee, 0xf8, 0xee, 0xf8, 0xee,
    0xf8, 0xee, 0xf8, 0xee, 0xf8, 0xee, 0xf8, 0xee, 0xf8, 0xee, 0xf8, 0xee, 0xf8, 0xee, 0xd7, 0xee,
    0xd7, 0xee, 0xd7, 0xee, 0xd7, 0xee, 0xd7, 0xee, 0xd7, 0xee, 0xf8, 0xee, 0xf8, 0xee, 0xf8, 0xee,
    0xf8, 0xee, 0xf8, 0xee, 0xd7, 0xee, 0xd7, 0xee, 0xd7, 0xee, 0xd7, 0xee, 0xf8, 0xee, 0xd7, 0xee,
    0xd7, 0xee, 0xd7, 0xee, 0xd7, 0xee, 0xd7, 0xee, 0xf8, 0xee, 0xf8, 0xee, 0xd7, 0xee, 0xd7, 0xee,
    0xf8, 0xee, 0xd7, 0xee, 0xf8, 0xee, 0xf8, 0xee, 0xd7, 0xee, 0xd7, 0xee, 0xd7, 0xee, 0xf8, 0xee,
    0xf8, 0xee, 0xf8, 0xee, 0xf8, 0xee, 0xf8, 0xee, 0xf8, 0xee, 0xd7, 0xee, 0xd7, 0xee, 0xf8, 0xee,
    0xf8, 0xee, 0xf8, 0xee, 0xf8, 0xee, 0xf8, 0xee, 0xf8, 0xee, 0xf8, 0xee, 0xd7, 0xee, 0xf8, 0xee,
    0xf8, 0xee, 0xf8, 0xee, 0xf8, 0xee, 0xf8, 0xee, 0xf8, 0xee, 0xf8, 0xee, 0xd7, 0xee, 0xf8, 0xee,
    0xd7, 0xee, 0xf8, 0xee, 0xf8, 0xee, 0xf8, 0xee, 0xf8, 0xee, 0xf8, 0xee, 0xd7, 0xee, 0xd7, 0xee,
    0xf8, 0xee, 0xd7, 0xee, 0xd7, 0xee, 0xf8, 0xee, 0xf8, 0xee, 0xd7, 0xee, 0xd7, 0xee, 0xf8, 0xee,
    0xd7, 0xee, 0xd7, 0xee, 0xf8, 0xee, 0xf8, 0xee, 0xd7, 0xee, 0xd7, 0xee, 0xd7, 0xee, 0xd7, 0xee,
    0xf8, 0xee, 0xf8, 0xee, 0xd7, 0xee, 0xf8, 0xee, 0xd7, 0xee, 0xd7, 0xee, 0xf8, 0xee, 0xf8, 0xee,
    0xf8, 0xee, 0xf8, 0xee, 0xf8, 0xee, 0xd7, 0xee, 0xd7, 0xee, 0xf8, 0xee, 0xf8, 0xee, 0xd7, 0xee,
    0xf8, 0xee, 0xf8, 0xee, 0xf8, 0xee, 0xf8, 0xee, 0xf8, 0xee, 0xf8, 0xee, 0xd7, 0xee, 0xd7, 0xee,
    0xd7, 0xee, 0xd7, 0xee, 0xd7, 0xee, 0xd7, 0xee, 0xd7, 0xee, 0xb6, 0xe6, 0xd7, 0xee, 0xd7, 0xee,
    0xd7, 0xee, 0xf8, 0xee, 0xd7, 0xee, 0xf8, 0xee, 0xf8, 0xee, 0xd7, 0xee, 0xd7, 0xee, 0xf8, 0xee,
    0xf8, 0xee, 0xf8, 0xee, 0xd7, 0xee, 0xf8, 0xee, 0xf8, 0xee, 0xf8, 0xee, 0xd7, 0xee, 0xd7, 0xee,
    0xd7, 0xee, 0xd7, 0xee, 0xd7, 0xee, 0xd7, 0xee, 0xd7, 0xee, 0xf8, 0xee, 0xd7, 0xee, 0xd7, 0xee,
    0xf8, 0xee, 0xf8, 0xee, 0xf8, 0xee, 0xf8, 0xee, 0xd7, 0xee, 0xd7, 0xee, 0xd7, 0xee, 0xf8, 0xee,
    0xf8, 0xee, 0xd7, 0xee, 0xd7, 0xee, 0xf8, 0xee, 0xf8, 0xee, 0xf8, 0xee, 0xf8, 0xee, 0xf8, 0xee,
    0xf8, 0xee, 0xf8, 0xee, 0xf8, 0xee, 0xf8, 0xee, 0xd7, 0xee, 0xd7, 0xee, 0xf8, 0xee, 0xd7, 0xee,
    0xf8, 0xee, 0xf8, 0xee, 0xf8, 0xee, 0xf8, 0xee, 0xf8, 0xee, 0xf8, 0xee, 0xf8, 0xee, 0xd7, 0xee,
    0xd7, 0xee, 0xf8, 0xee, 0xd7, 0xee, 0xf8, 0xee, 0xf8, 0xee, 0xf8, 0xee, 0xf8, 0xee, 0xf8, 0xee,
    0xf8, 0xee, 0xf8, 0xee, 0xd7, 0xee, 0xd7, 0xee, 0xf8, 0xee, 0xf8, 0xee, 0xf8, 0xee, 0xf8, 0xee,
    0xf8, 0xee, 0xf8, 0xee, 0xf8, 0xee, 0xd7, 0xee, 0xf8, 0xee, 0xf8, 0xee, 0xd7, 0xee, 0xf8, 0xee,
    0xf8, 0xee, 0xf8, 0xee, 0xf8, 0xee, 0xf8, 0xee, 0xf8, 0xee, 0xd7, 0xee, 0xd7, 0xee, 0xf8, 0xee,
    0xd7, 0xee, 0xf8, 0xee, 0xf8, 0xee, 0xf8, 0xee, 0xd7, 0xee, 0xf8, 0xee, 0xf8, 0xee, 0xf8, 0xee,
    0xf8, 0xee, 0xf8, 0xee, 0xf8, 0xee, 0xf8, 0xee, 0xf8, 0xee, 0xf8, 0xee, 0xd7, 0xee, 0xd7, 0xee,
    0xf8, 0xee, 0xd7, 0xee, 0xf8, 0xee, 0xf8, 0xee, 0xf8, 0xee, 0xf8, 0xee, 0xd7, 0xee, 0xd7, 0xee,
    0xf8, 0xee, 0xf8, 0xee, 0xf8, 0xee, 0xf8, 0xee, 0xf8, 0xee, 0xf8, 0xee, 0xf8, 0xee, 0xf8, 0xee,
    0xf8, 0xee, 0xf8, 0xee, 0xd7, 0xee, 0xf8, 0xee, 0xd7, 0xee, 0xf8, 0xee, 0xf8, 0xee, 0xf8, 0xee,
    0xd7, 0xee, 0xd7, 0xee, 0xd7, 0xee, 0xd7, 0xee, 0xd7, 0xee, 0xd7, 0xee, 0xd7, 0xee, 0xf8, 0xee,
    0xd7, 0xee, 0xd7, 0xee, 0xd7, 0xee, 0xf8, 0xee, 0xd7, 0xee, 0xd7, 0xee, 0xf8, 0xee, 0xd7, 0xee,
    0xd7, 0xee, 0xf8, 0xee, 0xf8, 0xee, 0xf8, 0xee, 0xd7, 0xee, 0xf8, 0xee, 0xd7, 0xee, 0xd7, 0xee,
    0xd7, 0xee, 0xd7, 0xee, 0xf8, 0xee, 0xf8, 0xee, 0xf8, 0xee, 0xd7, 0xee, 0xd7, 0xee, 0xd7, 0xee,
    0xf8, 0xee, 0xf8, 0xee, 0xd7, 0xee, 0xd7, 0xee, 0xf8, 0xee, 0xd7, 0xee, 0xd7, 0xee, 0xf8, 0xee,
    0xf8, 0xee, 0xf8, 0xee, 0xf8, 0xee, 0xf8, 0xee, 0xf8, 0xee, 0xf8, 0xee, 0xf8, 0xee, 0xf8, 0xee,
    0xd7, 0xee, 0xf8, 0xee, 0xf8, 0xee, 0xd7, 0xee, 0xf8, 0xee, 0xd7, 0xee, 0xd7, 0xee, 0xd7, 0xee,
    0xf8, 0xee, 0xf8, 0xee, 0xf8, 0xee, 0xf8, 0xee, 0xf8, 0xee, 0xf8, 0xee, 0xf8, 0xee, 0xd7, 0xee,
    0xd7, 0xee, 0xd7, 0xee, 0xd7, 0xee, 0xf8, 0xee, 0xf8, 0xee, 0xf8, 0xee, 0xd7, 0xee, 0xd7, 0xee,
    0xd7, 0xee, 0xd7, 0xee, 0xf8, 0xee, 0xf8, 0xee, 0xf8, 0xee, 0xf8, 0xee, 0xf8, 0xee, 0xf8, 0xee,
    0xf8, 0xee, 0xf8, 0xee, 0xf8, 0xee, 0xf8, 0xee, 0xd7, 0xee, 0xd7, 0xee, 0xd7, 0xee, 0xf8, 0xee,
    0xf8, 0xee, 0xf8, 0xee, 0xf8, 0xee, 0xd7, 0xee, 0xf8, 0xee, 0xf8, 0xee, 0xd7, 0xee, 0xd7, 0xee,
    0xf8, 0xee, 0xf8, 0xee, 0xf8, 0xee, 0xd7, 0xee, 0xb6, 0xee, 0xb6, 0xee, 0xb6, 0xe6, 0xd7, 0xee,
    0xd7, 0xee, 0xf8, 0xee, 0xf8, 0xee, 0xf8, 0xee, 0xd7, 0xee, 0xd7, 0xee, 0xf8, 0xee, 0xd7, 0xee,
    0xd7, 0xee, 0xd7, 0xee, 0xd7, 0xee, 0xf8, 0xee, 0xd7, 0xee, 0xf8, 0xee, 0xf8, 0xee, 0xd7, 0xee,
    0xf8, 0xee, 0xf8, 0xee, 0xd7, 0xee, 0xd7, 0xee, 0xf8, 0xee, 0xd7, 0xee, 0xf8, 0xee, 0xf8, 0xee,
    0xd7, 0xee, 0xd7, 0xee, 0xd7, 0xee, 0xd7, 0xee, 0xd7, 0xee, 0xf8, 0xee, 0xf8, 0xee, 0xd7, 0xee,
    0xf8, 0xee, 0xd7, 0xee, 0xf8, 0xee, 0xf8, 0xee, 0xf8, 0xee, 0xf8, 0xee, 0xf8, 0xee, 0xf8, 0xee,
    0xf8, 0xee, 0xd7, 0xee, 0xd7, 0xee, 0xd7, 0xee, 0xf8, 0xee, 0xf8, 0xee, 0xd7, 0xee, 0xf8, 0xee,
    0xf8, 0xee, 0xf8, 0xee, 0xf8, 0xee, 0xf8, 0xee, 0xf8, 0xee, 0xf8, 0xee, 0xf8, 0xee, 0xd7, 0xee,
    0xf8, 0xee, 0xf8, 0xee, 0xf8, 0xee, 0xf8, 0xee, 0xf8, 0xee, 0xf8, 0xee, 0xf8, 0xee, 0xd7, 0xee,
    0xf8, 0xee, 0xf8, 0xee, 0xf8, 0xee, 0xf8, 0xee, 0xf8, 0xee, 0xf8, 0xee, 0xf8, 0xee, 0xf8, 0xee,
    0xf8, 0xee, 0xf8, 0xee, 0xd7, 0xee, 0xf8, 0xee, 0xf8, 0xee, 0xf8, 0xee, 0xf8, 0xee, 0xf8, 0xee,
    0xf8, 0xee, 0xf8, 0xee, 0xd7, 0xee, 0xd7, 0xee, 0xf8, 0xee, 0xf8, 0xee, 0xf8, 0xee, 0xd7, 0xee,
    0xd7, 0xee, 0xf8, 0xee, 0xf8, 0xee, 0xf8, 0xee, 0xf8, 0xee, 0xf8, 0xee, 0xd7, 0xee, 0xd7, 0xee,
    0xd7, 0xee, 0xf8, 0xee, 0xf8, 0xee, 0xd7, 0xee, 0xf8, 0xee, 0xf8, 0xee, 0xf8, 0xee, 0xf8, 0xee,
    0xf8, 0xee, 0xf8, 0xee, 0xd7, 0xee, 0xf8, 0xee, 0xf8, 0xee, 0xf8, 0xee, 0xd7, 0xee, 0xf8, 0xee,
    0xf8, 0xee, 0xd7, 0xee, 0xf8, 0xee, 0xd7, 0xee, 0xf8, 0xee, 0xf8, 0xee, 0xf8, 0xee, 0xd7, 0xee,
    0xf8, 0xee, 0xf8, 0xee, 0xf8, 0xee, 0xf8, 0xee, 0xf8, 0xee, 0xf8, 0xee, 0xf8, 0xee, 0xf8, 0xee,
    0xf8, 0xee, 0xf8, 0xee, 0xd7, 0xee, 0xf8, 0xee, 0xf8, 0xee, 0xd7, 0xee, 0xf8, 0xee, 0xf8, 0xee,
    0xd7, 0xee, 0xf8, 0xee, 0xf8, 0xee, 0xf8, 0xee, 0xf8, 0xee, 0xd7, 0xee, 0xd7, 0xee, 0xd7, 0xee,
    0xd7, 0xee, 0xf8, 0xee, 0xf8, 0xee, 0xf8, 0xee, 0xd7, 0xee, 0xd7, 0xee, 0xf8, 0xee, 0xf8, 0xee,
    0xd7, 0xee, 0xd7, 0xee, 0xf8, 0xee, 0xf8, 0xee, 0xf8, 0xee, 0xf8, 0xee, 0xf8, 0xee, 0xd7, 0xee,
    0xd7, 0xee, 0xd7, 0xee, 0xf8, 0xee, 0xf8, 0xee, 0xf8, 0xee, 0xd7, 0xee, 0xd7, 0xee, 0xf8, 0xee,
    0xf8, 0xee, 0xd7, 0xee, 0xd7, 0xee, 0xf8, 0xee, 0xd7, 0xee, 0xd7, 0xee, 0xd7, 0xee, 0xf8, 0xee,
    0xf8, 0xee, 0xf8, 0xee, 0xf8, 0xee, 0xf8, 0xee, 0xf8, 0xee, 0xf8, 0xee, 0xd7, 0xee, 0xf8, 0xee,
    0xd7, 0xee, 0xf8, 0xee, 0xf8, 0xee, 0xf8, 0xee, 0xf8, 0xee, 0xd7, 0xee, 0xf8, 0xee, 0xd7, 0xee,
    0xf8, 0xee, 0xf8, 0xee, 0xd7, 0xee, 0xf8, 0xee, 0xf8, 0xee, 0xf8, 0xee, 0xf8, 0xee, 0xf8, 0xee,
    0xd7, 0xee, 0xd7, 0xee, 0xd7, 0xee, 0xd7, 0xee, 0xf8, 0xee, 0xf8, 0xee, 0xd7, 0xee, 0xd7, 0xee,
    0xd7, 0xee, 0xf8, 0xee, 0xd7, 0xee, 0xf8, 0xee, 0xf8, 0xee, 0xd7, 0xee, 0xf8, 0xee, 0xf8, 0xee,
    0xf8, 0xee, 0xf8, 0xee, 0xd7, 0xee, 0xd7, 0xee, 0xd7, 0xee, 0xd7, 0xee, 0xd7, 0xee, 0xd7, 0xee,
    0xd7, 0xee, 0xf8, 0xee, 0xd7, 0xee, 0xd7, 0xee, 0xd7, 0xee, 0xd7, 0xee, 0xf8, 0xee, 0xd7, 0xee,
    0xd7, 0xee, 0xd7, 0xee, 0xb6, 0xe6, 0xb6, 0xe6, 0xb6, 0xe6, 0xd7, 0xee, 0xd7, 0xee, 0xd7, 0xee,
    0xf8, 0xee, 0xf8, 0xee, 0xd7, 0xee, 0xf8, 0xee, 0xd7, 0xee, 0xd7, 0xee, 0xf8, 0xee, 0xd7, 0xee,
    0xd7, 0xee, 0xf8, 0xee, 0xd7, 0xee, 0xf8, 0xee, 0xf8, 0xee, 0xf8, 0xee, 0xf8, 0xee, 0xd7, 0xee,
    0xf8, 0xee, 0xf8, 0xee, 0xd7, 0xee, 0xf8, 0xee, 0xf8, 0xee, 0xf8, 0xee, 0xf8, 0xee, 0xd7, 0xee,
    0xd7, 0xee, 0xd7, 0xee, 0xf8, 0xee, 0xd7, 0xee, 0xd7, 0xee, 0xd7, 0xee, 0xf8, 0xee, 0xf8, 0xee,
    0xd7, 0xee, 0xd7, 0xee, 0xf8, 0xee, 0xf8, 0xee, 0xf8, 0xee, 0xf8, 0xee, 0xf8, 0xee, 0xf8, 0xee,
    0xd7, 0xee, 0xd7, 0xee, 0xd7, 0xee, 0xf8, 0xee, 0xd7, 0xee, 0xf8, 0xee, 0xf8, 0xee, 0xf8, 0xee,
    0xf8, 0xee, 0xf8, 0xee, 0xd7, 0xee, 0xd7, 0xee, 0xf8, 0xee, 0xf8, 0xee, 0xf8, 0xee, 0xf8, 0xee,
    0xf8, 0xee, 0xf8, 0xee, 0xf8, 0xee, 0xf8, 0xee, 0xf8, 0xee, 0xf8, 0xee, 0xd7, 0xee, 0xf8, 0xee,
    0xf8, 0xee, 0xd7, 0xee, 0xf8, 0xee, 0xd7, 0xee, 0xf8, 0xee, 0xd7, 0xee, 0xd7, 0xee, 0xf8, 0xee,
    0xf8, 0xee, 0xd7, 0xee, 0xf8, 0xee, 0xf8, 0xee, 0xd7, 0xee, 0xf8, 0xee, 0xf8, 0xee, 0xf8, 0xee,
    0xf8, 0xee, 0xf8, 0xee, 0xf8, 0xee, 0xd7, 0xee, 0xf8, 0xee, 0xf8, 0xee, 0xf8, 0xee, 0xd7, 0xee,
    0xd7, 0xee, 0xf8, 0xee, 0xf8, 0xee, 0xf8, 0xee, 0xf8, 0xee, 0xd7, 0xee, 0xd7, 0xee, 0xf8, 0xee,
    0xf8, 0xee, 0xf8, 0xee, 0xf8, 0xee, 0xd7, 0xee, 0xf8, 0xee, 0xf8, 0xee, 0xf8, 0xee, 0xf8, 0xee,
    0xf8, 0xee, 0xf8, 0xee, 0xf8, 0xee, 0xf8, 0xee, 0xf8, 0xee, 0xf8, 0xee, 0xd7, 0xee, 0xf8, 0xee,
    0xd7, 0xee, 0xf8, 0xee, 0xd7, 0xee, 0xd7, 0xee, 0xf8, 0xee, 0xf8, 0xee, 0xf8, 0xee, 0xd7, 0xee,
    0xf8, 0xee, 0xf8, 0xee, 0xf8, 0xee, 0xf8, 0xee, 0xf8, 0xee, 0xf8, 0xee, 0xf8, 0xee, 0xf8, 0xee,
    0xf8, 0xee, 0xf8, 0xee, 0xf8, 0xee, 0xd7, 0xee, 0xf8, 0xee, 0xf8, 0xee, 0xd7, 0xee, 0xf8, 0xee,
    0xd7, 0xee, 0xd7, 0xee, 0xd7, 0xee, 0xf8, 0xee, 0xd7, 0xee, 0xd7, 0xee, 0xf8, 0xee, 0xf8, 0xee,
    0xd7, 0xee, 0xf8, 0xee, 0xf8, 0xee, 0xf8, 0xee, 0xd7, 0xee, 0xf8, 0xee, 0xf8, 0xee, 0xf8, 0xee,
    0xd7, 0xee, 0xd7, 0xee, 0xf8, 0xee, 0xf8, 0xee, 0xf8, 0xee, 0xf8, 0xee, 0xd7, 0xee, 0xd7, 0xee,
    0xd7, 0xee, 0xd7, 0xee, 0xd7, 0xee, 0xf8, 0xee, 0xf8, 0xee, 0xf8, 0xee, 0xd7, 0xee, 0xd7, 0xee,
    0xf8, 0xee, 0xf8, 0xee, 0xd7, 0xee, 0xf8, 0xee, 0xd7, 0xee, 0xd7, 0xee, 0xf8, 0xee, 0xf8, 0xee,
    0xf8, 0xee, 0xf8, 0xee, 0xf8, 0xee, 0xf8, 0xee, 0xf8, 0xee, 0xf8, 0xee, 0xd7, 0xee, 0xf8, 0xee,
    0xd7, 0xee, 0xd7, 0xee, 0xf8, 0xee, 0xf8, 0xee, 0xf8, 0xee, 0xd7, 0xee, 0xd7, 0xee, 0xd7, 0xee,
    0xd7, 0xee, 0xf8, 0xee, 0xf8, 0xee, 0xf8, 0xee, 0xf8, 0xee, 0xf8, 0xee, 0xf8, 0xee, 0xf8, 0xee,
    0xf8, 0xee, 0xd7, 0xee, 0xd7, 0xee, 0xd7, 0xee, 0xd7, 0xee, 0xd7, 0xee, 0xf8, 0xee, 0xd7, 0xee,
    0xf8, 0xee, 0xf8, 0xee, 0xf8, 0xee, 0xd7, 0xee, 0xf8, 0xee, 0xf8, 0xee, 0xf8, 0xee, 0xf8, 0xee,
    0xf8, 0xee, 0xf8, 0xee, 0xd7, 0xee, 0xd7, 0xee, 0xf8, 0xee, 0xf8, 0xee, 0xd7, 0xee, 0xd7, 0xee,
    0xd7, 0xee, 0xd7, 0xee, 0xf8, 0xee, 0xf8, 0xee, 0xd7, 0xee, 0xd7, 0xee, 0xd7, 0xee, 0xf8, 0xee,
    0xd7, 0xee, 0xb6, 0xe6, 0xd7, 0xee, 0xd7, 0xee, 0xd7, 0xee, 0xd7, 0xee, 0xd7, 0xee, 0xd7, 0xee,
    0xd7, 0xee, 0xf8, 0xee, 0xd7, 0xee, 0xd7, 0xee, 0xd7, 0xee, 0xd7, 0xee, 0xd7, 0xee, 0xd7, 0xee,
    0xd7, 0xee, 0xf8, 0xee, 0xf8, 0xee, 0xd7, 0xee, 0xf8, 0xee, 0xf8, 0xee, 0xf8, 0xee, 0xf8, 0xee,
    0xf8, 0xee, 0xf8, 0xee, 0xf8, 0xee, 0xf8, 0xee, 0xf8, 0xee, 0xf8, 0xee, 0xf8, 0xee, 0xd7, 0xee,
    0xd7, 0xee, 0xf8, 0xee, 0xf8, 0xee, 0xd7, 0xee, 0xf8, 0xee, 0xf8, 0xee, 0xd7, 0xee, 0xf8, 0xee,
    0xd7, 0xee, 0xd7, 0xee, 0xf8, 0xee, 0xf8, 0xee, 0xf8, 0xee, 0xf8, 0xee, 0xf8, 0xee, 0xf8, 0xee,
    0xd7, 0xee, 0xd7, 0xee, 0xd7, 0xee, 0xf8, 0xee, 0xd7, 0xee, 0xf8, 0xee, 0xf8, 0xee, 0xf8, 0xee,
    0xf8, 0xee, 0xf8, 0xee, 0xf8, 0xee, 0xf8, 0xee, 0xf8, 0xee, 0xf8, 0xee, 0xf8, 0xee, 0xf8, 0xee,
    0xf8, 0xee, 0xf8, 0xee, 0xf8, 0xee, 0xf8, 0xee, 0xf8, 0xee, 0xd7, 0xee, 0xd7, 0xee, 0xd7, 0xee,
    0xd7, 0xee, 0xd7, 0xee, 0xf8, 0xee, 0xf8, 0xee, 0xf8, 0xee, 0xf8, 0xee, 0xf8, 0xee, 0xf8, 0xee,
    0xd7, 0xee, 0xf8, 0xee, 0xd7, 0xee, 0xf8, 0xee, 0xf8, 0xee, 0xf8, 0xee, 0xf8, 0xee, 0xf8, 0xee,
    0xd7, 0xee, 0xf8, 0xee, 0xd7, 0xee, 0xf8, 0xee, 0xd7, 0xee, 0xf8, 0xee, 0xf8, 0xee, 0xf8, 0xee,
    0xd7, 0xee, 0xf8, 0xee, 0xf8, 0xee, 0xf8, 0xee, 0xf8, 0xee, 0xd7, 0xee, 0xd7, 0xee, 0xf8, 0xee,
    0xf8, 0xee, 0xf8, 0xee, 0xd7, 0xee, 0xd7, 0xee, 0xf8, 0xee, 0xd7, 0xee, 0xd7, 0xee, 0xd7, 0xee,
    0xf8, 0xee, 0xf8, 0xee, 0xf8, 0xee, 0xd7, 0xee, 0xd7, 0xee, 0xd7, 0xee, 0xd7, 0xee, 0xd7, 0xee,
    0xd7, 0xee, 0xf8, 0xee, 0xf8, 0xee, 0xd7, 0xee, 0xd7, 0xee, 0xf8, 0xee, 0xd7, 0xee, 0xd7, 0xee,
    0xd7, 0xee, 0xf8, 0xee, 0xf8, 0xee, 0xf8, 0xee, 0xf8, 0xee, 0xd7, 0xee, 0xf8, 0xee, 0xf8, 0xee,
    0xf8, 0xee, 0xf8, 0xee, 0xf8, 0xee, 0xf8, 0xee, 0xd7, 0xee, 0xd7, 0xee, 0xd7, 0xee, 0xf8, 0xee,
    0xf8, 0xee, 0xd7, 0xee, 0xd7, 0xee, 0xf8, 0xee, 0xf8, 0xee, 0xd7, 0xee, 0xf8, 0xee, 0xf8, 0xee,
    0xf8, 0xee, 0xf8, 0xee, 0xd7, 0xee, 0xf8, 0xee, 0xf8, 0xee, 0xf8, 0xee, 0xd7, 0xee, 0xf8, 0xee,
    0xf8, 0xee, 0xd7, 0xee, 0xd7, 0xee, 0xd7, 0xee, 0xd7, 0xee, 0xd7, 0xee, 0xf8, 0xee, 0xf8, 0xee,
    0xd7, 0xee, 0xd7, 0xee, 0xd7, 0xee, 0xf8, 0xee, 0xf8, 0xee, 0xf8, 0xee, 0xd7, 0xee, 0xd7, 0xee,
    0xf8, 0xee, 0xd7, 0xee, 0xd7, 0xee, 0xf8, 0xee, 0xf8, 0xee, 0xd7, 0xee, 0xf8, 0xee, 0xf8, 0xee,
    0xd7, 0xee, 0xd7, 0xee, 0xf8, 0xee, 0xf8, 0xee, 0xf8, 0xee, 0xf8, 0xee, 0xf8, 0xee, 0xf8, 0xee,
    0xf8, 0xee, 0xf8, 0xee, 0xf8, 0xee, 0xf8, 0xee, 0xd7, 0xee, 0xd7, 0xee, 0xd7, 0xee, 0xd7, 0xee,
    0xd7, 0xee, 0xf8, 0xee, 0xf8, 0xee, 0xd7, 0xee, 0xf8, 0xee, 0xf8, 0xee, 0xf8, 0xee, 0xd7, 0xee,
    0xd7, 0xee, 0xd7, 0xee, 0xd7, 0xee, 0xd7, 0xee, 0xd7, 0xee, 0xf8, 0xee, 0xf8, 0xee, 0xf8, 0xee,
    0xf8, 0xee, 0xd7, 0xee, 0xd7, 0xee, 0xd7, 0xee, 0xf8, 0xee, 0xf8, 0xee, 0xf8, 0xee, 0xd7, 0xee,
    0xf8, 0xee, 0xd7, 0xee, 0xf8, 0xee, 0xf8, 0xee, 0xf8, 0xee, 0xf8, 0xee, 0xd7, 0xee, 0xd7, 0xee,
    0xf8, 0xee, 0xd7, 0xee, 0xf8, 0xee, 0xf8, 0xee, 0xf8, 0xee, 0xd7, 0xee, 0xd7, 0xee, 0xd7, 0xee,
    0xd7, 0xee, 0xf8, 0xee, 0xd7, 0xee, 0xd7, 0xee, 0xf8, 0xee, 0xf8, 0xee, 0xf8, 0xee, 0xd7, 0xee,
    0xf8, 0xee, 0xd7, 0xee, 0xd7, 0xee, 0xd7, 0xee, 0xd7, 0xee, 0xd7, 0xee, 0xd7, 0xee, 0xd7, 0xee,
    0xd7, 0xee, 0xf8, 0xee, 0xd7, 0xee, 0xd7, 0xee, 0xf8, 0xee, 0xf8, 0xee, 0xf8, 0xee, 0xf8, 0xee,
    0xf8, 0xee, 0xf8, 0xee, 0xf8, 0xee, 0xf8, 0xee, 0xf8, 0xee, 0xf8, 0xee, 0xd7, 0xee, 0xf8, 0xee,
    0xf8, 0xee, 0xf8, 0xee, 0xf8, 0xee, 0xf8, 0xee, 0xd7, 0xee, 0xf8, 0xee, 0xf8, 0xee, 0xd7, 0xee,
    0xd7, 0xee, 0xd7, 0xee, 0xf8, 0xee, 0xf8, 0xee, 0xf8, 0xee, 0xd7, 0xee, 0xf8, 0xee, 0xf8, 0xee,
    0xf8, 0xee, 0xd7, 0xee, 0xd7, 0xee, 0xd7, 0xee, 0xf8, 0xee, 0xf8, 0xee, 0xf8, 0xee, 0xf8, 0xee,
    0xf8, 0xee, 0xf8, 0xee, 0xf8, 0xee, 0xd7, 0xee, 0xf8, 0xee, 0xf8, 0xee, 0xd7, 0xee, 0xf8, 0xee,
    0xf8, 0xee, 0xf8, 0xee, 0xf8, 0xee, 0xd7, 0xee, 0xf8, 0xee, 0xd7, 0xee, 0xd7, 0xee, 0xd7, 0xee,
    0xf8, 0xee, 0xd7, 0xee, 0xf8, 0xee, 0xf8, 0xee, 0xf8, 0xee, 0xf8, 0xee, 0xf8, 0xee, 0xf8, 0xee,
    0xf8, 0xee, 0xf8, 0xee, 0xf8, 0xee, 0xf8, 0xee, 0xf8, 0xee, 0xf8, 0xee, 0xf8, 0xee, 0xf8, 0xee,
    0xf8, 0xee, 0xf8, 0xee, 0xf8, 0xee, 0xf8, 0xee, 0xf8, 0xee, 0xf8, 0xee, 0xf8, 0xee, 0xf8, 0xee,
    0xd7, 0xee, 0xf8, 0xee, 0xf8, 0xee, 0xf8, 0xee, 0xd7, 0xee, 0xd7, 0xee, 0xd7, 0xee, 0xf8, 0xee,
    0xf8, 0xee, 0xf8, 0xee, 0xd7, 0xee, 0xd7, 0xee, 0xf8, 0xee, 0xf8, 0xee, 0xd7, 0xee, 0xd7, 0xee,
    0xd7, 0xee, 0xf8, 0xee, 0xd7, 0xee, 0xd7, 0xee, 0xd7, 0xee, 0xd7, 0xee, 0xd7, 0xee, 0xd7, 0xee,
    0xd7, 0xee, 0xd7, 0xee, 0xf8, 0xee, 0xf8, 0xee, 0xf8, 0xee, 0xf8, 0xee, 0xf8, 0xee, 0xf8, 0xee,
    0xd7, 0xee, 0xd7, 0xee, 0xf8, 0xee, 0xf8, 0xee, 0xd7, 0xee, 0xd7, 0xee, 0xf8, 0xee, 0xf8, 0xee,
    0xf8, 0xee, 0xd7, 0xee, 0xd7, 0xee, 0xf8, 0xee, 0xf8, 0xee, 0xf8, 0xee, 0xf8, 0xee, 0xd7, 0xee,
    0xd7, 0xee, 0xf8, 0xee, 0xf8, 0xee, 0xd7, 0xee, 0xf8, 0xee, 0xf8, 0xee, 0xf8, 0xee, 0xf8, 0xee,
    0xd7, 0xee, 0xd7, 0xee, 0xf8, 0xee, 0xd7, 0xee, 0xf8, 0xee, 0xf8, 0xee, 0xd7, 0xee, 0xd7, 0xee,
    0xf8, 0xee, 0xd7, 0xee, 0xd7, 0xee, 0xb6, 0xe6, 0xd7, 0xee, 0xf8, 0xee, 0xf8, 0xee, 0xf8, 0xee,
    0xf8, 0xee, 0xd7, 0xee, 0xd7, 0xee, 0xf8, 0xee, 0xf8, 0xee, 0xf8, 0xee, 0xd7, 0xee, 0xf8, 0xee,
    0xf8, 0xee, 0xd7, 0xee, 0xd7, 0xee, 0xf8, 0xee, 0xf8, 0xee, 0xd7, 0xee, 0xf8, 0xee, 0xf8, 0xee,
    0xf8, 0xee, 0xf8, 0xee, 0xf8, 0xee, 0xf8, 0xee, 0xf8, 0xee, 0xd7, 0xee, 0xd7, 0xee, 0xd7, 0xee,
    0xf8, 0xee, 0xf8, 0xee, 0xf8, 0xee, 0xf8, 0xee, 0xd7, 0xee, 0xd7, 0xee, 0xf8, 0xee, 0xd7, 0xee,
    0xf8, 0xee, 0xf8, 0xee, 0xf8, 0xee, 0xf8, 0xee, 0xf8, 0xee, 0xf8, 0xee, 0xd7, 0xee, 0xd7, 0xee,
    0xd7, 0xee, 0xf8, 0xee, 0xd7, 0xee, 0xd7, 0xee, 0xd7, 0xee, 0xf8, 0xee, 0xd7, 0xee, 0xd7, 0xee,
    0xd7, 0xee, 0xd7, 0xee, 0xd7, 0xee, 0xd7, 0xee, 0xd7, 0xee, 0xf8, 0xee, 0xf8, 0xee, 0xd7, 0xee,
    0xf8, 0xee, 0xd7, 0xee, 0xf8, 0xee, 0xd7, 0xee, 0xf8, 0xee, 0xf8, 0xee, 0xf8, 0xee, 0xd7, 0xee,
    0xd7, 0xee, 0xf8, 0xee, 0xf8, 0xee, 0xf8, 0xee, 0xd7, 0xee, 0x95, 0xe6, 0xd7, 0xee, 0xd7, 0xee,
    0xd7, 0xee, 0xf8, 0xee, 0xd7, 0xee, 0xf8, 0xee, 0xf8, 0xee, 0xd7, 0xee, 0xf8, 0xee, 0xd7, 0xee,
    0xd7, 0xee, 0xd7, 0xee, 0xd7, 0xee, 0xd7, 0xee, 0xd7, 0xee, 0xd7, 0xee, 0xd7, 0xee, 0xd7, 0xee,
    0xf8, 0xee, 0xd7, 0xee, 0xf8, 0xee, 0xf8, 0xee, 0xf8, 0xee, 0xf8, 0xee, 0xf8, 0xee, 0xf8, 0xee,
    0xf8, 0xee, 0xf8, 0xee, 0xf8, 0xee, 0xf8, 0xee, 0xf8, 0xee, 0xf8, 0xee, 0xf8, 0xee, 0xd7, 0xee,
    0xf8, 0xee, 0xd7, 0xee, 0xf8, 0xee, 0xf8, 0xee, 0xf8, 0xee, 0xf8, 0xee, 0xf8, 0xee, 0xf8, 0xee,
    0xf8, 0xee, 0xf8, 0xee, 0xf8, 0xee, 0xf8, 0xee, 0xf8, 0xee, 0xf8, 0xee, 0xf8, 0xee, 0xf8, 0xee,
    0xd7, 0xee, 0xf8, 0xee, 0xf8, 0xee, 0xd7, 0xee, 0xd7, 0xee, 0xd7, 0xee, 0xd7, 0xee, 0xf8, 0xee,
    0xf8, 0xee, 0xf8, 0xee, 0xd7, 0xee, 0xd7, 0xee, 0xd7, 0xee, 0xd7, 0xee, 0xd7, 0xee, 0xf8, 0xee,
    0xf8, 0xee, 0xd7, 0xee, 0xf8, 0xee, 0xf8, 0xee, 0xd7, 0xee, 0xd7, 0xee, 0xd7, 0xee, 0xf8, 0xee,
    0xd7, 0xee, 0xd7, 0xee, 0xf8, 0xee, 0xf8, 0xee, 0xf8, 0xee, 0xf8, 0xee, 0xf8, 0xee, 0xf8, 0xee,
    0xf8, 0xee, 0xf8, 0xee, 0xf8, 0xee, 0xf8, 0xee, 0xf8, 0xee, 0xf8, 0xee, 0xf8, 0xee, 0xf8, 0xee,
    0xf8, 0xee, 0xf8, 0xee, 0xf8, 0xee, 0xf8, 0xee, 0xf8, 0xee, 0xf8, 0xee, 0xf8, 0xee, 0xf8, 0xee,
    0xd7, 0xee, 0xf8, 0xee, 0xf8, 0xee, 0xf8, 0xee, 0xd7, 0xee, 0xd7, 0xee, 0xd7, 0xee, 0xd7, 0xee,
    0xf8, 0xee, 0xf8, 0xee, 0xd7, 0xee, 0xf8, 0xee, 0xf8, 0xee, 0xf8, 0xee, 0xd7, 0xee, 0xd7, 0xee,
    0xd7, 0xee, 0xf8, 0xee, 0xf8, 0xee, 0xd7, 0xee, 0xd7, 0xee, 0xd7, 0xee, 0xd7, 0xee, 0xd7, 0xee,
    0xd7, 0xee, 0xd7, 0xee, 0xf8, 0xee, 0xd7, 0xee, 0xf8, 0xee, 0xf8, 0xee, 0xf8, 0xee, 0xf8, 0xee,
    0xf8, 0xee, 0xd7, 0xee, 0xf8, 0xee, 0xd7, 0xee, 0xf8, 0xee, 0xd7, 0xee, 0xd7, 0xee, 0xd7, 0xee,
    0xf8, 0xee, 0xd7, 0xee, 0xd7, 0xee, 0xf8, 0xee, 0xf8, 0xee, 0xf8, 0xee, 0xd7, 0xee, 0xf8, 0xee,
    0xd7, 0xee, 0xd7, 0xee, 0xf8, 0xee, 0xd7, 0xee, 0xd7, 0xee, 0xf8, 0xee, 0xf8, 0xee, 0xf8, 0xee,
    0xd7, 0xee, 0xd7, 0xee, 0xd7, 0xee, 0xd7, 0xee, 0xf8, 0xee, 0xf8, 0xee, 0xd7, 0xee, 0xd7, 0xee,
    0xd7, 0xee, 0xd7, 0xee, 0xb6, 0xe6, 0xd7, 0xee, 0xd7, 0xee, 0xd7, 0xee, 0xf8, 0xee, 0xd7, 0xee,
    0xd7, 0xee, 0xd7, 0xee, 0xd7, 0xee, 0xf8, 0xee, 0xf8, 0xee, 0xf8, 0xee, 0xf8, 0xee, 0xf8, 0xee,
    0xf8, 0xee, 0xd7, 0xee, 0xd7, 0xee, 0xd7, 0xee, 0xd7, 0xee, 0xf8, 0xee, 0xf8, 0xee, 0xf8, 0xee,
    0xf8, 0xee, 0xd7, 0xee, 0xf8, 0xee, 0xf8, 0xee, 0xf8, 0xee, 0xf8, 0xee, 0xd7, 0xee, 0xd7, 0xee,
    0xd7, 0xee, 0xd7, 0xee, 0xf8, 0xee, 0xf8, 0xee, 0xf8, 0xee, 0xd7, 0xee, 0xf8, 0xee, 0xd7, 0xee,
    0xd7, 0xee, 0xf8, 0xee, 0xd7, 0xee, 0xf8, 0xee, 0xf8, 0xee, 0xd7, 0xee, 0xd7, 0xee, 0xd7, 0xee,
    0xf8, 0xee, 0xf8, 0xee, 0xf8, 0xee, 0xd7, 0xee, 0xd7, 0xee, 0xd7, 0xee, 0xf8, 0xee, 0xd7, 0xee,
    0xf8, 0xee, 0xf8, 0xee, 0xf8, 0xee, 0xd7, 0xee, 0xf8, 0xee, 0xf8, 0xee, 0xf8, 0xee, 0xf8, 0xee,
    0xf8, 0xee, 0xf8, 0xee, 0xf8, 0xee, 0xd7, 0xee, 0xf8, 0xee, 0xf8, 0xee, 0xf8, 0xee, 0xf8, 0xee,
    0xd7, 0xee, 0xf8, 0xee, 0xf8, 0xee, 0xf8, 0xee, 0xb6, 0xe6, 0x95, 0xe6, 0xb6, 0xe6, 0xf8, 0xee,
    0xd7, 0xee, 0xf8, 0xee, 0xf8, 0xee, 0xd7, 0xee, 0xd7, 0xee, 0xf8, 0xee, 0xd7, 0xee, 0xd7, 0xee,
    0xd7, 0xee, 0xd7, 0xee, 0xd7, 0xee, 0xd7, 0xee, 0xd7, 0xee, 0xd7, 0xee, 0xd7, 0xee, 0xd7, 0xee,
    0xd7, 0xee, 0xf8, 0xee, 0xd7, 0xee, 0xd7, 0xee, 0xf8, 0xee, 0xd7, 0xee, 0xf8, 0xee, 0xf8, 0xee,
    0xd7, 0xee, 0xf8, 0xee, 0xf8, 0xee, 0xf8, 0xee, 0xd7, 0xee, 0xf8, 0xee, 0xd7, 0xee, 0xf8, 0xee,
    0xf8, 0xee, 0xf8, 0xee, 0xf8, 0xee, 0xf8, 0xee, 0xf8, 0xee, 0xf8, 0xee, 0xf8, 0xee, 0xf8, 0xee,
    0xf8, 0xee, 0xf8, 0xee, 0xf8, 0xee, 0xf8, 0xee, 0xd7, 0xee, 0xd7, 0xee, 0xf8, 0xee, 0xd7, 0xee,
    0xd7, 0xee, 0xd7, 0xee, 0xf8, 0xee, 0xd7, 0xee, 0xd7, 0xee, 0xd7, 0xee, 0xd7, 0xee, 0xd7, 0xee,
    0xf8, 0xee, 0xf8, 0xee, 0xf8, 0xee, 0xf8, 0xee, 0xd7, 0xee, 0xd7, 0xee, 0xd7, 0xee, 0xf8, 0xee,
    0xf8, 0xee, 0xd7, 0xee, 0xd7, 0xee, 0xd7, 0xee, 0xf8, 0xee, 0xd7, 0xee, 0xd7, 0xee, 0xf8, 0xee,
    0xf8, 0xee, 0xf8, 0xee, 0xf8, 0xee, 0xf8, 0xee, 0xf8, 0xee, 0xf8, 0xee, 0xd7, 0xee, 0xf8, 0xee,
    0xf8, 0xee, 0xf8, 0xee, 0xf8, 0xee, 0xf8, 0xee, 0xf8, 0xee, 0xf8, 0xee, 0xf8, 0xee, 0xf8, 0xee,
    0xf8, 0xee, 0xf8, 0xee, 0xf8, 0xee, 0xf8, 0xee, 0xd7, 0xee, 0xf8, 0xee, 0xf8, 0xee, 0xf8, 0xee,
    0xf8, 0xee, 0xd7, 0xee, 0xf8, 0xee, 0xf8, 0xee, 0xd7, 0xee, 0xd7, 0xee, 0xf8, 0xee, 0xf8, 0xee,
    0xd7, 0xee, 0xd7, 0xee, 0xf8, 0xee, 0xf8, 0xee, 0xf8, 0xee, 0xf8, 0xee, 0xf8, 0xee, 0xf8, 0xee,
    0xd7, 0xee, 0xd7, 0xee, 0xd7, 0xee, 0xd7, 0xee, 0xd7, 0xee, 0xd7, 0xee, 0xd7, 0xee, 0xf8, 0xee,
    0xd7, 0xee, 0xf8, 0xee, 0xd7, 0xee, 0xf8, 0xee, 0xf8, 0xee, 0xf8, 0xee, 0xf8, 0xee, 0xf8, 0xee,
    0xf8, 0xee, 0xd7, 0xee, 0xd7, 0xee, 0xd7, 0xee, 0xd7, 0xee, 0xd7, 0xee, 0xd7, 0xee, 0xd7, 0xee,
    0xf8, 0xee, 0xd7, 0xee, 0xd7, 0xee, 0xf8, 0xee, 0xf8, 0xee, 0xf8, 0xee, 0xd7, 0xee, 0xd7, 0xee,
    0xf8, 0xee, 0xd7, 0xee, 0xf8, 0xee, 0xf8, 0xee, 0xd7, 0xee, 0xd7, 0xee, 0xd7, 0xee, 0xd7, 0xee,
    0xf8, 0xee, 0xd7, 0xee, 0xd7, 0xee, 0xd7, 0xee, 0xf8, 0xee, 0xf8, 0xee, 0xd7, 0xee, 0xb6, 0xee,
    0xd7, 0xee, 0xd7, 0xee, 0xd7, 0xee, 0xd7, 0xee, 0xd7, 0xee, 0xd7, 0xee, 0xd7, 0xee, 0xd7, 0xee,
    0xd7, 0xee, 0xd7, 0xee, 0xd7, 0xee, 0xd7, 0xee, 0xd7, 0xee, 0xf8, 0xee, 0xd7, 0xee, 0xf8, 0xee,
    0xf8, 0xee, 0xd7, 0xee, 0xf8, 0xee, 0xd7, 0xee, 0xf8, 0xee, 0xf8, 0xee, 0xf8, 0xee, 0xf8, 0xee,
    0xd7, 0xee, 0xd7, 0xee, 0xf8, 0xee, 0xf8, 0xee, 0xf8, 0xee, 0xf8, 0xee, 0xd7, 0xee, 0xd7, 0xee,
    0xf8, 0xee, 0xf8, 0xee, 0xf8, 0xee, 0xf8, 0xee, 0xd7, 0xee, 0xf8, 0xee, 0xd7, 0xee, 0xd7, 0xee,
    0xf8, 0xee, 0xf8, 0xee, 0xf8, 0xee, 0xd7, 0xee, 0xf8, 0xee, 0xf8, 0xee, 0xd7, 0xee, 0xd7, 0xee,
    0xf8, 0xee, 0xf8, 0xee, 0xf8, 0xee, 0xd7, 0xee, 0xd7, 0xee, 0xd7, 0xee, 0xd7, 0xee, 0xf8, 0xee,
    0xf8, 0xee, 0xf8, 0xee, 0xd7, 0xee, 0xd7, 0xee, 0xf8, 0xee, 0xf8, 0xee, 0xf8, 0xee, 0xf8, 0xee,
    0xf8, 0xee, 0xd7, 0xee, 0xf8, 0xee, 0xf8, 0xee, 0xf8, 0xee, 0xf8, 0xee, 0xf8, 0xee, 0xf8, 0xee,
    0xd7, 0xee, 0xf8, 0xee, 0xf8, 0xee, 0xf8, 0xee, 0xf8, 0xee, 0xd7, 0xee, 0xd7, 0xee, 0xf8, 0xee,
    0xf8, 0xee, 0xf8, 0xee, 0xf8, 0xee, 0xf8, 0xee, 0xd7, 0xee, 0xd7, 0xee, 0xd7, 0xee, 0xd7, 0xee,
    0xd7, 0xee, 0xf8, 0xee, 0xd7, 0xee, 0xd7, 0xee, 0xd7, 0xee, 0xd7, 0xee, 0xd7, 0xee, 0xd7, 0xee,
    0xd7, 0xee, 0xd7, 0xee, 0xf8, 0xee, 0xf8, 0xee, 0xf8, 0xee, 0xd7, 0xee, 0xf8, 0xee, 0xf8, 0xee,
    0xf8, 0xee, 0xf8, 0xee, 0xf8, 0xee, 0xf8, 0xee, 0xf8, 0xee, 0xf8, 0xee, 0xf8, 0xee, 0xf8, 0xee,
    0xf8, 0xee, 0xf8, 0xee, 0xd7, 0xee, 0xf8, 0xee, 0xf8, 0xee, 0xf8, 0xee, 0xf8, 0xee, 0xf8, 0xee,
    0xf8, 0xee, 0xf8, 0xee, 0xf8, 0xee, 0xd7, 0xee, 0xd7, 0xee, 0xf8, 0xee, 0xf8, 0xee, 0xf8, 0xee,
    0xd7, 0xee, 0xf8, 0xee, 0xf8, 0xee, 0xf8, 0xee, 0xd7, 0xee, 0xf8, 0xee, 0xf8, 0xee, 0xd7, 0xee,
    0xf8, 0xee, 0xf8, 0xee, 0xf8, 0xee, 0xf8, 0xee, 0xf8, 0xee, 0xd7, 0xee, 0xf8, 0xee, 0xf8, 0xee,
    0xf8, 0xee, 0xd7, 0xee, 0xd7, 0xee, 0xd7, 0xee, 0xf8, 0xee, 0xd7, 0xee, 0xf8, 0xee, 0xf8, 0xee,
    0xf8, 0xee, 0xf8, 0xee, 0xf8, 0xee, 0xf8, 0xee, 0xf8, 0xee, 0xf8, 0xee, 0xf8, 0xee, 0xf8, 0xee,
    0xf8, 0xee, 0xf8, 0xee, 0xf8, 0xee, 0xf8, 0xee, 0xf8, 0xee, 0xf8, 0xee, 0xf8, 0xee, 0xf8, 0xee,
    0xf8, 0xee, 0xf8, 0xee, 0xf8, 0xee, 0xf8, 0xee, 0xf8, 0xee, 0xd7, 0xee, 0xf8, 0xee, 0xd7, 0xee,
    0xd7, 0xee, 0xd7, 0xee, 0xd7, 0xee, 0xf8, 0xee, 0xd7, 0xee, 0xd7, 0xee, 0xd7, 0xee, 0xf8, 0xee,
    0xd7, 0xee, 0xd7, 0xee, 0xf8, 0xee, 0xf8, 0xee, 0xd7, 0xee, 0xf8, 0xee, 0xf8, 0xee, 0xf8, 0xee,
    0xf8, 0xee, 0xd7, 0xee, 0xd7, 0xee, 0xd7, 0xee, 0xd7, 0xee, 0xf8, 0xee, 0xd7, 0xee, 0xd7, 0xee,
    0xd7, 0xee, 0xf8, 0xee, 0xf8, 0xee, 0xf8, 0xee, 0xf8, 0xee, 0xf8, 0xee, 0xf8, 0xee, 0xf8, 0xee,
    0xf8, 0xee, 0xf8, 0xee, 0xd7, 0xee, 0xd7, 0xee, 0xd7, 0xee, 0xd7, 0xee, 0xd7, 0xee, 0xf8, 0xee,
    0xf8, 0xee, 0xd7, 0xee, 0xd7, 0xee, 0xd7, 0xee, 0xf8, 0xee, 0xd7, 0xee, 0xd7, 0xee, 0xf8, 0xee,
    0xd7, 0xee, 0xd7, 0xee, 0xd7, 0xee, 0xf8, 0xee, 0xf8, 0xee, 0xd7, 0xee, 0xf8, 0xee, 0xf8, 0xee,
    0xf8, 0xee, 0xf8, 0xee, 0xf8, 0xee, 0xf8, 0xee, 0xd7, 0xee, 0xb6, 0xe6, 0xb6, 0xee, 0xd7, 0xee,
    0xd7, 0xee, 0xd7, 0xee, 0xd7, 0xee, 0xd7, 0xee, 0xd7, 0xee, 0xd7, 0xee, 0xd7, 0xee, 0xf8, 0xee,
    0xf8, 0xee, 0xf8, 0xee, 0xd7, 0xee, 0xd7, 0xee, 0xd7, 0xee, 0xd7, 0xee, 0xf8, 0xee, 0xd7, 0xee,
    0xd7, 0xee, 0xd7, 0xee, 0xf8, 0xee, 0xf8, 0xee, 0xd7, 0xee, 0xf8, 0xee, 0xf8, 0xee, 0xf8, 0xee,
    0xf8, 0xee, 0xf8, 0xee, 0xf8, 0xee, 0xf8, 0xee, 0xd7, 0xee, 0xf8, 0xee, 0xf8, 0xee, 0xf8, 0xee,
    0xd7, 0xee, 0xf8, 0xee, 0xf8, 0xee, 0xd7, 0xee, 0xd7, 0xee, 0xd7, 0xee, 0xd7, 0xee, 0xd7, 0xee,
    0xf8, 0xee, 0xd7, 0xee, 0xf8, 0xee, 0xf8, 0xee, 0xf8, 0xee, 0xf8, 0xee, 0xd7, 0xee, 0xd7, 0xee,
    0xd7, 0xee, 0xf8, 0xee, 0xd7, 0xee, 0xd7, 0xee, 0xd7, 0xee, 0xb6, 0xe6, 0x95, 0xe6, 0xd7, 0xee,
    0xf8, 0xee, 0xf8, 0xee, 0xd7, 0xee, 0xd7, 0xee, 0xf8, 0xee, 0xf8, 0xee, 0xd7, 0xee, 0xd7, 0xee,
    0xf8, 0xee, 0xd7, 0xee, 0xd7, 0xee, 0xf8, 0xee, 0xf8, 0xee, 0xf8, 0xee, 0xf8, 0xee, 0xf8, 0xee,
    0xd7, 0xee, 0xd7, 0xee, 0xd7, 0xee, 0xd7, 0xee, 0xf8, 0xee, 0xf8, 0xee, 0xd7, 0xee, 0xd7, 0xee,
    0xf8, 0xee, 0xf8, 0xee, 0xd7, 0xee, 0xd7, 0xee, 0xd7, 0xee, 0xd7, 0xee, 0xd7, 0xee, 0xd7, 0xee,
    0xd7, 0xee, 0xd7, 0xee, 0xf8, 0xee, 0xf8, 0xee, 0xf8, 0xee, 0xd7, 0xee, 0xd7, 0xee, 0xd7, 0xee,
    0xd7, 0xee, 0xd7, 0xee, 0xf8, 0xee, 0xf8, 0xee, 0xf8, 0xee, 0xf8, 0xee, 0xf8, 0xee, 0xf8, 0xee,
    0xd7, 0xee, 0xf8, 0xee, 0xf8, 0xee, 0xf8, 0xee, 0xf8, 0xee, 0xf8, 0xee, 0xd7, 0xee, 0xd7, 0xee,
    0xf8, 0xee, 0xf8, 0xee, 0xf8, 0xee, 0xf8, 0xee, 0xf8, 0xee, 0xf8, 0xee, 0xf8, 0xee, 0xf8, 0xee,
    0xf8, 0xee, 0xf8, 0xee, 0xf8, 0xee, 0xf8, 0xee, 0xf8, 0xee, 0xf8, 0xee, 0xf8, 0xee, 0xf8, 0xee,
    0xd7, 0xee, 0xf8, 0xee, 0xf8, 0xee, 0xf8, 0xee, 0xf8, 0xee, 0xf8, 0xee, 0xf8, 0xee, 0xf8, 0xee,
    0xf8, 0xee, 0xf8, 0xee, 0xd7, 0xee, 0xf8, 0xee, 0xf8, 0xee, 0xf8, 0xee, 0xd7, 0xee, 0xd7, 0xee,
    0xd7, 0xee, 0xd7, 0xee, 0xd7, 0xee, 0xd7, 0xee, 0xf8, 0xee, 0xf8, 0xee, 0xd7, 0xee, 0xd7, 0xee,
    0xd7, 0xee, 0xf8, 0xee, 0xf8, 0xee, 0xf8, 0xee, 0xf8, 0xee, 0xf8, 0xee, 0xf8, 0xee, 0xf8, 0xee,
    0xf8, 0xee, 0xf8, 0xee, 0xf8, 0xee, 0xf8, 0xee, 0xf8, 0xee, 0xf8, 0xee, 0xf8, 0xee, 0xf8, 0xee,
    0xf8, 0xee, 0xf8, 0xee, 0xf8, 0xee, 0xf8, 0xee, 0xf8, 0xee, 0xf8, 0xee, 0xf8, 0xee, 0xd7, 0xee,
    0xd7, 0xee, 0xd7, 0xee, 0xd7, 0xee, 0xf8, 0xee, 0xd7, 0xee, 0xd7, 0xee, 0xf8, 0xee, 0xf8, 0xee,
    0xf8, 0xee, 0xf8, 0xee, 0xf8, 0xee, 0xd7, 0xee, 0xd7, 0xee, 0xf8, 0xee, 0xf8, 0xee, 0xf8, 0xee,
    0xf8, 0xee, 0xf8, 0xee, 0xf8, 0xee, 0xd7, 0xee, 0xf8, 0xee, 0xd7, 0xee, 0xd7, 0xee, 0xf8, 0xee,
    0xf8, 0xee, 0xf8, 0xee, 0xf8, 0xee, 0xd7, 0xee, 0xf8, 0xee, 0xf8, 0xee, 0xd7, 0xee, 0xf8, 0xee,
    0xf8, 0xee, 0xf8, 0xee, 0xd7, 0xee, 0x95, 0xe6, 0xd7, 0xee, 0xf8, 0xee, 0xd7, 0xee, 0xf8, 0xee,
    0xf8, 0xee, 0xf8, 0xee, 0xf8, 0xee, 0xf8, 0xee, 0xf8, 0xee, 0xf8, 0xee, 0xf8, 0xee, 0xf8, 0xee,
    0xd7, 0xee, 0xd7, 0xee, 0xd7, 0xee, 0xf8, 0xee, 0xf8, 0xee, 0xf8, 0xee, 0xf8, 0xee, 0xf8, 0xee,
    0xf8, 0xee, 0xf8, 0xee, 0xf8, 0xee, 0xd7, 0xee, 0xd7, 0xee, 0xd7, 0xee, 0xd7, 0xee, 0xf8, 0xee,
    0xd7, 0xee, 0xd7, 0xee, 0xf8, 0xee, 0xd7, 0xee, 0xd7, 0xee, 0xd7, 0xee, 0xd7, 0xee, 0xf8, 0xee,
    0xf8, 0xee, 0xf8, 0xee, 0xf8, 0xee, 0xf8, 0xee, 0xd7, 0xee, 0xd7, 0xee, 0xd7, 0xee, 0xd7, 0xee,
    0xf8, 0xee, 0xf8, 0xee, 0xf8, 0xee, 0xf8, 0xee, 0xf8, 0xee, 0xf8, 0xee, 0xd7, 0xee, 0xf8, 0xee,
    0xf8, 0xee, 0xf8, 0xee, 0xf8, 0xee, 0xf8, 0xee, 0xf8, 0xee, 0xf8, 0xee, 0xf8, 0xee, 0xd7, 0xee,
    0xd7, 0xee, 0xf8, 0xee, 0xf8, 0xee, 0xd7, 0xee, 0xf8, 0xee, 0xf8, 0xee, 0xd7, 0xee, 0xd7, 0xee,
    0xf8, 0xee, 0xd7, 0xee, 0xf8, 0xee, 0xf8, 0xee, 0xf8, 0xee, 0xf8, 0xee, 0xd7, 0xee, 0xf8, 0xee,
    0xf8, 0xee, 0xf8, 0xee, 0xd7, 0xee, 0xb6, 0xee, 0xd7, 0xee, 0x95, 0xe6, 0x95, 0xe6, 0x95, 0xe6,
    0xd7, 0xee, 0xd7, 0xee, 0xd7, 0xee, 0xf8, 0xee, 0xf8, 0xee, 0xf8, 0xee, 0xd7, 0xee, 0xf8, 0xee,
    0xf8, 0xee, 0xf8, 0xee, 0xf8, 0xee, 0xf8, 0xee, 0xf8, 0xee, 0xf8, 0xee, 0xf8, 0xee, 0xd7, 0xee,
    0xd7, 0xee, 0xf8, 0xee, 0xd7, 0xee, 0xd7, 0xee, 0xf8, 0xee, 0xd7, 0xee, 0xf8, 0xee, 0xf8, 0xee,
    0xf8, 0xee, 0xf8, 0xee, 0xf8, 0xee, 0xd7, 0xee, 0xd7, 0xee, 0xd7, 0xee, 0xf8, 0xee, 0xd7, 0xee,
    0xd7, 0xee, 0xf8, 0xee, 0xd7, 0xee, 0xd7, 0xee, 0xd7, 0xee, 0xd7, 0xee, 0xd7, 0xee, 0xd7, 0xee,
    0xd7, 0xee, 0xf8, 0xee, 0xf8, 0xee, 0xd7, 0xee, 0xf8, 0xee, 0xf8, 0xee, 0xf8, 0xee, 0xf8, 0xee,
    0xf8, 0xee, 0xd7, 0xee, 0xf8, 0xee, 0xf8, 0xee, 0xf8, 0xee, 0xf8, 0xee, 0xf8, 0xee, 0xf8, 0xee,
    0xf8, 0xee, 0xf8, 0xee, 0xf8, 0xee, 0xf8, 0xee, 0xf8, 0xee, 0xf8, 0xee, 0xf8, 0xee, 0xf8, 0xee,
    0xf8, 0xee, 0xf8, 0xee, 0xd7, 0xee, 0xf8, 0xee, 0xf8, 0xee, 0xd7, 0xee, 0xf8, 0xee, 0xf8, 0xee,
    0xd7, 0xee, 0xd7, 0xee, 0xd7, 0xee, 0xf8, 0xee, 0xf8, 0xee, 0xd7, 0xee, 0xf8, 0xee, 0xf8, 0xee,
    0xf8, 0xee, 0xf8, 0xee, 0xf8, 0xee, 0xd7, 0xee, 0xf8, 0xee, 0xf8, 0xee, 0xd7, 0xee, 0xd7, 0xee,
    0xf8, 0xee, 0xd7, 0xee, 0xd7, 0xee, 0xf8, 0xee, 0xd7, 0xee, 0xf8, 0xee, 0xf8, 0xee, 0xf8, 0xee,
    0xf8, 0xee, 0xf8, 0xee, 0xd7, 0xee, 0xf8, 0xee, 0xf8, 0xee, 0xf8, 0xee, 0xd7, 0xee, 0xf8, 0xee,
    0xf8, 0xee, 0xf8, 0xee, 0xf8, 0xee, 0xf8, 0xee, 0xf8, 0xee, 0xf8, 0xee, 0xf8, 0xee, 0xf8, 0xee,
    0xf8, 0xee, 0xf8, 0xee, 0xf8, 0xee, 0xf8, 0xee, 0xf8, 0xee, 0xf8, 0xee, 0xd7, 0xee, 0xf8, 0xee,
    0xd7, 0xee, 0xd7, 0xee, 0xd7, 0xee, 0xd7, 0xee, 0xd7, 0xee, 0xf8, 0xee, 0xf8, 0xee, 0xd7, 0xee,
    0xd7, 0xee, 0xf8, 0xee, 0xf8, 0xee, 0xf8, 0xee, 0xf8, 0xee, 0xf8, 0xee, 0xf8, 0xee, 0xf8, 0xee,
    0xf8, 0xee, 0xf8, 0xee, 0xf8, 0xee, 0xd7, 0xee, 0xd7, 0xee, 0xf8, 0xee, 0xf8, 0xee, 0xd7, 0xee,
    0xf8, 0xee, 0xf8, 0xee, 0xf8, 0xee, 0xf8, 0xee, 0xf8, 0xee, 0xf8, 0xee, 0xf8, 0xee, 0xf8, 0xee,
    0xf8, 0xee, 0xd7, 0xee, 0xf8, 0xee, 0x95, 0xe6, 0xb6, 0xe6, 0xf8, 0xee, 0xf8, 0xee, 0xd7, 0xee,
    0xd7, 0xee, 0xd7, 0xee, 0xf8, 0xee, 0xf8, 0xee, 0xf8, 0xee, 0xf8, 0xee, 0xd7, 0xee, 0xf8, 0xee,
    0xd7, 0xee, 0xd7, 0xee, 0xd7, 0xee, 0xf8, 0xee, 0xf8, 0xee, 0xf8, 0xee, 0xf8, 0xee, 0xf8, 0xee,
    0xf8, 0xee, 0xd7, 0xee, 0xf8, 0xee, 0xf8, 0xee, 0xf8, 0xee, 0xd7, 0xee, 0xd7, 0xee, 0xf8, 0xee,
    0xd7, 0xee, 0xd7, 0xee, 0xf8, 0xee, 0xd7, 0xee, 0xd7, 0xee, 0xd7, 0xee, 0xf8, 0xee, 0xd7, 0xee,
    0xd7, 0xee, 0xf8, 0xee, 0xf8, 0xee, 0xf8, 0xee, 0xd7, 0xee, 0xd7, 0xee, 0xd7, 0xee, 0xd7, 0xee,
    0xf8, 0xee, 0xf8, 0xee, 0xf8, 0xee, 0xf8, 0xee, 0xf8, 0xee, 0xf8, 0xee, 0xf8, 0xee, 0xf8, 0xee,
    0xf8, 0xee, 0xd7, 0xee, 0xf8, 0xee, 0xf8, 0xee, 0xd7, 0xee, 0xf8, 0xee, 0xf8, 0xee, 0xf8, 0xee,
    0xf8, 0xee, 0xf8, 0xee, 0xd7, 0xee, 0xd7, 0xee, 0xd7, 0xee, 0xf8, 0xee, 0xf8, 0xee, 0xd7, 0xee,
    0xf8, 0xee, 0xf8, 0xee, 0xd7, 0xee, 0xd7, 0xee, 0xf8, 0xee, 0xf8, 0xee, 0xf8, 0xee, 0xf8, 0xee,
    0xf8, 0xee, 0xd7, 0xee, 0xd7, 0xee, 0xd7, 0xee, 0xd7, 0xee, 0xd7, 0xee, 0xd7, 0xee, 0xd7, 0xee,
    0xd7, 0xee, 0xd7, 0xee, 0xd7, 0xee, 0xf8, 0xee, 0xf8, 0xee, 0xf8, 0xee, 0xf8, 0xee, 0xd7, 0xee,
    0xd7, 0xee, 0xf8, 0xee, 0xf8, 0xee, 0xf8, 0xee, 0xd7, 0xee, 0xf8, 0xee, 0xf8, 0xee, 0xf8, 0xee,
    0xf8, 0xee, 0xd7, 0xee, 0xf8, 0xee, 0xd7, 0xee, 0xd7, 0xee, 0xf8, 0xee, 0xd7, 0xee, 0xd7, 0xee,
    0xf8, 0xee, 0xf8, 0xee, 0xd7, 0xee, 0xd7, 0xee, 0xd7, 0xee, 0xd7, 0xee, 0xf8, 0xee, 0xd7, 0xee,
    0xd7, 0xee, 0xf8, 0xee, 0xd7, 0xee, 0xd7, 0xee, 0xd7, 0xee, 0xd7, 0xee, 0xd7, 0xee, 0xd7, 0xee,
    0xf8, 0xee, 0xd7, 0xee, 0xf8, 0xee, 0xf8, 0xee, 0xf8, 0xee, 0xf8, 0xee, 0xf8, 0xee, 0xf8, 0xee,
    0xf8, 0xee, 0xf8, 0xee, 0xf8, 0xee, 0xf8, 0xee, 0xf8, 0xee, 0xf8, 0xee, 0xf8, 0xee, 0xf8, 0xee,
    0xf8, 0xee, 0xf8, 0xee, 0xf8, 0xee, 0xf8, 0xee, 0xf8, 0xee, 0xf8, 0xee, 0xf8, 0xee, 0xf8, 0xee,
    0xf8, 0xee, 0xf8, 0xee, 0xf8, 0xee, 0xf8, 0xee, 0xd7, 0xee, 0xf8, 0xee, 0xf8, 0xee, 0xd7, 0xee,
    0xf8, 0xee, 0xd7, 0xee, 0xd7, 0xee, 0xf8, 0xee, 0xf8, 0xee, 0xf8, 0xee, 0xd7, 0xee, 0xf8, 0xee,
    0xf8, 0xee, 0xd7, 0xee, 0xd7, 0xee, 0xf8, 0xee, 0xf8, 0xee, 0xd7, 0xee, 0xf8, 0xee, 0xf8, 0xee,
    0xf8, 0xee, 0xd7, 0xee, 0xf8, 0xee, 0xd7, 0xee, 0xd7, 0xee, 0xf8, 0xee, 0xf8, 0xee, 0xf8, 0xee,
    0xf8, 0xee, 0xf8, 0xee, 0xf8, 0xee, 0xd7, 0xee, 0xf8, 0xee, 0xf8, 0xee, 0xf8, 0xee, 0xd7, 0xee,
    0xf8, 0xee, 0xf8, 0xee, 0xf8, 0xee, 0xf8, 0xee, 0xf8, 0xee, 0xf8, 0xee, 0xd7, 0xee, 0xf8, 0xee,
    0xf8, 0xee, 0xf8, 0xee, 0xf8, 0xee, 0xf8, 0xee, 0xf8, 0xee, 0xf8, 0xee, 0xf8, 0xee, 0xf8, 0xee,
    0xf8, 0xee, 0xf8, 0xee, 0xd7, 0xee, 0xd7, 0xee, 0xd7, 0xee, 0xf8, 0xee, 0xf8, 0xee, 0xf8, 0xee,
    0xd7, 0xee, 0xd7, 0xee, 0xd7, 0xee, 0xf8, 0xee, 0xf8, 0xee, 0xf8, 0xee, 0xf8, 0xee, 0xf8, 0xee,
    0xd7, 0xee, 0xf8, 0xee, 0xf8, 0xee, 0xf8, 0xee, 0xf8, 0xee, 0xf8, 0xee, 0xf8, 0xee, 0xf8, 0xee,
    0xd7, 0xee, 0xf8, 0xee, 0xf8, 0xee, 0xf8, 0xee, 0xf8, 0xee, 0xf8, 0xee, 0xf8, 0xee, 0xf8, 0xee,
    0xf8, 0xee, 0xf8, 0xee, 0xf8, 0xee, 0xd7, 0xee, 0xd7, 0xee, 0xd7, 0xee, 0xf8, 0xee, 0xf8, 0xee,
    0xf8, 0xee, 0xd7, 0xee, 0xd7, 0xee, 0xf8, 0xee, 0xf8, 0xee, 0xd7, 0xee, 0xd7, 0xee, 0xd7, 0xee,
    0xf8, 0xee, 0xf8, 0xee, 0xd7, 0xee, 0xf8, 0xee, 0xf8, 0xee, 0xf8, 0xee, 0xf8, 0xee, 0xf8, 0xee,
    0xf8, 0xee, 0xf8, 0xee, 0xf8, 0xee, 0xd7, 0xee, 0xd7, 0xee, 0xf8, 0xee, 0xd7, 0xee, 0xf8, 0xee,
    0xf8, 0xee, 0xd7, 0xee, 0xd7, 0xee, 0xd7, 0xee, 0xf8, 0xee, 0xf8, 0xee, 0xf8, 0xee, 0xf8, 0xee,
    0xf8, 0xee, 0xf8, 0xee, 0xf8, 0xee, 0xf8, 0xee, 0xd7, 0xee, 0xd7, 0xee, 0xd7, 0xee, 0xd7, 0xee,
    0xf8, 0xee, 0xf8, 0xee, 0xf8, 0xee, 0xf8, 0xee, 0xf8, 0xee, 0xf8, 0xee, 0xf8, 0xee, 0xf8, 0xee,
    0xf8, 0xee, 0xf8, 0xee, 0xf8, 0xee, 0xf8, 0xee, 0xf8, 0xee, 0xf8, 0xee, 0xf8, 0xee, 0xf8, 0xee,
    0xf8, 0xee, 0xd7, 0xee, 0xf8, 0xee, 0xd7, 0xee, 0xd7, 0xee, 0xd7, 0xee, 0xf8, 0xee, 0xf8, 0xee,
    0xd7, 0xee, 0xf8, 0xee, 0xf8, 0xee, 0xd7, 0xee, 0xd7, 0xee, 0xf8, 0xee, 0xf8, 0xee, 0xf8, 0xee,
    0xf8, 0xee, 0xd7, 0xee, 0xd7, 0xee, 0xd7, 0xee, 0xf8, 0xee, 0xd7, 0xee, 0xd7, 0xee, 0xd7, 0xee,
    0xd7, 0xee, 0xd7, 0xee, 0xf8, 0xee, 0xf8, 0xee, 0xf8, 0xee, 0xf8, 0xee, 0xf8, 0xee, 0xd7, 0xee,
    0xd7, 0xee, 0xf8, 0xee, 0xf8, 0xee, 0xf8, 0xee, 0xd7, 0xee, 0xf8, 0xee, 0xf8, 0xee, 0xf8, 0xee,
    0xf8, 0xee, 0xf8, 0xee, 0xd7, 0xee, 0xd7, 0xee, 0xf8, 0xee, 0xf8, 0xee, 0xf8, 0xee, 0xd7, 0xee,
    0xf8, 0xee, 0xf8, 0xee, 0xd7, 0xee, 0xf8, 0xee, 0xd7, 0xee, 0xf8, 0xee, 0xf8, 0xee, 0xd7, 0xee,
    0xf8, 0xee, 0xf8, 0xee, 0xd7, 0xee, 0xd7, 0xee, 0xd7, 0xee, 0xf8, 0xee, 0xf8, 0xee, 0xf8, 0xee,
    0xf8, 0xee, 0xd7, 0xee, 0xd7, 0xee, 0xf8, 0xee, 0xf8, 0xee, 0xf8, 0xee, 0xf8, 0xee, 0xf8, 0xee,
    0xf8, 0xee, 0xf8, 0xee, 0xf8, 0xee, 0xf8, 0xee, 0xf8, 0xee, 0xf8, 0xee, 0xf8, 0xee, 0xf8, 0xee,
    0xf8, 0xee, 0xf8, 0xee, 0xf8, 0xee, 0xf8, 0xee, 0xf8, 0xee, 0xf8, 0xee, 0xd7, 0xee, 0xf8, 0xee,
    0xf8, 0xee, 0xf8, 0xee, 0xf8, 0xee, 0xf8, 0xee, 0xf8, 0xee, 0xf8, 0xee, 0xf8, 0xee, 0xf8, 0xee,
    0xf8, 0xee, 0xd7, 0xee, 0xf8, 0xee, 0xf8, 0xee, 0xf8, 0xee, 0xd7, 0xee, 0xd7, 0xee, 0xf8, 0xee,
    0xf8, 0xee, 0xd7, 0xee, 0xd7, 0xee, 0xf8, 0xee, 0xf8, 0xee, 0xf8, 0xee, 0xf8, 0xee, 0xf8, 0xee,
    0xd7, 0xee, 0xd7, 0xee, 0xf8, 0xee, 0xf8, 0xee, 0xd7, 0xee, 0xf8, 0xee, 0xf8, 0xee, 0xf8, 0xee,
    0xf8, 0xee, 0xf8, 0xee, 0xf8, 0xee, 0xd7, 0xee, 0xd7, 0xee, 0xf8, 0xee, 0xd7, 0xee, 0xf8, 0xee,
    0xf8, 0xee, 0xf8, 0xee, 0xf8, 0xee, 0xf8, 0xee, 0xf8, 0xee, 0xf8, 0xee, 0xf8, 0xee, 0xf8, 0xee,
    0xf8, 0xee, 0xf8, 0xee, 0xf8, 0xee, 0xf8, 0xee, 0xf8, 0xee, 0xf8, 0xee, 0xf8, 0xee, 0xf8, 0xee,
    0xf8, 0xee, 0xf8, 0xee, 0xd7, 0xee, 0xd7, 0xee, 0xf8, 0xee, 0xf8, 0xee, 0xd7, 0xee, 0xf8, 0xee,
    0xf8, 0xee, 0xd7, 0xee, 0xf8, 0xee, 0xd7, 0xee, 0xf8, 0xee, 0xf8, 0xee, 0xf8, 0xee, 0xf8, 0xee,
    0xd7, 0xee, 0xf8, 0xee, 0xf8, 0xee, 0xf8, 0xee, 0xd7, 0xee, 0xd7, 0xee, 0xf8, 0xee, 0xf8, 0xee,
    0xf8, 0xee, 0xf8, 0xee, 0xd7, 0xee, 0xd7, 0xee, 0xd7, 0xee, 0xd7, 0xee, 0xf8, 0xee, 0xd7, 0xee,
    0xf8, 0xee, 0xf8, 0xee, 0xf8, 0xee, 0xd7, 0xee, 0xf8, 0xee, 0xd7, 0xee, 0xd7, 0xee, 0xf8, 0xee,
    0xd7, 0xee, 0xd7, 0xee, 0xd7, 0xee, 0xf8, 0xee, 0xf8, 0xee, 0xd7, 0xee, 0xd7, 0xee, 0xd7, 0xee,
    0xd7, 0xee, 0xf8, 0xee, 0xd7, 0xee, 0xd7, 0xee, 0xf8, 0xee, 0xf8, 0xee, 0xf8, 0xee, 0xf8, 0xee,
    0xd7, 0xee, 0xf8, 0xee, 0xf8, 0xee, 0xf8, 0xee, 0xf8, 0xee, 0xf8, 0xee, 0xf8, 0xee, 0xf8, 0xee,
    0xf8, 0xee, 0xd7, 0xee, 0xb6, 0xe6, 0xd7, 0xee, 0xf8, 0xee, 0xf8, 0xee, 0xf8, 0xee, 0xf8, 0xee,
    0xf8, 0xee, 0xf8, 0xee, 0xf8, 0xee, 0xf8, 0xee, 0xf8, 0xee, 0xd7, 0xee, 0xd7, 0xee, 0xf8, 0xee,
    0xd7, 0xee, 0xf8, 0xee, 0xf8, 0xee, 0xf8, 0xee, 0xf8, 0xee, 0xf8, 0xee, 0xf8, 0xee, 0xf8, 0xee,
    0xf8, 0xee, 0xf8, 0xee, 0xf8, 0xee, 0xf8, 0xee, 0xd7, 0xee, 0xd7, 0xee, 0xf8, 0xee, 0xf8, 0xee,
    0xf8, 0xee, 0xd7, 0xee, 0xd7, 0xee, 0xf8, 0xee, 0xf8, 0xee, 0xd7, 0xee, 0xd7, 0xee, 0xf8, 0xee,
    0xd7, 0xee, 0xf8, 0xee, 0xd7, 0xee, 0xf8, 0xee, 0xf8, 0xee, 0xf8, 0xee, 0xd7, 0xee, 0xd7, 0xee,
    0xd7, 0xee, 0xd7, 0xee, 0xd7, 0xee, 0xd7, 0xee, 0xd7, 0xee, 0xd7, 0xee, 0xd7, 0xee, 0xd7, 0xee,
    0xd7, 0xee, 0xd7, 0xee, 0xf8, 0xee, 0xd7, 0xee, 0xf8, 0xee, 0xf8, 0xee, 0xd7, 0xee, 0xf8, 0xee,
    0xf8, 0xee, 0xf8, 0xee, 0xf8, 0xee, 0xd7, 0xee, 0xf8, 0xee, 0xf8, 0xee, 0xf8, 0xee, 0xf8, 0xee,
    0xf8, 0xee, 0xf8, 0xee, 0xd7, 0xee, 0xd7, 0xee, 0xf8, 0xee, 0xf8, 0xee, 0xd7, 0xee, 0xd7, 0xee,
    0xf8, 0xee, 0xf8, 0xee, 0xd7, 0xee, 0xf8, 0xee, 0xd7, 0xee, 0xd7, 0xee, 0xf8, 0xee, 0xf8, 0xee,
    0xf8, 0xee, 0xf8, 0xee, 0xf8, 0xee, 0xf8, 0xee, 0xf8, 0xee, 0xf8, 0xee, 0xf8, 0xee, 0xf8, 0xee,
    0xd7, 0xee, 0xd7, 0xee, 0xd7, 0xee, 0xd7, 0xee, 0xf8, 0xee, 0xf8, 0xee, 0xf8, 0xee, 0xf8, 0xee,
    0xf8, 0xee, 0xf8, 0xee, 0xf8, 0xee, 0xd7, 0xee, 0xd7, 0xee, 0xf8, 0xee, 0xf8, 0xee, 0xf8, 0xee,
    0xf8, 0xee, 0xf8, 0xee, 0xf8, 0xee, 0xf8, 0xee, 0xf8, 0xee, 0xf8, 0xee, 0xd7, 0xee, 0xf8, 0xee,
    0xf8, 0xee, 0xd7, 0xee, 0xf8, 0xee, 0xf8, 0xee, 0xf8, 0xee, 0xf8, 0xee, 0xf8, 0xee, 0xf8, 0xee,
    0xf8, 0xee, 0xd7, 0xee, 0xd7, 0xee, 0xf8, 0xee, 0xf8, 0xee, 0xd7, 0xee, 0xf8, 0xee, 0xf8, 0xee,
    0xf8, 0xee, 0xf8, 0xee, 0xd7, 0xee, 0xd7, 0xee, 0xd7, 0xee, 0xf8, 0xee, 0xf8, 0xee, 0xd7, 0xee,
    0xd7, 0xee, 0xf8, 0xee, 0xf8, 0xee, 0xf8, 0xee, 0xd7, 0xee, 0xf8, 0xee, 0xf8, 0xee, 0xf8, 0xee,
    0xf8, 0xee, 0xf8, 0xee, 0xf8, 0xee, 0xd7, 0xee, 0xf8, 0xee, 0xf8, 0xee, 0xf8, 0xee, 0xf8, 0xee,
    0xf8, 0xee, 0xf8, 0xee, 0xf8, 0xee, 0xf8, 0xee, 0xf8, 0xee, 0xf8, 0xee, 0xf8, 0xee, 0xf8, 0xee,
    0xf8, 0xee, 0xf8, 0xee, 0xf8, 0xee, 0xf8, 0xee, 0xf8, 0xee, 0xf8, 0xee, 0xd7, 0xee, 0xd7, 0xee,
    0xd7, 0xee, 0xf8, 0xee, 0xf8, 0xee, 0xd7, 0xee, 0xf8, 0xee, 0xf8, 0xee, 0xf8, 0xee, 0xd7, 0xee,
    0xf8, 0xee, 0xf8, 0xee, 0xf8, 0xee, 0xf8, 0xee, 0xf8, 0xee, 0xf8, 0xee, 0xf8, 0xee, 0xf8, 0xee,
    0xf8, 0xee, 0xf8, 0xee, 0xf8, 0xee, 0xf8, 0xee, 0xf8, 0xee, 0xd7, 0xee, 0xf8, 0xee, 0xd7, 0xee,
    0xd7, 0xee, 0xd7, 0xee, 0xf8, 0xee, 0xd7, 0xee, 0xf8, 0xee, 0xf8, 0xee, 0xf8, 0xee, 0xd7, 0xee,
    0xd7, 0xee, 0xd7, 0xee, 0xd7, 0xee, 0xd7, 0xee, 0xf8, 0xee, 0xf8, 0xee, 0xd7, 0xee, 0xf8, 0xee,
    0xf8, 0xee, 0xd7, 0xee, 0xd7, 0xee, 0xf8, 0xee, 0xf8, 0xee, 0xf8, 0xee, 0xf8, 0xee, 0xd7, 0xee,
    0xd7, 0xee, 0xf8, 0xee, 0xf8, 0xee, 0xf8, 0xee, 0xf8, 0xee, 0xf8, 0xee, 0xf8, 0xee, 0xf8, 0xee,
    0xd7, 0xee, 0xf8, 0xee, 0xf8, 0xee, 0xf8, 0xee, 0xf8, 0xee, 0xf8, 0xee, 0xf8, 0xee, 0xf8, 0xee,
    0xf8, 0xee, 0xd7, 0xee, 0xb6, 0xee, 0xd7, 0xee, 0xf8, 0xee, 0xd7, 0xee, 0xf8, 0xee, 0xf8, 0xee,
    0xf8, 0xee, 0xf8, 0xee, 0xf8, 0xee, 0xf8, 0xee, 0xf8, 0xee, 0xf8, 0xee, 0xd7, 0xee, 0xf8, 0xee,
    0xd7, 0xee, 0xf8, 0xee, 0xd7, 0xee, 0xd7, 0xee, 0xf8, 0xee, 0xf8, 0xee, 0xf8, 0xee, 0xf8, 0xee,
    0xf8, 0xee, 0xf8, 0xee, 0xf8, 0xee, 0xf8, 0xee, 0xf8, 0xee, 0xd7, 0xee, 0xf8, 0xee, 0xf8, 0xee,
    0xf8, 0xee, 0xf8, 0xee, 0xf8, 0xee, 0xf8, 0xee, 0xf8, 0xee, 0xf8, 0xee, 0xd7, 0xee, 0xf8, 0xee,
    0xd7, 0xee, 0xf8, 0xee, 0xd7, 0xee, 0xf8, 0xee, 0xf8, 0xee, 0xd7, 0xee, 0xd7, 0xee, 0xd7, 0xee,
    0xd7, 0xee, 0xd7, 0xee, 0xd7, 0xee, 0xd7, 0xee, 0xd7, 0xee, 0xd7, 0xee, 0xd7, 0xee, 0xf8, 0xee,
    0xd7, 0xee, 0xd7, 0xee, 0xf8, 0xee, 0xd7, 0xee, 0xd7, 0xee, 0xd7, 0xee, 0xd7, 0xee, 0xf8, 0xee,
    0xf8, 0xee, 0xf8, 0xee, 0xf8, 0xee, 0xd7, 0xee, 0xd7, 0xee, 0xd7, 0xee, 0xd7, 0xee, 0xf8, 0xee,
    0xf8, 0xee, 0xf8, 0xee, 0xf8, 0xee, 0xf8, 0xee, 0xf8, 0xee, 0xd7, 0xee, 0xf8, 0xee, 0xd7, 0xee,
    0xf8, 0xee, 0xd7, 0xee, 0xd7, 0xee, 0xd7, 0xee, 0xf8, 0xee, 0xf8, 0xee, 0xf8, 0xee, 0xf8, 0xee,
    0xf8, 0xee, 0xf8, 0xee, 0xd7, 0xee, 0xf8, 0xee, 0xd7, 0xee, 0xf8, 0xee, 0xf8, 0xee, 0xd7, 0xee,
    0xd7, 0xee, 0xd7, 0xee, 0xf8, 0xee, 0xd7, 0xee, 0xd7, 0xee, 0xf8, 0xee, 0xf8, 0xee, 0xf8, 0xee,
    0xf8, 0xee, 0xf8, 0xee, 0xf8, 0xee, 0xf8, 0xee, 0xd7, 0xee, 0xf8, 0xee, 0xf8, 0xee, 0xf8, 0xee,
    0xf8, 0xee, 0xf8, 0xee, 0xf8, 0xee, 0xd7, 0xee, 0xd7, 0xee, 0xf8, 0xee, 0xf8, 0xee, 0xd7, 0xee,
    0xd7, 0xee, 0xf8, 0xee, 0xd7, 0xee, 0xf8, 0xee, 0xf8, 0xee, 0xf8, 0xee, 0xd7, 0xee, 0xf8, 0xee,
    0xf8, 0xee, 0xd7, 0xee, 0xf8, 0xee, 0xf8, 0xee, 0xd7, 0xee, 0xd7, 0xee, 0xd7, 0xee, 0xf8, 0xee,
    0xf8, 0xee, 0xf8, 0xee, 0xf8, 0xee, 0xd7, 0xee, 0xd7, 0xee, 0xb6, 0xe6, 0xd7, 0xee, 0xd7, 0xee,
    0xf8, 0xee, 0xf8, 0xee, 0xf8, 0xee, 0xf8, 0xee, 0xf8, 0xee, 0xf8, 0xee, 0xf8, 0xee, 0xf8, 0xee,
    0xf8, 0xee, 0xf8, 0xee, 0xf8, 0xee, 0xf8, 0xee, 0xf8, 0xee, 0xf8, 0xee, 0xf8, 0xee, 0xf8, 0xee,
    0xf8, 0xee, 0xf8, 0xee, 0xf8, 0xee, 0xf8, 0xee, 0xf8, 0xee, 0xf8, 0xee, 0xf8, 0xee, 0xf8, 0xee,
    0xf8, 0xee, 0xf8, 0xee, 0xf8, 0xee, 0xf8, 0xee, 0xf8, 0xee, 0xf8, 0xee, 0xf8, 0xee, 0xf8, 0xee,
    0xd7, 0xee, 0xd7, 0xee, 0xd7, 0xee, 0xf8, 0xee, 0xd7, 0xee, 0xd7, 0xee, 0xf8, 0xee, 0xd7, 0xee,
    0xf8, 0xee, 0xf8, 0xee, 0xf8, 0xee, 0xf8, 0xee, 0xf8, 0xee, 0xd7, 0xee, 0xf8, 0xee, 0xd7, 0xee,
    0xf8, 0xee, 0xf8, 0xee, 0xf8, 0xee, 0xf8, 0xee, 0xf8, 0xee, 0xf8, 0xee, 0xf8, 0xee, 0xf8, 0xee,
    0xf8, 0xee, 0xf8, 0xee, 0xf8, 0xee, 0xf8, 0xee, 0xf8, 0xee, 0xf8, 0xee, 0xf8, 0xee, 0xf8, 0xee,
    0xd7, 0xee, 0xd7, 0xee, 0xd7, 0xee, 0xf8, 0xee, 0xf8, 0xee, 0xf8, 0xee, 0xd7, 0xee, 0xf8, 0xee,
    0xd7, 0xee, 0xd7, 0xee, 0xf8, 0xee, 0xf8, 0xee, 0xf8, 0xee, 0xf8, 0xee, 0xf8, 0xee, 0xd7, 0xee,
    0xd7, 0xee, 0xf8, 0xee, 0xf8, 0xee, 0xd7, 0xee, 0xd7, 0xee, 0xf8, 0xee, 0xd7, 0xee, 0xd7, 0xee,
    0xf8, 0xee, 0xd7, 0xee, 0xf8, 0xee, 0xd7, 0xee, 0xd7, 0xee, 0xf8, 0xee, 0xf8, 0xee, 0xf8, 0xee,
    0xd7, 0xee, 0xd7, 0xee, 0xd7, 0xee, 0xd7, 0xee, 0xd7, 0xee, 0xf8, 0xee, 0xf8, 0xee, 0xf8, 0xee,
    0xf8, 0xee, 0xf8, 0xee, 0xf8, 0xee, 0xf8, 0xee, 0xf8, 0xee, 0xd7, 0xee, 0xd7, 0xee, 0xf8, 0xee,
    0xf8, 0xee, 0xf8, 0xee, 0xd7, 0xee, 0xd7, 0xee, 0xf8, 0xee, 0xf8, 0xee, 0xf8, 0xee, 0xf8, 0xee,
    0xf8, 0xee, 0xf8, 0xee, 0xd7, 0xee, 0xf8, 0xee, 0xf8, 0xee, 0xf8, 0xee, 0xf8, 0xee, 0xf8, 0xee,
    0xf8, 0xee, 0xd7, 0xee, 0xf8, 0xee, 0xf8, 0xee, 0xf8, 0xee, 0xf8, 0xee, 0xd7, 0xee, 0xd7, 0xee,
    0xd7, 0xee, 0xf8, 0xee, 0xd7, 0xee, 0xf8, 0xee, 0xd7, 0xee, 0xd7, 0xee, 0xd7, 0xee, 0xd7, 0xee,
    0xd7, 0xee, 0xd7, 0xee, 0xd7, 0xee, 0xd7, 0xee, 0xd7, 0xee, 0xd7, 0xee, 0xd7, 0xee, 0xf8, 0xee,
    0xd7, 0xee, 0xd7, 0xee, 0xd7, 0xee, 0xd7, 0xee, 0xd7, 0xee, 0xd7, 0xee, 0xf8, 0xee, 0xd7, 0xee,
    0xd7, 0xee, 0xf8, 0xee, 0xf8, 0xee, 0xf8, 0xee, 0xd7, 0xee, 0xd7, 0xee, 0xf8, 0xee, 0xf8, 0xee,
    0xf8, 0xee, 0xf8, 0xee, 0xf8, 0xee, 0xd7, 0xee, 0xd7, 0xee, 0xd7, 0xee, 0xf8, 0xee, 0xd7, 0xee,
    0xd7, 0xee, 0xd7, 0xee, 0xd7, 0xee, 0xd7, 0xee, 0xf8, 0xee, 0xf8, 0xee, 0xf8, 0xee, 0xf8, 0xee,
    0xf8, 0xee, 0xf8, 0xee, 0xf8, 0xee, 0xf8, 0xee, 0xf8, 0xee, 0xf8, 0xee, 0xf8, 0xee, 0xf8, 0xee,
    0xf8, 0xee, 0xf8, 0xee, 0xd7, 0xee, 0xd7, 0xee, 0xf8, 0xee, 0xf8, 0xee, 0xf8, 0xee, 0xf8, 0xee,
    0xf8, 0xee, 0xf8, 0xee, 0xf8, 0xee, 0xd7, 0xee, 0xf8, 0xee, 0xf8, 0xee, 0xf8, 0xee, 0xf8, 0xee,
    0xf8, 0xee, 0xf8, 0xee, 0xf8, 0xee, 0xf8, 0xee, 0xf8, 0xee, 0xf8, 0xee, 0xf8, 0xee, 0xd7, 0xee,
    0xf8, 0xee, 0xf8, 0xee, 0xf8, 0xee, 0xd7, 0xee, 0xf8, 0xee, 0xf8, 0xee, 0xd7, 0xee, 0xf8, 0xee,
    0xf8, 0xee, 0xd7, 0xee, 0xf8, 0xee, 0xd7, 0xee, 0xd7, 0xee, 0xf8, 0xee, 0xf8, 0xee, 0xf8, 0xee,
    0xf8, 0xee, 0xf8, 0xee, 0xd7, 0xee, 0xd7, 0xee, 0xb6, 0xe6, 0x95, 0xe6, 0xd7, 0xee, 0xd7, 0xee,
    0xf8, 0xee, 0xd7, 0xee, 0xd7, 0xee, 0xf8, 0xee, 0xf8, 0xee, 0xd7, 0xee, 0xf8, 0xee, 0xf8, 0xee,
    0xf8, 0xee, 0xf8, 0xee, 0xf8, 0xee, 0xd7, 0xee, 0xf8, 0xee, 0xf8, 0xee, 0xd7, 0xee, 0xf8, 0xee,
    0xf8, 0xee, 0xf8, 0xee, 0xf8, 0xee, 0xf8, 0xee, 0xf8, 0xee, 0xd7, 0xee, 0xd7, 0xee, 0xd7, 0xee,
    0xf8, 0xee, 0xf8, 0xee, 0xd7, 0xee, 0xf8, 0xee, 0xf8, 0xee, 0xf8, 0xee, 0xf8, 0xee, 0xf8, 0xee,
    0xf8, 0xee, 0xd7, 0xee, 0xf8, 0xee, 0xf8, 0xee, 0xd7, 0xee, 0xd7, 0xee, 0xd7, 0xee, 0xf8, 0xee,
    0xf8, 0xee, 0xf8, 0xee, 0xf8, 0xee, 0xf8, 0xee, 0xf8, 0xee, 0xd7, 0xee, 0xf8, 0xee, 0xf8, 0xee,
    0xd7, 0xee, 0xd7, 0xee, 0xf8, 0xee, 0xf8, 0xee, 0xf8, 0xee, 0xf8, 0xee, 0xd7, 0xee, 0xd7, 0xee,
    0xf8, 0xee, 0xf8, 0xee, 0xf8, 0xee, 0xf8, 0xee, 0xf8, 0xee, 0xd7, 0xee, 0xd7, 0xee, 0xd7, 0xee,
    0xd7, 0xee, 0xf8, 0xee, 0xf8, 0xee, 0xf8, 0xee, 0xf8, 0xee, 0xf8, 0xee, 0xd7, 0xee, 0xf8, 0xee,
    0xf8, 0xee, 0xf8, 0xee, 0xf8, 0xee, 0xf8, 0xee, 0xf8, 0xee, 0xf8, 0xee, 0xf8, 0xee, 0xd7, 0xee,
    0xd7, 0xee, 0xf8, 0xee, 0xf8, 0xee, 0xd7, 0xee, 0xd7, 0xee, 0xd7, 0xee, 0xd7, 0xee, 0xd7, 0xee,
    0xd7, 0xee, 0xd7, 0xee, 0xf8, 0xee, 0xd7, 0xee, 0xd7, 0xee, 0xd7, 0xee, 0xf8, 0xee, 0xf8, 0xee,
    0xf8, 0xee, 0xf8, 0xee, 0xd7, 0xee, 0xd7, 0xee, 0xd7, 0xee, 0xd7, 0xee, 0xf8, 0xee, 0xf8, 0xee,
    0xf8, 0xee, 0xf8, 0xee, 0xf8, 0xee, 0xf8, 0xee, 0xf8, 0xee, 0xf8, 0xee, 0xd7, 0xee, 0xd7, 0xee,
    0xf8, 0xee, 0xf8, 0xee, 0xd7, 0xee, 0xf8, 0xee, 0xf8, 0xee, 0xf8, 0xee, 0xf8, 0xee, 0xf8, 0xee,
    0xf8, 0xee, 0xf8, 0xee, 0xf8, 0xee, 0xf8, 0xee, 0xf8, 0xee, 0xf8, 0xee, 0xd7, 0xee, 0xf8, 0xee,
    0xf8, 0xee, 0xd7, 0xee, 0xf8, 0xee, 0xf8, 0xee, 0xf8, 0xee, 0xf8, 0xee, 0xd7, 0xee, 0xf8, 0xee,
    0xd7, 0xee, 0xf8, 0xee, 0xf8, 0xee, 0xf8, 0xee, 0xf8, 0xee, 0xf8, 0xee, 0xd7, 0xee, 0xf8, 0xee,
    0xd7, 0xee, 0xd7, 0xee, 0xf8, 0xee, 0xd7, 0xee, 0xd7, 0xee, 0xf8, 0xee, 0xf8, 0xee, 0xf8, 0xee,
    0xd7, 0xee, 0xd7, 0xee, 0xd7, 0xee, 0xd7, 0xee, 0xd7, 0xee, 0xd7, 0xee, 0xd7, 0xee, 0xf8, 0xee,
    0xf8, 0xee, 0xd7, 0xee, 0xd7, 0xee, 0xd7, 0xee, 0xd7, 0xee, 0xd7, 0xee, 0xf8, 0xee, 0xf8, 0xee,
    0xf8, 0xee, 0xf8, 0xee, 0xd7, 0xee, 0xf8, 0xee, 0xd7, 0xee, 0xd7, 0xee, 0xf8, 0xee, 0xd7, 0xee,
    0xd7, 0xee, 0xd7, 0xee, 0xd7, 0xee, 0xf8, 0xee, 0xf8, 0xee, 0xf8, 0xee, 0xf8, 0xee, 0xf8, 0xee,
    0xd7, 0xee, 0xd7, 0xee, 0xf8, 0xee, 0xf8, 0xee, 0xd7, 0xee, 0xd7, 0xee, 0xf8, 0xee, 0xf8, 0xee,
    0xd7, 0xee, 0xd7, 0xee, 0xd7, 0xee, 0xd7, 0xee, 0xd7, 0xee, 0xf8, 0xee, 0xf8, 0xee, 0xf8, 0xee,
    0xf8, 0xee, 0xf8, 0xee, 0xf8, 0xee, 0xd7, 0xee, 0xf8, 0xee, 0xf8, 0xee, 0xf8, 0xee, 0xf8, 0xee,
    0xf8, 0xee, 0xf8, 0xee, 0xf8, 0xee, 0xd7, 0xee, 0xd7, 0xee, 0xf8, 0xee, 0xf8, 0xee, 0xf8, 0xee,
    0xf8, 0xee, 0xf8, 0xee, 0xf8, 0xee, 0xf8, 0xee, 0xf8, 0xee, 0xf8, 0xee, 0xf8, 0xee, 0xf8, 0xee,
    0xd7, 0xee, 0xd7, 0xee, 0xd7, 0xee, 0xd7, 0xee, 0xf8, 0xee, 0xf8, 0xee, 0xf8, 0xee, 0xd7, 0xee,
    0xf8, 0xee, 0xf8, 0xee, 0xf8, 0xee, 0xf8, 0xee, 0xd7, 0xee, 0xb6, 0xe6, 0xf8, 0xee, 0xd7, 0xee,
    0xd7, 0xee, 0xd7, 0xee, 0xd7, 0xee, 0xf8, 0xee, 0xd7, 0xee, 0xd7, 0xee, 0xf8, 0xee, 0xf8, 0xee,
    0xf8, 0xee, 0xf8, 0xee, 0xf8, 0xee, 0xf8, 0xee, 0xf8, 0xee, 0xf8, 0xee, 0xd7, 0xee, 0xf8, 0xee,
    0xf8, 0xee, 0xf8, 0xee, 0xf8, 0xee, 0xf8, 0xee, 0xd7, 0xee, 0xd7, 0xee, 0xf8, 0xee, 0xf8, 0xee,
    0xf8, 0xee, 0xf8, 0xee, 0xf8, 0xee, 0xd7, 0xee, 0xf8, 0xee, 0xf8, 0xee, 0xf8, 0xee, 0xf8, 0xee,
    0xf8, 0xee, 0xf8, 0xee, 0xf8, 0xee, 0xf8, 0xee, 0xd7, 0xee, 0xd7, 0xee, 0xd7, 0xee, 0xf8, 0xee,
    0xf8, 0xee, 0xf8, 0xee, 0xf8, 0xee, 0xf8, 0xee, 0xf8, 0xee, 0xf8, 0xee, 0xf8, 0xee, 0xf8, 0xee,
    0xf8, 0xee, 0xd7, 0xee, 0xd7, 0xee, 0xf8, 0xee, 0xf8, 0xee, 0xf8, 0xee, 0xf8, 0xee, 0xf8, 0xee,
    0xd7, 0xee, 0xf8, 0xee, 0xd7, 0xee, 0xf8, 0xee, 0xf8, 0xee, 0xd7, 0xee, 0xd7, 0xee, 0xf8, 0xee,
    0xf8, 0xee, 0xf8, 0xee, 0xf8, 0xee, 0xf8, 0xee, 0xd7, 0xee, 0xf8, 0xee, 0xf8, 0xee, 0xf8, 0xee,
    0xf8, 0xee, 0xd7, 0xee, 0xf8, 0xee, 0xf8, 0xee, 0xd7, 0xee, 0xf8, 0xee, 0xf8, 0xee, 0xd7, 0xee,
    0xd7, 0xee, 0xf8, 0xee, 0xf8, 0xee, 0xf8, 0xee, 0xd7, 0xee, 0xf8, 0xee, 0xf8, 0xee, 0xd7, 0xee,
    0xf8, 0xee, 0xd7, 0xee, 0xf8, 0xee, 0xf8, 0xee, 0xd7, 0xee, 0xd7, 0xee, 0xf8, 0xee, 0xf8, 0xee,
    0xf8, 0xee, 0xf8, 0xee, 0xd7, 0xee, 0xd7, 0xee, 0xd7, 0xee, 0xf8, 0xee, 0xd7, 0xee, 0xf8, 0xee,
    0xd7, 0xee, 0xd7, 0xee, 0xd7, 0xee, 0xd7, 0xee, 0xf8, 0xee, 0xd7, 0xee, 0xd7, 0xee, 0xf8, 0xee,
    0xf8, 0xee, 0xf8, 0xee, 0xd7, 0xee, 0xf8, 0xee, 0xf8, 0xee, 0xf8, 0xee, 0xf8, 0xee, 0xf8, 0xee,
    0xf8, 0xee, 0xf8, 0xee, 0xf8, 0xee, 0xf8, 0xee, 0xf8, 0xee, 0xd7, 0xee, 0xd7, 0xee, 0xf8, 0xee,
    0xf8, 0xee, 0xf8, 0xee, 0xf8, 0xee, 0xf8, 0xee, 0xf8, 0xee, 0xf8, 0xee, 0xf8, 0xee, 0xd7, 0xee,
    0xd7, 0xee, 0xd7, 0xee, 0xd7, 0xee, 0xd7, 0xee, 0xf8, 0xee, 0xd7, 0xee, 0xf8, 0xee, 0xf8, 0xee,
    0xf8, 0xee, 0xd7, 0xee, 0xd7, 0xee, 0xf8, 0xee, 0xd7, 0xee, 0xd7, 0xee, 0xf8, 0xee, 0xd7, 0xee,
    0xd7, 0xee, 0xd7, 0xee, 0xd7, 0xee, 0xd7, 0xee, 0xd7, 0xee, 0xd7, 0xee, 0xd7, 0xee, 0xd7, 0xee,
    0xd7, 0xee, 0xd7, 0xee, 0xf8, 0xee, 0xd7, 0xee, 0xd7, 0xee, 0xd7, 0xee, 0xf8, 0xee, 0xf8, 0xee,
    0xd7, 0xee, 0xd7, 0xee, 0xf8, 0xee, 0xd7, 0xee, 0xd7, 0xee, 0xf8, 0xee, 0xd7, 0xee, 0xd7, 0xee,
    0xd7, 0xee, 0xd7, 0xee, 0xd7, 0xee, 0xf8, 0xee, 0xf8, 0xee, 0xd7, 0xee, 0xd7, 0xee, 0xf8, 0xee,
    0xd7, 0xee, 0xd7, 0xee, 0xf8, 0xee, 0xf8, 0xee, 0xf8, 0xee, 0xf8, 0xee, 0xf8, 0xee, 0xd7, 0xee,
    0xf8, 0xee, 0xf8, 0xee, 0xd7, 0xee, 0xd7, 0xee, 0xf8, 0xee, 0xf8, 0xee, 0xf8, 0xee, 0xf8, 0xee,
    0xd7, 0xee, 0xf8, 0xee, 0xf8, 0xee, 0xf8, 0xee, 0xf8, 0xee, 0xf8, 0xee, 0xf8, 0xee, 0xd7, 0xee,
    0xf8, 0xee, 0xf8, 0xee, 0xd7, 0xee, 0xd7, 0xee, 0xd7, 0xee, 0xf8, 0xee, 0xf8, 0xee, 0xf8, 0xee,
    0xf8, 0xee, 0xd7, 0xee, 0xf8, 0xee, 0xf8, 0xee, 0xf8, 0xee, 0xd7, 0xee, 0xd7, 0xee, 0xf8, 0xee,
    0xf8, 0xee, 0xf8, 0xee, 0xd7, 0xee, 0xd7, 0xee, 0xf8, 0xee, 0xf8, 0xee, 0xd7, 0xee, 0xf8, 0xee,
    0xf8, 0xee, 0xf8, 0xee, 0xf8, 0xee, 0xd7, 0xee, 0xd7, 0xee, 0xd7, 0xee, 0xf8, 0xee, 0xf8, 0xee,
    0xd7, 0xee, 0xd7, 0xee, 0xf8, 0xee, 0xf8, 0xee, 0xd7, 0xee, 0xf8, 0xee, 0xf8, 0xee, 0xf8, 0xee,
    0xf8, 0xee, 0xd7, 0xee, 0xf8, 0xee, 0xf8, 0xee, 0xf8, 0xee, 0xf8, 0xee, 0xd7, 0xee, 0xd7, 0xee,
    0xf8, 0xee, 0xf8, 0xee, 0xf8, 0xee, 0xf8, 0xee, 0xd7, 0xee, 0xf8, 0xee, 0xf8, 0xee, 0xf8, 0xee,
    0xf8, 0xee, 0xf8, 0xee, 0xd7, 0xee, 0xd7, 0xee, 0xf8, 0xee, 0xf8, 0xee, 0xf8, 0xee, 0xf8, 0xee,
    0xf8, 0xee, 0xd7, 0xee, 0xf8, 0xee, 0xf8, 0xee, 0xf8, 0xee, 0xd7, 0xee, 0xf8, 0xee, 0xd7, 0xee,
    0xd7, 0xee, 0xf8, 0xee, 0xd7, 0xee, 0xf8, 0xee, 0xd7, 0xee, 0xd7, 0xee, 0xf8, 0xee, 0xf8, 0xee,
    0xf8, 0xee, 0xf8, 0xee, 0xf8, 0xee, 0xf8, 0xee, 0xf8, 0xee, 0xd7, 0xee, 0xd7, 0xee, 0xf8, 0xee,
    0xd7, 0xee, 0xf8, 0xee, 0xd7, 0xee, 0xd7, 0xee, 0xf8, 0xee, 0xf8, 0xee, 0xf8, 0xee, 0xf8, 0xee,
    0xf8, 0xee, 0xf8, 0xee, 0xf8, 0xee, 0xf8, 0xee, 0xd7, 0xee, 0xf8, 0xee, 0xf8, 0xee, 0xf8, 0xee,
    0xf8, 0xee, 0xf8, 0xee, 0xf8, 0xee, 0xf8, 0xee, 0xd7, 0xee, 0xd7, 0xee, 0xf8, 0xee, 0xf8, 0xee,
    0xf8, 0xee, 0xf8, 0xee, 0xd7, 0xee, 0xd7, 0xee, 0xd7, 0xee, 0xf8, 0xee, 0xf8, 0xee, 0xf8, 0xee,
    0xf8, 0xee, 0xd7, 0xee, 0xd7, 0xee, 0xf8, 0xee, 0xf8, 0xee, 0xd7, 0xee, 0xd7, 0xee, 0xd7, 0xee,
    0xd7, 0xee, 0xf8, 0xee, 0xf8, 0xee, 0xd7, 0xee, 0xd7, 0xee, 0xf8, 0xee, 0xf8, 0xee, 0xf8, 0xee,
    0xf8, 0xee, 0xf8, 0xee, 0xf8, 0xee, 0xd7, 0xee, 0xf8, 0xee, 0xf8, 0xee, 0xd7, 0xee, 0xd7, 0xee,
    0xf8, 0xee, 0xd7, 0xee, 0xd7, 0xee, 0xf8, 0xee, 0xf8, 0xee, 0xf8, 0xee, 0xd7, 0xee, 0xd7, 0xee,
    0xd7, 0xee, 0xd7, 0xee, 0xf8, 0xee, 0xf8, 0xee, 0xd7, 0xee, 0xd7, 0xee, 0xd7, 0xee, 0xf8, 0xee,
    0xf8, 0xee, 0xf8, 0xee, 0xf8, 0xee, 0xf8, 0xee, 0xf8, 0xee, 0xf8, 0xee, 0xf8, 0xee, 0xd7, 0xee,
    0xf8, 0xee, 0xd7, 0xee, 0xf8, 0xee, 0xf8, 0xee, 0xd7, 0xee, 0xf8, 0xee, 0xf8, 0xee, 0xf8, 0xee,
    0xf8, 0xee, 0xd7, 0xee, 0xd7, 0xee, 0xf8, 0xee, 0xd7, 0xee, 0xf8, 0xee, 0xf8, 0xee, 0xf8, 0xee,
    0xd7, 0xee, 0xd7, 0xee, 0xf8, 0xee, 0xf8, 0xee, 0xd7, 0xee, 0xd7, 0xee, 0xf8, 0xee, 0xd7, 0xee,
    0xd7, 0xee, 0xd7, 0xee, 0xf8, 0xee, 0xf8, 0xee, 0xf8, 0xee, 0xf8, 0xee, 0xf8, 0xee, 0xf8, 0xee,
    0xd7, 0xee, 0xd7, 0xee, 0xf8, 0xee, 0xd7, 0xee, 0xd7, 0xee, 0xf8, 0xee, 0xf8, 0xee, 0xf8, 0xee,
    0xf8, 0xee, 0xd7, 0xee, 0xd7, 0xee, 0xf8, 0xee, 0xf8, 0xee, 0xf8, 0xee, 0xf8, 0xee, 0xf8, 0xee,
    0xf8, 0xee, 0xf8, 0xee, 0xf8, 0xee, 0xf8, 0xee, 0xf8, 0xee, 0xf8, 0xee, 0xd7, 0xee, 0xf8, 0xee,
    0xf8, 0xee, 0xf8, 0xee, 0xd7, 0xee, 0xd7, 0xee, 0xf8, 0xee, 0xf8, 0xee, 0xd7, 0xee, 0xd7, 0xee,
    0xd7, 0xee, 0xd7, 0xee, 0xd7, 0xee, 0xd7, 0xee, 0xf8, 0xee, 0xf8, 0xee, 0xf8, 0xee, 0xf8, 0xee,
    0xf8, 0xee, 0xf8, 0xee, 0xf8, 0xee, 0xd7, 0xee, 0xd7, 0xee, 0xf8, 0xee, 0xf8, 0xee, 0xf8, 0xee,
    0xf8, 0xee, 0xf8, 0xee, 0xf8, 0xee, 0xf8, 0xee, 0xd7, 0xee, 0xd7, 0xee, 0xd7, 0xee, 0xf8, 0xee,
    0xf8, 0xee, 0xf8, 0xee, 0xf8, 0xee, 0xf8, 0xee, 0xf8, 0xee, 0xf8, 0xee, 0xd7, 0xee, 0xf8, 0xee,
    0xf8, 0xee, 0xf8, 0xee, 0xf8, 0xee, 0xd7, 0xee, 0xd7, 0xee, 0xd7, 0xee, 0xf8, 0xee, 0xd7, 0xee,
    0xd7, 0xee, 0xd7, 0xee, 0xd7, 0xee, 0xf8, 0xee, 0xd7, 0xee, 0xd7, 0xee, 0xf8, 0xee, 0xf8, 0xee,
    0xf8, 0xee, 0xf8, 0xee, 0xf8, 0xee, 0xf8, 0xee, 0xd7, 0xee, 0xf8, 0xee, 0xd7, 0xee, 0xd7, 0xee,
    0xf8, 0xee, 0xf8, 0xee, 0xf8, 0xee, 0xf8, 0xee, 0xf8, 0xee, 0xf8, 0xee, 0xf8, 0xee, 0xd7, 0xee,
    0xf8, 0xee, 0xf8, 0xee, 0xf8, 0xee, 0xf8, 0xee, 0xf8, 0xee, 0xd7, 0xee, 0xf8, 0xee, 0xf8, 0xee,
    0xf8, 0xee, 0xf8, 0xee, 0xf8, 0xee, 0xf8, 0xee, 0xf8, 0xee, 0xf8, 0xee, 0xf8, 0xee, 0xf8, 0xee,
    0xd7, 0xee, 0xd7, 0xee, 0xd7, 0xee, 0xd7, 0xee, 0xd7, 0xee, 0xf8, 0xee, 0xf8, 0xee, 0xf8, 0xee,
    0xf8, 0xee, 0xd7, 0xee, 0xf8, 0xee, 0xf8, 0xee, 0xd7, 0xee, 0xf8, 0xee, 0xf8, 0xee, 0xf8, 0xee,
    0xf8, 0xee, 0xf8, 0xee, 0xf8, 0xee, 0xf8, 0xee, 0xf8, 0xee, 0xf8, 0xee, 0xf8, 0xee, 0xf8, 0xee,
    0xf8, 0xee, 0xf8, 0xee, 0xf8, 0xee, 0xf8, 0xee, 0xf8, 0xee, 0xf8, 0xee, 0xf8, 0xee, 0xf8, 0xee,
    0xd7, 0xee, 0xf8, 0xee, 0xf8, 0xee, 0xf8, 0xee, 0xd7, 0xee, 0xd7, 0xee, 0xf8, 0xee, 0xf8, 0xee,
    0xd7, 0xee, 0xd7, 0xee, 0xd7, 0xee, 0xd7, 0xee, 0xd7, 0xee, 0xf8, 0xee, 0xf8, 0xee, 0xf8, 0xee,
    0xf8, 0xee, 0xd7, 0xee, 0xd7, 0xee, 0xf8, 0xee, 0xf8, 0xee, 0xf8, 0xee, 0xd7, 0xee, 0xd7, 0xee,
    0xd7, 0xee, 0xf8, 0xee, 0xf8, 0xee, 0xd7, 0xee, 0xd7, 0xee, 0xd7, 0xee, 0xf8, 0xee, 0xf8, 0xee,
    0xf8, 0xee, 0xd7, 0xee, 0xf8, 0xee, 0xd7, 0xee, 0xd7, 0xee, 0xf8, 0xee, 0xf8, 0xee, 0xd7, 0xee,
    0xd7, 0xee, 0xf8, 0xee, 0xd7, 0xee, 0xf8, 0xee, 0xd7, 0xee, 0xf8, 0xee, 0xd7, 0xee, 0xf8, 0xee,
    0xd7, 0xee, 0xd7, 0xee, 0xd7, 0xee, 0xd7, 0xee, 0xf8, 0xee, 0xd7, 0xee, 0xf8, 0xee, 0xd7, 0xee,
    0xf8, 0xee, 0xf8, 0xee, 0xd7, 0xee, 0xd7, 0xee, 0xd7, 0xee, 0xd7, 0xee, 0xf8, 0xee, 0xf8, 0xee,
    0xd7, 0xee, 0xf8, 0xee, 0xf8, 0xee, 0xf8, 0xee, 0xd7, 0xee, 0xf8, 0xee, 0xf8, 0xee, 0xf8, 0xee,
    0xd7, 0xee, 0xd7, 0xee, 0xd7, 0xee, 0xd7, 0xee, 0xf8, 0xee, 0xf8, 0xee, 0xf8, 0xee, 0xd7, 0xee,
    0xd7, 0xee, 0xf8, 0xee, 0xf8, 0xee, 0xd7, 0xee, 0xd7, 0xee, 0xf8, 0xee, 0xd7, 0xee, 0xf8, 0xee,
    0xd7, 0xee, 0xf8, 0xee, 0xf8, 0xee, 0xd7, 0xee, 0xf8, 0xee, 0xf8, 0xee, 0xd7, 0xee, 0xd7, 0xee,
    0xd7, 0xee, 0xd7, 0xee, 0xf8, 0xee, 0xd7, 0xee, 0xd7, 0xee, 0xd7, 0xee, 0xf8, 0xee, 0xf8, 0xee,
    0xd7, 0xee, 0xf8, 0xee, 0xf8, 0xee, 0xf8, 0xee, 0xd7, 0xee, 0xf8, 0xee, 0xf8, 0xee, 0xf8, 0xee,
    0xf8, 0xee, 0xf8, 0xee, 0xf8, 0xee, 0xf8, 0xee, 0xf8, 0xee, 0xd7, 0xee, 0xd7, 0xee, 0xd7, 0xee,
    0xf8, 0xee, 0xf8, 0xee, 0xd7, 0xee, 0xf8, 0xee, 0xd7, 0xee, 0xf8, 0xee, 0xd7, 0xee, 0xd7, 0xee,
    0xd7, 0xee, 0xd7, 0xee, 0xd7, 0xee, 0xd7, 0xee, 0xf8, 0xee, 0xf8, 0xee, 0xf8, 0xee, 0xf8, 0xee,
    0xf8, 0xee, 0xf8, 0xee, 0xf8, 0xee, 0xd7, 0xee, 0xf8, 0xee, 0xf8, 0xee, 0xf8, 0xee, 0xf8, 0xee,
    0xf8, 0xee, 0xf8, 0xee, 0xf8, 0xee, 0xf8, 0xee, 0xf8, 0xee, 0xd7, 0xee, 0xf8, 0xee, 0xd7, 0xee,
    0xf8, 0xee, 0xf8, 0xee, 0xf8, 0xee, 0xd7, 0xee, 0xf8, 0xee, 0xd7, 0xee, 0xd7, 0xee, 0xf8, 0xee,
    0xf8, 0xee, 0xf8, 0xee, 0xd7, 0xee, 0xf8, 0xee, 0xf8, 0xee, 0xd7, 0xee, 0xf8, 0xee, 0xd7, 0xee,
    0xd7, 0xee, 0xf8, 0xee, 0xf8, 0xee, 0xf8, 0xee, 0xd7, 0xee, 0xf8, 0xee, 0xf8, 0xee, 0xf8, 0xee,
    0xf8, 0xee, 0xf8, 0xee, 0xf8, 0xee, 0xf8, 0xee, 0xf8, 0xee, 0xf8, 0xee, 0xd7, 0xee, 0xd7, 0xee,
    0xf8, 0xee, 0xf8, 0xee, 0xf8, 0xee, 0xd7, 0xee, 0xd7, 0xee, 0xf8, 0xee, 0xf8, 0xee, 0xd7, 0xee,
    0xd7, 0xee, 0xf8, 0xee, 0xf8, 0xee, 0xf8, 0xee, 0xf8, 0xee, 0xf8, 0xee, 0xf8, 0xee, 0xf8, 0xee,
    0xf8, 0xee, 0xf8, 0xee, 0xf8, 0xee, 0xf8, 0xee, 0xf8, 0xee, 0xf8, 0xee, 0xf8, 0xee, 0xf8, 0xee,
    0xf8, 0xee, 0xd7, 0xee, 0xd7, 0xee, 0xf8, 0xee, 0xd7, 0xee, 0xf8, 0xee, 0xf8, 0xee, 0xf8, 0xee,
    0xf8, 0xee, 0xf8, 0xee, 0xd7, 0xee, 0xd7, 0xee, 0xf8, 0xee, 0xf8, 0xee, 0xd7, 0xee, 0xf8, 0xee,
    0xd7, 0xee, 0xd7, 0xee, 0xd7, 0xee, 0xf8, 0xee, 0xf8, 0xee, 0xf8, 0xee, 0xf8, 0xee, 0xf8, 0xee,
    0xf8, 0xee, 0xf8, 0xee, 0xf8, 0xee, 0xf8, 0xee, 0xf8, 0xee, 0xf8, 0xee, 0xf8, 0xee, 0xf8, 0xee,
    0xf8, 0xee, 0xf8, 0xee, 0xd7, 0xee, 0xf8, 0xee, 0xf8, 0xee, 0xf8, 0xee, 0xf8, 0xee, 0xf8, 0xee,
    0xd7, 0xee, 0xd7, 0xee, 0xd7, 0xee, 0xd7, 0xee, 0xd7, 0xee, 0xf8, 0xee, 0xf8, 0xee, 0xf8, 0xee,
    0xf8, 0xee, 0xd7, 0xee, 0xd7, 0xee, 0xf8, 0xee, 0xf8, 0xee, 0xf8, 0xee, 0xd7, 0xee, 0xf8, 0xee,
    0xf8, 0xee, 0xd7, 0xee, 0xf8, 0xee, 0xd7, 0xee, 0xd7, 0xee, 0xd7, 0xee, 0xf8, 0xee, 0xd7, 0xee,
    0xd7, 0xee, 0xd7, 0xee, 0xd7, 0xee, 0xd7, 0xee, 0xd7, 0xee, 0xf8, 0xee, 0xf8, 0xee, 0xd7, 0xee,
    0xd7, 0xee, 0xd7, 0xee, 0xd7, 0xee, 0xd7, 0xee, 0xd7, 0xee, 0xd7, 0xee, 0xf8, 0xee, 0xf8, 0xee,
    0xf8, 0xee, 0xd7, 0xee, 0xd7, 0xee, 0xd7, 0xee, 0xf8, 0xee, 0xd7, 0xee, 0xf8, 0xee, 0xf8, 0xee,
    0xf8, 0xee, 0xd7, 0xee, 0xd7, 0xee, 0xd7, 0xee, 0xd7, 0xee, 0xf8, 0xee, 0xf8, 0xee, 0xf8, 0xee,
    0xf8, 0xee, 0xf8, 0xee, 0xf8, 0xee, 0xd7, 0xee, 0xd7, 0xee, 0xd7, 0xee, 0xd7, 0xee, 0xd7, 0xee,
    0xd7, 0xee, 0xd7, 0xee, 0xd7, 0xee, 0xd7, 0xee, 0xd7, 0xee, 0xd7, 0xee, 0xf8, 0xee, 0xd7, 0xee,
    0xd7, 0xee, 0xd7, 0xee, 0xd7, 0xee, 0xd7, 0xee, 0xd7, 0xee, 0xd7, 0xee, 0xf8, 0xee, 0xf8, 0xee,
    0xd7, 0xee, 0xf8, 0xee, 0xf8, 0xee, 0xd7, 0xee, 0xf8, 0xee, 0xf8, 0xee, 0xf8, 0xee, 0xd7, 0xee,
    0xd7, 0xee, 0xd7, 0xee, 0xd7, 0xee, 0xf8, 0xee, 0xd7, 0xee, 0xd7, 0xee, 0xf8, 0xee, 0xf8, 0xee,
    0x75, 0xe6, 0xb6, 0xe6, 0xf8, 0xee, 0xf8, 0xee, 0xf8, 0xee, 0xf8, 0xee, 0xd7, 0xee, 0xf8, 0xee,
    0xf8, 0xee, 0xd7, 0xee, 0xf8, 0xee, 0xf8, 0xee, 0xf8, 0xee, 0xd7, 0xee, 0xf8, 0xee, 0xf8, 0xee,
    0xf8, 0xee, 0xd7, 0xee, 0xd7, 0xee, 0xf8, 0xee, 0xd7, 0xee, 0xd7, 0xee, 0xd7, 0xee, 0xd7, 0xee,
    0xd7, 0xee, 0xf8, 0xee, 0xf8, 0xee, 0xd7, 0xee, 0xd7, 0xee, 0xf8, 0xee, 0xf8, 0xee, 0xf8, 0xee,
    0xf8, 0xee, 0xf8, 0xee, 0xf8, 0xee, 0xf8, 0xee, 0xf8, 0xee, 0xf8, 0xee, 0xf8, 0xee, 0xf8, 0xee,
    0xf8, 0xee, 0xf8, 0xee, 0xf8, 0xee, 0xf8, 0xee, 0xf8, 0xee, 0xd7, 0xee, 0xd7, 0xee, 0xd7, 0xee,
    0xf8, 0xee, 0xd7, 0xee, 0xd7, 0xee, 0xd7, 0xee, 0xf8, 0xee, 0xd7, 0xee, 0xd7, 0xee, 0xf8, 0xee,
    0xf8, 0xee, 0xd7, 0xee, 0xd7, 0xee, 0xd7, 0xee, 0xd7, 0xee, 0xd7, 0xee, 0xf8, 0xee, 0xf8, 0xee,
    0xf8, 0xee, 0xf8, 0xee, 0xf8, 0xee, 0xf8, 0xee, 0xf8, 0xee, 0xf8, 0xee, 0xf8, 0xee, 0xf8, 0xee,
    0xf8, 0xee, 0xf8, 0xee, 0xd7, 0xee, 0xd7, 0xee, 0xf8, 0xee, 0xf8, 0xee, 0xf8, 0xee, 0xf8, 0xee,
    0xf8, 0xee, 0xf8, 0xee, 0xf8, 0xee, 0xf8, 0xee, 0xf8, 0xee, 0xf8, 0xee, 0xf8, 0xee, 0xf8, 0xee,
    0xf8, 0xee, 0xf8, 0xee, 0xf8, 0xee, 0xf8, 0xee, 0xf8, 0xee, 0xf8, 0xee, 0xf8, 0xee, 0xd7, 0xee,
    0xf8, 0xee, 0xf8, 0xee, 0xd7, 0xee, 0xf8, 0xee, 0xf8, 0xee, 0xf8, 0xee, 0xf8, 0xee, 0xf8, 0xee,
    0xf8, 0xee, 0xf8, 0xee, 0xf8, 0xee, 0xf8, 0xee, 0xf8, 0xee, 0xf8, 0xee, 0xf8, 0xee, 0xd7, 0xee,
    0xf8, 0xee, 0xf8, 0xee, 0xf8, 0xee, 0xf8, 0xee, 0xf8, 0xee, 0xf8, 0xee, 0xd7, 0xee, 0xf8, 0xee,
    0xf8, 0xee, 0xf8, 0xee, 0xf8, 0xee, 0xf8, 0xee, 0xf8, 0xee, 0xf8, 0xee, 0xf8, 0xee, 0xf8, 0xee,
    0xf8, 0xee, 0xf8, 0xee, 0xf8, 0xee, 0xf8, 0xee, 0xf8, 0xee, 0xf8, 0xee, 0xf8, 0xee, 0xf8, 0xee,
    0xf8, 0xee, 0xf8, 0xee, 0xd7, 0xee, 0xf8, 0xee, 0xf8, 0xee, 0xd7, 0xee, 0xf8, 0xee, 0xf8, 0xee,
    0xd7, 0xee, 0xd7, 0xee, 0xd7, 0xee, 0xf8, 0xee, 0xd7, 0xee, 0xf8, 0xee, 0xf8, 0xee, 0xd7, 0xee,
    0xd7, 0xee, 0xd7, 0xee, 0xd7, 0xee, 0xf8, 0xee, 0xf8, 0xee, 0xf8, 0xee, 0xd7, 0xee, 0xf8, 0xee,
    0xd7, 0xee, 0xd7, 0xee, 0xd7, 0xee, 0xd7, 0xee, 0xd7, 0xee, 0xd7, 0xee, 0xd7, 0xee, 0xd7, 0xee,
    0xf8, 0xee, 0xf8, 0xee, 0xd7, 0xee, 0xd7, 0xee, 0xd7, 0xee, 0xd7, 0xee, 0xd7, 0xee, 0xd7, 0xee,
    0xf8, 0xee, 0xd7, 0xee, 0xd7, 0xee, 0xd7, 0xee, 0xd7, 0xee, 0xf8, 0xee, 0xf8, 0xee, 0xf8, 0xee,
    0xf8, 0xee, 0xf8, 0xee, 0xf8, 0xee, 0xf8, 0xee, 0xf8, 0xee, 0xd7, 0xee, 0xd7, 0xee, 0xf8, 0xee,
    0xd7, 0xee, 0xf8, 0xee, 0xf8, 0xee, 0xd7, 0xee, 0xf8, 0xee, 0xf8, 0xee, 0xf8, 0xee, 0xf8, 0xee,
    0xf8, 0xee, 0xf8, 0xee, 0xf8, 0xee, 0xf8, 0xee, 0xd7, 0xee, 0xd7, 0xee, 0xd7, 0xee, 0xf8, 0xee,
    0xd7, 0xee, 0xd7, 0xee, 0xd7, 0xee, 0xf8, 0xee, 0xd7, 0xee, 0xd7, 0xee, 0xf8, 0xee, 0xd7, 0xee,
    0xd7, 0xee, 0xd7, 0xee, 0xd7, 0xee, 0xd7, 0xee, 0xd7, 0xee, 0xd7, 0xee, 0xd7, 0xee, 0xf8, 0xee,
    0xd7, 0xee, 0xd7, 0xee, 0xf8, 0xee, 0xf8, 0xee, 0xf8, 0xee, 0xf8, 0xee, 0xf8, 0xee, 0xf8, 0xee,
    0xd7, 0xee, 0xf8, 0xee, 0xf8, 0xee, 0xd7, 0xee, 0xd7, 0xee, 0xd7, 0xee, 0xf8, 0xee, 0xd7, 0xee,
    0x95, 0xe6, 0xb6, 0xe6, 0xd7, 0xee, 0xd7, 0xee, 0xd7, 0xee, 0xd7, 0xee, 0xf8, 0xee, 0xd7, 0xee,
    0xd7, 0xee, 0xf8, 0xee, 0xf8, 0xee, 0xf8, 0xee, 0xf8, 0xee, 0xf8, 0xee, 0xf8, 0xee, 0xf8, 0xee,
    0xd7, 0xee, 0xd7, 0xee, 0xd7, 0xee, 0xd7, 0xee, 0xf8, 0xee, 0xb6, 0xee, 0x95, 0xe6, 0xf8, 0xee,
    0xf8, 0xee, 0xd7, 0xee, 0xf8, 0xee, 0xf8, 0xee, 0xd7, 0xee, 0xd7, 0xee, 0xf8, 0xee, 0xf8, 0xee,
    0xf8, 0xee, 0xf8, 0xee, 0xf8, 0xee, 0xf8, 0xee, 0xf8, 0xee, 0xf8, 0xee, 0xf8, 0xee, 0xf8, 0xee,
    0xf8, 0xee, 0xf8, 0xee, 0xf8, 0xee, 0xf8, 0xee, 0xd7, 0xee, 0xf8, 0xee, 0xf8, 0xee, 0xd7, 0xee,
    0xf8, 0xee, 0xf8, 0xee, 0xf8, 0xee, 0xd7, 0xee, 0xf8, 0xee, 0xd7, 0xee, 0xf8, 0xee, 0xf8, 0xee,
    0xf8, 0xee, 0xd7, 0xee, 0xd7, 0xee, 0xf8, 0xee, 0xf8, 0xee, 0xf8, 0xee, 0xd7, 0xee, 0xf8, 0xee,
    0xf8, 0xee, 0xf8, 0xee, 0xf8, 0xee, 0xf8, 0xee, 0xf8, 0xee, 0xf8, 0xee, 0xf8, 0xee, 0xf8, 0xee,
    0xf8, 0xee, 0xd7, 0xee, 0xd7, 0xee, 0xf8, 0xee, 0xf8, 0xee, 0xf8, 0xee, 0xf8, 0xee, 0xf8, 0xee,
    0xf8, 0xee, 0xf8, 0xee, 0xf8, 0xee, 0xf8, 0xee, 0xf8, 0xee, 0xf8, 0xee, 0xf8, 0xee, 0xf8, 0xee,
    0xf8, 0xee, 0xf8, 0xee, 0xf8, 0xee, 0xf8, 0xee, 0xf8, 0xee, 0xf8, 0xee, 0xf8, 0xee, 0xf8, 0xee,
    0xf8, 0xee, 0xf8, 0xee, 0xf8, 0xee, 0xd7, 0xee, 0xf8, 0xee, 0xf8, 0xee, 0xf8, 0xee, 0xf8, 0xee,
    0xf8, 0xee, 0xf8, 0xee, 0xf8, 0xee, 0xf8, 0xee, 0xf8, 0xee, 0xf8, 0xee, 0xd7, 0xee, 0xf8, 0xee,
    0xf8, 0xee, 0xf8, 0xee, 0xf8, 0xee, 0xf8, 0xee, 0xf8, 0xee, 0xf8, 0xee, 0xf8, 0xee, 0xf8, 0xee,
    0xf8, 0xee, 0xf8, 0xee, 0xf8, 0xee, 0xf8, 0xee, 0xf8, 0xee, 0xf8, 0xee, 0xf8, 0xee, 0xf8, 0xee,
    0xf8, 0xee, 0xf8, 0xee, 0xf8, 0xee, 0xf8, 0xee, 0xf8, 0xee, 0xf8, 0xee, 0xf8, 0xee, 0xf8, 0xee,
    0xd7, 0xee, 0xf8, 0xee, 0xd7, 0xee, 0xd7, 0xee, 0xf8, 0xee, 0xf8, 0xee, 0xd7, 0xee, 0xf8, 0xee,
    0xd7, 0xee, 0xf8, 0xee, 0xd7, 0xee, 0xf8, 0xee, 0xd7, 0xee, 0xd7, 0xee, 0xf8, 0xee, 0xd7, 0xee,
    0xd7, 0xee, 0xf8, 0xee, 0xf8, 0xee, 0xd7, 0xee, 0xf8, 0xee, 0xf8, 0xee, 0xd7, 0xee, 0xd7, 0xee,
    0xf8, 0xee, 0xf8, 0xee, 0xd7, 0xee, 0xd7, 0xee, 0xd7, 0xee, 0xd7, 0xee, 0xf8, 0xee, 0xf8, 0xee,
    0xf8, 0xee, 0xf8, 0xee, 0xf8, 0xee, 0xd7, 0xee, 0xd7, 0xee, 0xf8, 0xee, 0xf8, 0xee, 0xd7, 0xee,
    0xd7, 0xee, 0xd7, 0xee, 0xf8, 0xee, 0xd7, 0xee, 0xd7, 0xee, 0xd7, 0xee, 0xf8, 0xee, 0xf8, 0xee,
    0xd7, 0xee, 0xf8, 0xee, 0xf8, 0xee, 0xd7, 0xee, 0xf8, 0xee, 0xf8, 0xee, 0xf8, 0xee, 0xd7, 0xee,
    0xd7, 0xee, 0xf8, 0xee, 0xf8, 0xee, 0xf8, 0xee, 0xf8, 0xee, 0xf8, 0xee, 0xf8, 0xee, 0xf8, 0xee,
    0xf8, 0xee, 0xd7, 0xee, 0xd7, 0xee, 0xf8, 0xee, 0xf8, 0xee, 0xf8, 0xee, 0xf8, 0xee, 0xf8, 0xee,
    0xf8, 0xee, 0xf8, 0xee, 0xf8, 0xee, 0xf8, 0xee, 0xf8, 0xee, 0xd7, 0xee, 0xd7, 0xee, 0xd7, 0xee,
    0xd7, 0xee, 0xd7, 0xee, 0xd7, 0xee, 0xd7, 0xee, 0xd7, 0xee, 0xd7, 0xee, 0xd7, 0xee, 0xf8, 0xee,
    0xd7, 0xee, 0xf8, 0xee, 0xf8, 0xee, 0xf8, 0xee, 0xf8, 0xee, 0xf8, 0xee, 0xf8, 0xee, 0xd7, 0xee,
    0xd7, 0xee, 0xd7, 0xee, 0xd7, 0xee, 0xd7, 0xee, 0xd7, 0xee, 0xd7, 0xee, 0xd7, 0xee, 0xd7, 0xee,
    0xd7, 0xee, 0xd7, 0xee, 0xd7, 0xee, 0xf8, 0xee, 0xf8, 0xee, 0xd7, 0xee, 0xf8, 0xee, 0xf8, 0xee,
    0xf8, 0xee, 0xf8, 0xee, 0xf8, 0xee, 0xf8, 0xee, 0xf8, 0xee, 0xf8, 0xee, 0xf8, 0xee, 0xf8, 0xee,
    0xd7, 0xee, 0xd7, 0xee, 0xd7, 0xee, 0xf8, 0xee, 0xf8, 0xee, 0xd7, 0xee, 0xb6, 0xe6, 0xd7, 0xee,
    0xf8, 0xee, 0xd7, 0xee, 0xf8, 0xee, 0xf8, 0xee, 0xd7, 0xee, 0xd7, 0xee, 0xf8, 0xee, 0xf8, 0xee,
    0xf8, 0xee, 0xd7, 0xee, 0xf8, 0xee, 0xd7, 0xee, 0xf8, 0xee, 0xf8, 0xee, 0xf8, 0xee, 0xf8, 0xee,
    0xf8, 0xee, 0xf8, 0xee, 0xf8, 0xee, 0xd7, 0xee, 0xf8, 0xee, 0xf8, 0xee, 0xf8, 0xee, 0xf8, 0xee,
    0xd7, 0xee, 0xd7, 0xee, 0xd7, 0xee, 0xd7, 0xee, 0xd7, 0xee, 0xf8, 0xee, 0xf8, 0xee, 0xf8, 0xee,
    0xf8, 0xee, 0xf8, 0xee, 0xf8, 0xee, 0xf8, 0xee, 0xf8, 0xee, 0xf8, 0xee, 0xd7, 0xee, 0xf8, 0xee,
    0xf8, 0xee, 0xf8, 0xee, 0xf8, 0xee, 0xf8, 0xee, 0xf8, 0xee, 0xf8, 0xee, 0xf8, 0xee, 0xf8, 0xee,
    0xf8, 0xee, 0xf8, 0xee, 0xf8, 0xee, 0xf8, 0xee, 0xf8, 0xee, 0xf8, 0xee, 0xf8, 0xee, 0xf8, 0xee,
    0xf8, 0xee, 0xd7, 0xee, 0xf8, 0xee, 0xd7, 0xee, 0xf8, 0xee, 0xf8, 0xee, 0xf8, 0xee, 0xf8, 0xee,
    0xf8, 0xee, 0xf8, 0xee, 0xf8, 0xee, 0xf8, 0xee, 0xf8, 0xee, 0xf8, 0xee, 0xf8, 0xee, 0xf8, 0xee,
    0xf8, 0xee, 0xf8, 0xee, 0xd7, 0xee, 0xf8, 0xee, 0xf8, 0xee, 0xf8, 0xee, 0xf8, 0xee, 0xf8, 0xee,
    0xf8, 0xee, 0xf8, 0xee, 0xf8, 0xee, 0xf8, 0xee, 0xf8, 0xee, 0xf8, 0xee, 0xf8, 0xee, 0xf8, 0xee,
    0xf8, 0xee, 0xf8, 0xee, 0xf8, 0xee, 0xf8, 0xee, 0xd7, 0xee, 0xf8, 0xee, 0xf8, 0xee, 0xf8, 0xee,
    0xf8, 0xee, 0xf8, 0xee, 0xf8, 0xee, 0xf8, 0xee, 0xf8, 0xee, 0xf8, 0xee, 0xf8, 0xee, 0xf8, 0xee,
    0xf8, 0xee, 0xf8, 0xee, 0xd7, 0xee, 0xf8, 0xee, 0xf8, 0xee, 0xf8, 0xee, 0xf8, 0xee, 0xf8, 0xee,
    0xf8, 0xee, 0xf8, 0xee, 0xd7, 0xee, 0xf8, 0xee, 0xf8, 0xee, 0xf8, 0xee, 0xf8, 0xee, 0xd7, 0xee,
    0xd7, 0xee, 0xf8, 0xee, 0xf8, 0xee, 0xd7, 0xee, 0xd7, 0xee, 0xd7, 0xee, 0xf8, 0xee, 0xf8, 0xee,
    0xd7, 0xee, 0xd7, 0xee, 0xd7, 0xee, 0xf8, 0xee, 0xf8, 0xee, 0xf8, 0xee, 0xd7, 0xee, 0xd7, 0xee,
    0xf8, 0xee, 0xd7, 0xee, 0xd7, 0xee, 0xd7, 0xee, 0xd7, 0xee, 0xf8, 0xee, 0xf8, 0xee, 0xf8, 0xee,
    0xf8, 0xee, 0xf8, 0xee, 0xd7, 0xee, 0xd7, 0xee, 0xd7, 0xee, 0xd7, 0xee, 0xd7, 0xee, 0xf8, 0xee,
    0xf8, 0xee, 0xd7, 0xee, 0xf8, 0xee, 0xd7, 0xee, 0xd7, 0xee, 0xd7, 0xee, 0xf8, 0xee, 0xd7, 0xee,
    0xd7, 0xee, 0xd7, 0xee, 0xf8, 0xee, 0xd7, 0xee, 0xd7, 0xee, 0xf8, 0xee, 0xf8, 0xee, 0xf8, 0xee,
    0xf8, 0xee, 0xf8, 0xee, 0xf8, 0xee, 0xf8, 0xee, 0xf8, 0xee, 0xf8, 0xee, 0xf8, 0xee, 0xf8, 0xee,
    0xf8, 0xee, 0xd7, 0xee, 0xd7, 0xee, 0xd7, 0xee, 0xf8, 0xee, 0xf8, 0xee, 0xd7, 0xee, 0xd7, 0xee,
    0xf8, 0xee, 0xf8, 0xee, 0xf8, 0xee, 0xf8, 0xee, 0xd7, 0xee, 0xd7, 0xee, 0xd7, 0xee, 0xd7, 0xee,
    0xd7, 0xee, 0xd7, 0xee, 0xd7, 0xee, 0xf8, 0xee, 0xd7, 0xee, 0xd7, 0xee, 0xd7, 0xee, 0xf8, 0xee,
    0xf8, 0xee, 0xf8, 0xee, 0xf8, 0xee, 0xf8, 0xee, 0xf8, 0xee, 0xd7, 0xee, 0xd7, 0xee, 0xd7, 0xee,
    0xd7, 0xee, 0xb6, 0xe6, 0xd7, 0xee, 0xd7, 0xee, 0xf8, 0xee, 0xf8, 0xee, 0xd7, 0xee, 0xf8, 0xee,
    0xd7, 0xee, 0xd7, 0xee, 0xd7, 0xee, 0xd7, 0xee, 0xd7, 0xee, 0xf8, 0xee, 0xd7, 0xee, 0xd7, 0xee,
    0xf8, 0xee, 0xf8, 0xee, 0xf8, 0xee, 0xf8, 0xee, 0xf8, 0xee, 0xf8, 0xee, 0xf8, 0xee, 0xf8, 0xee,
    0xd7, 0xee, 0xf8, 0xee, 0xf8, 0xee, 0xf8, 0xee, 0xf8, 0xee, 0xf8, 0xee, 0xf8, 0xee, 0xd7, 0xee,
    0xf8, 0xee, 0xd7, 0xee, 0xd7, 0xee, 0xf8, 0xee, 0xf8, 0xee, 0xd7, 0xee, 0xf8, 0xee, 0xf8, 0xee,
    0xf8, 0xee, 0xf8, 0xee, 0xf8, 0xee, 0xf8, 0xee, 0xf8, 0xee, 0xf8, 0xee, 0xf8, 0xee, 0xf8, 0xee,
    0xf8, 0xee, 0xf8, 0xee, 0xf8, 0xee, 0xf8, 0xee, 0xf8, 0xee, 0xf8, 0xee, 0xf8, 0xee, 0xf8, 0xee,
    0xd7, 0xee, 0xd7, 0xee, 0xd7, 0xee, 0xf8, 0xee, 0xf8, 0xee, 0xf8, 0xee, 0xf8, 0xee, 0xf8, 0xee,
    0xf8, 0xee, 0xd7, 0xee, 0xf8, 0xee, 0xf8, 0xee, 0xf8, 0xee, 0xf8, 0xee, 0xf8, 0xee, 0xf8, 0xee,
    0xf8, 0xee, 0xf8, 0xee, 0xf8, 0xee, 0xf8, 0xee, 0xd7, 0xee, 0xf8, 0xee, 0xf8, 0xee, 0xf8, 0xee,
    0xf8, 0xee, 0xf8, 0xee, 0xf8, 0xee, 0xf8, 0xee, 0xf8, 0xee, 0xf8, 0xee, 0xf8, 0xee, 0xf8, 0xee,
    0xf8, 0xee, 0xf8, 0xee, 0xf8, 0xee, 0xd7, 0xee, 0xf8, 0xee, 0xf8, 0xee, 0xd7, 0xee, 0xf8, 0xee,
    0xf8, 0xee, 0xf8, 0xee, 0xf8, 0xee, 0xf8, 0xee, 0xf8, 0xee, 0xf8, 0xee, 0xf8, 0xee, 0xf8, 0xee,
    0xf8, 0xee, 0xf8, 0xee, 0xd7, 0xee, 0xf8, 0xee, 0xd7, 0xee, 0xf8, 0xee, 0xf8, 0xee, 0xf8, 0xee,
    0xf8, 0xee, 0xf8, 0xee, 0xf8, 0xee, 0xf8, 0xee, 0xf8, 0xee, 0xf8, 0xee, 0xf8, 0xee, 0xf8, 0xee,
    0xf8, 0xee, 0xf8, 0xee, 0xf8, 0xee, 0xf8, 0xee, 0xf8, 0xee, 0xf8, 0xee, 0xf8, 0xee, 0xf8, 0xee,
    0xf8, 0xee, 0xf8, 0xee, 0xf8, 0xee, 0xf8, 0xee, 0xf8, 0xee, 0xf8, 0xee, 0xf8, 0xee, 0xf8, 0xee,
    0xf8, 0xee, 0xf8, 0xee, 0xd7, 0xee, 0xf8, 0xee, 0xf8, 0xee, 0xd7, 0xee, 0xf8, 0xee, 0xf8, 0xee,
    0xf8, 0xee, 0xf8, 0xee, 0xf8, 0xee, 0xf8, 0xee, 0xf8, 0xee, 0xd7, 0xee, 0xf8, 0xee, 0xd7, 0xee,
    0xf8, 0xee, 0xd7, 0xee, 0xd7, 0xee, 0xd7, 0xee, 0xd7, 0xee, 0xd7, 0xee, 0xd7, 0xee, 0xf8, 0xee,
    0xd7, 0xee, 0xd7, 0xee, 0xd7, 0xee, 0xf8, 0xee, 0xf8, 0xee, 0xd7, 0xee, 0xd7, 0xee, 0xf8, 0xee,
    0xd7, 0xee, 0xf8, 0xee, 0xd7, 0xee, 0xd7, 0xee, 0xd7, 0xee, 0xf8, 0xee, 0xf8, 0xee, 0xf8, 0xee,
    0xd7, 0xee, 0xf8, 0xee, 0xd7, 0xee, 0xd7, 0xee, 0xd7, 0xee, 0xf8, 0xee, 0xf8, 0xee, 0xf8, 0xee,
    0xf8, 0xee, 0xd7, 0xee, 0xf8, 0xee, 0xf8, 0xee, 0xf8, 0xee, 0xf8, 0xee, 0xf8, 0xee, 0xf8, 0xee,
    0xf8, 0xee, 0xd7, 0xee, 0xf8, 0xee, 0xf8, 0xee, 0xf8, 0xee, 0xf8, 0xee, 0xf8, 0xee, 0xf8, 0xee,
    0xf8, 0xee, 0xf8, 0xee, 0xf8, 0xee, 0xf8, 0xee, 0xf8, 0xee, 0xf8, 0xee, 0xf8, 0xee, 0xf8, 0xee,
    0xf8, 0xee, 0xf8, 0xee, 0xf8, 0xee, 0xf8, 0xee, 0xd7, 0xee, 0xd7, 0xee, 0xd7, 0xee, 0xf8, 0xee,
    0xd7, 0xee, 0xf8, 0xee, 0xf8, 0xee, 0xf8, 0xee, 0xf8, 0xee, 0xf8, 0xee, 0xd7, 0xee, 0xd7, 0xee,
    0xd7, 0xee, 0xd7, 0xee, 0xf8, 0xee, 0xf8, 0xee, 0xf8, 0xee, 0xd7, 0xee, 0xd7, 0xee, 0xd7, 0xee,
    0xd7, 0xee, 0xf8, 0xee, 0xd7, 0xee, 0xf8, 0xee, 0xf8, 0xee, 0xd7, 0xee, 0xd7, 0xee, 0xd7, 0xee,
    0xd7, 0xee, 0xd7, 0xee, 0xf8, 0xee, 0xf8, 0xee, 0xf8, 0xee, 0xf8, 0xee, 0xf8, 0xee, 0xf8, 0xee,
    0xf8, 0xee, 0xd7, 0xee, 0xf8, 0xee, 0xd7, 0xee, 0xd7, 0xee, 0xd7, 0xee, 0xd7, 0xee, 0xd7, 0xee,
    0xf8, 0xee, 0xd7, 0xee, 0xf8, 0xee, 0xf8, 0xee, 0xd7, 0xee, 0xd7, 0xee, 0xf8, 0xee, 0xf8, 0xee,
    0xf8, 0xee, 0xf8, 0xee, 0xd7, 0xee, 0xf8, 0xee, 0xf8, 0xee, 0xf8, 0xee, 0xf8, 0xee, 0xd7, 0xee,
    0xd7, 0xee, 0xd7, 0xee, 0xd7, 0xee, 0xf8, 0xee, 0xd7, 0xee, 0xf8, 0xee, 0xf8, 0xee, 0xf8, 0xee,
    0xf8, 0xee, 0xf8, 0xee, 0xf8, 0xee, 0xf8, 0xee, 0xf8, 0xee, 0xf8, 0xee, 0xd7, 0xee, 0xf8, 0xee,
    0xf8, 0xee, 0xf8, 0xee, 0xd7, 0xee, 0xd7, 0xee, 0xd7, 0xee, 0xf8, 0xee, 0xf8, 0xee, 0xd7, 0xee,
    0xd7, 0xee, 0xf8, 0xee, 0xd7, 0xee, 0xd7, 0xee, 0xf8, 0xee, 0xf8, 0xee, 0xf8, 0xee, 0xf8, 0xee,
    0xf8, 0xee, 0xf8, 0xee, 0xd7, 0xee, 0xd7, 0xee, 0xd7, 0xee, 0xf8, 0xee, 0xf8, 0xee, 0xf8, 0xee,
    0xf8, 0xee, 0xf8, 0xee, 0xf8, 0xee, 0xf8, 0xee, 0xf8, 0xee, 0xf8, 0xee, 0xf8, 0xee, 0xd7, 0xee,
    0xf8, 0xee, 0xf8, 0xee, 0xf8, 0xee, 0xf8, 0xee, 0xf8, 0xee, 0xf8, 0xee, 0xf8, 0xee, 0xd7, 0xee,
    0xf8, 0xee, 0xf8, 0xee, 0xd7, 0xee, 0xd7, 0xee, 0xf8, 0xee, 0xf8, 0xee, 0xf8, 0xee, 0xf8, 0xee,
    0xf8, 0xee, 0xf8, 0xee, 0xf8, 0xee, 0xf8, 0xee, 0xf8, 0xee, 0xf8, 0xee, 0xf8, 0xee, 0xd7, 0xee,
    0xf8, 0xee, 0xf8, 0xee, 0xd7, 0xee, 0xf8, 0xee, 0xf8, 0xee, 0xf8, 0xee, 0xf8, 0xee, 0xf8, 0xee,
    0xf8, 0xee, 0xf8, 0xee, 0xf8, 0xee, 0xf8, 0xee, 0xf8, 0xee, 0xf8, 0xee, 0xf8, 0xee, 0xf8, 0xee,
    0xf8, 0xee, 0xf8, 0xee, 0xf8, 0xee, 0xf8, 0xee, 0xf8, 0xee, 0xf8, 0xee, 0xf8, 0xee, 0xf8, 0xee,
    0xf8, 0xee, 0xf8, 0xee, 0xd7, 0xee, 0xf8, 0xee, 0xf8, 0xee, 0xf8, 0xee, 0xf8, 0xee, 0xf8, 0xee,
    0xf8, 0xee, 0xf8, 0xee, 0xf8, 0xee, 0xd7, 0xee, 0xf8, 0xee, 0xf8, 0xee, 0xf8, 0xee, 0xf8, 0xee,
    0xf8, 0xee, 0xd7, 0xee, 0xf8, 0xee, 0xf8, 0xee, 0xf8, 0xee, 0xd7, 0xee, 0xd7, 0xee, 0xd7, 0xee,
    0xd7, 0xee, 0xf8, 0xee, 0xd7, 0xee, 0xd7, 0xee, 0xd7, 0xee, 0xd7, 0xee, 0xf8, 0xee, 0xf8, 0xee,
    0xf8, 0xee, 0xf8, 0xee, 0xd7, 0xee, 0xf8, 0xee, 0xd7, 0xee, 0xd7, 0xee, 0xf8, 0xee, 0xf8, 0xee,
    0xf8, 0xee, 0xf8, 0xee, 0xd7, 0xee, 0xd7, 0xee, 0xf8, 0xee, 0xf8, 0xee, 0xd7, 0xee, 0xf8, 0xee,
    0xf8, 0xee, 0xf8, 0xee, 0xd7, 0xee, 0xd7, 0xee, 0xd7, 0xee, 0xf8, 0xee, 0xf8, 0xee, 0xd7, 0xee,
    0xf8, 0xee, 0xd7, 0xee, 0xd7, 0xee, 0xd7, 0xee, 0xf8, 0xee, 0xf8, 0xee, 0xd7, 0xee, 0xd7, 0xee,
    0xf8, 0xee, 0xf8, 0xee, 0xf8, 0xee, 0xf8, 0xee, 0xf8, 0xee, 0xd7, 0xee, 0xf8, 0xee, 0xf8, 0xee,
    0xf8, 0xee, 0xf8, 0xee, 0xf8, 0xee, 0xf8, 0xee, 0xf8, 0xee, 0xf8, 0xee, 0xf8, 0xee, 0xf8, 0xee,
    0xf8, 0xee, 0xf8, 0xee, 0xf8, 0xee, 0xf8, 0xee, 0xf8, 0xee, 0xf8, 0xee, 0xf8, 0xee, 0xf8, 0xee,
    0xf8, 0xee, 0xf8, 0xee, 0xd7, 0xee, 0xf8, 0xee, 0xf8, 0xee, 0xd7, 0xee, 0xd7, 0xee, 0xd7, 0xee,
    0xd7, 0xee, 0xd7, 0xee, 0xf8, 0xee, 0xf8, 0xee, 0xf8, 0xee, 0xf8, 0xee, 0xd7, 0xee, 0xd7, 0xee,
    0xf8, 0xee, 0xd7, 0xee, 0xf8, 0xee, 0xf8, 0xee, 0xd7, 0xee, 0xd7, 0xee, 0xd7, 0xee, 0xd7, 0xee,
    0xd7, 0xee, 0xf8, 0xee, 0xd7, 0xee, 0xd7, 0xee, 0xf8, 0xee, 0xf8, 0xee, 0xf8, 0xee, 0xd7, 0xee,
    0xd7, 0xee, 0xd7, 0xee, 0xf8, 0xee, 0xd7, 0xee, 0xd7, 0xee, 0xd7, 0xee, 0xd7, 0xee, 0xd7, 0xee,
    0xd7, 0xee, 0xd7, 0xee, 0xf8, 0xee, 0xf8, 0xee, 0xd7, 0xee, 0xd7, 0xee, 0xf8, 0xee, 0xf8, 0xee,
    0xf8, 0xee, 0xf8, 0xee, 0xf8, 0xee, 0xf8, 0xee, 0xf8, 0xee, 0xf8, 0xee, 0xf8, 0xee, 0xf8, 0xee,
    0xd7, 0xee, 0xd7, 0xee, 0xd7, 0xee, 0xf8, 0xee, 0xf8, 0xee, 0xf8, 0xee, 0xf8, 0xee, 0xf8, 0xee,
    0xd7, 0xee, 0xf8, 0xee, 0xf8, 0xee, 0xf8, 0xee, 0xf8, 0xee, 0xf8, 0xee, 0xd7, 0xee, 0xf8, 0xee,
    0xd7, 0xee, 0xd7, 0xee, 0xd7, 0xee, 0xd7, 0xee, 0xf8, 0xee, 0xd7, 0xee, 0xf8, 0xee, 0xd7, 0xee,
    0xd7, 0xee, 0xd7, 0xee, 0xf8, 0xee, 0xd7, 0xee, 0xf8, 0xee, 0xf8, 0xee, 0xf8, 0xee, 0xf8, 0xee,
    0xf8, 0xee, 0xf8, 0xee, 0xf8, 0xee, 0xd7, 0xee, 0xd7, 0xee, 0xf8, 0xee, 0xf8, 0xee, 0xf8, 0xee,
    0xf8, 0xee, 0xf8, 0xee, 0xf8, 0xee, 0xf8, 0xee, 0xf8, 0xee, 0xf8, 0xee, 0xd7, 0xee, 0xd7, 0xee,
    0xd7, 0xee, 0xd7, 0xee, 0xd7, 0xee, 0xf8, 0xee, 0xf8, 0xee, 0xf8, 0xee, 0xf8, 0xee, 0xf8, 0xee,
    0xf8, 0xee, 0xd7, 0xee, 0xd7, 0xee, 0xd7, 0xee, 0xf8, 0xee, 0xf8, 0xee, 0xf8, 0xee, 0xf8, 0xee,
    0xf8, 0xee, 0xf8, 0xee, 0xf8, 0xee, 0xf8, 0xee, 0xf8, 0xee, 0xf8, 0xee, 0xf8, 0xee, 0xf8, 0xee,
    0xf8, 0xee, 0xf8, 0xee, 0xf8, 0xee, 0xf8, 0xee, 0xf8, 0xee, 0xf8, 0xee, 0xf8, 0xee, 0xf8, 0xee,
    0xf8, 0xee, 0xf8, 0xee, 0xf8, 0xee, 0xd7, 0xee, 0xd7, 0xee, 0xd7, 0xee, 0xf8, 0xee, 0xf8, 0xee,
    0xf8, 0xee, 0xf8, 0xee, 0xf8, 0xee, 0xf8, 0xee, 0xf8, 0xee, 0xf8, 0xee, 0xf8, 0xee, 0xf8, 0xee,
    0xf8, 0xee, 0xf8, 0xee, 0xf8, 0xee, 0xd7, 0xee, 0xd7, 0xee, 0xf8, 0xee, 0xf8, 0xee, 0xf8, 0xee,
    0xf8, 0xee, 0xf8, 0xee, 0xd7, 0xee, 0xf8, 0xee, 0xf8, 0xee, 0xd7, 0xee, 0xf8, 0xee, 0xf8, 0xee,
    0xd7, 0xee, 0xd7, 0xee, 0xf8, 0xee, 0xf8, 0xee, 0xf8, 0xee, 0xd7, 0xee, 0xd7, 0xee, 0xd7, 0xee,
    0xf8, 0xee, 0xd7, 0xee, 0xd7, 0xee, 0xf8, 0xee, 0xf8, 0xee, 0xd7, 0xee, 0xf8, 0xee, 0xf8, 0xee,
    0xf8, 0xee, 0xf8, 0xee, 0xd7, 0xee, 0xd7, 0xee, 0xd7, 0xee, 0xd7, 0xee, 0xf8, 0xee, 0xf8, 0xee,
    0xd7, 0xee, 0xf8, 0xee, 0xf8, 0xee, 0xf8, 0xee, 0xf8, 0xee, 0xd7, 0xee, 0xd7, 0xee, 0xf8, 0xee,
    0xf8, 0xee, 0xf8, 0xee, 0xd7, 0xee, 0xd7, 0xee, 0xf8, 0xee, 0xd7, 0xee, 0xf8, 0xee, 0xd7, 0xee,
    0xd7, 0xee, 0xf8, 0xee, 0xd7, 0xee, 0xd7, 0xee, 0xf8, 0xee, 0xf8, 0xee, 0xf8, 0xee, 0xf8, 0xee,
    0xd7, 0xee, 0xf8, 0xee, 0xf8, 0xee, 0xf8, 0xee, 0xf8, 0xee, 0xf8, 0xee, 0xf8, 0xee, 0xf8, 0xee,
    0xf8, 0xee, 0xf8, 0xee, 0xf8, 0xee, 0xf8, 0xee, 0xf8, 0xee, 0xf8, 0xee, 0xf8, 0xee, 0xf8, 0xee,
    0xf8, 0xee, 0xf8, 0xee, 0xf8, 0xee, 0xf8, 0xee, 0xf8, 0xee, 0xf8, 0xee, 0xf8, 0xee, 0xf8, 0xee,
    0xf8, 0xee, 0xf8, 0xee, 0xd7, 0xee, 0xf8, 0xee, 0xd7, 0xee, 0xd7, 0xee, 0xd7, 0xee, 0xd7, 0xee,
    0xf8, 0xee, 0xf8, 0xee, 0xf8, 0xee, 0xf8, 0xee, 0xf8, 0xee, 0xf8, 0xee, 0xd7, 0xee, 0xd7, 0xee,
    0xf8, 0xee, 0xd7, 0xee, 0xd7, 0xee, 0xf8, 0xee, 0xd7, 0xee, 0xd7, 0xee, 0xd7, 0xee, 0xd7, 0xee,
    0xd7, 0xee, 0xd7, 0xee, 0xd7, 0xee, 0xd7, 0xee, 0xf8, 0xee, 0xf8, 0xee, 0xd7, 0xee, 0xf8, 0xee,
    0xf8, 0xee, 0xd7, 0xee, 0xf8, 0xee, 0xf8, 0xee, 0xd7, 0xee, 0xd7, 0xee, 0xf8, 0xee, 0xf8, 0xee,
    0xf8, 0xee, 0xf8, 0xee, 0xd7, 0xee, 0xd7, 0xee, 0xd7, 0xee, 0xd7, 0xee, 0xd7, 0xee, 0xf8, 0xee,
    0xf8, 0xee, 0xf8, 0xee, 0xf8, 0xee, 0xd7, 0xee, 0xf8, 0xee, 0xf8, 0xee, 0xf8, 0xee, 0xf8, 0xee,
    0xf8, 0xee, 0xd7, 0xee, 0xd7, 0xee, 0xf8, 0xee, 0xf8, 0xee, 0xd7, 0xee, 0xf8, 0xee, 0xf8, 0xee,
    0xd7, 0xee, 0xf8, 0xee, 0xf8, 0xee, 0xf8, 0xee, 0xf8, 0xee, 0xf8, 0xee, 0xd7, 0xee, 0xd7, 0xee,
    0xd7, 0xee, 0xd7, 0xee, 0xd7, 0xee, 0xd7, 0xee, 0xf8, 0xee, 0xf8, 0xee, 0xd7, 0xee, 0xd7, 0xee,
    0xf8, 0xee, 0xd7, 0xee, 0xd7, 0xee, 0xf8, 0xee, 0xd7, 0xee, 0xd7, 0xee, 0xf8, 0xee, 0xd7, 0xee,
    0xf8, 0xee, 0xf8, 0xee, 0xf8, 0xee, 0xd7, 0xee, 0xf8, 0xee, 0xf8, 0xee, 0xf8, 0xee, 0xf8, 0xee,
    0xf8, 0xee, 0xf8, 0xee, 0xf8, 0xee, 0xf8, 0xee, 0xf8, 0xee, 0xf8, 0xee, 0xf8, 0xee, 0xd7, 0xee,
    0xd7, 0xee, 0xd7, 0xee, 0xf8, 0xee, 0xf8, 0xee, 0xd7, 0xee, 0xf8, 0xee, 0xf8, 0xee, 0xf8, 0xee,
    0xd7, 0xee, 0xf8, 0xee, 0xd7, 0xee, 0xd7, 0xee, 0xf8, 0xee, 0xd7, 0xee, 0xf8, 0xee, 0xf8, 0xee,
    0xf8, 0xee, 0xd7, 0xee, 0xf8, 0xee, 0xf8, 0xee, 0xf8, 0xee, 0xf8, 0xee, 0xf8, 0xee, 0xf8, 0xee,
    0xf8, 0xee, 0xf8, 0xee, 0xf8, 0xee, 0xf8, 0xee, 0xf8, 0xee, 0xf8, 0xee, 0xf8, 0xee, 0xf8, 0xee,
    0xf8, 0xee, 0xf8, 0xee, 0xf8, 0xee, 0xf8, 0xee, 0xf8, 0xee, 0xf8, 0xee, 0xf8, 0xee, 0xf8, 0xee,
    0xf8, 0xee, 0xf8, 0xee, 0xf8, 0xee, 0xf8, 0xee, 0xf8, 0xee, 0xf8, 0xee, 0xf8, 0xee, 0xf8, 0xee,
    0xd7, 0xee, 0xd7, 0xee, 0xd7, 0xee, 0xd7, 0xee, 0xf8, 0xee, 0xf8, 0xee, 0xf8, 0xee, 0xf8, 0xee,
    0xf8, 0xee, 0xf8, 0xee, 0xd7, 0xee, 0xf8, 0xee, 0xd7, 0xee, 0xf8, 0xee, 0xd7, 0xee, 0xf8, 0xee,
    0xf8, 0xee, 0xf8, 0xee, 0xf8, 0xee, 0xf8, 0xee, 0xf8, 0xee, 0xf8, 0xee, 0xd7, 0xee, 0xf8, 0xee,
    0xf8, 0xee, 0xd7, 0xee, 0xf8, 0xee, 0xd7, 0xee, 0xf8, 0xee, 0xd7, 0xee, 0xd7, 0xee, 0xf8, 0xee,
    0xf8, 0xee, 0xd7, 0xee, 0xd7, 0xee, 0xd7, 0xee, 0xd7, 0xee, 0xd7, 0xee, 0xd7, 0xee, 0xf8, 0xee,
    0xd7, 0xee, 0xd7, 0xee, 0xf8, 0xee, 0xf8, 0xee, 0xd7, 0xee, 0xd7, 0xee, 0xd7, 0xee, 0xf8, 0xee,
    0xf8, 0xee, 0xf8, 0xee, 0xf8, 0xee, 0xd7, 0xee, 0xd7, 0xee, 0xf8, 0xee, 0xf8, 0xee, 0xd7, 0xee,
    0xd7, 0xee, 0xf8, 0xee, 0xd7, 0xee, 0xd7, 0xee, 0xf8, 0xee, 0xf8, 0xee, 0xf8, 0xee, 0xf8, 0xee,
    0xf8, 0xee, 0xd7, 0xee, 0xd7, 0xee, 0xf8, 0xee, 0xf8, 0xee, 0xd7, 0xee, 0xf8, 0xee, 0xf8, 0xee,
    0xf8, 0xee, 0xd7, 0xee, 0xd7, 0xee, 0xf8, 0xee, 0xf8, 0xee, 0xf8, 0xee, 0xf8, 0xee, 0xf8, 0xee,
    0xf8, 0xee, 0xf8, 0xee, 0xf8, 0xee, 0xf8, 0xee, 0xd7, 0xee, 0xf8, 0xee, 0xd7, 0xee, 0xd7, 0xee,
    0xd7, 0xee, 0xd7, 0xee, 0xd7, 0xee, 0xd7, 0xee, 0xd7, 0xee, 0xd7, 0xee, 0xd7, 0xee, 0xd7, 0xee,
    0xd7, 0xee, 0xf8, 0xee, 0xf8, 0xee, 0xf8, 0xee, 0xf8, 0xee, 0xf8, 0xee, 0xf8, 0xee, 0xd7, 0xee,
    0xf8, 0xee, 0xd7, 0xee, 0xd7, 0xee, 0xd7, 0xee, 0xd7, 0xee, 0xf8, 0xee, 0xf8, 0xee, 0xf8, 0xee,
    0xd7, 0xee, 0xd7, 0xee, 0xd7, 0xee, 0xd7, 0xee, 0xf8, 0xee, 0xf8, 0xee, 0xd7, 0xee, 0xf8, 0xee,
    0xd7, 0xee, 0xd7, 0xee, 0xd7, 0xee, 0xf8, 0xee, 0xd7, 0xee, 0xf8, 0xee, 0xf8, 0xee, 0xf8, 0xee,
    0xf8, 0xee, 0xd7, 0xee, 0xd7, 0xee, 0xf8, 0xee, 0xd7, 0xee, 0xd7, 0xee, 0xd7, 0xee, 0xf8, 0xee,
    0xf8, 0xee, 0xf8, 0xee, 0xf8, 0xee, 0xf8, 0xee, 0xd7, 0xee, 0xf8, 0xee, 0xf8, 0xee, 0xf8, 0xee,
    0xf8, 0xee, 0xf8, 0xee, 0xf8, 0xee, 0xd7, 0xee, 0xf8, 0xee, 0xd7, 0xee, 0xf8, 0xee, 0xf8, 0xee,
    0xf8, 0xee, 0xd7, 0xee, 0xf8, 0xee, 0xf8, 0xee, 0xf8, 0xee, 0xf8, 0xee, 0xd7, 0xee, 0xd7, 0xee,
    0xf8, 0xee, 0xf8, 0xee, 0xd7, 0xee, 0xd7, 0xee, 0xf8, 0xee, 0xf8, 0xee, 0xd7, 0xee, 0xf8, 0xee,
    0xf8, 0xee, 0xf8, 0xee, 0xd7, 0xee, 0xd7, 0xee, 0xd7, 0xee, 0xd7, 0xee, 0xf8, 0xee, 0xf8, 0xee,
    0xd7, 0xee, 0xf8, 0xee, 0xf8, 0xee, 0xd7, 0xee, 0xd7, 0xee, 0xd7, 0xee, 0xf8, 0xee, 0xf8, 0xee,
    0xf8, 0xee, 0xd7, 0xee, 0xd7, 0xee, 0xd7, 0xee, 0xf8, 0xee, 0xf8, 0xee, 0xd7, 0xee, 0xd7, 0xee,
    0xd7, 0xee, 0xf8, 0xee, 0xf8, 0xee, 0xd7, 0xee, 0xd7, 0xee, 0xf8, 0xee, 0xf8, 0xee, 0xd7, 0xee,
    0xd7, 0xee, 0xd7, 0xee, 0xf8, 0xee, 0xf8, 0xee, 0xf8, 0xee, 0xd7, 0xee, 0xf8, 0xee, 0xf8, 0xee,
    0xf8, 0xee, 0xf8, 0xee, 0xf8, 0xee, 0xf8, 0xee, 0xf8, 0xee, 0xf8, 0xee, 0xf8, 0xee, 0xf8, 0xee,
    0xf8, 0xee, 0xf8, 0xee, 0xf8, 0xee, 0xf8, 0xee, 0xf8, 0xee, 0xf8, 0xee, 0xf8, 0xee, 0xf8, 0xee,
    0xf8, 0xee, 0xf8, 0xee, 0xf8, 0xee, 0xf8, 0xee, 0xf8, 0xee, 0xd7, 0xee, 0xf8, 0xee, 0xd7, 0xee,
    0xf8, 0xee, 0xf8, 0xee, 0xf8, 0xee, 0xf8, 0xee, 0xf8, 0xee, 0xf8, 0xee, 0xf8, 0xee, 0xf8, 0xee,
    0xd7, 0xee, 0xd7, 0xee, 0xd7, 0xee, 0xf8, 0xee, 0xf8, 0xee, 0xf8, 0xee, 0xf8, 0xee, 0xd7, 0xee,
    0xd7, 0xee, 0xd7, 0xee, 0xd7, 0xee, 0xd7, 0xee, 0xd7, 0xee, 0xd7, 0xee, 0xf8, 0xee, 0xf8, 0xee,
    0xf8, 0xee, 0xf8, 0xee, 0xf8, 0xee, 0xd7, 0xee, 0xd7, 0xee, 0xd7, 0xee, 0xd7, 0xee, 0xd7, 0xee,
    0xf8, 0xee, 0xf8, 0xee, 0xf8, 0xee, 0xf8, 0xee, 0xd7, 0xee, 0xf8, 0xee, 0xd7, 0xee, 0xf8, 0xee,
    0xd7, 0xee, 0xd7, 0xee, 0xd7, 0xee, 0xd7, 0xee, 0xd7, 0xee, 0xf8, 0xee, 0xf8, 0xee, 0xf8, 0xee,
    0xf8, 0xee, 0xd7, 0xee, 0xf8, 0xee, 0xf8, 0xee, 0xd7, 0xee, 0xd7, 0xee, 0xf8, 0xee, 0xf8, 0xee,
    0xf8, 0xee, 0xf8, 0xee, 0xf8, 0xee, 0xf8, 0xee, 0xf8, 0xee, 0xf8, 0xee, 0xf8, 0xee, 0xd7, 0xee,
    0xd7, 0xee, 0xf8, 0xee, 0xd7, 0xee, 0xd7, 0xee, 0xd7, 0xee, 0xf8, 0xee, 0xf8, 0xee, 0xf8, 0xee,
    0xf8, 0xee, 0xf8, 0xee, 0xd7, 0xee, 0xf8, 0xee, 0xd7, 0xee, 0xd7, 0xee, 0xf8, 0xee, 0xf8, 0xee,
    0xf8, 0xee, 0xf8, 0xee, 0xf8, 0xee, 0xf8, 0xee, 0xd7, 0xee, 0xf8, 0xee, 0xf8, 0xee, 0xd7, 0xee,
    0xd7, 0xee, 0xd7, 0xee, 0xb6, 0xee, 0xd7, 0xee, 0xd7, 0xee, 0xd7, 0xee, 0xd7, 0xee, 0xd7, 0xee,
    0xd7, 0xee, 0xd7, 0xee, 0xf8, 0xee, 0xf8, 0xee, 0xf8, 0xee, 0xd7, 0xee, 0xd7, 0xee, 0xd7, 0xee,
    0xd7, 0xee, 0xd7, 0xee, 0xd7, 0xee, 0xf8, 0xee, 0xf8, 0xee, 0xf8, 0xee, 0xd7, 0xee, 0xd7, 0xee,
    0xd7, 0xee, 0xd7, 0xee, 0xf8, 0xee, 0xd7, 0xee, 0xd7, 0xee, 0xf8, 0xee, 0xf8, 0xee, 0xd7, 0xee,
    0xd7, 0xee, 0xf8, 0xee, 0xd7, 0xee, 0xf8, 0xee, 0xd7, 0xee, 0xf8, 0xee, 0xd7, 0xee, 0xd7, 0xee,
    0xd7, 0xee, 0xd7, 0xee, 0xf8, 0xee, 0xf8, 0xee, 0xf8, 0xee, 0xf8, 0xee, 0xf8, 0xee, 0xf8, 0xee,
    0xf8, 0xee, 0xd7, 0xee, 0xd7, 0xee, 0xd7, 0xee, 0xf8, 0xee, 0xd7, 0xee, 0xd7, 0xee, 0xf8, 0xee,
    0xf8, 0xee, 0xf8, 0xee, 0xd7, 0xee, 0xf8, 0xee, 0xf8, 0xee, 0xf8, 0xee, 0xf8, 0xee, 0xf8, 0xee,
    0xf8, 0xee, 0xf8, 0xee, 0xf8, 0xee, 0xd7, 0xee, 0xd7, 0xee, 0xf8, 0xee, 0xd7, 0xee, 0xf8, 0xee,
    0xf8, 0xee, 0xf8, 0xee, 0xd7, 0xee, 0xf8, 0xee, 0xf8, 0xee, 0xf8, 0xee, 0xf8, 0xee, 0xf8, 0xee,
    0xf8, 0xee, 0xf8, 0xee, 0xd7, 0xee, 0xf8, 0xee, 0xf8, 0xee, 0xf8, 0xee, 0xd7, 0xee, 0xf8, 0xee,
    0xf8, 0xee, 0xd7, 0xee, 0xd7, 0xee, 0xf8, 0xee, 0xd7, 0xee, 0xd7, 0xee, 0xd7, 0xee, 0xd7, 0xee,
    0xd7, 0xee, 0xf8, 0xee, 0xf8, 0xee, 0xd7, 0xee, 0xd7, 0xee, 0xd7, 0xee, 0xf8, 0xee, 0xf8, 0xee,
    0xf8, 0xee, 0xd7, 0xee, 0xd7, 0xee, 0xf8, 0xee, 0xf8, 0xee, 0xf8, 0xee, 0xd7, 0xee, 0xf8, 0xee,
    0xf8, 0xee, 0xf8, 0xee, 0xd7, 0xee, 0xd7, 0xee, 0xd7, 0xee, 0xd7, 0xee, 0xd7, 0xee, 0xf8, 0xee,
    0xf8, 0xee, 0xf8, 0xee, 0xd7, 0xee, 0xf8, 0xee, 0xf8, 0xee, 0xd7, 0xee, 0xd7, 0xee, 0xf8, 0xee,
    0xf8, 0xee, 0xf8, 0xee, 0xf8, 0xee, 0xf8, 0xee, 0xf8, 0xee, 0xf8, 0xee, 0xf8, 0xee, 0xf8, 0xee,
    0xf8, 0xee, 0xf8, 0xee, 0xf8, 0xee, 0xf8, 0xee, 0xf8, 0xee, 0xf8, 0xee, 0xf8, 0xee, 0xf8, 0xee,
    0xd7, 0xee, 0xf8, 0xee, 0xf8, 0xee, 0xf8, 0xee, 0xd7, 0xee, 0xd7, 0xee, 0xf8, 0xee, 0xd7, 0xee,
    0xd7, 0xee, 0xf8, 0xee, 0xf8, 0xee, 0xf8, 0xee, 0xf8, 0xee, 0xf8, 0xee, 0xf8, 0xee, 0xd7, 0xee,
    0xd7, 0xee, 0xd7, 0xee, 0xd7, 0xee, 0xd7, 0xee, 0xf8, 0xee, 0xf8, 0xee, 0xf8, 0xee, 0xf8, 0xee,
    0xf8, 0xee, 0xf8, 0xee, 0xd7, 0xee, 0xd7, 0xee, 0xf8, 0xee, 0xf8, 0xee, 0xf8, 0xee, 0xf8, 0xee,
    0xf8, 0xee, 0xf8, 0xee, 0xf8, 0xee, 0xf8, 0xee, 0xd7, 0xee, 0xd7, 0xee, 0xf8, 0xee, 0xd7, 0xee,
    0xd7, 0xee, 0xf8, 0xee, 0xf8, 0xee, 0xf8, 0xee, 0xf8, 0xee, 0xf8, 0xee, 0xf8, 0xee, 0xf8, 0xee,
    0xf8, 0xee, 0xf8, 0xee, 0xd7, 0xee, 0xf8, 0xee, 0xf8, 0xee, 0xf8, 0xee, 0xf8, 0xee, 0xd7, 0xee,
    0xd7, 0xee, 0xd7, 0xee, 0xd7, 0xee, 0xf8, 0xee, 0xf8, 0xee, 0xd7, 0xee, 0xf8, 0xee, 0xf8, 0xee,
    0xf8, 0xee, 0xd7, 0xee, 0xf8, 0xee, 0xf8, 0xee, 0xd7, 0xee, 0xf8, 0xee, 0xf8, 0xee, 0xf8, 0xee,
    0xd7, 0xee, 0xd7, 0xee, 0xd7, 0xee, 0xd7, 0xee, 0xf8, 0xee, 0xf8, 0xee, 0xf8, 0xee, 0xf8, 0xee,
    0xf8, 0xee, 0xf8, 0xee, 0xd7, 0xee, 0xd7, 0xee, 0xf8, 0xee, 0xf8, 0xee, 0xf8, 0xee, 0xd7, 0xee,
    0xd7, 0xee, 0xd7, 0xee, 0xb6, 0xe6, 0xb6, 0xe6, 0xb6, 0xe6, 0xd7, 0xee, 0xd7, 0xee, 0xd7, 0xee,
    0xf8, 0xee, 0xd7, 0xee, 0xd7, 0xee, 0xd7, 0xee, 0xf8, 0xee, 0xf8, 0xee, 0xf8, 0xee, 0xf8, 0xee,
    0xf8, 0xee, 0xf8, 0xee, 0xf8, 0xee, 0xf8, 0xee, 0xf8, 0xee, 0xf8, 0xee, 0xf8, 0xee, 0xd7, 0xee,
    0xd7, 0xee, 0xd7, 0xee, 0xd7, 0xee, 0xd7, 0xee, 0xd7, 0xee, 0xd7, 0xee, 0xd7, 0xee, 0xf8, 0xee,
    0xd7, 0xee, 0xd7, 0xee, 0xd7, 0xee, 0xd7, 0xee, 0xd7, 0xee, 0xf8, 0xee, 0xf8, 0xee, 0xf8, 0xee,
    0xf8, 0xee, 0xd7, 0xee, 0xd7, 0xee, 0xf8, 0xee, 0xd7, 0xee, 0xd7, 0xee, 0xd7, 0xee, 0xf8, 0xee,
    0xd7, 0xee, 0xd7, 0xee, 0xf8, 0xee, 0xf8, 0xee, 0xf8, 0xee, 0xd7, 0xee, 0xf8, 0xee, 0xd7, 0xee,
    0xf8, 0xee, 0xd7, 0xee, 0xd7, 0xee, 0xd7, 0xee, 0xf8, 0xee, 0xd7, 0xee, 0xf8, 0xee, 0xf8, 0xee,
    0xf8, 0xee, 0xf8, 0xee, 0xf8, 0xee, 0xf8, 0xee, 0xd7, 0xee, 0xf8, 0xee, 0xf8, 0xee, 0xf8, 0xee,
    0xd7, 0xee, 0xf8, 0xee, 0xf8, 0xee, 0xd7, 0xee, 0xd7, 0xee, 0xf8, 0xee, 0xd7, 0xee, 0xf8, 0xee,
    0xf8, 0xee, 0xf8, 0xee, 0xf8, 0xee, 0xd7, 0xee, 0xd7, 0xee, 0xd7, 0xee, 0xf8, 0xee, 0xf8, 0xee,
    0xf8, 0xee, 0xd7, 0xee, 0xf8, 0xee, 0xd7, 0xee, 0xf8, 0xee, 0xf8, 0xee, 0xf8, 0xee, 0xd7, 0xee,
    0xd7, 0xee, 0xd7, 0xee, 0xd7, 0xee, 0xd7, 0xee, 0xf8, 0xee, 0xd7, 0xee, 0xd7, 0xee, 0xd7, 0xee,
    0xf8, 0xee, 0xf8, 0xee, 0xf8, 0xee, 0xf8, 0xee, 0xf8, 0xee, 0xd7, 0xee, 0xf8, 0xee, 0xf8, 0xee,
    0xf8, 0xee, 0xd7, 0xee, 0xd7, 0xee, 0xf8, 0xee, 0xf8, 0xee, 0xf8, 0xee, 0xf8, 0xee, 0xf8, 0xee,
    0xf8, 0xee, 0xf8, 0xee, 0xf8, 0xee, 0xf8, 0xee, 0xf8, 0xee, 0xd7, 0xee, 0xd7, 0xee, 0xf8, 0xee,
    0xf8, 0xee, 0xf8, 0xee, 0xf8, 0xee, 0xf8, 0xee, 0xf8, 0xee, 0xd7, 0xee, 0xd7, 0xee, 0xf8, 0xee,
    0xf8, 0xee, 0xf8, 0xee, 0xf8, 0xee, 0xf8, 0xee, 0xf8, 0xee, 0xf8, 0xee, 0xf8, 0xee, 0xf8, 0xee,
    0xd7, 0xee, 0xd7, 0xee, 0xf8, 0xee, 0xf8, 0xee, 0xf8, 0xee, 0xd7, 0xee, 0xf8, 0xee, 0xf8, 0xee,
    0xf8, 0xee, 0xf8, 0xee, 0xd7, 0xee, 0xd7, 0xee, 0xd7, 0xee, 0xf8, 0xee, 0xf8, 0xee, 0xf8, 0xee,
    0xf8, 0xee, 0xf8, 0xee, 0xf8, 0xee, 0xf8, 0xee, 0xf8, 0xee, 0xd7, 0xee, 0xd7, 0xee, 0xd7, 0xee,
    0xd7, 0xee, 0xd7, 0xee, 0xd7, 0xee, 0xd7, 0xee, 0xd7, 0xee, 0xf8, 0xee, 0xf8, 0xee, 0xf8, 0xee,
    0xf8, 0xee, 0xf8, 0xee, 0xd7, 0xee, 0xd7, 0xee, 0xf8, 0xee, 0xf8, 0xee, 0xd7, 0xee, 0xd7, 0xee,
    0xf8, 0xee, 0xf8, 0xee, 0xd7, 0xee, 0xd7, 0xee, 0xd7, 0xee, 0xd7, 0xee, 0xf8, 0xee, 0xd7, 0xee,
    0xd7, 0xee, 0xf8, 0xee, 0xf8, 0xee, 0xf8, 0xee, 0xf8, 0xee, 0xf8, 0xee, 0xf8, 0xee, 0xd7, 0xee,
    0xd7, 0xee, 0xf8, 0xee, 0xd7, 0xee, 0xf8, 0xee, 0xf8, 0xee, 0xf8, 0xee, 0xd7, 0xee, 0xd7, 0xee,
    0xf8, 0xee, 0xf8, 0xee, 0xd7, 0xee, 0xf8, 0xee, 0xf8, 0xee, 0xd7, 0xee, 0xf8, 0xee, 0xf8, 0xee,
    0xd7, 0xee, 0xf8, 0xee, 0xf8, 0xee, 0xd7, 0xee, 0xd7, 0xee, 0xf8, 0xee, 0xf8, 0xee, 0xd7, 0xee,
    0xd7, 0xee, 0xd7, 0xee, 0xd7, 0xee, 0xd7, 0xee, 0xf8, 0xee, 0xf8, 0xee, 0xf8, 0xee, 0xf8, 0xee,
    0xf8, 0xee, 0xf8, 0xee, 0xd7, 0xee, 0xd7, 0xee, 0xf8, 0xee, 0xd7, 0xee, 0xd7, 0xee, 0xd7, 0xee,
    0xd7, 0xee, 0xd7, 0xee, 0xd7, 0xee, 0xd7, 0xee, 0xd7, 0xee, 0xd7, 0xee, 0xf8, 0xee, 0xf8, 0xee,
    0xd7, 0xee, 0xd7, 0xee, 0xf8, 0xee, 0xf8, 0xee, 0xf8, 0xee, 0xf8, 0xee, 0xf8, 0xee, 0xd7, 0xee,
    0xf8, 0xee, 0xf8, 0xee, 0xf8, 0xee, 0xf8, 0xee, 0xf8, 0xee, 0xf8, 0xee, 0xf8, 0xee, 0xd7, 0xee,
    0xd7, 0xee, 0xd7, 0xee, 0xd7, 0xee, 0xd7, 0xee, 0xd7, 0xee, 0xd7, 0xee, 0xd7, 0xee, 0xf8, 0xee,
    0xd7, 0xee, 0xd7, 0xee, 0xd7, 0xee, 0xd7, 0xee, 0xd7, 0xee, 0xf8, 0xee, 0xf8, 0xee, 0xd7, 0xee,
    0xf8, 0xee, 0xd7, 0xee, 0xd7, 0xee, 0xf8, 0xee, 0xf8, 0xee, 0xd7, 0xee, 0xd7, 0xee, 0xd7, 0xee,
    0xd7, 0xee, 0xd7, 0xee, 0xf8, 0xee, 0xf8, 0xee, 0xd7, 0xee, 0xd7, 0xee, 0xf8, 0xee, 0xf8, 0xee,
    0xf8, 0xee, 0xd7, 0xee, 0xf8, 0xee, 0xf8, 0xee, 0xd7, 0xee, 0xf8, 0xee, 0xf8, 0xee, 0xf8, 0xee,
    0xf8, 0xee, 0xf8, 0xee, 0xf8, 0xee, 0xf8, 0xee, 0xf8, 0xee, 0xf8, 0xee, 0xf8, 0xee, 0xf8, 0xee,
    0xf8, 0xee, 0xf8, 0xee, 0xd7, 0xee, 0xf8, 0xee, 0xf8, 0xee, 0xf8, 0xee, 0xf8, 0xee, 0xf8, 0xee,
    0xd7, 0xee, 0xf8, 0xee, 0xf8, 0xee, 0xf8, 0xee, 0xd7, 0xee, 0xf8, 0xee, 0xf8, 0xee, 0xd7, 0xee,
    0xf8, 0xee, 0xd7, 0xee, 0xf8, 0xee, 0xf8, 0xee, 0xf8, 0xee, 0xf8, 0xee, 0xd7, 0xee, 0xd7, 0xee,
    0xd7, 0xee, 0xd7, 0xee, 0xf8, 0xee, 0xd7, 0xee, 0xf8, 0xee, 0xd7, 0xee, 0xf8, 0xee, 0xf8, 0xee,
    0xf8, 0xee, 0xf8, 0xee, 0xf8, 0xee, 0xf8, 0xee, 0xf8, 0xee, 0xf8, 0xee, 0xd7, 0xee, 0xf8, 0xee,
    0xd7, 0xee, 0xd7, 0xee, 0xf8, 0xee, 0xf8, 0xee, 0xf8, 0xee, 0xf8, 0xee, 0xf8, 0xee, 0xf8, 0xee,
    0xf8, 0xee, 0xf8, 0xee, 0xf8, 0xee, 0xf8, 0xee, 0xf8, 0xee, 0xf8, 0xee, 0xf8, 0xee, 0xf8, 0xee,
    0xf8, 0xee, 0xf8, 0xee, 0xf8, 0xee, 0xf8, 0xee, 0xf8, 0xee, 0xf8, 0xee, 0xf8, 0xee, 0xf8, 0xee,
    0xf8, 0xee, 0xf8, 0xee, 0xf8, 0xee, 0xf8, 0xee, 0xf8, 0xee, 0xf8, 0xee, 0xf8, 0xee, 0xd7, 0xee,
    0xf8, 0xee, 0xf8, 0xee, 0xf8, 0xee, 0xf8, 0xee, 0xf8, 0xee, 0xf8, 0xee, 0xd7, 0xee, 0xf8, 0xee,
    0xf8, 0xee, 0xf8, 0xee, 0xf8, 0xee, 0xf8, 0xee, 0xf8, 0xee, 0xf8, 0xee, 0xf8, 0xee, 0xf8, 0xee,
    0xf8, 0xee, 0xf8, 0xee, 0xd7, 0xee, 0xf8, 0xee, 0xd7, 0xee, 0xd7, 0xee, 0xf8, 0xee, 0xf8, 0xee,
    0xf8, 0xee, 0xd7, 0xee, 0xd7, 0xee, 0xf8, 0xee, 0xf8, 0xee, 0xf8, 0xee, 0xf8, 0xee, 0xf8, 0xee,
    0xf8, 0xee, 0xf8, 0xee, 0xd7, 0xee, 0xf8, 0xee, 0xd7, 0xee, 0xf8, 0xee, 0xf8, 0xee, 0xf8, 0xee,
    0xd7, 0xee, 0xf8, 0xee, 0xf8, 0xee, 0xd7, 0xee, 0xd7, 0xee, 0xf8, 0xee, 0xf8, 0xee, 0xd7, 0xee,
    0xd7, 0xee, 0xd7, 0xee, 0xf8, 0xee, 0xf8, 0xee, 0xd7, 0xee, 0xf8, 0xee, 0xd7, 0xee, 0xd7, 0xee,
    0xf8, 0xee, 0xd7, 0xee, 0xd7, 0xee, 0xf8, 0xee, 0xf8, 0xee, 0xf8, 0xee, 0xf8, 0xee, 0xf8, 0xee,
    0xf8, 0xee, 0xd7, 0xee, 0xd7, 0xee, 0xf8, 0xee, 0xd7, 0xee, 0xd7, 0xee, 0xf8, 0xee, 0xf8, 0xee,
    0xd7, 0xee, 0xf8, 0xee, 0xf8, 0xee, 0xd7, 0xee, 0xd7, 0xee, 0xf8, 0xee, 0xf8, 0xee, 0xf8, 0xee,
    0xd7, 0xee, 0xd7, 0xee, 0xd7, 0xee, 0xd7, 0xee, 0xd7, 0xee, 0xf8, 0xee, 0xf8, 0xee, 0xf8, 0xee,
    0xf8, 0xee, 0xd7, 0xee, 0xd7, 0xee, 0xf8, 0xee, 0xd7, 0xee, 0xd7, 0xee, 0xd7, 0xee, 0xd7, 0xee,
    0xd7, 0xee, 0xd7, 0xee, 0xd7, 0xee, 0xd7, 0xee, 0xf8, 0xee, 0xf8, 0xee, 0xf8, 0xee, 0xf8, 0xee,
    0xf8, 0xee, 0xf8, 0xee, 0xf8, 0xee, 0xf8, 0xee, 0xf8, 0xee, 0xf8, 0xee, 0xf8, 0xee, 0xd7, 0xee,
    0xf8, 0xee, 0xf8, 0xee, 0xf8, 0xee, 0xf8, 0xee, 0xd7, 0xee, 0xd7, 0xee, 0xd7, 0xee, 0xd7, 0xee,
    0xd7, 0xee, 0xf8, 0xee, 0xd7, 0xee, 0xf8, 0xee, 0xd7, 0xee, 0xd7, 0xee, 0xf8, 0xee, 0xf8, 0xee,
    0xd7, 0xee, 0xf8, 0xee, 0xf8, 0xee, 0xd7, 0xee, 0xf8, 0xee, 0xd7, 0xee, 0xd7, 0xee, 0xf8, 0xee,
    0xd7, 0xee, 0xd7, 0xee, 0xd7, 0xee, 0xd7, 0xee, 0xf8, 0xee, 0xf8, 0xee, 0xf8, 0xee, 0xd7, 0xee,
    0xf8, 0xee, 0xf8, 0xee, 0xd7, 0xee, 0xf8, 0xee, 0xf8, 0xee, 0xf8, 0xee, 0xf8, 0xee, 0xf8, 0xee,
    0xf8, 0xee, 0xf8, 0xee, 0xf8, 0xee, 0xf8, 0xee, 0xf8, 0xee, 0xd7, 0xee, 0xf8, 0xee, 0xf8, 0xee,
    0xf8, 0xee, 0xf8, 0xee, 0xf8, 0xee, 0xf8, 0xee, 0xf8, 0xee, 0xf8, 0xee, 0xf8, 0xee, 0xf8, 0xee,
    0xf8, 0xee, 0xf8, 0xee, 0xd7, 0xee, 0xd7, 0xee, 0xf8, 0xee, 0xf8, 0xee, 0xf8, 0xee, 0xf8, 0xee,
    0xf8, 0xee, 0xd7, 0xee, 0xf8, 0xee, 0xf8, 0xee, 0xd7, 0xee, 0xf8, 0xee, 0xf8, 0xee, 0xd7, 0xee,
    0xd7, 0xee, 0xd7, 0xee, 0xf8, 0xee, 0xf8, 0xee, 0xd7, 0xee, 0xf8, 0xee, 0xd7, 0xee, 0xd7, 0xee,
    0xf8, 0xee, 0xf8, 0xee, 0xf8, 0xee, 0xf8, 0xee, 0xf8, 0xee, 0xd7, 0xee, 0xf8, 0xee, 0xf8, 0xee,
    0xf8, 0xee, 0xf8, 0xee, 0xf8, 0xee, 0xf8, 0xee, 0xd7, 0xee, 0xd7, 0xee, 0xd7, 0xee, 0xd7, 0xee,
    0xd7, 0xee, 0xf8, 0xee, 0xf8, 0xee, 0xf8, 0xee, 0xf8, 0xee, 0xf8, 0xee, 0xf8, 0xee, 0xf8, 0xee,
    0xf8, 0xee, 0xf8, 0xee, 0xd7, 0xee, 0xf8, 0xee, 0xf8, 0xee, 0xf8, 0xee, 0xf8, 0xee, 0xf8, 0xee,
    0xf8, 0xee, 0xf8, 0xee, 0xf8, 0xee, 0xf8, 0xee, 0xf8, 0xee, 0xf8, 0xee, 0xf8, 0xee, 0xf8, 0xee,
    0xf8, 0xee, 0xf8, 0xee, 0xf8, 0xee, 0xf8, 0xee, 0xf8, 0xee, 0xf8, 0xee, 0xf8, 0xee, 0xf8, 0xee,
    0xf8, 0xee, 0xf8, 0xee, 0xf8, 0xee, 0xf8, 0xee, 0xf8, 0xee, 0xf8, 0xee, 0xf8, 0xee, 0xf8, 0xee,
    0xf8, 0xee, 0xf8, 0xee, 0xf8, 0xee, 0xf8, 0xee, 0xf8, 0xee, 0xf8, 0xee, 0xf8, 0xee, 0xd7, 0xee,
    0xd7, 0xee, 0xd7, 0xee, 0xd7, 0xee, 0xd7, 0xee, 0xf8, 0xee, 0xf8, 0xee, 0xf8, 0xee, 0xf8, 0xee,
    0xf8, 0xee, 0xf8, 0xee, 0xd7, 0xee, 0xf8, 0xee, 0xf8, 0xee, 0xf8, 0xee, 0xf8, 0xee, 0xd7, 0xee,
    0xf8, 0xee, 0xf8, 0xee, 0xf8, 0xee, 0xf8, 0xee, 0xf8, 0xee, 0xd7, 0xee, 0xf8, 0xee, 0xd7, 0xee,
    0xf8, 0xee, 0xf8, 0xee, 0xf8, 0xee, 0xd7, 0xee, 0xd7, 0xee, 0xd7, 0xee, 0xf8, 0xee, 0xf8, 0xee,
    0xf8, 0xee, 0xf8, 0xee, 0xf8, 0xee, 0xf8, 0xee, 0xf8, 0xee, 0xd7, 0xee, 0xd7, 0xee, 0xd7, 0xee,
    0xd7, 0xee, 0xd7, 0xee, 0xd7, 0xee, 0xd7, 0xee, 0xf8, 0xee, 0xf8, 0xee, 0xf8, 0xee, 0xf8, 0xee,
    0xf8, 0xee, 0xd7, 0xee, 0xd7, 0xee, 0xf8, 0xee, 0xf8, 0xee, 0xd7, 0xee, 0xf8, 0xee, 0xf8, 0xee,
    0xd7, 0xee, 0xd7, 0xee, 0xd7, 0xee, 0xb6, 0xe6, 0xd7, 0xee, 0xf8, 0xee, 0xf8, 0xee, 0xf8, 0xee,
    0xf8, 0xee, 0xd7, 0xee, 0xd7, 0xee, 0xd7, 0xee, 0xd7, 0xee, 0xd7, 0xee, 0xd7, 0xee, 0xd7, 0xee,
    0xf8, 0xee, 0xd7, 0xee, 0xd7, 0xee, 0xd7, 0xee, 0xd7, 0xee, 0xd7, 0xee, 0xf8, 0xee, 0xf8, 0xee,
    0xf8, 0xee, 0xf8, 0xee, 0xf8, 0xee, 0xf8, 0xee, 0xf8, 0xee, 0xd7, 0xee, 0xf8, 0xee, 0xf8, 0xee,
    0xf8, 0xee, 0xd7, 0xee, 0xf8, 0xee, 0xd7, 0xee, 0xf8, 0xee, 0xf8, 0xee, 0xf8, 0xee, 0xf8, 0xee,
    0xf8, 0xee, 0xd7, 0xee, 0xf8, 0xee, 0xf8, 0xee, 0xd7, 0xee, 0xd7, 0xee, 0xd7, 0xee, 0xf8, 0xee,
    0xf8, 0xee, 0xf8, 0xee, 0xf8, 0xee, 0xf8, 0xee, 0xf8, 0xee, 0xd7, 0xee, 0xd7, 0xee, 0xf8, 0xee,
    0xd7, 0xee, 0xf8, 0xee, 0xd7, 0xee, 0xd7, 0xee, 0xd7, 0xee, 0xd7, 0xee, 0xf8, 0xee, 0xf8, 0xee,
    0xd7, 0xee, 0xf8, 0xee, 0xd7, 0xee, 0xf8, 0xee, 0xf8, 0xee, 0xf8, 0xee, 0xf8, 0xee, 0xd7, 0xee,
    0xf8, 0xee, 0xd7, 0xee, 0xd7, 0xee, 0xd7, 0xee, 0xf8, 0xee, 0xf8, 0xee, 0xf8, 0xee, 0xf8, 0xee,
    0xd7, 0xee, 0xf8, 0xee, 0xf8, 0xee, 0xf8, 0xee, 0xd7, 0xee, 0xf8, 0xee, 0xd7, 0xee, 0xf8, 0xee,
    0xf8, 0xee, 0xd7, 0xee, 0xf8, 0xee, 0xf8, 0xee, 0xf8, 0xee, 0xf8, 0xee, 0xf8, 0xee, 0xf8, 0xee,
    0xf8, 0xee, 0xd7, 0xee, 0xd7, 0xee, 0xf8, 0xee, 0xf8, 0xee, 0xf8, 0xee, 0xf8, 0xee, 0xf8, 0xee,
    0xf8, 0xee, 0xf8, 0xee, 0xd7, 0xee, 0xd7, 0xee, 0xd7, 0xee, 0xf8, 0xee, 0xf8, 0xee, 0xd7, 0xee,
    0xd7, 0xee, 0xd7, 0xee, 0xf8, 0xee, 0xd7, 0xee, 0xd7, 0xee, 0xf8, 0xee, 0xf8, 0xee, 0xf8, 0xee,
    0xd7, 0xee, 0xf8, 0xee, 0xf8, 0xee, 0xf8, 0xee, 0xf8, 0xee, 0xd7, 0xee, 0xf8, 0xee, 0xf8, 0xee,
    0xf8, 0xee, 0xf8, 0xee, 0xf8, 0xee, 0xf8, 0xee, 0xd7, 0xee, 0xd7, 0xee, 0xd7, 0xee, 0xb6, 0xee,
    0xd7, 0xee, 0xf8, 0xee, 0xf8, 0xee, 0xf8, 0xee, 0xf8, 0xee, 0xf8, 0xee, 0xf8, 0xee, 0xf8, 0xee,
    0xf8, 0xee, 0xf8, 0xee, 0xf8, 0xee, 0xf8, 0xee, 0xf8, 0xee, 0xf8, 0xee, 0xf8, 0xee, 0xf8, 0xee,
    0xf8, 0xee, 0xf8, 0xee, 0xf8, 0xee, 0xf8, 0xee, 0xf8, 0xee, 0xf8, 0xee, 0xf8, 0xee, 0xf8, 0xee,
    0xf8, 0xee, 0xf8, 0xee, 0xf8, 0xee, 0xf8, 0xee, 0xf8, 0xee, 0xf8, 0xee, 0xf8, 0xee, 0xd7, 0xee,
    0xf8, 0xee, 0xf8, 0xee, 0xf8, 0xee, 0xf8, 0xee, 0xf8, 0xee, 0xf8, 0xee, 0xf8, 0xee, 0xf8, 0xee,
    0xf8, 0xee, 0xf8, 0xee, 0xf8, 0xee, 0xf8, 0xee, 0xd7, 0xee, 0xf8, 0xee, 0xd7, 0xee, 0xd7, 0xee,
    0xd7, 0xee, 0xd7, 0xee, 0xd7, 0xee, 0xf8, 0xee, 0xf8, 0xee, 0xf8, 0xee, 0xf8, 0xee, 0xf8, 0xee,
    0xf8, 0xee, 0xf8, 0xee, 0xf8, 0xee, 0xf8, 0xee, 0xd7, 0xee, 0xf8, 0xee, 0xf8, 0xee, 0xd7, 0xee,
    0xf8, 0xee, 0xf8, 0xee, 0xf8, 0xee, 0xf8, 0xee, 0xf8, 0xee, 0xd7, 0xee, 0xd7, 0xee, 0xf8, 0xee,
    0xf8, 0xee, 0xf8, 0xee, 0xf8, 0xee, 0xd7, 0xee, 0xd7, 0xee, 0xd7, 0xee, 0xf8, 0xee, 0xd7, 0xee,
    0xf8, 0xee, 0xd7, 0xee, 0xf8, 0xee, 0xd7, 0xee, 0xf8, 0xee, 0xf8, 0xee, 0xd7, 0xee, 0xd7, 0xee,
    0xd7, 0xee, 0xf8, 0xee, 0xd7, 0xee, 0xf8, 0xee, 0xf8, 0xee, 0xf8, 0xee, 0xd7, 0xee, 0xf8, 0xee,
    0xd7, 0xee, 0xd7, 0xee, 0xd7, 0xee, 0xd7, 0xee, 0xd7, 0xee, 0xb6, 0xe6, 0xb6, 0xee, 0xd7, 0xee,
    0xd7, 0xee, 0xd7, 0xee, 0xd7, 0xee, 0xd7, 0xee, 0xd7, 0xee, 0xd7, 0xee, 0xf8, 0xee, 0xd7, 0xee,
    0xd7, 0xee, 0xd7, 0xee, 0xf8, 0xee, 0xf8, 0xee, 0xd7, 0xee, 0xd7, 0xee, 0xd7, 0xee, 0xd7, 0xee,
    0xd7, 0xee, 0xd7, 0xee, 0xd7, 0xee, 0xd7, 0xee, 0xd7, 0xee, 0xf8, 0xee, 0xf8, 0xee, 0xf8, 0xee,
    0xf8, 0xee, 0xf8, 0xee, 0xf8, 0xee, 0xf8, 0xee, 0xf8, 0xee, 0xf8, 0xee, 0xd7, 0xee, 0xf8, 0xee,
    0xd7, 0xee, 0xd7, 0xee, 0xf8, 0xee, 0xf8, 0xee, 0xf8, 0xee, 0xf8, 0xee, 0xf8, 0xee, 0xf8, 0xee,
    0xd7, 0xee, 0xf8, 0xee, 0xf8, 0xee, 0xf8, 0xee, 0xf8, 0xee, 0xf8, 0xee, 0xd7, 0xee, 0xf8, 0xee,
    0xf8, 0xee, 0xf8, 0xee, 0xf8, 0xee, 0xf8, 0xee, 0xf8, 0xee, 0xf8, 0xee, 0xd7, 0xee, 0xf8, 0xee,
    0xf8, 0xee, 0xd7, 0xee, 0xd7, 0xee, 0xd7, 0xee, 0xf8, 0xee, 0xd7, 0xee, 0xf8, 0xee, 0xf8, 0xee,
    0xf8, 0xee, 0xd7, 0xee, 0xf8, 0xee, 0xf8, 0xee, 0xf8, 0xee, 0xf8, 0xee, 0xf8, 0xee, 0xf8, 0xee,
    0xf8, 0xee, 0xf8, 0xee, 0xd7, 0xee, 0xd7, 0xee, 0xf8, 0xee, 0xf8, 0xee, 0xf8, 0xee, 0xf8, 0xee,
    0xf8, 0xee, 0xf8, 0xee, 0xd7, 0xee, 0xf8, 0xee, 0xf8, 0xee, 0xf8, 0xee, 0xf8, 0xee, 0xd7, 0xee,
    0xf8, 0xee, 0xf8, 0xee, 0xf8, 0xee, 0xf8, 0xee, 0xf8, 0xee, 0xf8, 0xee, 0xf8, 0xee, 0xf8, 0xee,
    0xf8, 0xee, 0xf8, 0xee, 0xf8, 0xee, 0xf8, 0xee, 0xf8, 0xee, 0xf8, 0xee, 0xf8, 0xee, 0xf8, 0xee,
    0xf8, 0xee, 0xf8, 0xee, 0xf8, 0xee, 0xd7, 0xee, 0xd7, 0xee, 0xd7, 0xee, 0xf8, 0xee, 0xd7, 0xee,
    0xd7, 0xee, 0xd7, 0xee, 0xf8, 0xee, 0xd7, 0xee, 0xf8, 0xee, 0xf8, 0xee, 0xf8, 0xee, 0xf8, 0xee,
    0xd7, 0xee, 0xf8, 0xee, 0xd7, 0xee, 0xf8, 0xee, 0xf8, 0xee, 0xd7, 0xee, 0xf8, 0xee, 0xf8, 0xee,
    0xf8, 0xee, 0xf8, 0xee, 0xf8, 0xee, 0xf8, 0xee, 0xf8, 0xee, 0xd7, 0xee, 0xd7, 0xee, 0xb6, 0xee,
    0xd7, 0xee, 0xd7, 0xee, 0xd7, 0xee, 0xf8, 0xee, 0xf8, 0xee, 0xf8, 0xee, 0xf8, 0xee, 0xf8, 0xee,
    0xf8, 0xee, 0xf8, 0xee, 0xf8, 0xee, 0xf8, 0xee, 0xf8, 0xee, 0xf8, 0xee, 0xf8, 0xee, 0xd7, 0xee,
    0xd7, 0xee, 0xf8, 0xee, 0xf8, 0xee, 0xf8, 0xee, 0xf8, 0xee, 0xf8, 0xee, 0xf8, 0xee, 0xf8, 0xee,
    0xf8, 0xee, 0xf8, 0xee, 0xf8, 0xee, 0xf8, 0xee, 0xf8, 0xee, 0xf8, 0xee, 0xf8, 0xee, 0xd7, 0xee,
    0xd7, 0xee, 0xf8, 0xee, 0xf8, 0xee, 0xf8, 0xee, 0xf8, 0xee, 0xf8, 0xee, 0xf8, 0xee, 0xf8, 0xee,
    0xf8, 0xee, 0xf8, 0xee, 0xf8, 0xee, 0xf8, 0xee, 0xd7, 0xee, 0xd7, 0xee, 0xd7, 0xee, 0xd7, 0xee,
    0xd7, 0xee, 0xf8, 0xee, 0xd7, 0xee, 0xf8, 0xee, 0xd7, 0xee, 0xf8, 0xee, 0xf8, 0xee, 0xf8, 0xee,
    0xf8, 0xee, 0xd7, 0xee, 0xf8, 0xee, 0xf8, 0xee, 0xf8, 0xee, 0xd7, 0xee, 0xf8, 0xee, 0xf8, 0xee,
    0xf8, 0xee, 0xf8, 0xee, 0xf8, 0xee, 0xf8, 0xee, 0xd7, 0xee, 0xf8, 0xee, 0xd7, 0xee, 0xf8, 0xee,
    0xf8, 0xee, 0xf8, 0xee, 0xf8, 0xee, 0xd7, 0xee, 0xf8, 0xee, 0xf8, 0xee, 0xd7, 0xee, 0xf8, 0xee,
    0xf8, 0xee, 0xf8, 0xee, 0xf8, 0xee, 0xf8, 0xee, 0xf8, 0xee, 0xf8, 0xee, 0xf8, 0xee, 0xd7, 0xee,
    0xf8, 0xee, 0xf8, 0xee, 0xd7, 0xee, 0xf8, 0xee, 0xf8, 0xee, 0xf8, 0xee, 0xd7, 0xee, 0xf8, 0xee,
    0xd7, 0xee, 0xd7, 0xee, 0xf8, 0xee, 0xd7, 0xee, 0xd7, 0xee, 0xb6, 0xee, 0x95, 0xe6, 0xb6, 0xee,
    0xf8, 0xee, 0xf8, 0xee, 0xf8, 0xee, 0xf8, 0xee, 0xf8, 0xee, 0xf8, 0xee, 0xf8, 0xee, 0xd7, 0xee,
    0xd7, 0xee, 0xd7, 0xee, 0xd7, 0xee, 0xd7, 0xee, 0xd7, 0xee, 0xd7, 0xee, 0xf8, 0xee, 0xf8, 0xee,
    0xf8, 0xee, 0xf8, 0xee, 0xf8, 0xee, 0xd7, 0xee, 0xf8, 0xee, 0xf8, 0xee, 0xf8, 0xee, 0xf8, 0xee,
    0xd7, 0xee, 0xf8, 0xee, 0xf8, 0xee, 0xf8, 0xee, 0xf8, 0xee, 0xf8, 0xee, 0xf8, 0xee, 0xf8, 0xee,
    0xf8, 0xee, 0xd7, 0xee, 0xf8, 0xee, 0xf8, 0xee, 0xd7, 0xee, 0xd7, 0xee, 0xf8, 0xee, 0xf8, 0xee,
    0xd7, 0xee, 0xd7, 0xee, 0xd7, 0xee, 0xf8, 0xee, 0xf8, 0xee, 0xf8, 0xee, 0xf8, 0xee, 0xf8, 0xee,
    0xd7, 0xee, 0xd7, 0xee, 0xd7, 0xee, 0xf8, 0xee, 0xf8, 0xee, 0xf8, 0xee, 0xf8, 0xee, 0xf8, 0xee,
    0xd7, 0xee, 0xd7, 0xee, 0xd7, 0xee, 0xd7, 0xee, 0xd7, 0xee, 0xf8, 0xee, 0xf8, 0xee, 0xf8, 0xee,
    0xf8, 0xee, 0xf8, 0xee, 0xf8, 0xee, 0xd7, 0xee, 0xf8, 0xee, 0xd7, 0xee, 0xf8, 0xee, 0xf8, 0xee,
    0xf8, 0xee, 0xf8, 0xee, 0xf8, 0xee, 0xd7, 0xee, 0xf8, 0xee, 0xf8, 0xee, 0xd7, 0xee, 0xf8, 0xee,
    0xf8, 0xee, 0xf8, 0xee, 0xd7, 0xee, 0xd7, 0xee, 0xd7, 0xee, 0xf8, 0xee, 0xf8, 0xee, 0xd7, 0xee,
    0xf8, 0xee, 0xf8, 0xee, 0xf8, 0xee, 0xf8, 0xee, 0xf8, 0xee, 0xf8, 0xee, 0xf8, 0xee, 0xf8, 0xee,
    0xf8, 0xee, 0xf8, 0xee, 0xf8, 0xee, 0xd7, 0xee, 0xf8, 0xee, 0xf8, 0xee, 0xf8, 0xee, 0xf8, 0xee,
    0xf8, 0xee, 0xf8, 0xee, 0xf8, 0xee, 0xf8, 0xee, 0xf8, 0xee, 0xd7, 0xee, 0xd7, 0xee, 0xb6, 0xe6,
    0xd7, 0xee, 0xf8, 0xee, 0xf8, 0xee, 0xf8, 0xee, 0xf8, 0xee, 0xf8, 0xee, 0xf8, 0xee, 0xd7, 0xee,
    0xd7, 0xee, 0xf8, 0xee, 0xf8, 0xee, 0xf8, 0xee, 0xf8, 0xee, 0xf8, 0xee, 0xf8, 0xee, 0xf8, 0xee,
    0xf8, 0xee, 0xf8, 0xee, 0xf8, 0xee, 0xf8, 0xee, 0xf8, 0xee, 0xd7, 0xee, 0xd7, 0xee, 0xd7, 0xee,
    0xd7, 0xee, 0xd7, 0xee, 0xd7, 0xee, 0xd7, 0xee, 0xf8, 0xee, 0xf8, 0xee, 0xf8, 0xee, 0xf8, 0xee,
    0xf8, 0xee, 0xf8, 0xee, 0xf8, 0xee, 0xf8, 0xee, 0xf8, 0xee, 0xf8, 0xee, 0xf8, 0xee, 0xd7, 0xee,
    0xd7, 0xee, 0xf8, 0xee, 0xd7, 0xee, 0xd7, 0xee, 0xf8, 0xee, 0xf8, 0xee, 0xd7, 0xee, 0xf8, 0xee,
    0xf8, 0xee, 0xf8, 0xee, 0xf8, 0xee, 0xf8, 0xee, 0xf8, 0xee, 0xf8, 0xee, 0xf8, 0xee, 0xf8, 0xee,
    0xd7, 0xee, 0xf8, 0xee, 0xf8, 0xee, 0xf8, 0xee, 0xf8, 0xee, 0xf8, 0xee, 0xf8, 0xee, 0xf8, 0xee,
    0xf8, 0xee, 0xf8, 0xee, 0xf8, 0xee, 0xf8, 0xee, 0xf8, 0xee, 0xd7, 0xee, 0xf8, 0xee, 0xf8, 0xee,
    0xd7, 0xee, 0xd7, 0xee, 0xd7, 0xee, 0xd7, 0xee, 0xd7, 0xee, 0xd7, 0xee, 0xf8, 0xee, 0xf8, 0xee,
    0xf8, 0xee, 0xf8, 0xee, 0xf8, 0xee, 0xd7, 0xee, 0xf8, 0xee, 0xd7, 0xee, 0xf8, 0xee, 0xf8, 0xee,
    0xf8, 0xee, 0xf8, 0xee, 0xd7, 0xee, 0xd7, 0xee, 0xd7, 0xee, 0xd7, 0xee, 0xf8, 0xee, 0xf8, 0xee,
    0xf8, 0xee, 0xf8, 0xee, 0xf8, 0xee, 0xd7, 0xee, 0xd7, 0xee, 0xf8, 0xee, 0xf8, 0xee, 0xf8, 0xee,
    0xf8, 0xee, 0xf8, 0xee, 0xf8, 0xee, 0xf8, 0xee, 0xf8, 0xee, 0xf8, 0xee, 0xf8, 0xee, 0xf8, 0xee,
    0xf8, 0xee, 0xf8, 0xee, 0xf8, 0xee, 0xf8, 0xee, 0xf8, 0xee, 0xf8, 0xee, 0xf8, 0xee, 0xf8, 0xee,
    0xf8, 0xee, 0xf8, 0xee, 0xd7, 0xee, 0xd7, 0xee, 0xd7, 0xee, 0xd7, 0xee, 0xd7, 0xee, 0xd7, 0xee,
    0xf8, 0xee, 0xf8, 0xee, 0xf8, 0xee, 0xf8, 0xee, 0xd7, 0xee, 0xf8, 0xee, 0xf8, 0xee, 0xd7, 0xee,
    0xd7, 0xee, 0xd7, 0xee, 0xd7, 0xee, 0xf8, 0xee, 0xd7, 0xee, 0xf8, 0xee, 0xf8, 0xee, 0xd7, 0xee,
    0xf8, 0xee, 0xd7, 0xee, 0xf8, 0xee, 0xf8, 0xee, 0xf8, 0xee, 0xf8, 0xee, 0xd7, 0xee, 0xd7, 0xee,
    0xf8, 0xee, 0xf8, 0xee, 0xf8, 0xee, 0xd7, 0xee, 0xd7, 0xee, 0xf8, 0xee, 0xf8, 0xee, 0xd7, 0xee,
    0xd7, 0xee, 0xd7, 0xee, 0xf8, 0xee, 0xd7, 0xee, 0xd7, 0xee, 0xd7, 0xee, 0xf8, 0xee, 0xd7, 0xee,
    0xd7, 0xee, 0xd7, 0xee, 0xd7, 0xee, 0xd7, 0xee, 0xd7, 0xee, 0xd7, 0xee, 0xf8, 0xee, 0xf8, 0xee,
    0xd7, 0xee, 0xd7, 0xee, 0xd7, 0xee, 0xd7, 0xee, 0xf8, 0xee, 0xf8, 0xee, 0xf8, 0xee, 0xd7, 0xee,
    0xf8, 0xee, 0xd7, 0xee, 0xd7, 0xee, 0xd7, 0xee, 0xf8, 0xee, 0xd7, 0xee, 0xf8, 0xee, 0xf8, 0xee,
    0xf8, 0xee, 0xf8, 0xee, 0xf8, 0xee, 0xf8, 0xee, 0xf8, 0xee, 0xd7, 0xee, 0xf8, 0xee, 0xf8, 0xee,
    0xf8, 0xee, 0xf8, 0xee, 0xd7, 0xee, 0xd7, 0xee, 0xf8, 0xee, 0xf8, 0xee, 0xf8, 0xee, 0xf8, 0xee,
    0xf8, 0xee, 0xf8, 0xee, 0xd7, 0xee, 0xd7, 0xee, 0xd7, 0xee, 0xf8, 0xee, 0xf8, 0xee, 0xf8, 0xee,
    0xd7, 0xee, 0xd7, 0xee, 0xf8, 0xee, 0xd7, 0xee, 0xf8, 0xee, 0xf8, 0xee, 0xf8, 0xee, 0xf8, 0xee,
    0xf8, 0xee, 0xf8, 0xee, 0xf8, 0xee, 0xd7, 0xee, 0xf8, 0xee, 0xf8, 0xee, 0xd7, 0xee, 0xd7, 0xee,
    0xf8, 0xee, 0xf8, 0xee, 0xd7, 0xee, 0xd7, 0xee, 0xf8, 0xee, 0xd7, 0xee, 0xd7, 0xee, 0xd7, 0xee,
    0xd7, 0xee, 0xd7, 0xee, 0xf8, 0xee, 0xf8, 0xee, 0xf8, 0xee, 0xf8, 0xee, 0xf8, 0xee, 0xd7, 0xee,
    0xd7, 0xee, 0xf8, 0xee, 0xf8, 0xee, 0xd7, 0xee, 0xf8, 0xee, 0xd7, 0xee, 0xf8, 0xee, 0xf8, 0xee,
    0xf8, 0xee, 0xf8, 0xee, 0xf8, 0xee, 0xf8, 0xee, 0xf8, 0xee, 0xd7, 0xee, 0xf8, 0xee, 0xf8, 0xee,
    0xf8, 0xee, 0xd7, 0xee, 0xd7, 0xee, 0xf8, 0xee, 0xf8, 0xee, 0xf8, 0xee, 0xf8, 0xee, 0xf8, 0xee,
    0xf8, 0xee, 0xf8, 0xee, 0xf8, 0xee, 0xf8, 0xee, 0xf8, 0xee, 0xf8, 0xee, 0xf8, 0xee, 0xd7, 0xee,
    0xd7, 0xee, 0xf8, 0xee, 0xd7, 0xee, 0xd7, 0xee, 0xf8, 0xee, 0xf8, 0xee, 0xf8, 0xee, 0xf8, 0xee,
    0xf8, 0xee, 0xf8, 0xee, 0xf8, 0xee, 0xf8, 0xee, 0xf8, 0xee, 0xd7, 0xee, 0xf8, 0xee, 0xf8, 0xee,
    0xf8, 0xee, 0xf8, 0xee, 0xf8, 0xee, 0xf8, 0xee, 0xf8, 0xee, 0xf8, 0xee, 0xf8, 0xee, 0xf8, 0xee,
    0xf8, 0xee, 0xf8, 0xee, 0xf8, 0xee, 0xf8, 0xee, 0xf8, 0xee, 0xd7, 0xee, 0xf8, 0xee, 0xf8, 0xee,
    0xd7, 0xee, 0xf8, 0xee, 0xd7, 0xee, 0xf8, 0xee, 0xd7, 0xee, 0xd7, 0xee, 0xf8, 0xee, 0xf8, 0xee,
    0xf8, 0xee, 0xf8, 0xee, 0xd7, 0xee, 0xd7, 0xee, 0xf8, 0xee, 0xf8, 0xee, 0xf8, 0xee, 0xd7, 0xee,
    0xd7, 0xee, 0xf8, 0xee, 0xf8, 0xee, 0xf8, 0xee, 0xf8, 0xee, 0xd7, 0xee, 0xd7, 0xee, 0xf8, 0xee,
    0xf8, 0xee, 0xf8, 0xee, 0xd7, 0xee, 0xd7, 0xee, 0xf8, 0xee, 0xd7, 0xee, 0xd7, 0xee, 0xf8, 0xee,
    0xf8, 0xee, 0xd7, 0xee, 0xf8, 0xee, 0xf8, 0xee, 0xf8, 0xee, 0xf8, 0xee, 0xd7, 0xee, 0xf8, 0xee,
    0xf8, 0xee, 0xf8, 0xee, 0xd7, 0xee, 0xf8, 0xee, 0xf8, 0xee, 0xf8, 0xee, 0xf8, 0xee, 0xf8, 0xee,
    0xf8, 0xee, 0xd7, 0xee, 0xd7, 0xee, 0xd7, 0xee, 0xd7, 0xee, 0xf8, 0xee, 0xf8, 0xee, 0xd7, 0xee,
    0xf8, 0xee, 0xd7, 0xee, 0xd7, 0xee, 0xf8, 0xee, 0xd7, 0xee, 0xf8, 0xee, 0xf8, 0xee, 0xd7, 0xee,
    0xd7, 0xee, 0xf8, 0xee, 0xd7, 0xee, 0xf8, 0xee, 0xf8, 0xee, 0xd7, 0xee, 0xf8, 0xee, 0xf8, 0xee,
    0xd7, 0xee, 0xd7, 0xee, 0xf8, 0xee, 0xf8, 0xee, 0xd7, 0xee, 0xd7, 0xee, 0xf8, 0xee, 0xd7, 0xee,
    0xf8, 0xee, 0xf8, 0xee, 0xf8, 0xee, 0xf8, 0xee, 0xd7, 0xee, 0xd7, 0xee, 0xd7, 0xee, 0xf8, 0xee,
    0xd7, 0xee, 0xd7, 0xee, 0xf8, 0xee, 0xf8, 0xee, 0xd7, 0xee, 0xd7, 0xee, 0xf8, 0xee, 0xd7, 0xee,
    0xd7, 0xee, 0xd7, 0xee, 0xd7, 0xee, 0xd7, 0xee, 0xd7, 0xee, 0xd7, 0xee, 0xd7, 0xee, 0xd7, 0xee,
    0xd7, 0xee, 0xd7, 0xee, 0xd7, 0xee, 0xd7, 0xee, 0xd7, 0xee, 0xf8, 0xee, 0xd7, 0xee, 0xd7, 0xee,
    0xf8, 0xee, 0xd7, 0xee, 0xd7, 0xee, 0xd7, 0xee, 0xf8, 0xee, 0xf8, 0xee, 0xf8, 0xee, 0xf8, 0xee,
    0xf8, 0xee, 0xf8, 0xee, 0xf8, 0xee, 0xf8, 0xee, 0xf8, 0xee, 0xd7, 0xee, 0xd7, 0xee, 0xf8, 0xee,
    0xd7, 0xee, 0xd7, 0xee, 0xf8, 0xee, 0xd7, 0xee, 0xf8, 0xee, 0xf8, 0xee, 0xf8, 0xee, 0xf8, 0xee,
    0xd7, 0xee, 0xd7, 0xee, 0xf8, 0xee, 0xf8, 0xee, 0xf8, 0xee, 0xd7, 0xee, 0xd7, 0xee, 0xd7, 0xee,
    0xd7, 0xee, 0xf8, 0xee, 0xf8, 0xee, 0xd7, 0xee, 0xf8, 0xee, 0xf8, 0xee, 0xf8, 0xee, 0xf8, 0xee,
    0xf8, 0xee, 0xf8, 0xee, 0xf8, 0xee, 0xd7, 0xee, 0xd7, 0xee, 0xf8, 0xee, 0xd7, 0xee, 0xf8, 0xee,
    0xd7, 0xee, 0xf8, 0xee, 0xf8, 0xee, 0xd7, 0xee, 0xd7, 0xee, 0xd7, 0xee, 0xd7, 0xee, 0xf8, 0xee,
    0xf8, 0xee, 0xd7, 0xee, 0xd7, 0xee, 0xd7, 0xee, 0xf8, 0xee, 0xf8, 0xee, 0xf8, 0xee, 0xd7, 0xee,
    0xd7, 0xee, 0xf8, 0xee, 0xd7, 0xee, 0xf8, 0xee, 0xf8, 0xee, 0xd7, 0xee, 0xd7, 0xee, 0xf8, 0xee,
    0xf8, 0xee, 0xf8, 0xee, 0xf8, 0xee, 0xf8, 0xee, 0xf8, 0xee, 0xd7, 0xee, 0xf8, 0xee, 0xf8, 0xee,
    0xf8, 0xee, 0xd7, 0xee, 0xf8, 0xee, 0xf8, 0xee, 0xf8, 0xee, 0xf8, 0xee, 0xf8, 0xee, 0xf8, 0xee,
    0xf8, 0xee, 0xf8, 0xee, 0xf8, 0xee, 0xf8, 0xee, 0xf8, 0xee, 0xf8, 0xee, 0xf8, 0xee, 0xf8, 0xee,
    0xf8, 0xee, 0xd7, 0xee, 0xf8, 0xee, 0xf8, 0xee, 0xf8, 0xee, 0xf8, 0xee, 0xf8, 0xee, 0xf8, 0xee,
    0xf8, 0xee, 0xf8, 0xee, 0xf8, 0xee, 0xf8, 0xee, 0xf8, 0xee, 0xd7, 0xee, 0xf8, 0xee, 0xf8, 0xee,
    0xf8, 0xee, 0xd7, 0xee, 0xf8, 0xee, 0xf8, 0xee, 0xf8, 0xee, 0xf8, 0xee, 0xf8, 0xee, 0xf8, 0xee,
    0xd7, 0xee, 0xf8, 0xee, 0xf8, 0xee, 0xf8, 0xee, 0xf8, 0xee, 0xd7, 0xee, 0xf8, 0xee, 0xf8, 0xee,
    0xf8, 0xee, 0xf8, 0xee, 0xf8, 0xee, 0xf8, 0xee, 0xd7, 0xee, 0xf8, 0xee, 0xf8, 0xee, 0xf8, 0xee,
    0xd7, 0xee, 0xf8, 0xee, 0xd7, 0xee, 0xd7, 0xee, 0xf8, 0xee, 0xf8, 0xee, 0xf8, 0xee, 0xf8, 0xee,
    0xd7, 0xee, 0xd7, 0xee, 0xf8, 0xee, 0xf8, 0xee, 0xf8, 0xee, 0xf8, 0xee, 0xf8, 0xee, 0xf8, 0xee,
    0xf8, 0xee, 0xd7, 0xee, 0xd7, 0xee, 0xf8, 0xee, 0xf8, 0xee, 0xf8, 0xee, 0xf8, 0xee, 0xd7, 0xee,
    0xd7, 0xee, 0xd7, 0xee, 0xd7, 0xee, 0xf8, 0xee, 0xf8, 0xee, 0xd7, 0xee, 0xd7, 0xee, 0xf8, 0xee,
    0xf8, 0xee, 0xf8, 0xee, 0xf8, 0xee, 0xf8, 0xee, 0xf8, 0xee, 0xf8, 0xee, 0xf8, 0xee, 0xf8, 0xee,
    0xf8, 0xee, 0xd7, 0xee, 0xd7, 0xee, 0xf8, 0xee, 0xd7, 0xee, 0xd7, 0xee, 0xd7, 0xee, 0xf8, 0xee,
    0xd7, 0xee, 0xf8, 0xee, 0xf8, 0xee, 0xf8, 0xee, 0xf8, 0xee, 0xf8, 0xee, 0xf8, 0xee, 0xf8, 0xee,
    0xd7, 0xee, 0xf8, 0xee, 0xd7, 0xee, 0xd7, 0xee, 0xf8, 0xee, 0xf8, 0xee, 0xf8, 0xee, 0xf8, 0xee,
    0xf8, 0xee, 0xf8, 0xee, 0xf8, 0xee, 0xf8, 0xee, 0xd7, 0xee, 0xf8, 0xee, 0xf8, 0xee, 0xd7, 0xee,
    0xd7, 0xee, 0xd7, 0xee, 0xf8, 0xee, 0xd7, 0xee, 0xf8, 0xee, 0xf8, 0xee, 0xd7, 0xee, 0xf8, 0xee,
    0xf8, 0xee, 0xd7, 0xee, 0xd7, 0xee, 0xf8, 0xee, 0xd7, 0xee, 0xd7, 0xee, 0xf8, 0xee, 0xd7, 0xee,
    0xd7, 0xee, 0xd7, 0xee, 0xd7, 0xee, 0xd7, 0xee, 0xf8, 0xee, 0xd7, 0xee, 0xd7, 0xee, 0xd7, 0xee,
    0xd7, 0xee, 0xd7, 0xee, 0xd7, 0xee, 0xd7, 0xee, 0xd7, 0xee, 0xd7, 0xee, 0xd7, 0xee, 0xf8, 0xee,
    0xf8, 0xee, 0xd7, 0xee, 0xf8, 0xee, 0xd7, 0xee, 0xf8, 0xee, 0xf8, 0xee, 0xf8, 0xee, 0xf8, 0xee,
    0xf8, 0xee, 0xf8, 0xee, 0xf8, 0xee, 0xf8, 0xee, 0xd7, 0xee, 0xd7, 0xee, 0xd7, 0xee, 0xf8, 0xee,
    0xd7, 0xee, 0xd7, 0xee, 0xd7, 0xee, 0xf8, 0xee, 0xf8, 0xee, 0xf8, 0xee, 0xf8, 0xee, 0xd7, 0xee,
    0xd7, 0xee, 0xd7, 0xee, 0xf8, 0xee, 0xf8, 0xee, 0xf8, 0xee, 0xd7, 0xee, 0xf8, 0xee, 0xd7, 0xee,
    0xd7, 0xee, 0xd7, 0xee, 0xd7, 0xee, 0xf8, 0xee, 0xf8, 0xee, 0xf8, 0xee, 0xf8, 0xee, 0xf8, 0xee,
    0xf8, 0xee, 0xf8, 0xee, 0xf8, 0xee, 0xd7, 0xee, 0xf8, 0xee, 0xf8, 0xee, 0xd7, 0xee, 0xd7, 0xee,
    0xd7, 0xee, 0xd7, 0xee, 0xf8, 0xee, 0xd7, 0xee, 0xd7, 0xee, 0xd7, 0xee, 0xd7, 0xee, 0xf8, 0xee,
    0xf8, 0xee, 0xf8, 0xee, 0xd7, 0xee, 0xf8, 0xee, 0xf8, 0xee, 0xf8, 0xee, 0xf8, 0xee, 0xd7, 0xee,
    0xd7, 0xee, 0xf8, 0xee, 0xf8, 0xee, 0xf8, 0xee, 0xf8, 0xee, 0xf8, 0xee, 0xd7, 0xee, 0xf8, 0xee,
    0xf8, 0xee, 0xf8, 0xee, 0xf8, 0xee, 0xf8, 0xee, 0xf8, 0xee, 0xd7, 0xee, 0xf8, 0xee, 0xf8, 0xee,
    0xf8, 0xee, 0xd7, 0xee, 0xf8, 0xee, 0xd7, 0xee, 0xf8, 0xee, 0xf8, 0xee, 0xf8, 0xee, 0xf8, 0xee,
    0xf8, 0xee, 0xf8, 0xee, 0xf8, 0xee, 0xf8, 0xee, 0xf8, 0xee, 0xf8, 0xee, 0xf8, 0xee, 0xf8, 0xee,
    0xf8, 0xee, 0xf8, 0xee, 0xf8, 0xee, 0xf8, 0xee, 0xf8, 0xee, 0xf8, 0xee, 0xf8, 0xee, 0xf8, 0xee,
    0xd7, 0xee, 0xf8, 0xee, 0xf8, 0xee, 0xf8, 0xee, 0xf8, 0xee, 0xf8, 0xee, 0xf8, 0xee, 0xf8, 0xee,
    0xf8, 0xee, 0xd7, 0xee, 0xd7, 0xee, 0xf8, 0xee, 0xf8, 0xee, 0xf8, 0xee, 0xf8, 0xee, 0xf8, 0xee,
    0xd7, 0xee, 0xd7, 0xee, 0xd7, 0xee, 0xf8, 0xee, 0xf8, 0xee, 0xf8, 0xee, 0xf8, 0xee, 0xf8, 0xee,
    0xf8, 0xee, 0xf8, 0xee, 0xf8, 0xee, 0xf8, 0xee, 0xf8, 0xee, 0xf8, 0xee, 0xf8, 0xee, 0xf8, 0xee,
    0xf8, 0xee, 0xf8, 0xee, 0xf8, 0xee, 0xd7, 0xee, 0xf8, 0xee, 0xf8, 0xee, 0xf8, 0xee, 0xf8, 0xee,
    0xd7, 0xee, 0xd7, 0xee, 0xf8, 0xee, 0xf8, 0xee, 0xf8, 0xee, 0xf8, 0xee, 0xd7, 0xee, 0xd7, 0xee,
    0xf8, 0xee, 0xd7, 0xee, 0xf8, 0xee, 0xf8, 0xee, 0xf8, 0xee, 0xf8, 0xee, 0xf8, 0xee, 0xf8, 0xee,
    0xd7, 0xee, 0xf8, 0xee, 0xd7, 0xee, 0xf8, 0xee, 0xd7, 0xee, 0xd7, 0xee, 0xf8, 0xee, 0xf8, 0xee,
    0xf8, 0xee, 0xf8, 0xee, 0xf8, 0xee, 0xf8, 0xee, 0xd7, 0xee, 0xf8, 0xee, 0xf8, 0xee, 0xf8, 0xee,
    0xd7, 0xee, 0xf8, 0xee, 0xf8, 0xee, 0xf8, 0xee, 0xd7, 0xee, 0xd7, 0xee, 0xf8, 0xee, 0xf8, 0xee,
    0xf8, 0xee, 0xf8, 0xee, 0xd7, 0xee, 0xd7, 0xee, 0xd7, 0xee, 0xd7, 0xee, 0xf8, 0xee, 0xd7, 0xee,
    0xd7, 0xee, 0xd7, 0xee, 0xd7, 0xee, 0xd7, 0xee, 0xf8, 0xee, 0xf8, 0xee, 0xd7, 0xee, 0xf8, 0xee,
    0xf8, 0xee, 0xf8, 0xee, 0xf8, 0xee, 0xf8, 0xee, 0xf8, 0xee, 0xf8, 0xee, 0xf8, 0xee, 0xf8, 0xee,
    0xd7, 0xee, 0xd7, 0xee, 0xf8, 0xee, 0xf8, 0xee, 0xd7, 0xee, 0xd7, 0xee, 0xf8, 0xee, 0xf8, 0xee,
    0xf8, 0xee, 0xf8, 0xee, 0xd7, 0xee, 0xd7, 0xee, 0xd7, 0xee, 0xd7, 0xee, 0xd7, 0xee, 0xd7, 0xee,
    0xd7, 0xee, 0xf8, 0xee, 0xd7, 0xee, 0xd7, 0xee, 0xd7, 0xee, 0xd7, 0xee, 0xd7, 0xee, 0xd7, 0xee,
    0xd7, 0xee, 0xd7, 0xee, 0xd7, 0xee, 0xd7, 0xee, 0xd7, 0xee, 0xd7, 0xee, 0xd7, 0xee, 0xd7, 0xee,
    0xf8, 0xee, 0xd7, 0xee, 0xf8, 0xee, 0xf8, 0xee, 0xd7, 0xee, 0xf8, 0xee, 0xf8, 0xee, 0xf8, 0xee,
    0xf8, 0xee, 0xf8, 0xee, 0xf8, 0xee, 0xf8, 0xee, 0xd7, 0xee, 0xf8, 0xee, 0xf8, 0xee, 0xf8, 0xee,
    0xd7, 0xee, 0xd7, 0xee, 0xf8, 0xee, 0xd7, 0xee, 0xd7, 0xee, 0xf8, 0xee, 0xf8, 0xee, 0xf8, 0xee,
    0xf8, 0xee, 0xd7, 0xee, 0xd7, 0xee, 0xd7, 0xee, 0xf8, 0xee, 0xf8, 0xee, 0xf8, 0xee, 0xd7, 0xee,
    0xf8, 0xee, 0xd7, 0xee, 0xd7, 0xee, 0xf8, 0xee, 0xf8, 0xee, 0xf8, 0xee, 0xf8, 0xee, 0xf8, 0xee,
    0xf8, 0xee, 0xf8, 0xee, 0xf8, 0xee, 0xd7, 0xee, 0xf8, 0xee, 0xd7, 0xee, 0xd7, 0xee, 0xd7, 0xee,
    0xf8, 0xee, 0xf8, 0xee, 0xf8, 0xee, 0xf8, 0xee, 0xd7, 0xee, 0xd7, 0xee, 0xd7, 0xee, 0xf8, 0xee,
    0xf8, 0xee, 0xd7, 0xee, 0xf8, 0xee, 0xf8, 0xee, 0xf8, 0xee, 0xf8, 0xee, 0xd7, 0xee, 0xd7, 0xee,
    0xf8, 0xee, 0xf8, 0xee, 0xf8, 0xee, 0xf8, 0xee, 0xf8, 0xee, 0xd7, 0xee, 0xf8, 0xee, 0xf8, 0xee,
    0xf8, 0xee, 0xf8, 0xee, 0xf8, 0xee, 0xf8, 0xee, 0xd7, 0xee, 0xf8, 0xee, 0xf8, 0xee, 0xf8, 0xee,
    0xf8, 0xee, 0xd7, 0xee, 0xd7, 0xee, 0xd7, 0xee, 0xd7, 0xee, 0xf8, 0xee, 0xf8, 0xee, 0xf8, 0xee,
    0xf8, 0xee, 0xf8, 0xee, 0xf8, 0xee, 0xf8, 0xee, 0xf8, 0xee, 0xf8, 0xee, 0xf8, 0xee, 0xf8, 0xee,
    0xf8, 0xee, 0xf8, 0xee, 0xf8, 0xee, 0xd7, 0xee, 0xf8, 0xee, 0xf8, 0xee, 0xf8, 0xee, 0xf8, 0xee,
    0xf8, 0xee, 0xf8, 0xee, 0xf8, 0xee, 0xf8, 0xee, 0xf8, 0xee, 0xf8, 0xee, 0xf8, 0xee, 0xf8, 0xee,
    0xf8, 0xee, 0xf8, 0xee, 0xf8, 0xee, 0xf8, 0xee, 0xf8, 0xee, 0xf8, 0xee, 0xf8, 0xee, 0xf8, 0xee,
    0xf8, 0xee, 0xf8, 0xee, 0xf8, 0xee, 0xf8, 0xee, 0xf8, 0xee, 0xf8, 0xee, 0xf8, 0xee, 0xf8, 0xee,
    0xf8, 0xee, 0xf8, 0xee, 0xf8, 0xee, 0xf8, 0xee, 0xd7, 0xee, 0xf8, 0xee, 0xf8, 0xee, 0xf8, 0xee,
    0xf8, 0xee, 0xf8, 0xee, 0xf8, 0xee, 0xd7, 0xee, 0xf8, 0xee, 0xf8, 0xee, 0xf8, 0xee, 0xf8, 0xee,
    0xf8, 0xee, 0xd7, 0xee, 0xd7, 0xee, 0xf8, 0xee, 0xf8, 0xee, 0xf8, 0xee, 0xf8, 0xee, 0xf8, 0xee,
    0xf8, 0xee, 0xd7, 0xee, 0xf8, 0xee, 0xf8, 0xee, 0xf8, 0xee, 0xf8, 0xee, 0xf8, 0xee, 0xf8, 0xee,
    0xd7, 0xee, 0xd7, 0xee, 0xd7, 0xee, 0xd7, 0xee, 0xd7, 0xee, 0xd7, 0xee, 0xf8, 0xee, 0xd7, 0xee,
    0xd7, 0xee, 0xf8, 0xee, 0xf8, 0xee, 0xf8, 0xee, 0xd7, 0xee, 0xf8, 0xee, 0xf8, 0xee, 0xd7, 0xee,
    0xf8, 0xee, 0xf8, 0xee, 0xf8, 0xee, 0xd7, 0xee, 0xd7, 0xee, 0xd7, 0xee, 0xf8, 0xee, 0xd7, 0xee,
    0xd7, 0xee, 0xd7, 0xee, 0xd7, 0xee, 0xd7, 0xee, 0xd7, 0xee, 0xd7, 0xee, 0xf8, 0xee, 0xd7, 0xee,
    0xd7, 0xee, 0xf8, 0xee, 0xf8, 0xee, 0xf8, 0xee, 0xf8, 0xee, 0xf8, 0xee, 0xf8, 0xee, 0xd7, 0xee,
    0xd7, 0xee, 0xd7, 0xee, 0xd7, 0xee, 0xf8, 0xee, 0xf8, 0xee, 0xf8, 0xee, 0xf8, 0xee, 0xf8, 0xee,
    0xf8, 0xee, 0xf8, 0xee, 0xd7, 0xee, 0xf8, 0xee, 0xf8, 0xee, 0xf8, 0xee, 0xf8, 0xee, 0xf8, 0xee,
    0xd7, 0xee, 0xf8, 0xee, 0xd7, 0xee, 0xf8, 0xee, 0xf8, 0xee, 0xd7, 0xee, 0xd7, 0xee, 0xd7, 0xee,
    0xd7, 0xee, 0xf8, 0xee, 0xd7, 0xee, 0xb6, 0xe6, 0xd7, 0xee, 0xd7, 0xee, 0xd7, 0xee, 0xf8, 0xee,
    0xd7, 0xee, 0xd7, 0xee, 0xd7, 0xee, 0xd7, 0xee, 0xd7, 0xee, 0xd7, 0xee, 0xd7, 0xee, 0xd7, 0xee,
    0xf8, 0xee, 0xd7, 0xee, 0xf8, 0xee, 0xd7, 0xee, 0xd7, 0xee, 0xf8, 0xee, 0xd7, 0xee, 0xd7, 0xee,
    0xd7, 0xee, 0xf8, 0xee, 0xf8, 0xee, 0xf8, 0xee, 0xd7, 0xee, 0xf8, 0xee, 0xf8, 0xee, 0xf8, 0xee,
    0xd7, 0xee, 0xd7, 0xee, 0xf8, 0xee, 0xf8, 0xee, 0xd7, 0xee, 0xd7, 0xee, 0xf8, 0xee, 0xd7, 0xee,
    0xd7, 0xee, 0xd7, 0xee, 0xd7, 0xee, 0xd7, 0xee, 0xf8, 0xee, 0xd7, 0xee, 0xd7, 0xee, 0xf8, 0xee,
    0xf8, 0xee, 0xd7, 0xee, 0xd7, 0xee, 0xf8, 0xee, 0xf8, 0xee, 0xf8, 0xee, 0xf8, 0xee, 0xf8, 0xee,
    0xf8, 0xee, 0xd7, 0xee, 0xf8, 0xee, 0xf8, 0xee, 0xd7, 0xee, 0xd7, 0xee, 0xd7, 0xee, 0xf8, 0xee,
    0xf8, 0xee, 0xf8, 0xee, 0xf8, 0xee, 0xd7, 0xee, 0xf8, 0xee, 0xd7, 0xee, 0xd7, 0xee, 0xf8, 0xee,
    0xf8, 0xee, 0xf8, 0xee, 0xf8, 0xee, 0xf8, 0xee, 0xf8, 0xee, 0xf8, 0xee, 0xd7, 0xee, 0xd7, 0xee,
    0xd7, 0xee, 0xd7, 0xee, 0xd7, 0xee, 0xf8, 0xee, 0xf8, 0xee, 0xd7, 0xee, 0xf8, 0xee, 0xf8, 0xee,
    0xf8, 0xee, 0xf8, 0xee, 0xf8, 0xee, 0xf8, 0xee, 0xd7, 0xee, 0xf8, 0xee, 0xf8, 0xee, 0xf8, 0xee,
    0xf8, 0xee, 0xf8, 0xee, 0xd7, 0xee, 0xd7, 0xee, 0xd7, 0xee, 0xf8, 0xee, 0xf8, 0xee, 0xf8, 0xee,
    0xf8, 0xee, 0xf8, 0xee, 0xf8, 0xee, 0xf8, 0xee, 0xf8, 0xee, 0xd7, 0xee, 0xd7, 0xee, 0xd7, 0xee,
    0xf8, 0xee, 0xf8, 0xee, 0xf8, 0xee, 0xf8, 0xee, 0xf8, 0xee, 0xf8, 0xee, 0xf8, 0xee, 0xf8, 0xee,
    0xf8, 0xee, 0xf8, 0xee, 0xf8, 0xee, 0xf8, 0xee, 0xf8, 0xee, 0xf8, 0xee, 0xd7, 0xee, 0xf8, 0xee,
    0xf8, 0xee, 0xf8, 0xee, 0xf8, 0xee, 0xf8, 0xee, 0xf8, 0xee, 0xf8, 0xee, 0xf8, 0xee, 0xf8, 0xee,
    0xf8, 0xee, 0xf8, 0xee, 0xf8, 0xee, 0xf8, 0xee, 0xf8, 0xee, 0xf8, 0xee, 0xf8, 0xee, 0xf8, 0xee,
    0xf8, 0xee, 0xf8, 0xee, 0xd7, 0xee, 0xf8, 0xee, 0xf8, 0xee, 0xf8, 0xee, 0xf8, 0xee, 0xf8, 0xee,
    0xd7, 0xee, 0xf8, 0xee, 0xd7, 0xee, 0xd7, 0xee, 0xd7, 0xee, 0xf8, 0xee, 0xf8, 0xee, 0xf8, 0xee,
    0xf8, 0xee, 0xd7, 0xee, 0xd7, 0xee, 0xf8, 0xee, 0xf8, 0xee, 0xf8, 0xee, 0xf8, 0xee, 0xd7, 0xee,
    0xd7, 0xee, 0xf8, 0xee, 0xd7, 0xee, 0xd7, 0xee, 0xf8, 0xee, 0xf8, 0xee, 0xf8, 0xee, 0xf8, 0xee,
    0xf8, 0xee, 0xd7, 0xee, 0xd7, 0xee, 0xf8, 0xee, 0xd7, 0xee, 0xf8, 0xee, 0xf8, 0xee, 0xd7, 0xee,
    0xd7, 0xee, 0xd7, 0xee, 0xf8, 0xee, 0xf8, 0xee, 0xf8, 0xee, 0xf8, 0xee, 0xf8, 0xee, 0xd7, 0xee,
    0xf8, 0xee, 0xf8, 0xee, 0xf8, 0xee, 0xf8, 0xee, 0xd7, 0xee, 0xf8, 0xee, 0xf8, 0xee, 0xd7, 0xee,
    0xd7, 0xee, 0xd7, 0xee, 0xf8, 0xee, 0xd7, 0xee, 0xf8, 0xee, 0xf8, 0xee, 0xf8, 0xee, 0xf8, 0xee,
    0xf8, 0xee, 0xf8, 0xee, 0xf8, 0xee, 0xf8, 0xee, 0xf8, 0xee, 0xf8, 0xee, 0xf8, 0xee, 0xf8, 0xee,
    0xf8, 0xee, 0xd7, 0xee, 0xd7, 0xee, 0xd7, 0xee, 0xd7, 0xee, 0xf8, 0xee, 0xf8, 0xee, 0xd7, 0xee,
    0xf8, 0xee, 0xf8, 0xee, 0xd7, 0xee, 0xd7, 0xee, 0xf8, 0xee, 0xf8, 0xee, 0xf8, 0xee, 0xf8, 0xee,
    0xd7, 0xee, 0xf8, 0xee, 0xf8, 0xee, 0xf8, 0xee, 0xf8, 0xee, 0xd7, 0xee, 0xd7, 0xee, 0xd7, 0xee,
    0xd7, 0xee, 0xf8, 0xee, 0xd7, 0xee, 0xd7, 0xee, 0xd7, 0xee, 0xd7, 0xee, 0xd7, 0xee, 0xd7, 0xee,
    0xf8, 0xee, 0xd7, 0xee, 0xd7, 0xee, 0xd7, 0xee, 0xd7, 0xee, 0xd7, 0xee, 0xd7, 0xee, 0xd7, 0xee,
    0xf8, 0xee, 0xf8, 0xee, 0xd7, 0xee, 0xf8, 0xee, 0xf8, 0xee, 0xd7, 0xee, 0xd7, 0xee, 0xd7, 0xee,
    0xd7, 0xee, 0xd7, 0xee, 0xd7, 0xee, 0xf8, 0xee, 0xf8, 0xee, 0xf8, 0xee, 0xf8, 0xee, 0xf8, 0xee,
    0xd7, 0xee, 0xd7, 0xee, 0xd7, 0xee, 0xf8, 0xee, 0xf8, 0xee, 0xf8, 0xee, 0xd7, 0xee, 0xf8, 0xee,
    0xf8, 0xee, 0xd7, 0xee, 0xd7, 0xee, 0xf8, 0xee, 0xd7, 0xee, 0xd7, 0xee, 0xd7, 0xee, 0xf8, 0xee,
    0xf8, 0xee, 0xd7, 0xee, 0xd7, 0xee, 0xf8, 0xee, 0xf8, 0xee, 0xf8, 0xee, 0xf8, 0xee, 0xf8, 0xee,
    0xf8, 0xee, 0xf8, 0xee, 0xd7, 0xee, 0xf8, 0xee, 0xf8, 0xee, 0xf8, 0xee, 0xd7, 0xee, 0xd7, 0xee,
    0xf8, 0xee, 0xf8, 0xee, 0xf8, 0xee, 0xd7, 0xee, 0xd7, 0xee, 0xd7, 0xee, 0xf8, 0xee, 0xf8, 0xee,
    0xf8, 0xee, 0xf8, 0xee, 0xf8, 0xee, 0xf8, 0xee, 0xf8, 0xee, 0xf8, 0xee, 0xf8, 0xee, 0xf8, 0xee,
    0xd7, 0xee, 0xd7, 0xee, 0xd7, 0xee, 0xf8, 0xee, 0xf8, 0xee, 0xf8, 0xee, 0xd7, 0xee, 0xf8, 0xee,
    0xf8, 0xee, 0xf8, 0xee, 0xf8, 0xee, 0xf8, 0xee, 0xf8, 0xee, 0xd7, 0xee, 0xd7, 0xee, 0xd7, 0xee,
    0xf8, 0xee, 0xf8, 0xee, 0xf8, 0xee, 0xd7, 0xee, 0xd7, 0xee, 0xf8, 0xee, 0xd7, 0xee, 0xd7, 0xee,
    0xd7, 0xee, 0xf8, 0xee, 0xd7, 0xee, 0xd7, 0xee, 0xd7, 0xee, 0xf8, 0xee, 0xd7, 0xee, 0xf8, 0xee,
    0xf8, 0xee, 0xf8, 0xee, 0xf8, 0xee, 0xf8, 0xee, 0xd7, 0xee, 0xd7, 0xee, 0xd7, 0xee, 0xf8, 0xee,
    0xf8, 0xee, 0xf8, 0xee, 0xf8, 0xee, 0xf8, 0xee, 0xf8, 0xee, 0xf8, 0xee, 0xf8, 0xee, 0xf8, 0xee,
    0xf8, 0xee, 0xf8, 0xee, 0xf8, 0xee, 0xf8, 0xee, 0xf8, 0xee, 0xf8, 0xee, 0xf8, 0xee, 0xf8, 0xee,
    0xf8, 0xee, 0xd7, 0xee, 0xf8, 0xee, 0xf8, 0xee, 0xd7, 0xee, 0xf8, 0xee, 0xf8, 0xee, 0xf8, 0xee,
    0xf8, 0xee, 0xf8, 0xee, 0xd7, 0xee, 0xf8, 0xee, 0xf8, 0xee, 0xd7, 0xee, 0xf8, 0xee, 0xf8, 0xee,
    0xf8, 0xee, 0xd7, 0xee, 0xd7, 0xee, 0xd7, 0xee, 0xd7, 0xee, 0xf8, 0xee, 0xf8, 0xee, 0xf8, 0xee,
    0xf8, 0xee, 0xf8, 0xee, 0xf8, 0xee, 0xd7, 0xee, 0xf8, 0xee, 0xf8, 0xee, 0xf8, 0xee, 0xd7, 0xee,
    0xd7, 0xee, 0xf8, 0xee, 0xf8, 0xee, 0xf8, 0xee, 0xf8, 0xee, 0xf8, 0xee, 0xf8, 0xee, 0xf8, 0xee,
    0xf8, 0xee, 0xf8, 0xee, 0xf8, 0xee, 0xf8, 0xee, 0xd7, 0xee, 0xd7, 0xee, 0xd7, 0xee, 0xf8, 0xee,
    0xf8, 0xee, 0xf8, 0xee, 0xf8, 0xee, 0xd7, 0xee, 0xf8, 0xee, 0xf8, 0xee, 0xf8, 0xee, 0xf8, 0xee,
    0xf8, 0xee, 0xf8, 0xee, 0xf8, 0xee, 0xf8, 0xee, 0xf8, 0xee, 0xd7, 0xee, 0xf8, 0xee, 0xd7, 0xee,
    0xd7, 0xee, 0xd7, 0xee, 0xf8, 0xee, 0xd7, 0xee, 0xf8, 0xee, 0xd7, 0xee, 0xd7, 0xee, 0xd7, 0xee,
    0xf8, 0xee, 0xf8, 0xee, 0xf8, 0xee, 0xf8, 0xee, 0xf8, 0xee, 0xf8, 0xee, 0xf8, 0xee, 0xf8, 0xee,
    0xf8, 0xee, 0xf8, 0xee, 0xd7, 0xee, 0xd7, 0xee, 0xd7, 0xee, 0xd7, 0xee, 0xd7, 0xee, 0xd7, 0xee,
    0xd7, 0xee, 0xd7, 0xee, 0xd7, 0xee, 0xd7, 0xee, 0xd7, 0xee, 0xf8, 0xee, 0xf8, 0xee, 0xd7, 0xee,
    0xf8, 0xee, 0xf8, 0xee, 0xf8, 0xee, 0xf8, 0xee, 0xd7, 0xee, 0xd7, 0xee, 0xf8, 0xee, 0xb6, 0xee,
    0xb6, 0xe6, 0xd7, 0xee, 0xd7, 0xee, 0xd7, 0xee, 0xd7, 0xee, 0xd7, 0xee, 0xd7, 0xee, 0xd7, 0xee,
    0xd7, 0xee, 0xd7, 0xee, 0xf8, 0xee, 0xf8, 0xee, 0xd7, 0xee, 0xd7, 0xee, 0xd7, 0xee, 0xd7, 0xee,
    0xd7, 0xee, 0xd7, 0xee, 0xd7, 0xee, 0xf8, 0xee, 0xf8, 0xee, 0xf8, 0xee, 0xd7, 0xee, 0xd7, 0xee,
    0xd7, 0xee, 0xd7, 0xee, 0xf8, 0xee, 0xd7, 0xee, 0xf8, 0xee, 0xf8, 0xee, 0xd7, 0xee, 0xf8, 0xee,
    0xd7, 0xee, 0xd7, 0xee, 0xd7, 0xee, 0xf8, 0xee, 0xd7, 0xee, 0xd7, 0xee, 0xf8, 0xee, 0xd7, 0xee,
    0xf8, 0xee, 0xd7, 0xee, 0xd7, 0xee, 0xf8, 0xee, 0xf8, 0xee, 0xd7, 0xee, 0xd7, 0xee, 0xf8, 0xee,
    0xf8, 0xee, 0xf8, 0xee, 0xf8, 0xee, 0xd7, 0xee, 0xf8, 0xee, 0xf8, 0xee, 0xf8, 0xee, 0xd7, 0xee,
    0xf8, 0xee, 0xf8, 0xee, 0xd7, 0xee, 0xd7, 0xee, 0xf8, 0xee, 0xf8, 0xee, 0xf8, 0xee, 0xf8, 0xee,
    0xd7, 0xee, 0xf8, 0xee, 0xf8, 0xee, 0xf8, 0xee, 0xf8, 0xee, 0xf8, 0xee, 0xf8, 0xee, 0xf8, 0xee,
    0xf8, 0xee, 0xf8, 0xee, 0xf8, 0xee, 0xf8, 0xee, 0xd7, 0xee, 0xd7, 0xee, 0xf8, 0xee, 0xf8, 0xee,
    0xf8, 0xee, 0xf8, 0xee, 0xd7, 0xee, 0xd7, 0xee, 0xd7, 0xee, 0xd7, 0xee, 0xd7, 0xee, 0xf8, 0xee,
    0xf8, 0xee, 0xf8, 0xee, 0xd7, 0xee, 0xd7, 0xee, 0xf8, 0xee, 0xd7, 0xee, 0xd7, 0xee, 0xf8, 0xee,
    0xd7, 0xee, 0xf8, 0xee, 0xf8, 0xee, 0xd7, 0xee, 0xd7, 0xee, 0xf8, 0xee, 0xd7, 0xee, 0xd7, 0xee,
    0xd7, 0xee, 0xd7, 0xee, 0xd7, 0xee, 0xd7, 0xee, 0xf8, 0xee, 0xf8, 0xee, 0xf8, 0xee, 0xf8, 0xee,
    0xf8, 0xee, 0xf8, 0xee, 0xf8, 0xee, 0xf8, 0xee, 0xf8, 0xee, 0xf8, 0xee, 0xf8, 0xee, 0xd7, 0xee,
    0xd7, 0xee, 0xf8, 0xee, 0xf8, 0xee, 0xf8, 0xee, 0xf8, 0xee, 0xf8, 0xee, 0xf8, 0xee, 0xd7, 0xee,
    0xd7, 0xee, 0xf8, 0xee, 0xf8, 0xee, 0xf8, 0xee, 0xf8, 0xee, 0xf8, 0xee, 0xf8, 0xee, 0xf8, 0xee,
    0xf8, 0xee, 0xf8, 0xee, 0xd7, 0xee, 0xf8, 0xee, 0xd7, 0xee, 0xd7, 0xee, 0xf8, 0xee, 0xd7, 0xee,
    0xf8, 0xee, 0xd7, 0xee, 0xf8, 0xee, 0xd7, 0xee, 0xf8, 0xee, 0xf8, 0xee, 0xf8, 0xee, 0xf8, 0xee,
    0xf8, 0xee, 0xd7, 0xee, 0xd7, 0xee, 0xd7, 0xee, 0xf8, 0xee, 0xf8, 0xee, 0xf8, 0xee, 0xd7, 0xee,
    0xf8, 0xee, 0xf8, 0xee, 0xf8, 0xee, 0xd7, 0xee, 0xd7, 0xee, 0xf8, 0xee, 0xd7, 0xee, 0xd7, 0xee,
    0xd7, 0xee, 0xd7, 0xee, 0xd7, 0xee, 0xf8, 0xee, 0xf8, 0xee, 0xf8, 0xee, 0xf8, 0xee, 0xf8, 0xee,
    0xf8, 0xee, 0xf8, 0xee, 0xf8, 0xee, 0xf8, 0xee, 0xf8, 0xee, 0xf8, 0xee, 0xf8, 0xee, 0xf8, 0xee,
    0xf8, 0xee, 0xf8, 0xee, 0xf8, 0xee, 0xf8, 0xee, 0xf8, 0xee, 0xf8, 0xee, 0xd7, 0xee, 0xf8, 0xee,
    0xf8, 0xee, 0xf8, 0xee, 0xd7, 0xee, 0xf8, 0xee, 0xf8, 0xee, 0xd7, 0xee, 0xf8, 0xee, 0xf8, 0xee,
    0xf8, 0xee, 0xf8, 0xee, 0xf8, 0xee, 0xd7, 0xee, 0xd7, 0xee, 0xd7, 0xee, 0xf8, 0xee, 0xd7, 0xee,
    0xd7, 0xee, 0xf8, 0xee, 0xd7, 0xee, 0xf8, 0xee, 0xf8, 0xee, 0xf8, 0xee, 0xf8, 0xee, 0xf8, 0xee,
    0xf8, 0xee, 0xd7, 0xee, 0xd7, 0xee, 0xf8, 0xee, 0xf8, 0xee, 0xd7, 0xee, 0xd7, 0xee, 0xd7, 0xee,
    0xd7, 0xee, 0xd7, 0xee, 0xf8, 0xee, 0xd7, 0xee, 0xd7, 0xee, 0xd7, 0xee, 0xf8, 0xee, 0xd7, 0xee,
    0xf8, 0xee, 0xf8, 0xee, 0xd7, 0xee, 0xd7, 0xee, 0xd7, 0xee, 0xd7, 0xee, 0xd7, 0xee, 0xd7, 0xee,
    0x95, 0xe6, 0xd7, 0xee, 0xd7, 0xee, 0xd7, 0xee, 0xd7, 0xee, 0xd7, 0xee, 0xd7, 0xee, 0xd7, 0xee,
    0xd7, 0xee, 0xd7, 0xee, 0xd7, 0xee, 0xd7, 0xee, 0xd7, 0xee, 0xd7, 0xee, 0xd7, 0xee, 0xd7, 0xee,
    0xd7, 0xee, 0xf8, 0xee, 0xd7, 0xee, 0xd7, 0xee, 0xd7, 0xee, 0xd7, 0xee, 0xd7, 0xee, 0xd7, 0xee,
    0xd7, 0xee, 0xd7, 0xee, 0xd7, 0xee, 0xd7, 0xee, 0xf8, 0xee, 0xd7, 0xee, 0xd7, 0xee, 0xf8, 0xee,
    0xd7, 0xee, 0xf8, 0xee, 0xf8, 0xee, 0xd7, 0xee, 0xd7, 0xee, 0xf8, 0xee, 0xf8, 0xee, 0xd7, 0xee,
    0xf8, 0xee, 0xd7, 0xee, 0xd7, 0xee, 0xf8, 0xee, 0xf8, 0xee, 0xf8, 0xee, 0xd7, 0xee, 0xf8, 0xee,
    0xf8, 0xee, 0xd7, 0xee, 0xf8, 0xee, 0xd7, 0xee, 0xd7, 0xee, 0xf8, 0xee, 0xd7, 0xee, 0xd7, 0xee,
    0xf8, 0xee, 0xf8, 0xee, 0xf8, 0xee, 0xf8, 0xee, 0xf8, 0xee, 0xf8, 0xee, 0xf8, 0xee, 0xf8, 0xee,
    0xd7, 0xee, 0xf8, 0xee, 0xf8, 0xee, 0xf8, 0xee, 0xf8, 0xee, 0xf8, 0xee, 0xf8, 0xee, 0xf8, 0xee,
    0xf8, 0xee, 0xf8, 0xee, 0xf8, 0xee, 0xd7, 0xee, 0xd7, 0xee, 0xd7, 0xee, 0xf8, 0xee, 0xd7, 0xee,
    0xf8, 0xee, 0xd7, 0xee, 0xf8, 0xee, 0xf8, 0xee, 0xd7, 0xee, 0xd7, 0xee, 0xf8, 0xee, 0xf8, 0xee,
    0xd7, 0xee, 0xd7, 0xee, 0xd7, 0xee, 0xd7, 0xee, 0xf8, 0xee, 0xf8, 0xee, 0xf8, 0xee, 0xd7, 0xee,
    0xd7, 0xee, 0xf8, 0xee, 0xf8, 0xee, 0xf8, 0xee, 0xf8, 0xee, 0xd7, 0xee, 0xd7, 0xee, 0xd7, 0xee,
    0xd7, 0xee, 0xd7, 0xee, 0xd7, 0xee, 0xd7, 0xee, 0xf8, 0xee, 0xf8, 0xee, 0xf8, 0xee, 0xf8, 0xee,
    0xf8, 0xee, 0xd7, 0xee, 0xf8, 0xee, 0xf8, 0xee, 0xf8, 0xee, 0xd7, 0xee, 0xd7, 0xee, 0xd7, 0xee,
    0xf8, 0xee, 0xd7, 0xee, 0xf8, 0xee, 0xf8, 0xee, 0xf8, 0xee, 0xf8, 0xee, 0xd7, 0xee, 0xd7, 0xee,
    0xd7, 0xee, 0xf8, 0xee, 0xf8, 0xee, 0xf8, 0xee, 0xf8, 0xee, 0xf8, 0xee, 0xf8, 0xee, 0xd7, 0xee,
    0xf8, 0xee, 0xf8, 0xee, 0xd7, 0xee, 0xf8, 0xee, 0xf8, 0xee, 0xd7, 0xee, 0xd7, 0xee, 0xd7, 0xee,
    0xf8, 0xee, 0xf8, 0xee, 0xf8, 0xee, 0xd7, 0xee, 0xd7, 0xee, 0xf8, 0xee, 0xd7, 0xee, 0xf8, 0xee,
    0xf8, 0xee, 0xd7, 0xee, 0xd7, 0xee, 0xd7, 0xee, 0xf8, 0xee, 0xf8, 0xee, 0xd7, 0xee, 0xd7, 0xee,
    0xd7, 0xee, 0xf8, 0xee, 0xf8, 0xee, 0xf8, 0xee, 0xd7, 0xee, 0xd7, 0xee, 0xf8, 0xee, 0xf8, 0xee,
    0xf8, 0xee, 0xf8, 0xee, 0xd7, 0xee, 0xf8, 0xee, 0xf8, 0xee, 0xf8, 0xee, 0xf8, 0xee, 0xf8, 0xee,
    0xf8, 0xee, 0xf8, 0xee, 0xf8, 0xee, 0xf8, 0xee, 0xf8, 0xee, 0xd7, 0xee, 0xf8, 0xee, 0xf8, 0xee,
    0xf8, 0xee, 0xf8, 0xee, 0xf8, 0xee, 0xf8, 0xee, 0xf8, 0xee, 0xf8, 0xee, 0xf8, 0xee, 0xf8, 0xee,
    0xf8, 0xee, 0xf8, 0xee, 0xf8, 0xee, 0xd7, 0xee, 0xf8, 0xee, 0xf8, 0xee, 0xf8, 0xee, 0xf8, 0xee,
    0xf8, 0xee, 0xf8, 0xee, 0xf8, 0xee, 0xf8, 0xee, 0xd7, 0xee, 0xd7, 0xee, 0xf8, 0xee, 0xf8, 0xee,
    0xd7, 0xee, 0xd7, 0xee, 0xd7, 0xee, 0xf8, 0xee, 0xf8, 0xee, 0xf8, 0xee, 0xf8, 0xee, 0xf8, 0xee,
    0xf8, 0xee, 0xf8, 0xee, 0xd7, 0xee, 0xd7, 0xee, 0xf8, 0xee, 0xf8, 0xee, 0xd7, 0xee, 0xd7, 0xee,
    0xd7, 0xee, 0xd7, 0xee, 0xd7, 0xee, 0xf8, 0xee, 0xf8, 0xee, 0xd7, 0xee, 0xd7, 0xee, 0xf8, 0xee,
    0xf8, 0xee, 0xf8, 0xee, 0xf8, 0xee, 0xd7, 0xee, 0xd7, 0xee, 0xd7, 0xee, 0xd7, 0xee, 0xd7, 0xee,
    0xb6, 0xe6, 0x95, 0xe6, 0xd7, 0xee, 0xd7, 0xee, 0xd7, 0xee, 0xd7, 0xee, 0xd7, 0xee, 0xd7, 0xee,
    0xd7, 0xee, 0xd7, 0xee, 0xd7, 0xee, 0xd7, 0xee, 0xd7, 0xee, 0xd7, 0xee, 0xd7, 0xee, 0xf8, 0xee,
    0xf8, 0xee, 0xf8, 0xee, 0xf8, 0xee, 0xf8, 0xee, 0xf8, 0xee, 0xf8, 0xee, 0xf8, 0xee, 0xd7, 0xee,
    0xd7, 0xee, 0xd7, 0xee, 0xd7, 0xee, 0xd7, 0xee, 0xd7, 0xee, 0xd7, 0xee, 0xf8, 0xee, 0xf8, 0xee,
    0xd7, 0xee, 0xf8, 0xee, 0xf8, 0xee, 0xd7, 0xee, 0xf8, 0xee, 0xf8, 0xee, 0xd7, 0xee, 0xd7, 0xee,
    0xf8, 0xee, 0xf8, 0xee, 0xd7, 0xee, 0xf8, 0xee, 0xf8, 0xee, 0xf8, 0xee, 0xf8, 0xee, 0xf8, 0xee,
    0xd7, 0xee, 0xd7, 0xee, 0xf8, 0xee, 0xd7, 0xee, 0xf8, 0xee, 0xf8, 0xee, 0xf8, 0xee, 0xf8, 0xee,
    0xf8, 0xee, 0xf8, 0xee, 0xf8, 0xee, 0xf8, 0xee, 0xf8, 0xee, 0xd7, 0xee, 0xf8, 0xee, 0xd7, 0xee,
    0xf8, 0xee, 0xd7, 0xee, 0xf8, 0xee, 0xf8, 0xee, 0xd7, 0xee, 0xf8, 0xee, 0xf8, 0xee, 0xf8, 0xee,
    0xf8, 0xee, 0xf8, 0xee, 0xf8, 0xee, 0xf8, 0xee, 0xf8, 0xee, 0xf8, 0xee, 0xf8, 0xee, 0xf8, 0xee,
    0xf8, 0xee, 0xd7, 0xee, 0xf8, 0xee, 0xf8, 0xee, 0xd7, 0xee, 0xd7, 0xee, 0xd7, 0xee, 0xd7, 0xee,
    0xf8, 0xee, 0xf8, 0xee, 0xf8, 0xee, 0xf8, 0xee, 0xf8, 0xee, 0xf8, 0xee, 0xf8, 0xee, 0xd7, 0xee,
    0xf8, 0xee, 0xf8, 0xee, 0xd7, 0xee, 0xd7, 0xee, 0xf8, 0xee, 0xd7, 0xee, 0xd7, 0xee, 0xd7, 0xee,
    0xb6, 0xe6, 0xd7, 0xee, 0xf8, 0xee, 0xd7, 0xee, 0xf8, 0xee, 0xf8, 0xee, 0xf8, 0xee, 0xf8, 0xee,
    0xf8, 0xee, 0xd7, 0xee, 0xd7, 0xee, 0xf8, 0xee, 0xf8, 0xee, 0xd7, 0xee, 0xd7, 0xee, 0xd7, 0xee,
    0xf8, 0xee, 0xf8, 0xee, 0xd7, 0xee, 0xd7, 0xee, 0xd7, 0xee, 0xf8, 0xee, 0xf8, 0xee, 0xd7, 0xee,
    0xd7, 0xee, 0xd7, 0xee, 0xf8, 0xee, 0xf8, 0xee, 0xf8, 0xee, 0xf8, 0xee, 0xf8, 0xee, 0xd7, 0xee,
    0xd7, 0xee, 0xf8, 0xee, 0xd7, 0xee, 0xf8, 0xee, 0xf8, 0xee, 0xf8, 0xee, 0xd7, 0xee, 0xd7, 0xee,
    0xf8, 0xee, 0xf8, 0xee, 0xd7, 0xee, 0xf8, 0xee, 0xd7, 0xee, 0xf8, 0xee, 0xd7, 0xee, 0xd7, 0xee,
    0xd7, 0xee, 0xf8, 0xee, 0xf8, 0xee, 0xf8, 0xee, 0xf8, 0xee, 0xf8, 0xee, 0xf8, 0xee, 0xd7, 0xee,
    0xf8, 0xee, 0xf8, 0xee, 0xf8, 0xee, 0xd7, 0xee, 0x95, 0xe6, 0xb6, 0xee, 0xf8, 0xee, 0xf8, 0xee,
    0xf8, 0xee, 0xf8, 0xee, 0xd7, 0xee, 0xd7, 0xee, 0xf8, 0xee, 0xf8, 0xee, 0xf8, 0xee, 0xf8, 0xee,
    0xf8, 0xee, 0xd7, 0xee, 0xf8, 0xee, 0xf8, 0xee, 0xf8, 0xee, 0xd7, 0xee, 0xf8, 0xee, 0xf8, 0xee,
    0xf8, 0xee, 0xd7, 0xee, 0xd7, 0xee, 0xf8, 0xee, 0xf8, 0xee, 0xf8, 0xee, 0xf8, 0xee, 0xf8, 0xee,
    0xf8, 0xee, 0xf8, 0xee, 0xf8, 0xee, 0xd7, 0xee, 0xf8, 0xee, 0xd7, 0xee, 0xf8, 0xee, 0xd7, 0xee,
    0xf8, 0xee, 0xf8, 0xee, 0xd7, 0xee, 0xf8, 0xee, 0xd7, 0xee, 0xf8, 0xee, 0xf8, 0xee, 0xd7, 0xee,
    0xf8, 0xee, 0xd7, 0xee, 0xd7, 0xee, 0xf8, 0xee, 0xf8, 0xee, 0xf8, 0xee, 0xf8, 0xee, 0xf8, 0xee,
    0xf8, 0xee, 0xf8, 0xee, 0xf8, 0xee, 0xf8, 0xee, 0xf8, 0xee, 0xf8, 0xee, 0xd7, 0xee, 0xf8, 0xee,
    0xd7, 0xee, 0xf8, 0xee, 0xd7, 0xee, 0xd7, 0xee, 0xd7, 0xee, 0xf8, 0xee, 0xd7, 0xee, 0xf8, 0xee,
    0xf8, 0xee, 0xd7, 0xee, 0xf8, 0xee, 0xd7, 0xee, 0xd7, 0xee, 0xd7, 0xee, 0xf8, 0xee, 0xd7, 0xee,
    0xd7, 0xee, 0xd7, 0xee, 0xd7, 0xee, 0xd7, 0xee, 0xf8, 0xee, 0xd7, 0xee, 0xd7, 0xee, 0xd7, 0xee,
    0xd7, 0xee, 0xd7, 0xee, 0xf8, 0xee, 0xd7, 0xee, 0xd7, 0xee, 0xf8, 0xee, 0xf8, 0xee, 0xd7, 0xee,
    0xd7, 0xee, 0xd7, 0xee, 0xd7, 0xee, 0xd7, 0xee, 0xd7, 0xee, 0xf8, 0xee, 0xf8, 0xee, 0xd7, 0xee,
    0xf8, 0xee, 0xd7, 0xee, 0xd7, 0xee, 0xd7, 0xee, 0xd7, 0xee, 0xd7, 0xee, 0xd7, 0xee, 0xd7, 0xee,
    0xd7, 0xee, 0xd7, 0xee, 0xf8, 0xee, 0xd7, 0xee, 0xd7, 0xee, 0xf8, 0xee, 0xd7, 0xee, 0xf8, 0xee,
    0xf8, 0xee, 0xf8, 0xee, 0xf8, 0xee, 0xf8, 0xee, 0xf8, 0xee, 0xf8, 0xee, 0xf8, 0xee, 0xf8, 0xee,
    0xd7, 0xee, 0xd7, 0xee, 0xd7, 0xee, 0xd7, 0xee, 0xd7, 0xee, 0xf8, 0xee, 0xf8, 0xee, 0xf8, 0xee,
    0xf8, 0xee, 0xf8, 0xee, 0xf8, 0xee, 0xd7, 0xee, 0xd7, 0xee, 0xf8, 0xee, 0xd7, 0xee, 0xf8, 0xee,
    0xf8, 0xee, 0xd7, 0xee, 0xf8, 0xee, 0xf8, 0xee, 0xf8, 0xee, 0xf8, 0xee, 0xf8, 0xee, 0xf8, 0xee,
    0xf8, 0xee, 0xf8, 0xee, 0xf8, 0xee, 0xf8, 0xee, 0xf8, 0xee, 0xd7, 0xee, 0xd7, 0xee, 0xf8, 0xee,
    0xd7, 0xee, 0xf8, 0xee, 0xd7, 0xee, 0xf8, 0xee, 0xf8, 0xee, 0xd7, 0xee, 0xd7, 0xee, 0xd7, 0xee,
    0xf8, 0xee, 0xd7, 0xee, 0xd7, 0xee, 0xd7, 0xee, 0xf8, 0xee, 0xf8, 0xee, 0xf8, 0xee, 0xd7, 0xee,
    0xf8, 0xee, 0xf8, 0xee, 0xf8, 0xee, 0xd7, 0xee, 0xf8, 0xee, 0xd7, 0xee, 0xd7, 0xee, 0x95, 0xe6,
    0x95, 0xe6, 0xd7, 0xee, 0xf8, 0xee, 0xf8, 0xee, 0xf8, 0xee, 0xf8, 0xee, 0xf8, 0xee, 0xf8, 0xee,
    0xf8, 0xee, 0xd7, 0xee, 0xd7, 0xee, 0xd7, 0xee, 0xf8, 0xee, 0xf8, 0xee, 0xd7, 0xee, 0xd7, 0xee,
    0xf8, 0xee, 0xf8, 0xee, 0xf8, 0xee, 0xf8, 0xee, 0xd7, 0xee, 0xd7, 0xee, 0xf8, 0xee, 0xf8, 0xee,
    0xd7, 0xee, 0xf8, 0xee, 0xf8, 0xee, 0xd7, 0xee, 0xd7, 0xee, 0xd7, 0xee, 0xd7, 0xee, 0xd7, 0xee,
    0xd7, 0xee, 0xd7, 0xee, 0xd7, 0xee, 0xf8, 0xee, 0xf8, 0xee, 0xf8, 0xee, 0xf8, 0xee, 0xd7, 0xee,
    0xd7, 0xee, 0xd7, 0xee, 0xf8, 0xee, 0xf8, 0xee, 0xd7, 0xee, 0xf8, 0xee, 0xf8, 0xee, 0xd7, 0xee,
    0xd7, 0xee, 0xf8, 0xee, 0xf8, 0xee, 0xf8, 0xee, 0xf8, 0xee, 0xd7, 0xee, 0xd7, 0xee, 0xf8, 0xee,
    0xd7, 0xee, 0xf8, 0xee, 0xf8, 0xee, 0xd7, 0xee, 0xb6, 0xee, 0xd7, 0xee, 0xd7, 0xee, 0xf8, 0xee,
    0xf8, 0xee, 0xf8, 0xee, 0xf8, 0xee, 0xf8, 0xee, 0xf8, 0xee, 0xf8, 0xee, 0xd7, 0xee, 0xd7, 0xee,
    0xd7, 0xee, 0xd7, 0xee, 0xf8, 0xee, 0xd7, 0xee, 0xd7, 0xee, 0xd7, 0xee, 0xf8, 0xee, 0xf8, 0xee,
    0xf8, 0xee, 0xd7, 0xee, 0xf8, 0xee, 0xf8, 0xee, 0xd7, 0xee, 0xd7, 0xee, 0xd7, 0xee, 0xf8, 0xee,
    0xf8, 0xee, 0xd7, 0xee, 0xd7, 0xee, 0xf8, 0xee, 0xf8, 0xee, 0xf8, 0xee, 0xf8, 0xee, 0xf8, 0xee,
    0xf8, 0xee, 0xf8, 0xee, 0xf8, 0xee, 0xf8, 0xee, 0xf8, 0xee, 0xd7, 0xee, 0xf8, 0xee, 0xd7, 0xee,
    0xf8, 0xee, 0xd7, 0xee, 0xf8, 0xee, 0xd7, 0xee, 0xf8, 0xee, 0xf8, 0xee, 0xf8, 0xee, 0xf8, 0xee,
    0xf8, 0xee, 0xf8, 0xee, 0xf8, 0xee, 0xf8, 0xee, 0xf8, 0xee, 0xf8, 0xee, 0xf8, 0xee, 0xf8, 0xee,
    0xf8, 0xee, 0xf8, 0xee, 0xf8, 0xee, 0xd7, 0xee, 0xd7, 0xee, 0xd7, 0xee, 0xd7, 0xee, 0xf8, 0xee,
    0xd7, 0xee, 0xd7, 0xee, 0xf8, 0xee, 0xf8, 0xee, 0xd7, 0xee, 0xd7, 0xee, 0xf8, 0xee, 0xd7, 0xee,
    0xd7, 0xee, 0xd7, 0xee, 0xd7, 0xee, 0xd7, 0xee, 0xf8, 0xee, 0xd7, 0xee, 0xf8, 0xee, 0xf8, 0xee,
    0xd7, 0xee, 0xd7, 0xee, 0xf8, 0xee, 0xd7, 0xee, 0xd7, 0xee, 0xf8, 0xee, 0xd7, 0xee, 0xf8, 0xee,
    0xb6, 0xe6, 0xd7, 0xee, 0xd7, 0xee, 0xd7, 0xee, 0xd7, 0xee, 0xf8, 0xee, 0xd7, 0xee, 0xd7, 0xee,
    0xf8, 0xee, 0xd7, 0xee, 0xd7, 0xee, 0xf8, 0xee, 0xf8, 0xee, 0xd7, 0xee, 0xd7, 0xee, 0xf8, 0xee,
    0xd7, 0xee, 0xf8, 0xee, 0xf8, 0xee, 0xd7, 0xee, 0xd7, 0xee, 0xd7, 0xee, 0xd7, 0xee, 0xf8, 0xee,
    0xf8, 0xee, 0xf8, 0xee, 0xf8, 0xee, 0xf8, 0xee, 0xf8, 0xee, 0xf8, 0xee, 0xf8, 0xee, 0xf8, 0xee,
    0xd7, 0xee, 0xd7, 0xee, 0xd7, 0xee, 0xd7, 0xee, 0xd7, 0xee, 0xf8, 0xee, 0xf8, 0xee, 0xf8, 0xee,
    0xf8, 0xee, 0xf8, 0xee, 0xf8, 0xee, 0xd7, 0xee, 0xd7, 0xee, 0xf8, 0xee, 0xd7, 0xee, 0xf8, 0xee,
    0xf8, 0xee, 0xd7, 0xee, 0xd7, 0xee, 0xf8, 0xee, 0xf8, 0xee, 0xf8, 0xee, 0xf8, 0xee, 0xf8, 0xee,
    0xf8, 0xee, 0xf8, 0xee, 0xf8, 0xee, 0xf8, 0xee, 0xf8, 0xee, 0xf8, 0xee, 0xf8, 0xee, 0xd7, 0xee,
    0xf8, 0xee, 0xf8, 0xee, 0xd7, 0xee, 0xf8, 0xee, 0xd7, 0xee, 0xf8, 0xee, 0xd7, 0xee, 0xd7, 0xee,
    0xd7, 0xee, 0xd7, 0xee, 0xd7, 0xee, 0xd7, 0xee, 0xf8, 0xee, 0xf8, 0xee, 0xd7, 0xee, 0xf8, 0xee,
    0xf8, 0xee, 0xf8, 0xee, 0xf8, 0xee, 0xf8, 0xee, 0xf8, 0xee, 0xd7, 0xee, 0xf8, 0xee, 0xb6, 0xe6,
    0x75, 0xe6, 0xd7, 0xee, 0xf8, 0xee, 0xf8, 0xee, 0xf8, 0xee, 0xf8, 0xee, 0xf8, 0xee, 0xf8, 0xee,
    0xf8, 0xee, 0xf8, 0xee, 0xd7, 0xee, 0xd7, 0xee, 0xd7, 0xee, 0xf8, 0xee, 0xd7, 0xee, 0xd7, 0xee,
    0xf8, 0xee, 0xd7, 0xee, 0xd7, 0xee, 0xf8, 0xee, 0xb6, 0xe6, 0xd7, 0xee, 0xf8, 0xee, 0xf8, 0xee,
    0xf8, 0xee, 0xf8, 0xee, 0xf8, 0xee, 0xd7, 0xee, 0xd7, 0xee, 0xd7, 0xee, 0xd7, 0xee, 0xd7, 0xee,
    0xf8, 0xee, 0xd7, 0xee, 0xd7, 0xee, 0xf8, 0xee, 0xf8, 0xee, 0xf8, 0xee, 0xd7, 0xee, 0xd7, 0xee,
    0xd7, 0xee, 0xd7, 0xee, 0xf8, 0xee, 0xf8, 0xee, 0xd7, 0xee, 0xf8, 0xee, 0xf8, 0xee, 0xd7, 0xee,
    0xd7, 0xee, 0xf8, 0xee, 0xf8, 0xee, 0xf8, 0xee, 0xf8, 0xee, 0xf8, 0xee, 0xf8, 0xee, 0xf8, 0xee,
    0xd7, 0xee, 0xf8, 0xee, 0xf8, 0xee, 0xf8, 0xee, 0xd7, 0xee, 0xd7, 0xee, 0xd7, 0xee, 0xf8, 0xee,
    0xf8, 0xee, 0xf8, 0xee, 0xf8, 0xee, 0xf8, 0xee, 0xf8, 0xee, 0xd7, 0xee, 0xd7, 0xee, 0xf8, 0xee,
    0xf8, 0xee, 0xd7, 0xee, 0xf8, 0xee, 0xf8, 0xee, 0xf8, 0xee, 0xd7, 0xee, 0xf8, 0xee, 0xf8, 0xee,
    0xf8, 0xee, 0xd7, 0xee, 0xf8, 0xee, 0xd7, 0xee, 0xd7, 0xee, 0xd7, 0xee, 0xf8, 0xee, 0xf8, 0xee,
    0xf8, 0xee, 0xd7, 0xee, 0xf8, 0xee, 0xf8, 0xee, 0xf8, 0xee, 0xf8, 0xee, 0xf8, 0xee, 0xf8, 0xee,
    0xf8, 0xee, 0xf8, 0xee, 0xf8, 0xee, 0xf8, 0xee, 0xf8, 0xee, 0xf8, 0xee, 0xf8, 0xee, 0xf8, 0xee,
    0xd7, 0xee, 0xd7, 0xee, 0xd7, 0xee, 0xd7, 0xee, 0xd7, 0xee, 0xf8, 0xee, 0xf8, 0xee, 0xd7, 0xee,
    0xf8, 0xee, 0xf8, 0xee, 0xf8, 0xee, 0xf8, 0xee, 0xf8, 0xee, 0xf8, 0xee, 0xf8, 0xee, 0xf8, 0xee,
    0xf8, 0xee, 0xf8, 0xee, 0xd7, 0xee, 0xd7, 0xee, 0xd7, 0xee, 0xd7, 0xee, 0xd7, 0xee, 0xf8, 0xee,
    0xd7, 0xee, 0xd7, 0xee, 0xf8, 0xee, 0xf8, 0xee, 0xf8, 0xee, 0xf8, 0xee, 0xd7, 0xee, 0xd7, 0xee,
    0xf8, 0xee, 0xd7, 0xee, 0xd7, 0xee, 0xd7, 0xee, 0xd7, 0xee, 0xd7, 0xee, 0xd7, 0xee, 0xf8, 0xee,
    0xf8, 0xee, 0xf8, 0xee, 0xf8, 0xee, 0xd7, 0xee, 0xd7, 0xee, 0xf8, 0xee, 0xf8, 0xee, 0xd7, 0xee,
    0xd7, 0xee, 0xf8, 0xee, 0xf8, 0xee, 0xd7, 0xee, 0xf8, 0xee, 0xd7, 0xee, 0xd7, 0xee, 0xf8, 0xee,
    0xf8, 0xee, 0xf8, 0xee, 0xf8, 0xee, 0xd7, 0xee, 0xd7, 0xee, 0xd7, 0xee, 0xf8, 0xee, 0xf8, 0xee,
    0xf8, 0xee, 0xf8, 0xee, 0xf8, 0xee, 0xd7, 0xee, 0xf8, 0xee, 0xd7, 0xee, 0xd7, 0xee, 0xd7, 0xee,
    0xd7, 0xee, 0xf8, 0xee, 0xf8, 0xee, 0xf8, 0xee, 0xf8, 0xee, 0xf8, 0xee, 0xf8, 0xee, 0xd7, 0xee,
    0xd7, 0xee, 0xf8, 0xee, 0xd7, 0xee, 0xd7, 0xee, 0xf8, 0xee, 0xd7, 0xee, 0xd7, 0xee, 0xf8, 0xee,
    0xf8, 0xee, 0xf8, 0xee, 0xf8, 0xee, 0xd7, 0xee, 0xd7, 0xee, 0xf8, 0xee, 0xf8, 0xee, 0xf8, 0xee,
    0xf8, 0xee, 0xd7, 0xee, 0xf8, 0xee, 0xf8, 0xee, 0xf8, 0xee, 0xf8, 0xee, 0xf8, 0xee, 0xf8, 0xee,
    0xf8, 0xee, 0xf8, 0xee, 0xd7, 0xee, 0xf8, 0xee, 0xf8, 0xee, 0xf8, 0xee, 0xf8, 0xee, 0xf8, 0xee,
    0xf8, 0xee, 0xf8, 0xee, 0xf8, 0xee, 0xd7, 0xee, 0xd7, 0xee, 0xf8, 0xee, 0xf8, 0xee, 0xd7, 0xee,
    0xd7, 0xee, 0xd7, 0xee, 0xd7, 0xee, 0xd7, 0xee, 0xd7, 0xee, 0xf8, 0xee, 0xf8, 0xee, 0xf8, 0xee,
    0xf8, 0xee, 0xf8, 0xee, 0xf8, 0xee, 0xf8, 0xee, 0xf8, 0xee, 0xf8, 0xee, 0xd7, 0xee, 0xd7, 0xee,
    0xd7, 0xee, 0xd7, 0xee, 0xf8, 0xee, 0xf8, 0xee, 0xf8, 0xee, 0xf8, 0xee, 0xf8, 0xee, 0xf8, 0xee,
    0xf8, 0xee, 0xd7, 0xee, 0xd7, 0xee, 0xd7, 0xee, 0xf8, 0xee, 0xf8, 0xee, 0xd7, 0xee, 0xd7, 0xee,
    0xf8, 0xee, 0xd7, 0xee, 0xd7, 0xee, 0xd7, 0xee, 0xd7, 0xee, 0xd7, 0xee, 0xf8, 0xee, 0xf8, 0xee,
    0xf8, 0xee, 0xf8, 0xee, 0xf8, 0xee, 0xf8, 0xee, 0xd7, 0xee, 0xf8, 0xee, 0xf8, 0xee, 0xf8, 0xee,
    0xf8, 0xee, 0xd7, 0xee, 0xd7, 0xee, 0xd7, 0xee, 0xd7, 0xee, 0xf8, 0xee, 0xd7, 0xee, 0xd7, 0xee,
    0xd7, 0xee, 0xf8, 0xee, 0xf8, 0xee, 0xd7, 0xee, 0xd7, 0xee, 0xf8, 0xee, 0xf8, 0xee, 0xd7, 0xee,
    0xf8, 0xee, 0xf8, 0xee, 0xd7, 0xee, 0xf8, 0xee, 0xf8, 0xee, 0xf8, 0xee, 0xf8, 0xee, 0xf8, 0xee,
    0xf8, 0xee, 0xf8, 0xee, 0xf8, 0xee, 0xf8, 0xee, 0xf8, 0xee, 0xd7, 0xee, 0xf8, 0xee, 0xd7, 0xee,
    0xd7, 0xee, 0xd7, 0xee, 0xd7, 0xee, 0xf8, 0xee, 0xf8, 0xee, 0xf8, 0xee, 0xf8, 0xee, 0xf8, 0xee,
    0xd7, 0xee, 0xf8, 0xee, 0xf8, 0xee, 0xf8, 0xee, 0xf8, 0xee, 0xd7, 0xee, 0xd7, 0xee, 0xf8, 0xee,
    0xf8, 0xee, 0xf8, 0xee, 0xd7, 0xee, 0xd7, 0xee, 0xd7, 0xee, 0xd7, 0xee, 0xf8, 0xee, 0xf8, 0xee,
    0xf8, 0xee, 0xf8, 0xee, 0xf8, 0xee, 0xf8, 0xee, 0xf8, 0xee, 0xf8, 0xee, 0xf8, 0xee, 0xf8, 0xee,
    0xf8, 0xee, 0xf8, 0xee, 0xf8, 0xee, 0xf8, 0xee, 0xf8, 0xee, 0xf8, 0xee, 0xf8, 0xee, 0xf8, 0xee,
    0xf8, 0xee, 0xd7, 0xee, 0xd7, 0xee, 0xd7, 0xee, 0xd7, 0xee, 0xf8, 0xee, 0xf8, 0xee, 0xd7, 0xee,
    0xf8, 0xee, 0xf8, 0xee, 0xd7, 0xee, 0xf8, 0xee, 0xd7, 0xee, 0xf8, 0xee, 0xf8, 0xee, 0xf8, 0xee,
    0xd7, 0xee, 0xf8, 0xee, 0xf8, 0xee, 0xd7, 0xee, 0xd7, 0xee, 0xd7, 0xee, 0xd7, 0xee, 0xf8, 0xee,
    0xd7, 0xee, 0xd7, 0xee, 0xf8, 0xee, 0xd7, 0xee, 0xd7, 0xee, 0xf8, 0xee, 0xd7, 0xee, 0xd7, 0xee,
    0xf8, 0xee, 0xd7, 0xee, 0xd7, 0xee, 0xd7, 0xee, 0xd7, 0xee, 0xd7, 0xee, 0xf8, 0xee, 0xf8, 0xee,
    0xf8, 0xee, 0xf8, 0xee, 0xf8, 0xee, 0xf8, 0xee, 0xd7, 0xee, 0xd7, 0xee, 0xf8, 0xee, 0xd7, 0xee,
    0xd7, 0xee, 0xd7, 0xee, 0xd7, 0xee, 0xf8, 0xee, 0xd7, 0xee, 0xd7, 0xee, 0xd7, 0xee, 0xd7, 0xee,
    0xf8, 0xee, 0xf8, 0xee, 0xf8, 0xee, 0xf8, 0xee, 0xd7, 0xee, 0xf8, 0xee, 0xf8, 0xee, 0xd7, 0xee,
    0xd7, 0xee, 0xd7, 0xee, 0xd7, 0xee, 0xf8, 0xee, 0xf8, 0xee, 0xd7, 0xee, 0xf8, 0xee, 0xd7, 0xee,
    0xd7, 0xee, 0xf8, 0xee, 0xf8, 0xee, 0xf8, 0xee, 0xd7, 0xee, 0xf8, 0xee, 0xf8, 0xee, 0xf8, 0xee,
    0xd7, 0xee, 0xd7, 0xee, 0xd7, 0xee, 0xf8, 0xee, 0xf8, 0xee, 0xd7, 0xee, 0xf8, 0xee, 0xf8, 0xee,
    0xd7, 0xee, 0xf8, 0xee, 0xf8, 0xee, 0xd7, 0xee, 0xd7, 0xee, 0xd7, 0xee, 0xf8, 0xee, 0xf8, 0xee,
    0xf8, 0xee, 0xf8, 0xee, 0xf8, 0xee, 0xf8, 0xee, 0xf8, 0xee, 0xf8, 0xee, 0xf8, 0xee, 0xf8, 0xee,
    0xf8, 0xee, 0xf8, 0xee, 0xf8, 0xee, 0xf8, 0xee, 0xf8, 0xee, 0xf8, 0xee, 0xd7, 0xee, 0xf8, 0xee,
    0xf8, 0xee, 0xf8, 0xee, 0xf8, 0xee, 0xf8, 0xee, 0xf8, 0xee, 0xd7, 0xee, 0xf8, 0xee, 0xd7, 0xee,
    0xd7, 0xee, 0xd7, 0xee, 0xd7, 0xee, 0xf8, 0xee, 0xf8, 0xee, 0xd7, 0xee, 0xd7, 0xee, 0xf8, 0xee,
    0xf8, 0xee, 0xf8, 0xee, 0xf8, 0xee, 0xd7, 0xee, 0xf8, 0xee, 0xd7, 0xee, 0xd7, 0xee, 0xd7, 0xee,
    0xd7, 0xee, 0xd7, 0xee, 0xf8, 0xee, 0xf8, 0xee, 0xf8, 0xee, 0xd7, 0xee, 0xf8, 0xee, 0xf8, 0xee,
    0xd7, 0xee, 0xf8, 0xee, 0xf8, 0xee, 0xd7, 0xee, 0xf8, 0xee, 0xf8, 0xee, 0xf8, 0xee, 0xd7, 0xee,
    0xd7, 0xee, 0xf8, 0xee, 0xf8, 0xee, 0xf8, 0xee, 0xf8, 0xee, 0xd7, 0xee, 0xd7, 0xee, 0xf8, 0xee,
    0xf8, 0xee, 0xf8, 0xee, 0xf8, 0xee, 0xf8, 0xee, 0xf8, 0xee, 0xf8, 0xee, 0xf8, 0xee, 0xf8, 0xee,
    0xf8, 0xee, 0xf8, 0xee, 0xd7, 0xee, 0xd7, 0xee, 0xd7, 0xee, 0xf8, 0xee, 0xf8, 0xee, 0xf8, 0xee,
    0xd7, 0xee, 0xf8, 0xee, 0xf8, 0xee, 0xf8, 0xee, 0xd7, 0xee, 0xf8, 0xee, 0xf8, 0xee, 0xd7, 0xee,
    0xf8, 0xee, 0xd7, 0xee, 0xd7, 0xee, 0xd7, 0xee, 0xf8, 0xee, 0xf8, 0xee, 0xf8, 0xee, 0xf8, 0xee,
    0xf8, 0xee, 0xf8, 0xee, 0xf8, 0xee, 0xf8, 0xee, 0xf8, 0xee, 0xd7, 0xee, 0xf8, 0xee, 0xf8, 0xee,
    0xd7, 0xee, 0xd7, 0xee, 0xd7, 0xee, 0xd7, 0xee, 0xf8, 0xee, 0xf8, 0xee, 0xd7, 0xee, 0xd7, 0xee,
    0xf8, 0xee, 0xf8, 0xee, 0xf8, 0xee, 0xf8, 0xee, 0xf8, 0xee, 0xf8, 0xee, 0xd7, 0xee, 0xd7, 0xee,
    0xd7, 0xee, 0xf8, 0xee, 0xd7, 0xee, 0xd7, 0xee, 0xd7, 0xee, 0xf8, 0xee, 0xf8, 0xee, 0xf8, 0xee,
    0xf8, 0xee, 0xd7, 0xee, 0xd7, 0xee, 0xf8, 0xee, 0xd7, 0xee, 0xf8, 0xee, 0xf8, 0xee, 0xf8, 0xee,
    0xf8, 0xee, 0xd7, 0xee, 0xf8, 0xee, 0xf8, 0xee, 0xf8, 0xee, 0xd7, 0xee, 0xd7, 0xee, 0xf8, 0xee,
    0xf8, 0xee, 0xd7, 0xee, 0xf8, 0xee, 0xf8, 0xee, 0xf8, 0xee, 0xf8, 0xee, 0xf8, 0xee, 0xf8, 0xee,
    0xd7, 0xee, 0xd7, 0xee, 0xd7, 0xee, 0xd7, 0xee, 0xd7, 0xee, 0xf8, 0xee, 0xf8, 0xee, 0xd7, 0xee,
    0xf8, 0xee, 0xf8, 0xee, 0xf8, 0xee, 0xf8, 0xee, 0xd7, 0xee, 0xd7, 0xee, 0xd7, 0xee, 0xd7, 0xee,
    0xd7, 0xee, 0xd7, 0xee, 0xd7, 0xee, 0xd7, 0xee, 0xf8, 0xee, 0xf8, 0xee, 0xf8, 0xee, 0xf8, 0xee,
    0xf8, 0xee, 0xd7, 0xee, 0xd7, 0xee, 0xd7, 0xee, 0xd7, 0xee, 0xd7, 0xee, 0xf8, 0xee, 0xf8, 0xee,
    0xf8, 0xee, 0xf8, 0xee, 0xf8, 0xee, 0xd7, 0xee, 0xf8, 0xee, 0xf8, 0xee, 0xf8, 0xee, 0xd7, 0xee,
    0xd7, 0xee, 0xd7, 0xee, 0xd7, 0xee, 0xd7, 0xee, 0xd7, 0xee, 0xd7, 0xee, 0xd7, 0xee, 0xd7, 0xee,
    0xd7, 0xee, 0xd7, 0xee, 0xf8, 0xee, 0xf8, 0xee, 0xd7, 0xee, 0xd7, 0xee, 0xd7, 0xee, 0xd7, 0xee,
    0xd7, 0xee, 0xd7, 0xee, 0xd7, 0xee, 0xd7, 0xee, 0xd7, 0xee, 0xf8, 0xee, 0xf8, 0xee, 0xf8, 0xee,
    0xf8, 0xee, 0xd7, 0xee, 0xf8, 0xee, 0xf8, 0xee, 0xd7, 0xee, 0xf8, 0xee, 0xf8, 0xee, 0xd7, 0xee,
    0xd7, 0xee, 0xd7, 0xee, 0xd7, 0xee, 0xd7, 0xee, 0xf8, 0xee, 0xd7, 0xee, 0xf8, 0xee, 0xf8, 0xee,
    0xd7, 0xee, 0xd7, 0xee, 0xd7, 0xee, 0xd7, 0xee, 0xf8, 0xee, 0xf8, 0xee, 0xf8, 0xee, 0xf8, 0xee,
    0xf8, 0xee, 0xf8, 0xee, 0xf8, 0xee, 0xf8, 0xee, 0xf8, 0xee, 0xf8, 0xee, 0xd7, 0xee, 0xf8, 0xee,
    0xf8, 0xee, 0xf8, 0xee, 0xf8, 0xee, 0xd7, 0xee, 0xd7, 0xee, 0xd7, 0xee, 0xf8, 0xee, 0xd7, 0xee,
    0xf8, 0xee, 0xf8, 0xee, 0xf8, 0xee, 0xf8, 0xee, 0xf8, 0xee, 0xf8, 0xee, 0xf8, 0xee, 0xd7, 0xee,
    0xd7, 0xee, 0xf8, 0xee, 0xf8, 0xee, 0xf8, 0xee, 0xd7, 0xee, 0xd7, 0xee, 0xd7, 0xee, 0xd7, 0xee,
    0xf8, 0xee, 0xd7, 0xee, 0xf8, 0xee, 0xd7, 0xee, 0xd7, 0xee, 0xd7, 0xee, 0xd7, 0xee, 0xd7, 0xee,
    0xd7, 0xee, 0xf8, 0xee, 0xd7, 0xee, 0xd7, 0xee, 0xf8, 0xee, 0xf8, 0xee, 0xf8, 0xee, 0xf8, 0xee,
    0xd7, 0xee, 0xd7, 0xee, 0xf8, 0xee, 0xf8, 0xee, 0xf8, 0xee, 0xf8, 0xee, 0xf8, 0xee, 0xf8, 0xee,
    0xd7, 0xee, 0xd7, 0xee, 0xd7, 0xee, 0xd7, 0xee, 0xf8, 0xee, 0xf8, 0xee, 0xf8, 0xee, 0xd7, 0xee,
    0xd7, 0xee, 0xd7, 0xee, 0xf8, 0xee, 0xf8, 0xee, 0xf8, 0xee, 0xf8, 0xee, 0xf8, 0xee, 0xf8, 0xee,
    0xf8, 0xee, 0xf8, 0xee, 0xd7, 0xee, 0xf8, 0xee, 0xd7, 0xee, 0xf8, 0xee, 0xf8, 0xee, 0xf8, 0xee,
    0xd7, 0xee, 0xd7, 0xee, 0xd7, 0xee, 0xd7, 0xee, 0xd7, 0xee, 0xd7, 0xee, 0xd7, 0xee, 0xd7, 0xee,
    0xd7, 0xee, 0xf8, 0xee, 0xf8, 0xee, 0xf8, 0xee, 0xd7, 0xee, 0xf8, 0xee, 0xf8, 0xee, 0xf8, 0xee,
    0xf8, 0xee, 0xf8, 0xee, 0xf8, 0xee, 0xf8, 0xee, 0xf8, 0xee, 0xf8, 0xee, 0xd7, 0xee, 0xf8, 0xee,
    0xf8, 0xee, 0xf8, 0xee, 0xf8, 0xee, 0xf8, 0xee, 0xf8, 0xee, 0xf8, 0xee, 0xf8, 0xee, 0xf8, 0xee,
    0xf8, 0xee, 0xf8, 0xee, 0xf8, 0xee, 0xf8, 0xee, 0xf8, 0xee, 0xf8, 0xee, 0xd7, 0xee, 0xf8, 0xee,
    0xd7, 0xee, 0xf8, 0xee, 0xd7, 0xee, 0xf8, 0xee, 0xd7, 0xee, 0xd7, 0xee, 0xd7, 0xee, 0xd7, 0xee,
    0xd7, 0xee, 0xd7, 0xee, 0xd7, 0xee, 0xf8, 0xee, 0xf8, 0xee, 0xf8, 0xee, 0xf8, 0xee, 0xf8, 0xee,
    0xf8, 0xee, 0xd7, 0xee, 0xf8, 0xee, 0xd7, 0xee, 0xd7, 0xee, 0xd7, 0xee, 0xd7, 0xee, 0xf8, 0xee,
    0xd7, 0xee, 0xf8, 0xee, 0xf8, 0xee, 0xf8, 0xee, 0xf8, 0xee, 0xf8, 0xee, 0xf8, 0xee, 0xf8, 0xee,
    0xd7, 0xee, 0xd7, 0xee, 0xf8, 0xee, 0xf8, 0xee, 0xd7, 0xee, 0xf8, 0xee, 0xd7, 0xee, 0xd7, 0xee,
    0xf8, 0xee, 0xf8, 0xee, 0xf8, 0xee, 0xf8, 0xee, 0xf8, 0xee, 0xf8, 0xee, 0xd7, 0xee, 0xd7, 0xee,
    0xd7, 0xee, 0xd7, 0xee, 0xf8, 0xee, 0xf8, 0xee, 0xf8, 0xee, 0xf8, 0xee, 0xf8, 0xee, 0xf8, 0xee,
    0xd7, 0xee, 0xd7, 0xee, 0xf8, 0xee, 0xf8, 0xee, 0xf8, 0xee, 0xf8, 0xee, 0xd7, 0xee, 0xd7, 0xee,
    0xd7, 0xee, 0xd7, 0xee, 0xd7, 0xee, 0xd7, 0xee, 0xf8, 0xee, 0xf8, 0xee, 0xf8, 0xee, 0xd7, 0xee,
    0xd7, 0xee, 0xb6, 0xe6, 0xd7, 0xee, 0xf8, 0xee, 0xd7, 0xee, 0xf8, 0xee, 0xd7, 0xee, 0xd7, 0xee,
    0xd7, 0xee, 0xd7, 0xee, 0xd7, 0xee, 0xd7, 0xee, 0xf8, 0xee, 0xd7, 0xee, 0xf8, 0xee, 0xf8, 0xee,
    0xd7, 0xee, 0xd7, 0xee, 0xd7, 0xee, 0xf8, 0xee, 0xd7, 0xee, 0xd7, 0xee, 0xd7, 0xee, 0xf8, 0xee,
    0xd7, 0xee, 0xd7, 0xee, 0xd7, 0xee, 0xd7, 0xee, 0xd7, 0xee, 0xf8, 0xee, 0xd7, 0xee, 0xd7, 0xee,
    0xf8, 0xee, 0xd7, 0xee, 0xd7, 0xee, 0xd7, 0xee, 0xd7, 0xee, 0xf8, 0xee, 0xd7, 0xee, 0xf8, 0xee,
    0xd7, 0xee, 0xd7, 0xee, 0xd7, 0xee, 0xd7, 0xee, 0xf8, 0xee, 0xf8, 0xee, 0xf8, 0xee, 0xf8, 0xee,
    0xf8, 0xee, 0xf8, 0xee, 0xf8, 0xee, 0xf8, 0xee, 0xf8, 0xee, 0xf8, 0xee, 0xf8, 0xee, 0xf8, 0xee,
    0xf8, 0xee, 0xf8, 0xee, 0xf8, 0xee, 0xd7, 0xee, 0xf8, 0xee, 0xf8, 0xee, 0xf8, 0xee, 0xf8, 0xee,
    0xd7, 0xee, 0xf8, 0xee, 0xf8, 0xee, 0xf8, 0xee, 0xf8, 0xee, 0xf8, 0xee, 0xd7, 0xee, 0xd7, 0xee,
    0xf8, 0xee, 0xf8, 0xee, 0xd7, 0xee, 0xf8, 0xee, 0xf8, 0xee, 0xd7, 0xee, 0xd7, 0xee, 0xd7, 0xee,
    0xd7, 0xee, 0xd7, 0xee, 0xf8, 0xee, 0xd7, 0xee, 0xf8, 0xee, 0xd7, 0xee, 0xd7, 0xee, 0xd7, 0xee,
    0xf8, 0xee, 0xd7, 0xee, 0xf8, 0xee, 0xd7, 0xee, 0xd7, 0xee, 0xf8, 0xee, 0xf8, 0xee, 0xd7, 0xee,
    0xd7, 0xee, 0xd7, 0xee, 0xf8, 0xee, 0xf8, 0xee, 0xf8, 0xee, 0xf8, 0xee, 0xf8, 0xee, 0xd7, 0xee,
    0xf8, 0xee, 0xf8, 0xee, 0xf8, 0xee, 0xf8, 0xee, 0xf8, 0xee, 0xd7, 0xee, 0xf8, 0xee, 0xf8, 0xee,
    0xd7, 0xee, 0xd7, 0xee, 0xd7, 0xee, 0xd7, 0xee, 0xf8, 0xee, 0xf8, 0xee, 0xf8, 0xee, 0xf8, 0xee,
    0xf8, 0xee, 0xd7, 0xee, 0xd7, 0xee, 0xf8, 0xee, 0xd7, 0xee, 0xd7, 0xee, 0xf8, 0xee, 0xf8, 0xee,
    0xd7, 0xee, 0xd7, 0xee, 0xd7, 0xee, 0xd7, 0xee, 0xd7, 0xee, 0xd7, 0xee, 0xd7, 0xee, 0xf8, 0xee,
    0xd7, 0xee, 0xf8, 0xee, 0xf8, 0xee, 0xd7, 0xee, 0xf8, 0xee, 0xf8, 0xee, 0xf8, 0xee, 0xf8, 0xee,
    0xf8, 0xee, 0xf8, 0xee, 0xf8, 0xee, 0xd7, 0xee, 0xd7, 0xee, 0xf8, 0xee, 0xd7, 0xee, 0xd7, 0xee,
    0xd7, 0xee, 0xf8, 0xee, 0xf8, 0xee, 0xf8, 0xee, 0xf8, 0xee, 0xd7, 0xee, 0xf8, 0xee, 0xf8, 0xee,
    0xd7, 0xee, 0xf8, 0xee, 0xd7, 0xee, 0xf8, 0xee, 0xf8, 0xee, 0xf8, 0xee, 0xd7, 0xee, 0xf8, 0xee,
    0xf8, 0xee, 0xf8, 0xee, 0xf8, 0xee, 0xf8, 0xee, 0xd7, 0xee, 0xd7, 0xee, 0xf8, 0xee, 0xd7, 0xee,
    0xd7, 0xee, 0xd7, 0xee, 0xf8, 0xee, 0xf8, 0xee, 0xf8, 0xee, 0xf8, 0xee, 0xd7, 0xee, 0xd7, 0xee,
    0xd7, 0xee, 0xd7, 0xee, 0xd7, 0xee, 0xf8, 0xee, 0xf8, 0xee, 0xd7, 0xee, 0xf8, 0xee, 0xf8, 0xee,
    0xf8, 0xee, 0xf8, 0xee, 0xf8, 0xee, 0xf8, 0xee, 0xf8, 0xee, 0xf8, 0xee, 0xf8, 0xee, 0xf8, 0xee,
    0xd7, 0xee, 0xd7, 0xee, 0xf8, 0xee, 0xf8, 0xee, 0xd7, 0xee, 0xd7, 0xee, 0xd7, 0xee, 0xf8, 0xee,
    0xd7, 0xee, 0xd7, 0xee, 0xf8, 0xee, 0xf8, 0xee, 0xf8, 0xee, 0xf8, 0xee, 0xf8, 0xee, 0xf8, 0xee,
    0xd7, 0xee, 0xf8, 0xee, 0xf8, 0xee, 0xf8, 0xee, 0xf8, 0xee, 0xf8, 0xee, 0xd7, 0xee, 0xd7, 0xee,
    0xd7, 0xee, 0xd7, 0xee, 0xd7, 0xee, 0xd7, 0xee, 0xd7, 0xee, 0xd7, 0xee, 0xd7, 0xee, 0xd7, 0xee,
    0xd7, 0xee, 0xd7, 0xee, 0xd7, 0xee, 0xd7, 0xee, 0xf8, 0xee, 0xf8, 0xee, 0xf8, 0xee, 0xf8, 0xee,
    0xd7, 0xee, 0xd7, 0xee, 0xd7, 0xee, 0xf8, 0xee, 0xf8, 0xee, 0xf8, 0xee, 0xd7, 0xee, 0xd7, 0xee,
    0xd7, 0xee, 0xd7, 0xee, 0xf8, 0xee, 0xd7, 0xee, 0xd7, 0xee, 0xf8, 0xee, 0xf8, 0xee, 0xf8, 0xee,
    0xd7, 0xee, 0xd7, 0xee, 0xf8, 0xee, 0xf8, 0xee, 0xd7, 0xee, 0xf8, 0xee, 0xf8, 0xee, 0xd7, 0xee,
    0xd7, 0xee, 0xd7, 0xee, 0xf8, 0xee, 0xd7, 0xee, 0xd7, 0xee, 0xd7, 0xee, 0xd7, 0xee, 0xf8, 0xee,
    0xf8, 0xee, 0xd7, 0xee, 0xf8, 0xee, 0xd7, 0xee, 0xf8, 0xee, 0xf8, 0xee, 0xf8, 0xee, 0xf8, 0xee,
    0xd7, 0xee, 0xd7, 0xee, 0xf8, 0xee, 0xd7, 0xee, 0xf8, 0xee, 0xf8, 0xee, 0xf8, 0xee, 0xf8, 0xee,
    0xd7, 0xee, 0xf8, 0xee, 0xf8, 0xee, 0xf8, 0xee, 0xf8, 0xee, 0xf8, 0xee, 0xf8, 0xee, 0xf8, 0xee,
    0xd7, 0xee, 0xf8, 0xee, 0xd7, 0xee, 0xd7, 0xee, 0xf8, 0xee, 0xf8, 0xee, 0xd7, 0xee, 0xd7, 0xee,
    0xf8, 0xee, 0xd7, 0xee, 0xd7, 0xee, 0xf8, 0xee, 0xf8, 0xee, 0xf8, 0xee, 0xd7, 0xee, 0xd7, 0xee,
    0xf8, 0xee, 0xf8, 0xee, 0xd7, 0xee, 0xf8, 0xee, 0xf8, 0xee, 0xd7, 0xee, 0xd7, 0xee, 0xd7, 0xee,
    0xf8, 0xee, 0xf8, 0xee, 0xd7, 0xee, 0xd7, 0xee, 0xf8, 0xee, 0xf8, 0xee, 0xd7, 0xee, 0xd7, 0xee,
    0xd7, 0xee, 0xd7, 0xee, 0xf8, 0xee, 0xf8, 0xee, 0xf8, 0xee, 0xf8, 0xee, 0xf8, 0xee, 0xd7, 0xee,
    0xd7, 0xee, 0xd7, 0xee, 0xf8, 0xee, 0xf8, 0xee, 0xf8, 0xee, 0xf8, 0xee, 0xf8, 0xee, 0xf8, 0xee,
    0xf8, 0xee, 0xf8, 0xee, 0xf8, 0xee, 0xf8, 0xee, 0xf8, 0xee, 0xf8, 0xee, 0xf8, 0xee, 0xf8, 0xee,
    0xd7, 0xee, 0xd7, 0xee, 0xd7, 0xee, 0xd7, 0xee, 0xf8, 0xee, 0xf8, 0xee, 0xd7, 0xee, 0xf8, 0xee,
    0xd7, 0xee, 0xd7, 0xee, 0xd7, 0xee, 0xd7, 0xee, 0xf8, 0xee, 0xf8, 0xee, 0xd7, 0xee, 0xd7, 0xee,
    0xd7, 0xee, 0xd7, 0xee, 0xd7, 0xee, 0xd7, 0xee, 0xd7, 0xee, 0xd7, 0xee, 0xd7, 0xee, 0xf8, 0xee,
    0xf8, 0xee, 0xf8, 0xee, 0xf8, 0xee, 0xf8, 0xee, 0xf8, 0xee, 0xf8, 0xee, 0xf8, 0xee, 0xf8, 0xee,
    0xd7, 0xee, 0xb6, 0xe6, 0xd7, 0xee, 0xf8, 0xee, 0xf8, 0xee, 0xf8, 0xee, 0xf8, 0xee, 0xd7, 0xee,
    0xf8, 0xee, 0xf8, 0xee, 0xf8, 0xee, 0xf8, 0xee, 0xd7, 0xee, 0xd7, 0xee, 0xf8, 0xee, 0xf8, 0xee,
    0xf8, 0xee, 0xf8, 0xee, 0xf8, 0xee, 0xf8, 0xee, 0xf8, 0xee, 0xf8, 0xee, 0xf8, 0xee, 0xf8, 0xee,
    0xf8, 0xee, 0xf8, 0xee, 0xf8, 0xee, 0xf8, 0xee, 0xf8, 0xee, 0xf8, 0xee, 0xf8, 0xee, 0xf8, 0xee,
    0xf8, 0xee, 0xf8, 0xee, 0xf8, 0xee, 0xf8, 0xee, 0xf8, 0xee, 0xf8, 0xee, 0xf8, 0xee, 0xf8, 0xee,
    0xd7, 0xee, 0xd7, 0xee, 0xf8, 0xee, 0xf8, 0xee, 0xf8, 0xee, 0xf8, 0xee, 0xf8, 0xee, 0xf8, 0xee,
    0xf8, 0xee, 0xf8, 0xee, 0xf8, 0xee, 0xf8, 0xee, 0xf8, 0xee, 0xf8, 0xee, 0xf8, 0xee, 0xf8, 0xee,
    0xf8, 0xee, 0xf8, 0xee, 0xd7, 0xee, 0xf8, 0xee, 0xf8, 0xee, 0xf8, 0xee, 0xf8, 0xee, 0xf8, 0xee,
    0xf8, 0xee, 0xd7, 0xee, 0xf8, 0xee, 0xf8, 0xee, 0xf8, 0xee, 0xf8, 0xee, 0xf8, 0xee, 0xd7, 0xee,
    0xd7, 0xee, 0xb6, 0xe6, 0xd7, 0xee, 0xf8, 0xee, 0xf8, 0xee, 0xf8, 0xee, 0xd7, 0xee, 0xd7, 0xee,
    0xd7, 0xee, 0xd7, 0xee, 0xd7, 0xee, 0xd7, 0xee, 0xf8, 0xee, 0xd7, 0xee, 0xd7, 0xee, 0xd7, 0xee,
    0xd7, 0xee, 0xd7, 0xee, 0xf8, 0xee, 0xd7, 0xee, 0xf8, 0xee, 0xf8, 0xee, 0xf8, 0xee, 0xf8, 0xee,
    0xd7, 0xee, 0xf8, 0xee, 0xd7, 0xee, 0xd7, 0xee, 0xd7, 0xee, 0xf8, 0xee, 0xd7, 0xee, 0xd7, 0xee,
    0xd7, 0xee, 0xd7, 0xee, 0xd7, 0xee, 0xf8, 0xee, 0xd7, 0xee, 0xf8, 0xee, 0xf8, 0xee, 0xf8, 0xee,
    0xf8, 0xee, 0xd7, 0xee, 0xf8, 0xee, 0xf8, 0xee, 0xf8, 0xee, 0xf8, 0xee, 0xf8, 0xee, 0xf8, 0xee,
    0xd7, 0xee, 0xd7, 0xee, 0xf8, 0xee, 0xf8, 0xee, 0xd7, 0xee, 0xf8, 0xee, 0xf8, 0xee, 0xd7, 0xee,
    0xd7, 0xee, 0xd7, 0xee, 0xd7, 0xee, 0xf8, 0xee, 0xd7, 0xee, 0xd7, 0xee, 0xf8, 0xee, 0xf8, 0xee,
    0xd7, 0xee, 0xf8, 0xee, 0xf8, 0xee, 0xf8, 0xee, 0xd7, 0xee, 0xf8, 0xee, 0xf8, 0xee, 0xf8, 0xee,
    0xf8, 0xee, 0xf8, 0xee, 0xf8, 0xee, 0xf8, 0xee, 0xf8, 0xee, 0xf8, 0xee, 0xf8, 0xee, 0xf8, 0xee,
    0xf8, 0xee, 0xf8, 0xee, 0xd7, 0xee, 0xd7, 0xee, 0xd7, 0xee, 0xf8, 0xee, 0xf8, 0xee, 0xd7, 0xee,
    0xf8, 0xee, 0xd7, 0xee, 0xd7, 0xee, 0xd7, 0xee, 0xf8, 0xee, 0xd7, 0xee, 0xf8, 0xee, 0xf8, 0xee,
    0xf8, 0xee, 0xd7, 0xee, 0xf8, 0xee, 0xf8, 0xee, 0xf8, 0xee, 0xf8, 0xee, 0xd7, 0xee, 0xd7, 0xee,
    0xf8, 0xee, 0xd7, 0xee, 0xd7, 0xee, 0xf8, 0xee, 0xd7, 0xee, 0xd7, 0xee, 0xd7, 0xee, 0xf8, 0xee,
    0xd7, 0xee, 0xf8, 0xee, 0xd7, 0xee, 0xf8, 0xee, 0xf8, 0xee, 0xf8, 0xee, 0xf8, 0xee, 0xd7, 0xee,
    0xf8, 0xee, 0xf8, 0xee, 0xf8, 0xee, 0xf8, 0xee, 0xf8, 0xee, 0xf8, 0xee, 0xf8, 0xee, 0xf8, 0xee,
    0xf8, 0xee, 0xd7, 0xee, 0xf8, 0xee, 0xf8, 0xee, 0xf8, 0xee, 0xf8, 0xee, 0xf8, 0xee, 0xf8, 0xee,
    0xf8, 0xee, 0xd7, 0xee, 0xd7, 0xee, 0xd7, 0xee, 0xf8, 0xee, 0xf8, 0xee, 0xf8, 0xee, 0xf8, 0xee,
    0xd7, 0xee, 0xd7, 0xee, 0xd7, 0xee, 0xf8, 0xee, 0xf8, 0xee, 0xf8, 0xee, 0xd7, 0xee, 0xd7, 0xee,
    0xd7, 0xee, 0xd7, 0xee, 0xd7, 0xee, 0xd7, 0xee, 0xd7, 0xee, 0xd7, 0xee, 0xd7, 0xee, 0xd7, 0xee,
    0xd7, 0xee, 0xf8, 0xee, 0xf8, 0xee, 0xf8, 0xee, 0xf8, 0xee, 0xf8, 0xee, 0xf8, 0xee, 0xd7, 0xee,
    0xb6, 0xe6, 0xd7, 0xee, 0xf8, 0xee, 0xd7, 0xee, 0xf8, 0xee, 0xf8, 0xee, 0xf8, 0xee, 0xd7, 0xee,
    0xf8, 0xee, 0xf8, 0xee, 0xd7, 0xee, 0xd7, 0xee, 0xd7, 0xee, 0xd7, 0xee, 0xd7, 0xee, 0xd7, 0xee,
    0xf8, 0xee, 0xf8, 0xee, 0xf8, 0xee, 0xf8, 0xee, 0xf8, 0xee, 0xf8, 0xee, 0xf8, 0xee, 0xf8, 0xee,
    0xf8, 0xee, 0xf8, 0xee, 0xf8, 0xee, 0xf8, 0xee, 0xf8, 0xee, 0xf8, 0xee, 0xf8, 0xee, 0xf8, 0xee,
    0xf8, 0xee, 0xf8, 0xee, 0xf8, 0xee, 0xf8, 0xee, 0xf8, 0xee, 0xd7, 0xee, 0xf8, 0xee, 0xf8, 0xee,
    0xf8, 0xee, 0xf8, 0xee, 0xf8, 0xee, 0xf8, 0xee, 0xf8, 0xee, 0xf8, 0xee, 0xf8, 0xee, 0xf8, 0xee,
    0xf8, 0xee, 0xf8, 0xee, 0xf8, 0xee, 0xf8, 0xee, 0xf8, 0xee, 0xf8, 0xee, 0xf8, 0xee, 0xd7, 0xee,
    0xf8, 0xee, 0xf8, 0xee, 0xf8, 0xee, 0xd7, 0xee, 0xd7, 0xee, 0xd7, 0xee, 0xf8, 0xee, 0xd7, 0xee,
    0xf8, 0xee, 0xd7, 0xee, 0xd7, 0xee, 0xf8, 0xee, 0xf8, 0xee, 0xd7, 0xee, 0xd7, 0xee, 0xf8, 0xee,
    0xf8, 0xee, 0xd7, 0xee, 0xb6, 0xe6, 0xf8, 0xee, 0xf8, 0xee, 0xd7, 0xee, 0xd7, 0xee, 0xf8, 0xee,
    0xd7, 0xee, 0xd7, 0xee, 0xd7, 0xee, 0xf8, 0xee, 0xf8, 0xee, 0xf8, 0xee, 0xf8, 0xee, 0xd7, 0xee,
    0xd7, 0xee, 0xd7, 0xee, 0xd7, 0xee, 0xf8, 0xee, 0xf8, 0xee, 0xf8, 0xee, 0xf8, 0xee, 0xf8, 0xee,
    0xd7, 0xee, 0xf8, 0xee, 0xd7, 0xee, 0xd7, 0xee, 0xd7, 0xee, 0xd7, 0xee, 0xd7, 0xee, 0xd7, 0xee,
    0xf8, 0xee, 0xf8, 0xee, 0xf8, 0xee, 0xd7, 0xee, 0xf8, 0xee, 0xd7, 0xee, 0xf8, 0xee, 0xf8, 0xee,
    0xf8, 0xee, 0xf8, 0xee, 0xf8, 0xee, 0xd7, 0xee, 0xd7, 0xee, 0xf8, 0xee, 0xf8, 0xee, 0xf8, 0xee,
    0xd7, 0xee, 0xd7, 0xee, 0xd7, 0xee, 0xb6, 0xe6, 0xd7, 0xee, 0xf8, 0xee, 0xd7, 0xee, 0xd7, 0xee,
    0xf8, 0xee, 0xd7, 0xee, 0xd7, 0xee, 0xd7, 0xee, 0xf8, 0xee, 0xd7, 0xee, 0xd7, 0xee, 0xf8, 0xee,
    0xf8, 0xee, 0xd7, 0xee, 0xf8, 0xee, 0xf8, 0xee, 0xd7, 0xee, 0xd7, 0xee, 0xf8, 0xee, 0xf8, 0xee,
    0xf8, 0xee, 0xd7, 0xee, 0xf8, 0xee, 0xf8, 0xee, 0xf8, 0xee, 0xf8, 0xee, 0xf8, 0xee, 0xf8, 0xee,
    0xf8, 0xee, 0xd7, 0xee, 0xd7, 0xee, 0xd7, 0xee, 0xf8, 0xee, 0xf8, 0xee, 0xd7, 0xee, 0xf8, 0xee,
    0xd7, 0xee, 0xf8, 0xee, 0xd7, 0xee, 0xd7, 0xee, 0xd7, 0xee, 0xd7, 0xee, 0xd7, 0xee, 0xf8, 0xee,
    0xf8, 0xee, 0xf8, 0xee, 0xf8, 0xee, 0xf8, 0xee, 0xf8, 0xee, 0xf8, 0xee, 0xd7, 0xee, 0xd7, 0xee,
    0xd7, 0xee, 0xf8, 0xee, 0xd7, 0xee, 0xd7, 0xee, 0xf8, 0xee, 0xd7, 0xee, 0xd7, 0xee, 0xf8, 0xee,
    0xd7, 0xee, 0xd7, 0xee, 0xf8, 0xee, 0xf8, 0xee, 0xf8, 0xee, 0xf8, 0xee, 0xd7, 0xee, 0xd7, 0xee,
    0xf8, 0xee, 0xf8, 0xee, 0xf8, 0xee, 0xf8, 0xee, 0xf8, 0xee, 0xf8, 0xee, 0xd7, 0xee, 0xf8, 0xee,
    0xf8, 0xee, 0xf8, 0xee, 0xf8, 0xee, 0xf8, 0xee, 0xf8, 0xee, 0xf8, 0xee, 0xf8, 0xee, 0xf8, 0xee,
    0xf8, 0xee, 0xf8, 0xee, 0xd7, 0xee, 0xd7, 0xee, 0xf8, 0xee, 0xd7, 0xee, 0xf8, 0xee, 0xf8, 0xee,
    0xd7, 0xee, 0xd7, 0xee, 0xd7, 0xee, 0xf8, 0xee, 0xf8, 0xee, 0xf8, 0xee, 0xf8, 0xee, 0xd7, 0xee,
    0xd7, 0xee, 0xd7, 0xee, 0xd7, 0xee, 0xf8, 0xee, 0xd7, 0xee, 0xd7, 0xee, 0xd7, 0xee, 0xf8, 0xee,
    0xf8, 0xee, 0xf8, 0xee, 0xf8, 0xee, 0xf8, 0xee, 0xf8, 0xee, 0xd7, 0xee, 0xf8, 0xee, 0xd7, 0xee,
    0xd7, 0xee, 0xf8, 0xee, 0xf8, 0xee, 0xd7, 0xee, 0xf8, 0xee, 0xf8, 0xee, 0xf8, 0xee, 0xd7, 0xee,
    0xf8, 0xee, 0xd7, 0xee, 0xb6, 0xe6, 0xd7, 0xee, 0xd7, 0xee, 0xd7, 0xee, 0xf8, 0xee, 0xd7, 0xee,
    0xf8, 0xee, 0xf8, 0xee, 0xf8, 0xee, 0xf8, 0xee, 0xf8, 0xee, 0xf8, 0xee, 0xf8, 0xee, 0xf8, 0xee,
    0xf8, 0xee, 0xf8, 0xee, 0xf8, 0xee, 0xf8, 0xee, 0xf8, 0xee, 0xf8, 0xee, 0xf8, 0xee, 0xf8, 0xee,
    0xf8, 0xee, 0xf8, 0xee, 0xf8, 0xee, 0xf8, 0xee, 0xf8, 0xee, 0xb6, 0xe6, 0xf8, 0xee, 0xf8, 0xee,
    0xf8, 0xee, 0xf8, 0xee, 0xf8, 0xee, 0xf8, 0xee, 0xf8, 0xee, 0xf8, 0xee, 0xf8, 0xee, 0xf8, 0xee,
    0xf8, 0xee, 0xf8, 0xee, 0xf8, 0xee, 0xf8, 0xee, 0xd7, 0xee, 0xf8, 0xee, 0xf8, 0xee, 0xf8, 0xee,
    0xf8, 0xee, 0xf8, 0xee, 0xd7, 0xee, 0xd7, 0xee, 0xf8, 0xee, 0xd7, 0xee, 0xd7, 0xee, 0xd7, 0xee,
    0xf8, 0xee, 0xd7, 0xee, 0xd7, 0xee, 0xd7, 0xee, 0xd7, 0xee, 0xd7, 0xee, 0xd7, 0xee, 0xf8, 0xee,
    0xf8, 0xee, 0xf8, 0xee, 0xd7, 0xee, 0xf8, 0xee, 0xd7, 0xee, 0xd7, 0xee, 0xf8, 0xee, 0xf8, 0xee,
    0xd7, 0xee, 0xd7, 0xee, 0xf8, 0xee, 0xf8, 0xee, 0xf8, 0xee, 0xf8, 0xee, 0xd7, 0xee, 0xd7, 0xee,
    0xd7, 0xee, 0xd7, 0xee, 0xd7, 0xee, 0xd7, 0xee, 0xf8, 0xee, 0xf8, 0xee, 0xf8, 0xee, 0xf8, 0xee,
    0xf8, 0xee, 0xf8, 0xee, 0xf8, 0xee, 0xf8, 0xee, 0xd7, 0xee, 0xd7, 0xee, 0xf8, 0xee, 0xd7, 0xee,
    0xf8, 0xee, 0xf8, 0xee, 0xf8, 0xee, 0xf8, 0xee, 0xd7, 0xee, 0xf8, 0xee, 0xf8, 0xee, 0xf8, 0xee,
    0xf8, 0xee, 0xf8, 0xee, 0xf8, 0xee, 0xd7, 0xee, 0xf8, 0xee, 0xf8, 0xee, 0xf8, 0xee, 0xf8, 0xee,
    0xf8, 0xee, 0xd7, 0xee, 0xd7, 0xee, 0xd7, 0xee, 0xd7, 0xee, 0xd7, 0xee, 0xd7, 0xee, 0xd7, 0xee,
    0xf8, 0xee, 0xf8, 0xee, 0xf8, 0xee, 0xd7, 0xee, 0xd7, 0xee, 0xf8, 0xee, 0xd7, 0xee, 0xf8, 0xee,
    0xf8, 0xee, 0xd7, 0xee, 0xd7, 0xee, 0xf8, 0xee, 0xf8, 0xee, 0xd7, 0xee, 0xf8, 0xee, 0xf8, 0xee,
    0xf8, 0xee, 0xd7, 0xee, 0xf8, 0xee, 0xd7, 0xee, 0xf8, 0xee, 0xf8, 0xee, 0xf8, 0xee, 0xf8, 0xee,
    0xd7, 0xee, 0xf8, 0xee, 0xf8, 0xee, 0xf8, 0xee, 0xd7, 0xee, 0xd7, 0xee, 0xf8, 0xee, 0xf8, 0xee,
    0xd7, 0xee, 0xd7, 0xee, 0xf8, 0xee, 0xd7, 0xee, 0xb6, 0xe6, 0xd7, 0xee, 0xd7, 0xee, 0xf8, 0xee,
    0xd7, 0xee, 0xf8, 0xee, 0xf8, 0xee, 0xf8, 0xee, 0xf8, 0xee, 0xf8, 0xee, 0xf8, 0xee, 0xd7, 0xee,
    0xf8, 0xee, 0xd7, 0xee, 0xf8, 0xee, 0xd7, 0xee, 0xf8, 0xee, 0xd7, 0xee, 0xd7, 0xee, 0xf8, 0xee,
    0xd7, 0xee, 0xd7, 0xee, 0xd7, 0xee, 0xf8, 0xee, 0xd7, 0xee, 0xf8, 0xee, 0xd7, 0xee, 0xd7, 0xee,
    0xf8, 0xee, 0xf8, 0xee, 0xf8, 0xee, 0xd7, 0xee, 0xf8, 0xee, 0xf8, 0xee, 0xd7, 0xee, 0xf8, 0xee,
    0xf8, 0xee, 0xf8, 0xee, 0xf8, 0xee, 0xf8, 0xee, 0xf8, 0xee, 0xf8, 0xee, 0xf8, 0xee, 0xf8, 0xee,
    0xf8, 0xee, 0xf8, 0xee, 0xf8, 0xee, 0xf8, 0xee, 0xd7, 0xee, 0xd7, 0xee, 0xd7, 0xee, 0xf8, 0xee,
    0xd7, 0xee, 0xd7, 0xee, 0xd7, 0xee, 0xf8, 0xee, 0xf8, 0xee, 0xf8, 0xee, 0xf8, 0xee, 0xd7, 0xee,
    0xd7, 0xee, 0xf8, 0xee, 0xf8, 0xee, 0xf8, 0xee, 0xd7, 0xee, 0xd7, 0xee, 0xd7, 0xee, 0xf8, 0xee,
    0xd7, 0xee, 0xd7, 0xee, 0xf8, 0xee, 0xf8, 0xee, 0xd7, 0xee, 0xd7, 0xee, 0xf8, 0xee, 0xd7, 0xee,
    0xf8, 0xee, 0xf8, 0xee, 0xf8, 0xee, 0xf8, 0xee, 0xf8, 0xee, 0xf8, 0xee, 0xd7, 0xee, 0xd7, 0xee,
    0xd7, 0xee, 0xb6, 0xe6, 0xd7, 0xee, 0xf8, 0xee, 0xf8, 0xee, 0xf8, 0xee, 0xf8, 0xee, 0xd7, 0xee,
    0xd7, 0xee, 0xd7, 0xee, 0xf8, 0xee, 0xf8, 0xee, 0xd7, 0xee, 0xd7, 0xee, 0xf8, 0xee, 0xd7, 0xee,
    0xf8, 0xee, 0xf8, 0xee, 0xf8, 0xee, 0xf8, 0xee, 0xf8, 0xee, 0xf8, 0xee, 0xf8, 0xee, 0xf8, 0xee,
    0xf8, 0xee, 0xf8, 0xee, 0xf8, 0xee, 0xf8, 0xee, 0xd7, 0xee, 0xd7, 0xee, 0xf8, 0xee, 0xf8, 0xee,
    0xf8, 0xee, 0xf8, 0xee, 0xf8, 0xee, 0xd7, 0xee, 0xf8, 0xee, 0xf8, 0xee, 0xd7, 0xee, 0xf8, 0xee,
    0xf8, 0xee, 0xf8, 0xee, 0xf8, 0xee, 0xf8, 0xee, 0xd7, 0xee, 0xf8, 0xee, 0xd7, 0xee, 0xd7, 0xee,
    0xf8, 0xee, 0xf8, 0xee, 0xd7, 0xee, 0xd7, 0xee, 0xf8, 0xee, 0xd7, 0xee, 0xd7, 0xee, 0xd7, 0xee,
    0xf8, 0xee, 0xd7, 0xee, 0xd7, 0xee, 0xd7, 0xee, 0xd7, 0xee, 0xd7, 0xee, 0xf8, 0xee, 0xf8, 0xee,
    0xf8, 0xee, 0xd7, 0xee, 0xd7, 0xee, 0xf8, 0xee, 0xd7, 0xee, 0xd7, 0xee, 0xf8, 0xee, 0xd7, 0xee,
    0xd7, 0xee, 0xf8, 0xee, 0xf8, 0xee, 0xd7, 0xee, 0xd7, 0xee, 0xf8, 0xee, 0xf8, 0xee, 0xd7, 0xee,
    0xf8, 0xee, 0xf8, 0xee, 0xd7, 0xee, 0xf8, 0xee, 0xf8, 0xee, 0xf8, 0xee, 0xf8, 0xee, 0xf8, 0xee,
    0xf8, 0xee, 0xf8, 0xee, 0xd7, 0xee, 0xd7, 0xee, 0xd7, 0xee, 0xd7, 0xee, 0xd7, 0xee, 0xd7, 0xee,
    0xf8, 0xee, 0xf8, 0xee, 0xf8, 0xee, 0xf8, 0xee, 0xf8, 0xee, 0xd7, 0xee, 0xf8, 0xee, 0xf8, 0xee,
    0xf8, 0xee, 0xf8, 0xee, 0xf8, 0xee, 0xf8, 0xee, 0xf8, 0xee, 0xf8, 0xee, 0xf8, 0xee, 0xf8, 0xee,
    0xd7, 0xee, 0xd7, 0xee, 0xd7, 0xee, 0xd7, 0xee, 0xf8, 0xee, 0xd7, 0xee, 0xd7, 0xee, 0xf8, 0xee,
    0xf8, 0xee, 0xf8, 0xee, 0xf8, 0xee, 0xf8, 0xee, 0xd7, 0xee, 0xf8, 0xee, 0xf8, 0xee, 0xf8, 0xee,
    0xf8, 0xee, 0xd7, 0xee, 0xd7, 0xee, 0xf8, 0xee, 0xf8, 0xee, 0xd7, 0xee, 0xd7, 0xee, 0xf8, 0xee,
    0xf8, 0xee, 0xd7, 0xee, 0xd7, 0xee, 0xf8, 0xee, 0xd7, 0xee, 0xd7, 0xee, 0xf8, 0xee, 0xf8, 0xee,
    0xd7, 0xee, 0xd7, 0xee, 0xf8, 0xee, 0xf8, 0xee, 0xd7, 0xee, 0xd7, 0xee, 0xf8, 0xee, 0xd7, 0xee,
    0xd7, 0xee, 0xd7, 0xee, 0xf8, 0xee, 0xd7, 0xee, 0xd7, 0xee, 0xd7, 0xee, 0xd7, 0xee, 0xd7, 0xee,
    0xd7, 0xee, 0xd7, 0xee, 0xf8, 0xee, 0xd7, 0xee, 0xd7, 0xee, 0xd7, 0xee, 0xf8, 0xee, 0xd7, 0xee,
    0xd7, 0xee, 0xf8, 0xee, 0xf8, 0xee, 0xd7, 0xee, 0xd7, 0xee, 0xd7, 0xee, 0xd7, 0xee, 0xd7, 0xee,
    0xd7, 0xee, 0xd7, 0xee, 0xd7, 0xee, 0xd7, 0xee, 0xf8, 0xee, 0xf8, 0xee, 0xf8, 0xee, 0xd7, 0xee,
    0xf8, 0xee, 0xf8, 0xee, 0xf8, 0xee, 0xf8, 0xee, 0xd7, 0xee, 0xf8, 0xee, 0xd7, 0xee, 0xd7, 0xee,
    0xf8, 0xee, 0xf8, 0xee, 0xf8, 0xee, 0xf8, 0xee, 0xf8, 0xee, 0xf8, 0xee, 0xf8, 0xee, 0xf8, 0xee,
    0xf8, 0xee, 0xf8, 0xee, 0xd7, 0xee, 0xd7, 0xee, 0xd7, 0xee, 0xd7, 0xee, 0xd7, 0xee, 0xd7, 0xee,
    0xf8, 0xee, 0xf8, 0xee, 0xf8, 0xee, 0xf8, 0xee, 0xf8, 0xee, 0xf8, 0xee, 0xf8, 0xee, 0xd7, 0xee,
    0xd7, 0xee, 0xf8, 0xee, 0xd7, 0xee, 0xd7, 0xee, 0xd7, 0xee, 0xd7, 0xee, 0xd7, 0xee, 0xd7, 0xee,
    0xd7, 0xee, 0xd7, 0xee, 0xd7, 0xee, 0xf8, 0xee, 0xd7, 0xee, 0xd7, 0xee, 0xf8, 0xee, 0xd7, 0xee,
    0xf8, 0xee, 0xf8, 0xee, 0xf8, 0xee, 0xf8, 0xee, 0xf8, 0xee, 0xd7, 0xee, 0xd7, 0xee, 0xd7, 0xee,
    0xb6, 0xe6, 0xd7, 0xee, 0xd7, 0xee, 0xf8, 0xee, 0xf8, 0xee, 0xf8, 0xee, 0xf8, 0xee, 0xf8, 0xee,
    0xd7, 0xee, 0xf8, 0xee, 0xf8, 0xee, 0xf8, 0xee, 0xf8, 0xee, 0xd7, 0xee, 0xf8, 0xee, 0xf8, 0xee,
    0xf8, 0xee, 0xf8, 0xee, 0xf8, 0xee, 0xf8, 0xee, 0xf8, 0xee, 0xf8, 0xee, 0xf8, 0xee, 0xf8, 0xee,
    0xf8, 0xee, 0xf8, 0xee, 0xf8, 0xee, 0xf8, 0xee, 0xf8, 0xee, 0xf8, 0xee, 0xf8, 0xee, 0xf8, 0xee,
    0xf8, 0xee, 0xf8, 0xee, 0xf8, 0xee, 0xf8, 0xee, 0xf8, 0xee, 0xf8, 0xee, 0xf8, 0xee, 0xf8, 0xee,
    0xd7, 0xee, 0xf8, 0xee, 0xf8, 0xee, 0xf8, 0xee, 0xf8, 0xee, 0xd7, 0xee, 0xd7, 0xee, 0xf8, 0xee,
    0xd7, 0xee, 0xf8, 0xee, 0xd7, 0xee, 0xf8, 0xee, 0xf8, 0xee, 0xd7, 0xee, 0xd7, 0xee, 0xd7, 0xee,
    0xf8, 0xee, 0xd7, 0xee, 0xf8, 0xee, 0xd7, 0xee, 0xd7, 0xee, 0xd7, 0xee, 0xd7, 0xee, 0xd7, 0xee,
    0xf8, 0xee, 0xd7, 0xee, 0xd7, 0xee, 0xd7, 0xee, 0xd7, 0xee, 0xd7, 0xee, 0xd7, 0xee, 0xd7, 0xee,
    0xf8, 0xee, 0xd7, 0xee, 0xd7, 0xee, 0xd7, 0xee, 0xd7, 0xee, 0xd7, 0xee, 0xf8, 0xee, 0xd7, 0xee,
    0xf8, 0xee, 0xf8, 0xee, 0xf8, 0xee, 0xf8, 0xee, 0xd7, 0xee, 0xd7, 0xee, 0xd7, 0xee, 0xf8, 0xee,
    0xd7, 0xee, 0xf8, 0xee, 0xd7, 0xee, 0xd7, 0xee, 0xd7, 0xee, 0xf8, 0xee, 0xd7, 0xee, 0xd7, 0xee,
    0xf8, 0xee, 0xf8, 0xee, 0xf8, 0xee, 0xf8, 0xee, 0xd7, 0xee, 0xd7, 0xee, 0xd7, 0xee, 0xf8, 0xee,
    0xf8, 0xee, 0xf8, 0xee, 0xf8, 0xee, 0xd7, 0xee, 0xf8, 0xee, 0xd7, 0xee, 0xd7, 0xee, 0xd7, 0xee,
    0xd7, 0xee, 0xf8, 0xee, 0xd7, 0xee, 0xf8, 0xee, 0xd7, 0xee, 0xd7, 0xee, 0xd7, 0xee, 0xf8, 0xee,
    0xf8, 0xee, 0xf8, 0xee, 0xf8, 0xee, 0xf8, 0xee, 0xd7, 0xee, 0xf8, 0xee, 0xf8, 0xee, 0xf8, 0xee,
    0xf8, 0xee, 0xd7, 0xee, 0xd7, 0xee, 0xd7, 0xee, 0xf8, 0xee, 0xf8, 0xee, 0xf8, 0xee, 0xf8, 0xee,
    0xf8, 0xee, 0xf8, 0xee, 0xd7, 0xee, 0xd7, 0xee, 0xd7, 0xee, 0xd7, 0xee, 0xf8, 0xee, 0xf8, 0xee,
    0xf8, 0xee, 0xd7, 0xee, 0xf8, 0xee, 0xf8, 0xee, 0xf8, 0xee, 0xf8, 0xee, 0xf8, 0xee, 0xd7, 0xee,
    0xd7, 0xee, 0xf8, 0xee, 0xd7, 0xee, 0xd7, 0xee, 0xd7, 0xee, 0xf8, 0xee, 0xd7, 0xee, 0xb6, 0xe6,
    0xd7, 0xee, 0xd7, 0xee, 0xd7, 0xee, 0xd7, 0xee, 0xf8, 0xee, 0xd7, 0xee, 0xd7, 0xee, 0xf8, 0xee,
    0xd7, 0xee, 0xf8, 0xee, 0xf8, 0xee, 0xd7, 0xee, 0xd7, 0xee, 0xd7, 0xee, 0xf8, 0xee, 0xd7, 0xee,
    0xd7, 0xee, 0xf8, 0xee, 0xd7, 0xee, 0xd7, 0xee, 0xd7, 0xee, 0xd7, 0xee, 0xd7, 0xee, 0xd7, 0xee,
    0xf8, 0xee, 0xf8, 0xee, 0xf8, 0xee, 0xd7, 0xee, 0xf8, 0xee, 0xf8, 0xee, 0xf8, 0xee, 0xf8, 0xee,
    0xf8, 0xee, 0xf8, 0xee, 0xf8, 0xee, 0xf8, 0xee, 0xf8, 0xee, 0xf8, 0xee, 0xd7, 0xee, 0xf8, 0xee,
    0xf8, 0xee, 0xd7, 0xee, 0xd7, 0xee, 0xd7, 0xee, 0xd7, 0xee, 0xd7, 0xee, 0xf8, 0xee, 0xf8, 0xee,
    0xd7, 0xee, 0xf8, 0xee, 0xf8, 0xee, 0xf8, 0xee, 0xf8, 0xee, 0xf8, 0xee, 0xf8, 0xee, 0xf8, 0xee,
    0xf8, 0xee, 0xd7, 0xee, 0xd7, 0xee, 0xd7, 0xee, 0xd7, 0xee, 0xd7, 0xee, 0xd7, 0xee, 0xd7, 0xee,
    0xd7, 0xee, 0xd7, 0xee, 0xf8, 0xee, 0xf8, 0xee, 0xf8, 0xee, 0xf8, 0xee, 0xf8, 0xee, 0xf8, 0xee,
    0xf8, 0xee, 0xf8, 0xee, 0xd7, 0xee, 0xd7, 0xee, 0xf8, 0xee, 0xd7, 0xee, 0xd7, 0xee, 0xd7, 0xee,
    0xf8, 0xee, 0xf8, 0xee, 0xd7, 0xee, 0xd7, 0xee, 0xf8, 0xee, 0xf8, 0xee, 0xf8, 0xee, 0xf8, 0xee,
    0xf8, 0xee, 0xf8, 0xee, 0xf8, 0xee, 0xf8, 0xee, 0xf8, 0xee, 0xf8, 0xee, 0xd7, 0xee, 0xf8, 0xee,
    0xf8, 0xee, 0xf8, 0xee, 0xf8, 0xee, 0xf8, 0xee, 0xf8, 0xee, 0xf8, 0xee, 0xf8, 0xee, 0xf8, 0xee,
    0xf8, 0xee, 0xf8, 0xee, 0xf8, 0xee, 0xf8, 0xee, 0xf8, 0xee, 0xf8, 0xee, 0xf8, 0xee, 0xf8, 0xee,
    0xf8, 0xee, 0xf8, 0xee, 0xf8, 0xee, 0xf8, 0xee, 0xf8, 0xee, 0xf8, 0xee, 0xf8, 0xee, 0xd7, 0xee,
    0xd7, 0xee, 0xd7, 0xee, 0xd7, 0xee, 0xd7, 0xee, 0xd7, 0xee, 0xd7, 0xee, 0xf8, 0xee, 0xd7, 0xee,
    0xf8, 0xee, 0xd7, 0xee, 0xd7, 0xee, 0xd7, 0xee, 0xf8, 0xee, 0xd7, 0xee, 0xd7, 0xee, 0xf8, 0xee,
    0xd7, 0xee, 0xd7, 0xee, 0xd7, 0xee, 0xd7, 0xee, 0xd7, 0xee, 0xf8, 0xee, 0xd7, 0xee, 0xd7, 0xee,
    0xf8, 0xee, 0xf8, 0xee, 0xd7, 0xee, 0xd7, 0xee, 0xd7, 0xee, 0xf8, 0xee, 0xf8, 0xee, 0xf8, 0xee,
    0xd7, 0xee, 0xd7, 0xee, 0xd7, 0xee, 0xf8, 0xee, 0xd7, 0xee, 0xd7, 0xee, 0xd7, 0xee, 0xd7, 0xee,
    0xf8, 0xee, 0xf8, 0xee, 0xd7, 0xee, 0xf8, 0xee, 0xd7, 0xee, 0xd7, 0xee, 0xd7, 0xee, 0xf8, 0xee,
    0xf8, 0xee, 0xd7, 0xee, 0xf8, 0xee, 0xd7, 0xee, 0xd7, 0xee, 0xf8, 0xee, 0xf8, 0xee, 0xd7, 0xee,
    0xf8, 0xee, 0xf8, 0xee, 0xf8, 0xee, 0xd7, 0xee, 0xd7, 0xee, 0xd7, 0xee, 0xd7, 0xee, 0xf8, 0xee,
    0xd7, 0xee, 0xf8, 0xee, 0xf8, 0xee, 0xf8, 0xee, 0xf8, 0xee, 0xf8, 0xee, 0xd7, 0xee, 0xd7, 0xee,
    0xd7, 0xee, 0xf8, 0xee, 0xd7, 0xee, 0xf8, 0xee, 0xd7, 0xee, 0xd7, 0xee, 0xf8, 0xee, 0xf8, 0xee,
    0xf8, 0xee, 0xf8, 0xee, 0xf8, 0xee, 0xf8, 0xee, 0xf8, 0xee, 0xf8, 0xee, 0xf8, 0xee, 0xf8, 0xee,
    0xf8, 0xee, 0xd7, 0xee, 0xf8, 0xee, 0xf8, 0xee, 0xf8, 0xee, 0xf8, 0xee, 0xf8, 0xee, 0xd7, 0xee,
    0xd7, 0xee, 0xd7, 0xee, 0xf8, 0xee, 0xd7, 0xee, 0xd7, 0xee, 0xf8, 0xee, 0xd7, 0xee, 0xd7, 0xee,
    0xd7, 0xee, 0xf8, 0xee, 0xf8, 0xee, 0xf8, 0xee, 0xf8, 0xee, 0xf8, 0xee, 0xf8, 0xee, 0xd7, 0xee,
    0xd7, 0xee, 0xd7, 0xee, 0xd7, 0xee, 0xd7, 0xee, 0xd7, 0xee, 0xd7, 0xee, 0xd7, 0xee, 0xf8, 0xee,
    0xd7, 0xee, 0xd7, 0xee, 0xd7, 0xee, 0xd7, 0xee, 0xf8, 0xee, 0xf8, 0xee, 0xf8, 0xee, 0xf8, 0xee,
    0xf8, 0xee, 0xf8, 0xee, 0xd7, 0xee, 0xd7, 0xee, 0xd7, 0xee, 0xf8, 0xee, 0xd7, 0xee, 0xb6, 0xee,
    0xd7, 0xee, 0xf8, 0xee, 0xd7, 0xee, 0xf8, 0xee, 0xd7, 0xee, 0xd7, 0xee, 0xd7, 0xee, 0xf8, 0xee,
    0xd7, 0xee, 0xd7, 0xee, 0xf8, 0xee, 0xf8, 0xee, 0xf8, 0xee, 0xf8, 0xee, 0xf8, 0xee, 0xf8, 0xee,
    0xf8, 0xee, 0xf8, 0xee, 0xf8, 0xee, 0xf8, 0xee, 0xf8, 0xee, 0xf8, 0xee, 0xf8, 0xee, 0xd7, 0xee,
    0xf8, 0xee, 0xf8, 0xee, 0xd7, 0xee, 0xd7, 0xee, 0xf8, 0xee, 0xf8, 0xee, 0xd7, 0xee, 0xf8, 0xee,
    0xf8, 0xee, 0xf8, 0xee, 0xf8, 0xee, 0xf8, 0xee, 0xd7, 0xee, 0xf8, 0xee, 0xf8, 0xee, 0xf8, 0xee,
    0xf8, 0xee, 0xf8, 0xee, 0xd7, 0xee, 0xd7, 0xee, 0xd7, 0xee, 0xd7, 0xee, 0xd7, 0xee, 0xd7, 0xee,
    0xf8, 0xee, 0xd7, 0xee, 0xd7, 0xee, 0xf8, 0xee, 0xf8, 0xee, 0xf8, 0xee, 0xf8, 0xee, 0xf8, 0xee,
    0xf8, 0xee, 0xf8, 0xee, 0xd7, 0xee, 0xd7, 0xee, 0xb6, 0xe6, 0xd7, 0xee, 0xd7, 0xee, 0xd7, 0xee,
    0xf8, 0xee, 0xf8, 0xee, 0xf8, 0xee, 0xd7, 0xee, 0xf8, 0xee, 0xf8, 0xee, 0xf8, 0xee, 0xf8, 0xee,
    0xf8, 0xee, 0xf8, 0xee, 0xd7, 0xee, 0xd7, 0xee, 0xf8, 0xee, 0xd7, 0xee, 0xf8, 0xee, 0xf8, 0xee,
    0xd7, 0xee, 0xf8, 0xee, 0xd7, 0xee, 0xf8, 0xee, 0xf8, 0xee, 0xf8, 0xee, 0xf8, 0xee, 0xf8, 0xee,
    0xf8, 0xee, 0xf8, 0xee, 0xf8, 0xee, 0xf8, 0xee, 0xf8, 0xee, 0xf8, 0xee, 0xf8, 0xee, 0xf8, 0xee,
    0xf8, 0xee, 0xd7, 0xee, 0xd7, 0xee, 0xf8, 0xee, 0xf8, 0xee, 0xf8, 0xee, 0xf8, 0xee, 0xd7, 0xee,
    0xd7, 0xee, 0xd7, 0xee, 0xd7, 0xee, 0xd7, 0xee, 0xf8, 0xee, 0xf8, 0xee, 0xd7, 0xee, 0xf8, 0xee,
    0xd7, 0xee, 0xd7, 0xee, 0xd7, 0xee, 0xd7, 0xee, 0xd7, 0xee, 0xf8, 0xee, 0xd7, 0xee, 0xf8, 0xee,
    0xf8, 0xee, 0xd7, 0xee, 0xd7, 0xee, 0xd7, 0xee, 0xf8, 0xee, 0xf8, 0xee, 0xd7, 0xee, 0xd7, 0xee,
    0xd7, 0xee, 0xd7, 0xee, 0xd7, 0xee, 0xd7, 0xee, 0xd7, 0xee, 0xf8, 0xee, 0xd7, 0xee, 0xf8, 0xee,
    0xf8, 0xee, 0xf8, 0xee, 0xf8, 0xee, 0xd7, 0xee, 0xd7, 0xee, 0xd7, 0xee, 0xd7, 0xee, 0xd7, 0xee,
    0xd7, 0xee, 0xd7, 0xee, 0xd7, 0xee, 0xf8, 0xee, 0xd7, 0xee, 0xd7, 0xee, 0xf8, 0xee, 0xf8, 0xee,
    0xd7, 0xee, 0xd7, 0xee, 0xf8, 0xee, 0xd7, 0xee, 0xd7, 0xee, 0xd7, 0xee, 0xf8, 0xee, 0xd7, 0xee,
    0xd7, 0xee, 0xb6, 0xee, 0xf8, 0xee, 0xd7, 0xee, 0xf8, 0xee, 0xf8, 0xee, 0xd7, 0xee, 0xf8, 0xee,
    0xf8, 0xee, 0xf8, 0xee, 0xf8, 0xee, 0xf8, 0xee, 0xf8, 0xee, 0xf8, 0xee, 0xf8, 0xee, 0xd7, 0xee,
    0xd7, 0xee, 0xd7, 0xee, 0xd7, 0xee, 0xd7, 0xee, 0xf8, 0xee, 0xd7, 0xee, 0xf8, 0xee, 0xf8, 0xee,
    0xf8, 0xee, 0xf8, 0xee, 0xd7, 0xee, 0xf8, 0xee, 0xf8, 0xee, 0xd7, 0xee, 0xf8, 0xee, 0xf8, 0xee,
    0xf8, 0xee, 0xd7, 0xee, 0xd7, 0xee, 0xd7, 0xee, 0xf8, 0xee, 0xf8, 0xee, 0xf8, 0xee, 0xf8, 0xee,
    0xd7, 0xee, 0xd7, 0xee, 0xd7, 0xee, 0xd7, 0xee, 0xd7, 0xee, 0xf8, 0xee, 0xd7, 0xee, 0xd7, 0xee,
    0xf8, 0xee, 0xf8, 0xee, 0xf8, 0xee, 0xf8, 0xee, 0xf8, 0xee, 0xf8, 0xee, 0xf8, 0xee, 0xf8, 0xee,
    0xd7, 0xee, 0xd7, 0xee, 0xf8, 0xee, 0xd7, 0xee, 0xd7, 0xee, 0xf8, 0xee, 0xf8, 0xee, 0xf8, 0xee,
    0xf8, 0xee, 0xd7, 0xee, 0xd7, 0xee, 0xd7, 0xee, 0xd7, 0xee, 0xd7, 0xee, 0xd7, 0xee, 0xd7, 0xee,
    0xf8, 0xee, 0xd7, 0xee, 0xd7, 0xee, 0xd7, 0xee, 0xf8, 0xee, 0xd7, 0xee, 0xd7, 0xee, 0xd7, 0xee,
    0xd7, 0xee, 0xd7, 0xee, 0xd7, 0xee, 0xd7, 0xee, 0xf8, 0xee, 0xd7, 0xee, 0xd7, 0xee, 0xf8, 0xee,
    0xf8, 0xee, 0xf8, 0xee, 0xf8, 0xee, 0xf8, 0xee, 0xf8, 0xee, 0xd7, 0xee, 0xf8, 0xee, 0xf8, 0xee,
    0xd7, 0xee, 0xf8, 0xee, 0xf8, 0xee, 0xf8, 0xee, 0xf8, 0xee, 0xf8, 0xee, 0xf8, 0xee, 0xf8, 0xee,
    0xf8, 0xee, 0xf8, 0xee, 0xf8, 0xee, 0xf8, 0xee, 0xd7, 0xee, 0xf8, 0xee, 0xd7, 0xee, 0xd7, 0xee,
    0xf8, 0xee, 0xf8, 0xee, 0xf8, 0xee, 0xd7, 0xee, 0xd7, 0xee, 0xd7, 0xee, 0xf8, 0xee, 0xf8, 0xee,
    0xf8, 0xee, 0xf8, 0xee, 0xf8, 0xee, 0xd7, 0xee, 0xd7, 0xee, 0xd7, 0xee, 0xd7, 0xee, 0xd7, 0xee,
    0xd7, 0xee, 0xd7, 0xee, 0xd7, 0xee, 0xd7, 0xee, 0xf8, 0xee, 0xd7, 0xee, 0xd7, 0xee, 0xd7, 0xee,
    0xd7, 0xee, 0xd7, 0xee, 0xd7, 0xee, 0xb6, 0xe6, 0xd7, 0xee, 0xd7, 0xee, 0xf8, 0xee, 0xf8, 0xee,
    0xf8, 0xee, 0xf8, 0xee, 0xf8, 0xee, 0xf8, 0xee, 0xd7, 0xee, 0xd7, 0xee, 0xf8, 0xee, 0xf8, 0xee,
    0xf8, 0xee, 0xf8, 0xee, 0xf8, 0xee, 0xf8, 0xee, 0xf8, 0xee, 0xf8, 0xee, 0xd7, 0xee, 0xd7, 0xee,
    0xd7, 0xee, 0xf8, 0xee, 0xd7, 0xee, 0xf8, 0xee, 0xf8, 0xee, 0xf8, 0xee, 0xf8, 0xee, 0xf8, 0xee,
    0xf8, 0xee, 0xf8, 0xee, 0xf8, 0xee, 0xd7, 0xee, 0xf8, 0xee, 0xf8, 0xee, 0xf8, 0xee, 0xf8, 0xee,
    0xd7, 0xee, 0xd7, 0xee, 0xd7, 0xee, 0xf8, 0xee, 0xd7, 0xee, 0xd7, 0xee, 0xf8, 0xee, 0xf8, 0xee,
    0xf8, 0xee, 0xf8, 0xee, 0xf8, 0xee, 0xf8, 0xee, 0xf8, 0xee, 0xd7, 0xee, 0xd7, 0xee, 0xf8, 0xee,
    0xd7, 0xee, 0xf8, 0xee, 0xf8, 0xee, 0xd7, 0xee, 0xd7, 0xee, 0xd7, 0xee, 0xf8, 0xee, 0xf8, 0xee,
    0xf8, 0xee, 0xf8, 0xee, 0xd7, 0xee, 0xd7, 0xee, 0xd7, 0xee, 0xd7, 0xee, 0xd7, 0xee, 0xd7, 0xee,
    0xd7, 0xee, 0xd7, 0xee, 0xd7, 0xee, 0xd7, 0xee, 0xd7, 0xee, 0xf8, 0xee, 0xd7, 0xee, 0xf8, 0xee,
    0xf8, 0xee, 0xf8, 0xee, 0xf8, 0xee, 0xd7, 0xee, 0xd7, 0xee, 0xd7, 0xee, 0xd7, 0xee, 0xd7, 0xee,
    0xd7, 0xee, 0xd7, 0xee, 0xd7, 0xee, 0xf8, 0xee, 0xd7, 0xee, 0xd7, 0xee, 0xf8, 0xee, 0xd7, 0xee,
    0xd7, 0xee, 0xd7, 0xee, 0xf8, 0xee, 0xf8, 0xee, 0xd7, 0xee, 0xd7, 0xee, 0xd7, 0xee, 0xd7, 0xee,
    0x95, 0xe6, 0x95, 0xe6, 0xd7, 0xee, 0xd7, 0xee, 0xd7, 0xee, 0xd7, 0xee, 0xf8, 0xee, 0xd7, 0xee,
    0xf8, 0xee, 0xf8, 0xee, 0xd7, 0xee, 0xf8, 0xee, 0xf8, 0xee, 0xf8, 0xee, 0xf8, 0xee, 0xd7, 0xee,
    0xd7, 0xee, 0xf8, 0xee, 0xf8, 0xee, 0xf8, 0xee, 0xf8, 0xee, 0xf8, 0xee, 0xf8, 0xee, 0xf8, 0xee,
    0xf8, 0xee, 0xf8, 0xee, 0xf8, 0xee, 0xd7, 0xee, 0xf8, 0xee, 0xd7, 0xee, 0xf8, 0xee, 0xf8, 0xee,
    0xf8, 0xee, 0xf8, 0xee, 0xf8, 0xee, 0xd7, 0xee, 0xf8, 0xee, 0xf8, 0xee, 0xf8, 0xee, 0xf8, 0xee,
    0xf8, 0xee, 0xd7, 0xee, 0xf8, 0xee, 0xd7, 0xee, 0xd7, 0xee, 0xf8, 0xee, 0xf8, 0xee, 0xf8, 0xee,
    0xf8, 0xee, 0xf8, 0xee, 0xf8, 0xee, 0xd7, 0xee, 0xf8, 0xee, 0xf8, 0xee, 0xf8, 0xee, 0xf8, 0xee,
    0xd7, 0xee, 0xd7, 0xee, 0xd7, 0xee, 0xd7, 0xee, 0xd7, 0xee, 0xd7, 0xee, 0xd7, 0xee, 0xf8, 0xee,
    0xf8, 0xee, 0xd7, 0xee, 0xf8, 0xee, 0xf8, 0xee, 0xd7, 0xee, 0xd7, 0xee, 0xb6, 0xe6, 0xd7, 0xee,
    0xd7, 0xee, 0xd7, 0xee, 0xd7, 0xee, 0xf8, 0xee, 0xd7, 0xee, 0xd7, 0xee, 0xf8, 0xee, 0xd7, 0xee,
    0xf8, 0xee, 0xd7, 0xee, 0xd7, 0xee, 0xd7, 0xee, 0xd7, 0xee, 0xd7, 0xee, 0xd7, 0xee, 0xd7, 0xee,
    0xf8, 0xee, 0xf8, 0xee, 0xf8, 0xee, 0xf8, 0xee, 0xf8, 0xee, 0xf8, 0xee, 0xf8, 0xee, 0xf8, 0xee,
    0xf8, 0xee, 0xf8, 0xee, 0xf8, 0xee, 0xd7, 0xee, 0xf8, 0xee, 0xf8, 0xee, 0xf8, 0xee, 0xf8, 0xee,
    0xf8, 0xee, 0xf8, 0xee, 0xf8, 0xee, 0xf8, 0xee, 0xd7, 0xee, 0xf8, 0xee, 0xf8, 0xee, 0xb6, 0xee,
    0xd7, 0xee, 0xd7, 0xee, 0xd7, 0xee, 0xd7, 0xee, 0xd7, 0xee, 0xf8, 0xee, 0xf8, 0xee, 0xf8, 0xee,
    0xf8, 0xee, 0xf8, 0xee, 0xf8, 0xee, 0xf8, 0xee, 0xf8, 0xee, 0xd7, 0xee, 0xd7, 0xee, 0xf8, 0xee,
    0xd7, 0xee, 0xf8, 0xee, 0xf8, 0xee, 0xd7, 0xee, 0xd7, 0xee, 0xd7, 0xee, 0xd7, 0xee, 0xd7, 0xee,
    0xd7, 0xee, 0xd7, 0xee, 0xf8, 0xee, 0xd7, 0xee, 0xf8, 0xee, 0xd7, 0xee, 0xf8, 0xee, 0xd7, 0xee,
    0xd7, 0xee, 0xd7, 0xee, 0xd7, 0xee, 0xf8, 0xee, 0xf8, 0xee, 0xd7, 0xee, 0xd7, 0xee, 0xf8, 0xee,
    0xf8, 0xee, 0xf8, 0xee, 0xf8, 0xee, 0xf8, 0xee, 0xf8, 0xee, 0xf8, 0xee, 0xf8, 0xee, 0xf8, 0xee,
    0xf8, 0xee, 0xf8, 0xee, 0xf8, 0xee, 0xf8, 0xee, 0xf8, 0xee, 0xf8, 0xee, 0xd7, 0xee, 0xf8, 0xee,
    0xf8, 0xee, 0xf8, 0xee, 0xf8, 0xee, 0xf8, 0xee, 0xf8, 0xee, 0xf8, 0xee, 0xf8, 0xee, 0xf8, 0xee,
    0xd7, 0xee, 0xd7, 0xee, 0xd7, 0xee, 0xf8, 0xee, 0xd7, 0xee, 0xf8, 0xee, 0xf8, 0xee, 0xf8, 0xee,
    0xf8, 0xee, 0xf8, 0xee, 0xf8, 0xee, 0xf8, 0xee, 0xd7, 0xee, 0xf8, 0xee, 0xf8, 0xee, 0xf8, 0xee,
    0xf8, 0xee, 0xf8, 0xee, 0xf8, 0xee, 0xd7, 0xee, 0xd7, 0xee, 0xd7, 0xee, 0xf8, 0xee, 0xd7, 0xee,
    0xd7, 0xee, 0xd7, 0xee, 0xf8, 0xee, 0xd7, 0xee, 0xb6, 0xe6, 0xd7, 0xee, 0xf8, 0xee, 0xd7, 0xee,
    0xd7, 0xee, 0xf8, 0xee, 0xf8, 0xee, 0xd7, 0xee, 0xf8, 0xee, 0xd7, 0xee, 0xd7, 0xee, 0xd7, 0xee,
    0xd7, 0xee, 0xd7, 0xee, 0xf8, 0xee, 0xf8, 0xee, 0xf8, 0xee, 0xd7, 0xee, 0xd7, 0xee, 0xd7, 0xee,
    0xd7, 0xee, 0xd7, 0xee, 0xd7, 0xee, 0xf8, 0xee, 0xd7, 0xee, 0xd7, 0xee, 0xf8, 0xee, 0xd7, 0xee,
    0xf8, 0xee, 0xd7, 0xee, 0xf8, 0xee, 0xf8, 0xee, 0xf8, 0xee, 0xd7, 0xee, 0xd7, 0xee, 0xd7, 0xee,
    0xb6, 0xe6, 0x95, 0xe6, 0xb6, 0xee, 0xd7, 0xee, 0xd7, 0xee, 0xd7, 0xee, 0xf8, 0xee, 0xf8, 0xee,
    0xf8, 0xee, 0xf8, 0xee, 0xf8, 0xee, 0xd7, 0xee, 0xf8, 0xee, 0xf8, 0xee, 0xf8, 0xee, 0xd7, 0xee,
    0xd7, 0xee, 0xf8, 0xee, 0xf8, 0xee, 0xf8, 0xee, 0xf8, 0xee, 0xf8, 0xee, 0xd7, 0xee, 0xd7, 0xee,
    0xf8, 0xee, 0xf8, 0xee, 0xf8, 0xee, 0xf8, 0xee, 0xd7, 0xee, 0xf8, 0xee, 0xd7, 0xee, 0xf8, 0xee,
    0xf8, 0xee, 0xf8, 0xee, 0xd7, 0xee, 0xd7, 0xee, 0xf8, 0xee, 0xf8, 0xee, 0xf8, 0xee, 0xf8, 0xee,
    0xf8, 0xee, 0xd7, 0xee, 0xd7, 0xee, 0xd7, 0xee, 0xd7, 0xee, 0xd7, 0xee, 0xf8, 0xee, 0xf8, 0xee,
    0xf8, 0xee, 0xf8, 0xee, 0xd7, 0xee, 0xd7, 0xee, 0xf8, 0xee, 0xf8, 0xee, 0xd7, 0xee, 0xf8, 0xee,
    0xf8, 0xee, 0xf8, 0xee, 0xd7, 0xee, 0xd7, 0xee, 0xd7, 0xee, 0xd7, 0xee, 0xd7, 0xee, 0xd7, 0xee,
    0xf8, 0xee, 0xd7, 0xee, 0xd7, 0xee, 0xf8, 0xee, 0xf8, 0xee, 0xd7, 0xee, 0xd7, 0xee, 0xd7, 0xee,
    0xd7, 0xee, 0xd7, 0xee, 0xf8, 0xee, 0xf8, 0xee, 0xf8, 0xee, 0xf8, 0xee, 0xf8, 0xee, 0xf8, 0xee,
    0xd7, 0xee, 0xf8, 0xee, 0xd7, 0xee, 0xd7, 0xee, 0xd7, 0xee, 0xf8, 0xee, 0xd7, 0xee, 0xd7, 0xee,
    0xd7, 0xee, 0xd7, 0xee, 0xf8, 0xee, 0xf8, 0xee, 0xf8, 0xee, 0xf8, 0xee, 0xf8, 0xee, 0xf8, 0xee,
    0xf8, 0xee, 0xf8, 0xee, 0xf8, 0xee, 0xd7, 0xee, 0xf8, 0xee, 0xf8, 0xee, 0xf8, 0xee, 0xf8, 0xee,
    0xd7, 0xee, 0xf8, 0xee, 0xf8, 0xee, 0xf8, 0xee, 0xf8, 0xee, 0xd7, 0xee, 0xf8, 0xee, 0xd7, 0xee,
    0xb6, 0xe6, 0xd7, 0xee, 0xd7, 0xee, 0xd7, 0xee, 0xd7, 0xee, 0xd7, 0xee, 0xf8, 0xee, 0xf8, 0xee,
    0xd7, 0xee, 0xf8, 0xee, 0xf8, 0xee, 0xf8, 0xee, 0xf8, 0xee, 0xd7, 0xee, 0xd7, 0xee, 0xd7, 0xee,
    0xd7, 0xee, 0xf8, 0xee, 0xf8, 0xee, 0xf8, 0xee, 0xf8, 0xee, 0xd7, 0xee, 0xd7, 0xee, 0xd7, 0xee,
    0xd7, 0xee, 0xf8, 0xee, 0xd7, 0xee, 0xd7, 0xee, 0xd7, 0xee, 0xf8, 0xee, 0xf8, 0xee, 0xd7, 0xee,
    0xb6, 0xe6, 0xd7, 0xee, 0xd7, 0xee, 0xd7, 0xee, 0xf8, 0xee, 0xf8, 0xee, 0xd7, 0xee, 0xd7, 0xee,
    0xd7, 0xee, 0xd7, 0xee, 0xd7, 0xee, 0xd7, 0xee, 0xf8, 0xee, 0xd7, 0xee, 0xf8, 0xee, 0xf8, 0xee,
    0xf8, 0xee, 0xf8, 0xee, 0xf8, 0xee, 0xf8, 0xee, 0xf8, 0xee, 0xf8, 0xee, 0xf8, 0xee, 0xf8, 0xee,
    0xf8, 0xee, 0xf8, 0xee, 0xf8, 0xee, 0xf8, 0xee, 0xf8, 0xee, 0xd7, 0xee, 0xd7, 0xee, 0xd7, 0xee,
    0xd7, 0xee, 0xf8, 0xee, 0xd7, 0xee, 0xd7, 0xee, 0xf8, 0xee, 0xf8, 0xee, 0xf8, 0xee, 0xf8, 0xee,
    0xf8, 0xee, 0xf8, 0xee, 0xf8, 0xee, 0xf8, 0xee, 0xf8, 0xee, 0xf8, 0xee, 0xd7, 0xee, 0xd7, 0xee,
    0xd7, 0xee, 0xd7, 0xee, 0xf8, 0xee, 0xf8, 0xee, 0xd7, 0xee, 0xd7, 0xee, 0xf8, 0xee, 0xd7, 0xee,
    0xd7, 0xee, 0xd7, 0xee, 0xd7, 0xee, 0xf8, 0xee, 0xd7, 0xee, 0xd7, 0xee, 0xf8, 0xee, 0xf8, 0xee,
    0xf8, 0xee, 0xf8, 0xee, 0xf8, 0xee, 0xd7, 0xee, 0xf8, 0xee, 0xd7, 0xee, 0xd7, 0xee, 0xd7, 0xee,
    0xd7, 0xee, 0xd7, 0xee, 0xd7, 0xee, 0xf8, 0xee, 0xf8, 0xee, 0xd7, 0xee, 0xd7, 0xee, 0xf8, 0xee,
    0xd7, 0xee, 0xd7, 0xee, 0xd7, 0xee, 0xd7, 0xee, 0xd7, 0xee, 0xd7, 0xee, 0xf8, 0xee, 0xf8, 0xee,
    0xf8, 0xee, 0xd7, 0xee, 0xd7, 0xee, 0xd7, 0xee, 0xf8, 0xee, 0xd7, 0xee, 0xd7, 0xee, 0xd7, 0xee,
    0xd7, 0xee, 0xd7, 0xee, 0xd7, 0xee, 0xf8, 0xee, 0xf8, 0xee, 0xd7, 0xee, 0xd7, 0xee, 0xf8, 0xee,
    0xf8, 0xee, 0xf8, 0xee, 0xf8, 0xee, 0xd7, 0xee, 0xd7, 0xee, 0xf8, 0xee, 0xf8, 0xee, 0xf8, 0xee,
    0xf8, 0xee, 0xf8, 0xee, 0xf8, 0xee, 0xf8, 0xee, 0xf8, 0xee, 0xf8, 0xee, 0xf8, 0xee, 0xd7, 0xee,
    0xf8, 0xee, 0xf8, 0xee, 0xd7, 0xee, 0xf8, 0xee, 0xf8, 0xee, 0xf8, 0xee, 0xf8, 0xee, 0xf8, 0xee,
    0xf8, 0xee, 0xd7, 0xee, 0xd7, 0xee, 0xd7, 0xee, 0xf8, 0xee, 0xf8, 0xee, 0xf8, 0xee, 0xf8, 0xee,
    0xf8, 0xee, 0xf8, 0xee, 0xd7, 0xee, 0xf8, 0xee, 0xf8, 0xee, 0xf8, 0xee, 0xd7, 0xee, 0xd7, 0xee,
    0xf8, 0xee, 0xd7, 0xee, 0xd7, 0xee, 0xf8, 0xee, 0xf8, 0xee, 0xd7, 0xee, 0xf8, 0xee, 0xf8, 0xee,
    0xf8, 0xee, 0xf8, 0xee, 0xf8, 0xee, 0xd7, 0xee, 0xf8, 0xee, 0xf8, 0xee, 0xf8, 0xee, 0xf8, 0xee,
    0xf8, 0xee, 0xd7, 0xee, 0xd7, 0xee, 0xf8, 0xee, 0xf8, 0xee, 0xd7, 0xee, 0xf8, 0xee, 0xf8, 0xee,
    0xd7, 0xee, 0xd7, 0xee, 0xd7, 0xee, 0xd7, 0xee, 0xf8, 0xee, 0xf8, 0xee, 0xf8, 0xee, 0xf8, 0xee,
    0xf8, 0xee, 0xf8, 0xee, 0xd7, 0xee, 0xd7, 0xee, 0xd7, 0xee, 0xd7, 0xee, 0xf8, 0xee, 0xf8, 0xee,
    0xf8, 0xee, 0xf8, 0xee, 0xf8, 0xee, 0xf8, 0xee, 0xf8, 0xee, 0xf8, 0xee, 0xf8, 0xee, 0xf8, 0xee,
    0xf8, 0xee, 0xf8, 0xee, 0xf8, 0xee, 0xf8, 0xee, 0xf8, 0xee, 0xf8, 0xee, 0xf8, 0xee, 0xf8, 0xee,
    0xf8, 0xee, 0xf8, 0xee, 0xf8, 0xee, 0xf8, 0xee, 0xf8, 0xee, 0xf8, 0xee, 0xd7, 0xee, 0xf8, 0xee,
    0xd7, 0xee, 0xd7, 0xee, 0xd7, 0xee, 0xd7, 0xee, 0xf8, 0xee, 0xd7, 0xee, 0xd7, 0xee, 0xd7, 0xee,
    0xf8, 0xee, 0xf8, 0xee, 0xd7, 0xee, 0xf8, 0xee, 0xf8, 0xee, 0xf8, 0xee, 0xf8, 0xee, 0xf8, 0xee,
    0xd7, 0xee, 0xf8, 0xee, 0xf8, 0xee, 0xf8, 0xee, 0xf8, 0xee, 0xd7, 0xee, 0xd7, 0xee, 0xd7, 0xee,
    0xf8, 0xee, 0xf8, 0xee, 0xf8, 0xee, 0xf8, 0xee, 0xf8, 0xee, 0xf8, 0xee, 0xf8, 0xee, 0xd7, 0xee,
    0xd7, 0xee, 0xb6, 0xe6, 0xd7, 0xee, 0xd7, 0xee, 0xf8, 0xee, 0xf8, 0xee, 0xf8, 0xee, 0xf8, 0xee,
    0xd7, 0xee, 0xd7, 0xee, 0xd7, 0xee, 0xf8, 0xee, 0xd7, 0xee, 0xd7, 0xee, 0xd7, 0xee, 0xf8, 0xee,
    0xf8, 0xee, 0xf8, 0xee, 0xf8, 0xee, 0xf8, 0xee, 0xf8, 0xee, 0xf8, 0xee, 0xf8, 0xee, 0xd7, 0xee,
    0xf8, 0xee, 0xd7, 0xee, 0xd7, 0xee, 0xf8, 0xee, 0xf8, 0xee, 0xd7, 0xee, 0xf8, 0xee, 0xd7, 0xee,
    0xd7, 0xee, 0xf8, 0xee, 0xd7, 0xee, 0xd7, 0xee, 0xd7, 0xee, 0xd7, 0xee, 0xf8, 0xee, 0xf8, 0xee,
    0xf8, 0xee, 0xf8, 0xee, 0xf8, 0xee, 0xf8, 0xee, 0xd7, 0xee, 0xd7, 0xee, 0xd7, 0xee, 0xf8, 0xee,
    0xd7, 0xee, 0xf8, 0xee, 0xf8, 0xee, 0xf8, 0xee, 0xd7, 0xee, 0xd7, 0xee, 0xf8, 0xee, 0xf8, 0xee,
    0xd7, 0xee, 0xd7, 0xee, 0xd7, 0xee, 0xd7, 0xee, 0xf8, 0xee, 0xd7, 0xee, 0xd7, 0xee, 0xd7, 0xee,
    0xf8, 0xee, 0xf8, 0xee, 0xf8, 0xee, 0xd7, 0xee, 0xd7, 0xee, 0xd7, 0xee, 0xd7, 0xee, 0xd7, 0xee,
    0xd7, 0xee, 0xd7, 0xee, 0xf8, 0xee, 0xf8, 0xee, 0xf8, 0xee, 0xf8, 0xee, 0xf8, 0xee, 0xf8, 0xee,
    0xd7, 0xee, 0xd7, 0xee, 0xd7, 0xee, 0xd7, 0xee, 0xd7, 0xee, 0xd7, 0xee, 0xf8, 0xee, 0xf8, 0xee,
    0xf8, 0xee, 0xf8, 0xee, 0xd7, 0xee, 0xd7, 0xee, 0xf8, 0xee, 0xf8, 0xee, 0xf8, 0xee, 0xf8, 0xee,
    0xd7, 0xee, 0xd7, 0xee, 0xd7, 0xee, 0xd7, 0xee, 0xd7, 0xee, 0xd7, 0xee, 0xd7, 0xee, 0xd7, 0xee,
    0xf8, 0xee, 0xd7, 0xee, 0xd7, 0xee, 0xf8, 0xee, 0xf8, 0xee, 0xf8, 0xee, 0xf8, 0xee, 0xf8, 0xee,
    0xf8, 0xee, 0xf8, 0xee, 0xf8, 0xee, 0xf8, 0xee, 0xf8, 0xee, 0xf8, 0xee, 0xd7, 0xee, 0xf8, 0xee,
    0xf8, 0xee, 0xf8, 0xee, 0xd7, 0xee, 0xf8, 0xee, 0xf8, 0xee, 0xf8, 0xee, 0xf8, 0xee, 0xf8, 0xee,
    0xf8, 0xee, 0xd7, 0xee, 0xd7, 0xee, 0xd7, 0xee, 0xf8, 0xee, 0xd7, 0xee, 0xf8, 0xee, 0xf8, 0xee,
    0xf8, 0xee, 0xf8, 0xee, 0xd7, 0xee, 0xd7, 0xee, 0xf8, 0xee, 0xf8, 0xee, 0xd7, 0xee, 0xd7, 0xee,
    0xd7, 0xee, 0xd7, 0xee, 0xd7, 0xee, 0xd7, 0xee, 0xf8, 0xee, 0xd7, 0xee, 0xf8, 0xee, 0xf8, 0xee,
    0xf8, 0xee, 0xf8, 0xee, 0xf8, 0xee, 0xf8, 0xee, 0xf8, 0xee, 0xf8, 0xee, 0xf8, 0xee, 0xf8, 0xee,
    0xf8, 0xee, 0xd7, 0xee, 0xf8, 0xee, 0xf8, 0xee, 0xd7, 0xee, 0xf8, 0xee, 0xf8, 0xee, 0xd7, 0xee,
    0xd7, 0xee, 0xf8, 0xee, 0xf8, 0xee, 0xd7, 0xee, 0xd7, 0xee, 0xf8, 0xee, 0xf8, 0xee, 0xf8, 0xee,
    0xf8, 0xee, 0xf8, 0xee, 0xf8, 0xee, 0xf8, 0xee, 0xd7, 0xee, 0xd7, 0xee, 0xf8, 0xee, 0xd7, 0xee,
    0xd7, 0xee, 0xf8, 0xee, 0xf8, 0xee, 0xf8, 0xee, 0xf8, 0xee, 0xf8, 0xee, 0xf8, 0xee, 0xf8, 0xee,
    0xf8, 0xee, 0xf8, 0xee, 0xf8, 0xee, 0xf8, 0xee, 0xf8, 0xee, 0xf8, 0xee, 0xf8, 0xee, 0xf8, 0xee,
    0xf8, 0xee, 0xf8, 0xee, 0xd7, 0xee, 0xf8, 0xee, 0xf8, 0xee, 0xd7, 0xee, 0xd7, 0xee, 0xf8, 0xee,
    0xf8, 0xee, 0xd7, 0xee, 0xf8, 0xee, 0xf8, 0xee, 0xd7, 0xee, 0xd7, 0xee, 0xd7, 0xee, 0xd7, 0xee,
    0xd7, 0xee, 0xf8, 0xee, 0xf8, 0xee, 0xf8, 0xee, 0xd7, 0xee, 0xd7, 0xee, 0xf8, 0xee, 0xf8, 0xee,
    0xd7, 0xee, 0xf8, 0xee, 0xf8, 0xee, 0xf8, 0xee, 0xd7, 0xee, 0xd7, 0xee, 0xd7, 0xee, 0xf8, 0xee,
    0xf8, 0xee, 0xf8, 0xee, 0xf8, 0xee, 0xf8, 0xee, 0xf8, 0xee, 0xf8, 0xee, 0xf8, 0xee, 0xf8, 0xee,
    0xd7, 0xee, 0xd7, 0xee, 0xd7, 0xee, 0xd7, 0xee, 0xd7, 0xee, 0xd7, 0xee, 0xd7, 0xee, 0xf8, 0xee,
    0xf8, 0xee, 0xd7, 0xee, 0xd7, 0xee, 0xf8, 0xee, 0xd7, 0xee, 0xd7, 0xee, 0xd7, 0xee, 0xf8, 0xee,
    0xf8, 0xee, 0xd7, 0xee, 0xd7, 0xee, 0xd7, 0xee, 0xd7, 0xee, 0xf8, 0xee, 0xd7, 0xee, 0xd7, 0xee,
    0xf8, 0xee, 0xd7, 0xee, 0xd7, 0xee, 0xd7, 0xee, 0xf8, 0xee, 0xf8, 0xee, 0xf8, 0xee, 0xf8, 0xee,
    0xd7, 0xee, 0xd7, 0xee, 0xd7, 0xee, 0xf8, 0xee, 0xd7, 0xee, 0xf8, 0xee, 0xf8, 0xee, 0xf8, 0xee,
    0xf8, 0xee, 0xf8, 0xee, 0xd7, 0xee, 0xd7, 0xee, 0xd7, 0xee, 0xd7, 0xee, 0xd7, 0xee, 0xf8, 0xee,
    0xf8, 0xee, 0xf8, 0xee, 0xf8, 0xee, 0xf8, 0xee, 0xf8, 0xee, 0xd7, 0xee, 0xf8, 0xee, 0xf8, 0xee,
    0xf8, 0xee, 0xd7, 0xee, 0xd7, 0xee, 0xd7, 0xee, 0xf8, 0xee, 0xf8, 0xee, 0xd7, 0xee, 0xd7, 0xee,
    0xd7, 0xee, 0xf8, 0xee, 0xf8, 0xee, 0xf8, 0xee, 0xf8, 0xee, 0xd7, 0xee, 0xd7, 0xee, 0xf8, 0xee,
    0xf8, 0xee, 0xf8, 0xee, 0xf8, 0xee, 0xf8, 0xee, 0xf8, 0xee, 0xf8, 0xee, 0xf8, 0xee, 0xf8, 0xee,
    0xd7, 0xee, 0xd7, 0xee, 0xd7, 0xee, 0xd7, 0xee, 0xd7, 0xee, 0xd7, 0xee, 0xd7, 0xee, 0xf8, 0xee,
    0xf8, 0xee, 0xf8, 0xee, 0xd7, 0xee, 0xd7, 0xee, 0xd7, 0xee, 0xd7, 0xee, 0xf8, 0xee, 0xf8, 0xee,
    0xd7, 0xee, 0xf8, 0xee, 0xf8, 0xee, 0xf8, 0xee, 0xd7, 0xee, 0xd7, 0xee, 0xd7, 0xee, 0xd7, 0xee,
    0xd7, 0xee, 0xd7, 0xee, 0xd7, 0xee, 0xd7, 0xee, 0xf8, 0xee, 0xf8, 0xee, 0xf8, 0xee, 0xf8, 0xee,
    0xf8, 0xee, 0xf8, 0xee, 0xf8, 0xee, 0xf8, 0xee, 0xd7, 0xee, 0xd7, 0xee, 0xd7, 0xee, 0xf8, 0xee,
    0xf8, 0xee, 0xf8, 0xee, 0xd7, 0xee, 0xf8, 0xee, 0xf8, 0xee, 0xf8, 0xee, 0xf8, 0xee, 0xf8, 0xee,
    0xf8, 0xee, 0xf8, 0xee, 0xd7, 0xee, 0xf8, 0xee, 0xf8, 0xee, 0xd7, 0xee, 0xf8, 0xee, 0xf8, 0xee,
    0xf8, 0xee, 0xf8, 0xee, 0xf8, 0xee, 0xd7, 0xee, 0xf8, 0xee, 0xf8, 0xee, 0xf8, 0xee, 0xd7, 0xee,
    0xd7, 0xee, 0xd7, 0xee, 0xf8, 0xee, 0xd7, 0xee, 0xd7, 0xee, 0xd7, 0xee, 0xf8, 0xee, 0xf8, 0xee,
    0xf8, 0xee, 0xf8, 0xee, 0xd7, 0xee, 0xf8, 0xee, 0xf8, 0xee, 0xd7, 0xee, 0xf8, 0xee, 0xf8, 0xee,
    0xf8, 0xee, 0xf8, 0xee, 0xf8, 0xee, 0xf8, 0xee, 0xf8, 0xee, 0xf8, 0xee, 0xf8, 0xee, 0xd7, 0xee,
    0xf8, 0xee, 0xf8, 0xee, 0xf8, 0xee, 0xf8, 0xee, 0xd7, 0xee, 0xf8, 0xee, 0xf8, 0xee, 0xd7, 0xee,
    0xd7, 0xee, 0xf8, 0xee, 0xf8, 0xee, 0xf8, 0xee, 0xf8, 0xee, 0xf8, 0xee, 0xd7, 0xee, 0xd7, 0xee,
    0xf8, 0xee, 0xf8, 0xee, 0xf8, 0xee, 0xf8, 0xee, 0xf8, 0xee, 0xf8, 0xee, 0xf8, 0xee, 0xf8, 0xee,
    0xf8, 0xee, 0xf8, 0xee, 0xf8, 0xee, 0xf8, 0xee, 0xf8, 0xee, 0xf8, 0xee, 0xf8, 0xee, 0xf8, 0xee,
    0xf8, 0xee, 0xd7, 0xee, 0xf8, 0xee, 0xf8, 0xee, 0xf8, 0xee, 0xd7, 0xee, 0xf8, 0xee, 0xf8, 0xee,
    0xd7, 0xee, 0xf8, 0xee, 0xf8, 0xee, 0xf8, 0xee, 0xf8, 0xee, 0xf8, 0xee, 0xd7, 0xee, 0xd7, 0xee,
    0xd7, 0xee, 0xf8, 0xee, 0xf8, 0xee, 0xf8, 0xee, 0xd7, 0xee, 0xd7, 0xee, 0xf8, 0xee, 0xf8, 0xee,
    0xf8, 0xee, 0xf8, 0xee, 0xf8, 0xee, 0xd7, 0xee, 0xd7, 0xee, 0xb6, 0xe6, 0xd7, 0xee, 0xf8, 0xee,
    0xf8, 0xee, 0xf8, 0xee, 0xf8, 0xee, 0xf8, 0xee, 0xf8, 0xee, 0xf8, 0xee, 0xf8, 0xee, 0xf8, 0xee,
    0xd7, 0xee, 0xd7, 0xee, 0xd7, 0xee, 0xd7, 0xee, 0xd7, 0xee, 0xd7, 0xee, 0xf8, 0xee, 0xf8, 0xee,
    0xd7, 0xee, 0xd7, 0xee, 0xd7, 0xee, 0xd7, 0xee, 0xd7, 0xee, 0xd7, 0xee, 0xd7, 0xee, 0xf8, 0xee,
    0xf8, 0xee, 0xd7, 0xee, 0xd7, 0xee, 0xd7, 0xee, 0xd7, 0xee, 0xd7, 0xee, 0xd7, 0xee, 0xf8, 0xee,
    0xf8, 0xee, 0xf8, 0xee, 0xd7, 0xee, 0xd7, 0xee, 0xf8, 0xee, 0xf8, 0xee, 0xd7, 0xee, 0xd7, 0xee,
    0xf8, 0xee, 0xd7, 0xee, 0xf8, 0xee, 0xd7, 0xee, 0xf8, 0xee, 0xf8, 0xee, 0xd7, 0xee, 0xb6, 0xe6,
    0xd7, 0xee, 0xf8, 0xee, 0xf8, 0xee, 0xf8, 0xee, 0xf8, 0xee, 0xf8, 0xee, 0xf8, 0xee, 0xd7, 0xee,
    0xf8, 0xee, 0xf8, 0xee, 0xf8, 0xee, 0xf8, 0xee, 0xd7, 0xee, 0xf8, 0xee, 0xf8, 0xee, 0xf8, 0xee,
    0xf8, 0xee, 0xd7, 0xee, 0xd7, 0xee, 0xd7, 0xee, 0xf8, 0xee, 0xf8, 0xee, 0xf8, 0xee, 0xd7, 0xee,
    0xd7, 0xee, 0xd7, 0xee, 0xd7, 0xee, 0xd7, 0xee, 0xd7, 0xee, 0xd7, 0xee, 0xd7, 0xee, 0xd7, 0xee,
    0xd7, 0xee, 0xf8, 0xee, 0xf8, 0xee, 0xf8, 0xee, 0xf8, 0xee, 0xf8, 0xee, 0xf8, 0xee, 0xf8, 0xee,
    0xf8, 0xee, 0xf8, 0xee, 0xd7, 0xee, 0xd7, 0xee, 0xf8, 0xee, 0xf8, 0xee, 0xd7, 0xee, 0xd7, 0xee,
    0xf8, 0xee, 0xd7, 0xee, 0xd7, 0xee, 0xd7, 0xee, 0xd7, 0xee, 0xd7, 0xee, 0xd7, 0xee, 0xf8, 0xee,
    0xd7, 0xee, 0xd7, 0xee, 0xf8, 0xee, 0xf8, 0xee, 0xf8, 0xee, 0xf8, 0xee, 0xd7, 0xee, 0xf8, 0xee,
    0xd7, 0xee, 0xf8, 0xee, 0xf8, 0xee, 0xd7, 0xee, 0xd7, 0xee, 0xd7, 0xee, 0xf8, 0xee, 0xf8, 0xee,
    0xf8, 0xee, 0xf8, 0xee, 0xf8, 0xee, 0xf8, 0xee, 0xd7, 0xee, 0xd7, 0xee, 0xd7, 0xee, 0xd7, 0xee,
    0xd7, 0xee, 0xd7, 0xee, 0xf8, 0xee, 0xf8, 0xee, 0xf8, 0xee, 0xf8, 0xee, 0xf8, 0xee, 0xf8, 0xee,
    0xf8, 0xee, 0xf8, 0xee, 0xd7, 0xee, 0xd7, 0xee, 0xd7, 0xee, 0xd7, 0xee, 0xf8, 0xee, 0xf8, 0xee,
    0xf8, 0xee, 0xf8, 0xee, 0xd7, 0xee, 0xd7, 0xee, 0xd7, 0xee, 0xf8, 0xee, 0xd7, 0xee, 0xf8, 0xee,
    0xd7, 0xee, 0xd7, 0xee, 0xf8, 0xee, 0xd7, 0xee, 0xf8, 0xee, 0xf8, 0xee, 0xf8, 0xee, 0xf8, 0xee,
    0xd7, 0xee, 0xf8, 0xee, 0xf8, 0xee, 0xf8, 0xee, 0xf8, 0xee, 0xf8, 0xee, 0xd7, 0xee, 0xd7, 0xee,
    0xf8, 0xee, 0xf8, 0xee, 0xf8, 0xee, 0xf8, 0xee, 0xf8, 0xee, 0xf8, 0xee, 0xd7, 0xee, 0xf8, 0xee,
    0xf8, 0xee, 0xf8, 0xee, 0xf8, 0xee, 0xd7, 0xee, 0xf8, 0xee, 0xf8, 0xee, 0xf8, 0xee, 0xd7, 0xee,
    0xd7, 0xee, 0xf8, 0xee, 0xf8, 0xee, 0xf8, 0xee, 0xf8, 0xee, 0xf8, 0xee, 0xd7, 0xee, 0xd7, 0xee,
    0xf8, 0xee, 0xd7, 0xee, 0xf8, 0xee, 0xd7, 0xee, 0xf8, 0xee, 0xf8, 0xee, 0xf8, 0xee, 0xf8, 0xee,
    0xd7, 0xee, 0xf8, 0xee, 0xf8, 0xee, 0xd7, 0xee, 0xf8, 0xee, 0xf8, 0xee, 0xf8, 0xee, 0xf8, 0xee,
    0xf8, 0xee, 0xd7, 0xee, 0xf8, 0xee, 0xf8, 0xee, 0xf8, 0xee, 0xf8, 0xee, 0xf8, 0xee, 0xf8, 0xee,
    0xf8, 0xee, 0xf8, 0xee, 0xf8, 0xee, 0xf8, 0xee, 0xf8, 0xee, 0xf8, 0xee, 0xd7, 0xee, 0xd7, 0xee,
    0xf8, 0xee, 0xf8, 0xee, 0xf8, 0xee, 0xf8, 0xee, 0xf8, 0xee, 0xf8, 0xee, 0xf8, 0xee, 0xf8, 0xee,
    0xf8, 0xee, 0xf8, 0xee, 0xf8, 0xee, 0xd7, 0xee, 0xd7, 0xee, 0xb6, 0xe6, 0xd7, 0xee, 0xd7, 0xee,
    0xf8, 0xee, 0xf8, 0xee, 0xf8, 0xee, 0xf8, 0xee, 0xf8, 0xee, 0xd7, 0xee, 0xd7, 0xee, 0xd7, 0xee,
    0xd7, 0xee, 0xd7, 0xee, 0xd7, 0xee, 0xf8, 0xee, 0xf8, 0xee, 0xf8, 0xee, 0xf8, 0xee, 0xf8, 0xee,
    0xf8, 0xee, 0xd7, 0xee, 0xd7, 0xee, 0xd7, 0xee, 0xd7, 0xee, 0xd7, 0xee, 0xf8, 0xee, 0xf8, 0xee,
    0xd7, 0xee, 0xd7, 0xee, 0xd7, 0xee, 0xd7, 0xee, 0xf8, 0xee, 0xf8, 0xee, 0xd7, 0xee, 0xf8, 0xee,
    0xd7, 0xee, 0xf8, 0xee, 0xf8, 0xee, 0xd7, 0xee, 0xf8, 0xee, 0xf8, 0xee, 0xf8, 0xee, 0xf8, 0xee,
    0xf8, 0xee, 0xf8, 0xee, 0xd7, 0xee, 0xd7, 0xee, 0xf8, 0xee, 0xf8, 0xee, 0xb6, 0xe6, 0x95, 0xe6,
    0xd7, 0xee, 0xf8, 0xee, 0xf8, 0xee, 0xf8, 0xee, 0xf8, 0xee, 0xf8, 0xee, 0xf8, 0xee, 0xf8, 0xee,
    0xf8, 0xee, 0xd7, 0xee, 0xf8, 0xee, 0xf8, 0xee, 0xd7, 0xee, 0xf8, 0xee, 0xf8, 0xee, 0xf8, 0xee,
    0xf8, 0xee, 0xf8, 0xee, 0xd7, 0xee, 0xd7, 0xee, 0xd7, 0xee, 0xf8, 0xee, 0xf8, 0xee, 0xf8, 0xee,
    0xd7, 0xee, 0xd7, 0xee, 0xd7, 0xee, 0xf8, 0xee, 0xd7, 0xee, 0xf8, 0xee, 0xd7, 0xee, 0xd7, 0xee,
    0xf8, 0xee, 0xf8, 0xee, 0xf8, 0xee, 0xf8, 0xee, 0xf8, 0xee, 0xf8, 0xee, 0xf8, 0xee, 0xf8, 0xee,
    0xf8, 0xee, 0xf8, 0xee, 0xd7, 0xee, 0xd7, 0xee, 0xf8, 0xee, 0xf8, 0xee, 0xf8, 0xee, 0xd7, 0xee,
    0xf8, 0xee, 0xd7, 0xee, 0xd7, 0xee, 0xd7, 0xee, 0xd7, 0xee, 0xd7, 0xee, 0xf8, 0xee, 0xd7, 0xee,
    0xd7, 0xee, 0xd7, 0xee, 0xf8, 0xee, 0xf8, 0xee, 0xf8, 0xee, 0xf8, 0xee, 0xf8, 0xee, 0xf8, 0xee,
    0xf8, 0xee, 0xd7, 0xee, 0xd7, 0xee, 0xd7, 0xee, 0xd7, 0xee, 0xf8, 0xee, 0xf8, 0xee, 0xf8, 0xee,
    0xf8, 0xee, 0xf8, 0xee, 0xf8, 0xee, 0xf8, 0xee, 0xf8, 0xee, 0xd7, 0xee, 0xd7, 0xee, 0xf8, 0xee,
    0xd7, 0xee, 0xf8, 0xee, 0xf8, 0xee, 0xf8, 0xee, 0xf8, 0xee, 0xf8, 0xee, 0xf8, 0xee, 0xd7, 0xee,
    0xf8, 0xee, 0xf8, 0xee, 0xf8, 0xee, 0xf8, 0xee, 0xd7, 0xee, 0xd7, 0xee, 0xf8, 0xee, 0xf8, 0xee,
    0xf8, 0xee, 0xf8, 0xee, 0xf8, 0xee, 0xf8, 0xee, 0xd7, 0xee, 0xd7, 0xee, 0xf8, 0xee, 0xf8, 0xee,
    0xd7, 0xee, 0xd7, 0xee, 0xd7, 0xee, 0xd7, 0xee, 0xf8, 0xee, 0xd7, 0xee, 0xf8, 0xee, 0xf8, 0xee,
    0xf8, 0xee, 0xf8, 0xee, 0xf8, 0xee, 0xf8, 0xee, 0xf8, 0xee, 0xf8, 0xee, 0xd7, 0xee, 0xd7, 0xee,
    0xf8, 0xee, 0xd7, 0xee, 0xf8, 0xee, 0xf8, 0xee, 0xf8, 0xee, 0xd7, 0xee, 0xd7, 0xee, 0xd7, 0xee,
    0xf8, 0xee, 0xf8, 0xee, 0xd7, 0xee, 0xd7, 0xee, 0xf8, 0xee, 0xf8, 0xee, 0xf8, 0xee, 0xd7, 0xee,
    0xf8, 0xee, 0xf8, 0xee, 0xf8, 0xee, 0xf8, 0xee, 0xf8, 0xee, 0xf8, 0xee, 0xd7, 0xee, 0xd7, 0xee,
    0xd7, 0xee, 0xd7, 0xee, 0xd7, 0xee, 0xd7, 0xee, 0xf8, 0xee, 0xf8, 0xee, 0xf8, 0xee, 0xf8, 0xee,
    0xf8, 0xee, 0xf8, 0xee, 0xf8, 0xee, 0xf8, 0xee, 0xf8, 0xee, 0xf8, 0xee, 0xf8, 0xee, 0xf8, 0xee,
    0xf8, 0xee, 0xf8, 0xee, 0xf8, 0xee, 0xf8, 0xee, 0xd7, 0xee, 0xf8, 0xee, 0xf8, 0xee, 0xf8, 0xee,
    0xf8, 0xee, 0xf8, 0xee, 0xf8, 0xee, 0xf8, 0xee, 0xf8, 0xee, 0xf8, 0xee, 0xd7, 0xee, 0xf8, 0xee,
    0xf8, 0xee, 0xf8, 0xee, 0xf8, 0xee, 0xf8, 0xee, 0xf8, 0xee, 0xf8, 0xee, 0xf8, 0xee, 0xf8, 0xee,
    0xd7, 0xee, 0xd7, 0xee, 0xd7, 0xee, 0xd7, 0xee, 0xd7, 0xee, 0xd7, 0xee, 0xd7, 0xee, 0xd7, 0xee,
    0xd7, 0xee, 0xf8, 0xee, 0xf8, 0xee, 0xf8, 0xee, 0xf8, 0xee, 0xd7, 0xee, 0xd7, 0xee, 0xd7, 0xee,
    0xd7, 0xee, 0xd7, 0xee, 0xd7, 0xee, 0xf8, 0xee, 0xd7, 0xee, 0xd7, 0xee, 0xd7, 0xee, 0xf8, 0xee,
    0xd7, 0xee, 0xd7, 0xee, 0xd7, 0xee, 0xd7, 0xee, 0xf8, 0xee, 0xf8, 0xee, 0xd7, 0xee, 0xf8, 0xee,
    0xd7, 0xee, 0xd7, 0xee, 0xd7, 0xee, 0xd7, 0xee, 0xf8, 0xee, 0xd7, 0xee, 0xd7, 0xee, 0xf8, 0xee,
    0xf8, 0xee, 0xf8, 0xee, 0xd7, 0xee, 0xd7, 0xee, 0xd7, 0xee, 0xf8, 0xee, 0xf8, 0xee, 0xf8, 0xee,
    0xf8, 0xee, 0xf8, 0xee, 0xd7, 0xee, 0xd7, 0xee, 0xd7, 0xee, 0xd7, 0xee, 0xd7, 0xee, 0xd7, 0xee,
    0xf8, 0xee, 0xf8, 0xee, 0xf8, 0xee, 0xf8, 0xee, 0xf8, 0xee, 0xf8, 0xee, 0xf8, 0xee, 0xd7, 0xee,
    0xd7, 0xee, 0xd7, 0xee, 0xd7, 0xee, 0xf8, 0xee, 0xf8, 0xee, 0xf8, 0xee, 0xd7, 0xee, 0xf8, 0xee,
    0xf8, 0xee, 0xf8, 0xee, 0xf8, 0xee, 0xd7, 0xee, 0xf8, 0xee, 0xf8, 0xee, 0xf8, 0xee, 0xf8, 0xee,
    0xd7, 0xee, 0xf8, 0xee, 0xf8, 0xee, 0xf8, 0xee, 0xf8, 0xee, 0xf8, 0xee, 0xf8, 0xee, 0xf8, 0xee,
    0xd7, 0xee, 0xf8, 0xee, 0xf8, 0xee, 0xf8, 0xee, 0xf8, 0xee, 0xf8, 0xee, 0xf8, 0xee, 0xf8, 0xee,
    0xf8, 0xee, 0xd7, 0xee, 0xd7, 0xee, 0xd7, 0xee, 0xf8, 0xee, 0xf8, 0xee, 0xf8, 0xee, 0xd7, 0xee,
    0xf8, 0xee, 0xf8, 0xee, 0xd7, 0xee, 0xd7, 0xee, 0xd7, 0xee, 0xd7, 0xee, 0xf8, 0xee, 0xf8, 0xee,
    0xd7, 0xee, 0xd7, 0xee, 0xf8, 0xee, 0xf8, 0xee, 0xf8, 0xee, 0xf8, 0xee, 0xf8, 0xee, 0xf8, 0xee,
    0xf8, 0xee, 0xd7, 0xee, 0xd7, 0xee, 0xd7, 0xee, 0xd7, 0xee, 0xf8, 0xee, 0xd7, 0xee, 0xd7, 0xee,
    0xf8, 0xee, 0xf8, 0xee, 0xd7, 0xee, 0xd7, 0xee, 0xd7, 0xee, 0xd7, 0xee, 0xf8, 0xee, 0xd7, 0xee,
    0xd7, 0xee, 0xf8, 0xee, 0xf8, 0xee, 0xf8, 0xee, 0xf8, 0xee, 0xf8, 0xee, 0xf8, 0xee, 0xd7, 0xee,
    0xf8, 0xee, 0xf8, 0xee, 0xf8, 0xee, 0xf8, 0xee, 0xd7, 0xee, 0xf8, 0xee, 0xf8, 0xee, 0xf8, 0xee,
    0xf8, 0xee, 0xf8, 0xee, 0xd7, 0xee, 0xd7, 0xee, 0xd7, 0xee, 0xd7, 0xee, 0xd7, 0xee, 0xf8, 0xee,
    0xd7, 0xee, 0xd7, 0xee, 0xd7, 0xee, 0xf8, 0xee, 0xd7, 0xee, 0xf8, 0xee, 0xd7, 0xee, 0xf8, 0xee,
    0xf8, 0xee, 0xd7, 0xee, 0xf8, 0xee, 0xf8, 0xee, 0xf8, 0xee, 0xf8, 0xee, 0xd7, 0xee, 0xd7, 0xee,
    0xf8, 0xee, 0xf8, 0xee, 0xf8, 0xee, 0xf8, 0xee, 0xf8, 0xee, 0xd7, 0xee, 0xd7, 0xee, 0xf8, 0xee,
    0xd7, 0xee, 0xf8, 0xee, 0xd7, 0xee, 0xd7, 0xee, 0xf8, 0xee, 0xf8, 0xee, 0xf8, 0xee, 0xd7, 0xee,
    0xd7, 0xee, 0xf8, 0xee, 0xf8, 0xee, 0xf8, 0xee, 0xf8, 0xee, 0xf8, 0xee, 0xd7, 0xee, 0xd7, 0xee,
    0xd7, 0xee, 0xd7, 0xee, 0xd7, 0xee, 0xd7, 0xee, 0xf8, 0xee, 0xf8, 0xee, 0xd7, 0xee, 0xf8, 0xee,
    0xf8, 0xee, 0xf8, 0xee, 0xf8, 0xee, 0xf8, 0xee, 0xf8, 0xee, 0xd7, 0xee, 0xd7, 0xee, 0xf8, 0xee,
    0xf8, 0xee, 0xf8, 0xee, 0xf8, 0xee, 0xd7, 0xee, 0xd7, 0xee, 0xf8, 0xee, 0xf8, 0xee, 0xf8, 0xee,
    0xf8, 0xee, 0xf8, 0xee, 0xf8, 0xee, 0xf8, 0xee, 0xf8, 0xee, 0xf8, 0xee, 0xf8, 0xee, 0xf8, 0xee,
    0xf8, 0xee, 0xf8, 0xee, 0xf8, 0xee, 0xf8, 0xee, 0xf8, 0xee, 0xf8, 0xee, 0xd7, 0xee, 0xf8, 0xee,
    0xd7, 0xee, 0xd7, 0xee, 0xd7, 0xee, 0xd7, 0xee, 0xd7, 0xee, 0xd7, 0xee, 0xd7, 0xee, 0xd7, 0xee,
    0xd7, 0xee, 0xd7, 0xee, 0xd7, 0xee, 0xd7, 0xee, 0xd7, 0xee, 0xd7, 0xee, 0xd7, 0xee, 0xf8, 0xee,
    0xf8, 0xee, 0xd7, 0xee, 0xf8, 0xee, 0xf8, 0xee, 0xd7, 0xee, 0xd7, 0xee, 0xd7, 0xee, 0xd7, 0xee,
    0xf8, 0xee, 0xf8, 0xee, 0xf8, 0xee, 0xf8, 0xee, 0xf8, 0xee, 0xf8, 0xee, 0xf8, 0xee, 0xd7, 0xee,
    0xf8, 0xee, 0xd7, 0xee, 0xd7, 0xee, 0xd7, 0xee, 0xf8, 0xee, 0xd7, 0xee, 0xf8, 0xee, 0xd7, 0xee,
    0xd7, 0xee, 0xf8, 0xee, 0xf8, 0xee, 0xd7, 0xee, 0xd7, 0xee, 0xf8, 0xee, 0xd7, 0xee, 0xf8, 0xee,
    0xf8, 0xee, 0xd7, 0xee, 0xf8, 0xee, 0xd7, 0xee, 0xd7, 0xee, 0xf8, 0xee, 0xf8, 0xee, 0xf8, 0xee,
    0xf8, 0xee, 0xd7, 0xee, 0xf8, 0xee, 0xf8, 0xee, 0xd7, 0xee, 0xf8, 0xee, 0xf8, 0xee, 0xd7, 0xee,
    0xd7, 0xee, 0xd7, 0xee, 0xd7, 0xee, 0xd7, 0xee, 0xf8, 0xee, 0xf8, 0xee, 0xf8, 0xee, 0xf8, 0xee,
    0xf8, 0xee, 0xf8, 0xee, 0xf8, 0xee, 0xd7, 0xee, 0xd7, 0xee, 0xd7, 0xee, 0xf8, 0xee, 0xf8, 0xee,
    0xf8, 0xee, 0xd7, 0xee, 0xf8, 0xee, 0xf8, 0xee, 0xf8, 0xee, 0xf8, 0xee, 0xf8, 0xee, 0xf8, 0xee,
    0xd7, 0xee, 0xf8, 0xee, 0xf8, 0xee, 0xf8, 0xee, 0xf8, 0xee, 0xf8, 0xee, 0xf8, 0xee, 0xf8, 0xee,
    0xd7, 0xee, 0xd7, 0xee, 0xd7, 0xee, 0xd7, 0xee, 0xf8, 0xee, 0xf8, 0xee, 0xf8, 0xee, 0xd7, 0xee,
    0xf8, 0xee, 0xf8, 0xee, 0xf8, 0xee, 0xf8, 0xee, 0xf8, 0xee, 0xf8, 0xee, 0xf8, 0xee, 0xf8, 0xee,
    0xd7, 0xee, 0xd7, 0xee, 0xf8, 0xee, 0xf8, 0xee, 0xf8, 0xee, 0xf8, 0xee, 0xf8, 0xee, 0xf8, 0xee,
    0xd7, 0xee, 0xd7, 0xee, 0xd7, 0xee, 0xd7, 0xee, 0xd7, 0xee, 0xf8, 0xee, 0xd7, 0xee, 0xd7, 0xee,
    0xf8, 0xee, 0xf8, 0xee, 0xf8, 0xee, 0xd7, 0xee, 0xd7, 0xee, 0xd7, 0xee, 0xd7, 0xee, 0xd7, 0xee,
    0xf8, 0xee, 0xf8, 0xee, 0xf8, 0xee, 0xf8, 0xee, 0xf8, 0xee, 0xf8, 0xee, 0xd7, 0xee, 0xd7, 0xee,
    0xf8, 0xee, 0xf8, 0xee, 0xf8, 0xee, 0xf8, 0xee, 0xd7, 0xee, 0xd7, 0xee, 0xf8, 0xee, 0xf8, 0xee,
    0xf8, 0xee, 0xf8, 0xee, 0xf8, 0xee, 0xd7, 0xee, 0xd7, 0xee, 0xd7, 0xee, 0xd7, 0xee, 0xb6, 0xe6,
    0xd7, 0xee, 0xd7, 0xee, 0xf8, 0xee, 0xf8, 0xee, 0xd7, 0xee, 0xd7, 0xee, 0xf8, 0xee, 0xf8, 0xee,
    0xf8, 0xee, 0xf8, 0xee, 0xf8, 0xee, 0xf8, 0xee, 0xf8, 0xee, 0xf8, 0xee, 0xf8, 0xee, 0xd7, 0xee,
    0xd7, 0xee, 0xd7, 0xee, 0xd7, 0xee, 0xf8, 0xee, 0xf8, 0xee, 0xd7, 0xee, 0xd7, 0xee, 0xf8, 0xee,
    0xf8, 0xee, 0xf8, 0xee, 0xf8, 0xee, 0xf8, 0xee, 0xf8, 0xee, 0xd7, 0xee, 0xd7, 0xee, 0xd7, 0xee,
    0xd7, 0xee, 0xd7, 0xee, 0xf8, 0xee, 0xf8, 0xee, 0xf8, 0xee, 0xf8, 0xee, 0xd7, 0xee, 0xd7, 0xee,
    0xd7, 0xee, 0xf8, 0xee, 0xf8, 0xee, 0xf8, 0xee, 0xf8, 0xee, 0xf8, 0xee, 0xf8, 0xee, 0xf8, 0xee,
    0xf8, 0xee, 0xf8, 0xee, 0xf8, 0xee, 0xf8, 0xee, 0xf8, 0xee, 0xf8, 0xee, 0xf8, 0xee, 0xf8, 0xee,
    0xf8, 0xee, 0xf8, 0xee, 0xf8, 0xee, 0xf8, 0xee, 0xf8, 0xee, 0xf8, 0xee, 0xf8, 0xee, 0xd7, 0xee,
    0xf8, 0xee, 0xf8, 0xee, 0xf8, 0xee, 0xd7, 0xee, 0xf8, 0xee, 0xf8, 0xee, 0xf8, 0xee, 0xf8, 0xee,
    0xf8, 0xee, 0xf8, 0xee, 0xf8, 0xee, 0xf8, 0xee, 0xf8, 0xee, 0xf8, 0xee, 0xf8, 0xee, 0xf8, 0xee,
    0xf8, 0xee, 0xf8, 0xee, 0xd7, 0xee, 0xf8, 0xee, 0xf8, 0xee, 0xf8, 0xee, 0xd7, 0xee, 0xd7, 0xee,
    0xd7, 0xee, 0xd7, 0xee, 0xd7, 0xee, 0xd7, 0xee, 0xd7, 0xee, 0xd7, 0xee, 0xd7, 0xee, 0xd7, 0xee,
    0xf8, 0xee, 0xf8, 0xee, 0xf8, 0xee, 0xf8, 0xee, 0xd7, 0xee, 0xf8, 0xee, 0xd7, 0xee, 0xf8, 0xee,
    0xf8, 0xee, 0xf8, 0xee, 0xf8, 0xee, 0xf8, 0xee, 0xf8, 0xee, 0xf8, 0xee, 0xf8, 0xee, 0xd7, 0xee,
    0xf8, 0xee, 0xd7, 0xee, 0xf8, 0xee, 0xf8, 0xee, 0xf8, 0xee, 0xf8, 0xee, 0xf8, 0xee, 0xf8, 0xee,
    0xd7, 0xee, 0xf8, 0xee, 0xf8, 0xee, 0xd7, 0xee, 0xf8, 0xee, 0xf8, 0xee, 0xd7, 0xee, 0xd7, 0xee,
    0xd7, 0xee, 0xd7, 0xee, 0xd7, 0xee, 0xd7, 0xee, 0xf8, 0xee, 0xd7, 0xee, 0xf8, 0xee, 0xf8, 0xee,
    0xf8, 0xee, 0xf8, 0xee, 0xd7, 0xee, 0xf8, 0xee, 0xd7, 0xee, 0xd7, 0xee, 0xf8, 0xee, 0xf8, 0xee,
    0xd7, 0xee, 0xd7, 0xee, 0xd7, 0xee, 0xd7, 0xee, 0xf8, 0xee, 0xf8, 0xee, 0xd7, 0xee, 0xf8, 0xee,
    0xf8, 0xee, 0xf8, 0xee, 0xf8, 0xee, 0xd7, 0xee, 0xd7, 0xee, 0xd7, 0xee, 0xd7, 0xee, 0xd7, 0xee,
    0xf8, 0xee, 0xf8, 0xee, 0xd7, 0xee, 0xf8, 0xee, 0xf8, 0xee, 0xf8, 0xee, 0xd7, 0xee, 0xd7, 0xee,
    0xd7, 0xee, 0xf8, 0xee, 0xd7, 0xee, 0xf8, 0xee, 0xd7, 0xee, 0xd7, 0xee, 0xd7, 0xee, 0xf8, 0xee,
    0xf8, 0xee, 0xd7, 0xee, 0xd7, 0xee, 0xd7, 0xee, 0xf8, 0xee, 0xf8, 0xee, 0xf8, 0xee, 0xf8, 0xee,
    0xf8, 0xee, 0xf8, 0xee, 0xf8, 0xee, 0xf8, 0xee, 0xf8, 0xee, 0xf8, 0xee, 0xf8, 0xee, 0xf8, 0xee,
    0xf8, 0xee, 0xd7, 0xee, 0xd7, 0xee, 0xd7, 0xee, 0xd7, 0xee, 0xf8, 0xee, 0xf8, 0xee, 0xf8, 0xee,
    0xd7, 0xee, 0xb6, 0xe6, 0xd7, 0xee, 0xf8, 0xee, 0xd7, 0xee, 0xf8, 0xee, 0xf8, 0xee, 0xf8, 0xee,
    0xf8, 0xee, 0xf8, 0xee, 0xf8, 0xee, 0xd7, 0xee, 0xd7, 0xee, 0xd7, 0xee, 0xd7, 0xee, 0xd7, 0xee,
    0xd7, 0xee, 0xf8, 0xee, 0xf8, 0xee, 0xf8, 0xee, 0xf8, 0xee, 0xf8, 0xee, 0xd7, 0xee, 0xd7, 0xee,
    0xf8, 0xee, 0xf8, 0xee, 0xf8, 0xee, 0xf8, 0xee, 0xf8, 0xee, 0xd7, 0xee, 0xd7, 0xee, 0xf8, 0xee,
    0xf8, 0xee, 0xf8, 0xee, 0xf8, 0xee, 0xf8, 0xee, 0xd7, 0xee, 0xd7, 0xee, 0xd7, 0xee, 0x75, 0xe6,
    0x95, 0xe6, 0xf8, 0xee, 0xf8, 0xee, 0xf8, 0xee, 0xd7, 0xee, 0xd7, 0xee, 0xf8, 0xee, 0xf8, 0xee,
    0xf8, 0xee, 0xd7, 0xee, 0xf8, 0xee, 0xf8, 0xee, 0xd7, 0xee, 0xf8, 0xee, 0xf8, 0xee, 0xd7, 0xee,
    0xd7, 0xee, 0xd7, 0xee, 0xd7, 0xee, 0xf8, 0xee, 0xf8, 0xee, 0xd7, 0xee, 0xd7, 0xee, 0xf8, 0xee,
    0xf8, 0xee, 0xf8, 0xee, 0xf8, 0xee, 0xf8, 0xee, 0xd7, 0xee, 0xf8, 0xee, 0xf8, 0xee, 0xf8, 0xee,
    0xf8, 0xee, 0xd7, 0xee, 0xd7, 0xee, 0xf8, 0xee, 0xf8, 0xee, 0xf8, 0xee, 0xd7, 0xee, 0xf8, 0xee,
    0xf8, 0xee, 0xf8, 0xee, 0xf8, 0xee, 0xf8, 0xee, 0xf8, 0xee, 0xf8, 0xee, 0xf8, 0xee, 0xf8, 0xee,
    0xf8, 0xee, 0xf8, 0xee, 0xf8, 0xee, 0xf8, 0xee, 0xd7, 0xee, 0xf8, 0xee, 0xf8, 0xee, 0xf8, 0xee,
    0xf8, 0xee, 0xf8, 0xee, 0xf8, 0xee, 0xf8, 0xee, 0xf8, 0xee, 0xf8, 0xee, 0xf8, 0xee, 0xf8, 0xee,
    0xf8, 0xee, 0xf8, 0xee, 0xf8, 0xee, 0xf8, 0xee, 0xf8, 0xee, 0xf8, 0xee, 0xf8, 0xee, 0xf8, 0xee,
    0xf8, 0xee, 0xf8, 0xee, 0xf8, 0xee, 0xf8, 0xee, 0xf8, 0xee, 0xf8, 0xee, 0xf8, 0xee, 0xf8, 0xee,
    0xf8, 0xee, 0xd7, 0xee, 0xf8, 0xee, 0xf8, 0xee, 0xf8, 0xee, 0xf8, 0xee, 0xf8, 0xee, 0xd7, 0xee,
    0xd7, 0xee, 0xd7, 0xee, 0xd7, 0xee, 0xd7, 0xee, 0xd7, 0xee, 0xd7, 0xee, 0xd7, 0xee, 0xf8, 0xee,
    0xf8, 0xee, 0xf8, 0xee, 0xf8, 0xee, 0xf8, 0xee, 0xf8, 0xee, 0xf8, 0xee, 0xd7, 0xee, 0xf8, 0xee,
    0xf8, 0xee, 0xf8, 0xee, 0xd7, 0xee, 0xf8, 0xee, 0xf8, 0xee, 0xf8, 0xee, 0xf8, 0xee, 0xf8, 0xee,
    0xd7, 0xee, 0xd7, 0xee, 0xd7, 0xee, 0xf8, 0xee, 0xf8, 0xee, 0xf8, 0xee, 0xd7, 0xee, 0xf8, 0xee,
    0xd7, 0xee, 0xf8, 0xee, 0xf8, 0xee, 0xd7, 0xee, 0xd7, 0xee, 0xd7, 0xee, 0xd7, 0xee, 0xd7, 0xee,
    0xd7, 0xee, 0xd7, 0xee, 0xd7, 0xee, 0xf8, 0xee, 0xf8, 0xee, 0xd7, 0xee, 0xf8, 0xee, 0xf8, 0xee,
    0xf8, 0xee, 0xf8, 0xee, 0xf8, 0xee, 0xd7, 0xee, 0xd7, 0xee, 0xd7, 0xee, 0xd7, 0xee, 0xd7, 0xee,
    0xf8, 0xee, 0xf8, 0xee, 0xd7, 0xee, 0xd7, 0xee, 0xf8, 0xee, 0xd7, 0xee, 0xd7, 0xee, 0xf8, 0xee,
    0xd7, 0xee, 0xf8, 0xee, 0xf8, 0xee, 0xf8, 0xee, 0xf8, 0xee, 0xd7, 0xee, 0xd7, 0xee, 0xd7, 0xee,
    0xf8, 0xee, 0xf8, 0xee, 0xf8, 0xee, 0xf8, 0xee, 0xf8, 0xee, 0xf8, 0xee, 0xf8, 0xee, 0xd7, 0xee,
    0xd7, 0xee, 0xf8, 0xee, 0xd7, 0xee, 0xd7, 0xee, 0xd7, 0xee, 0xd7, 0xee, 0xd7, 0xee, 0xd7, 0xee,
    0xd7, 0xee, 0xd7, 0xee, 0xd7, 0xee, 0xd7, 0xee, 0xf8, 0xee, 0xf8, 0xee, 0xf8, 0xee, 0xf8, 0xee,
    0xf8, 0xee, 0xf8, 0xee, 0xf8, 0xee, 0xf8, 0xee, 0xf8, 0xee, 0xf8, 0xee, 0xd7, 0xee, 0xf8, 0xee,
    0xf8, 0xee, 0xf8, 0xee, 0xd7, 0xee, 0xd7, 0xee, 0xd7, 0xee, 0xf8, 0xee, 0xf8, 0xee, 0xf8, 0xee,
    0xd7, 0xee, 0x95, 0xe6, 0xd7, 0xee, 0xf8, 0xee, 0xf8, 0xee, 0xf8, 0xee, 0xf8, 0xee, 0xf8, 0xee,
    0xf8, 0xee, 0xf8, 0xee, 0xf8, 0xee, 0xd7, 0xee, 0xd7, 0xee, 0xf8, 0xee, 0xd7, 0xee, 0xd7, 0xee,
    0xf8, 0xee, 0xf8, 0xee, 0xf8, 0xee, 0xf8, 0xee, 0xf8, 0xee, 0xf8, 0xee, 0xd7, 0xee, 0xf8, 0xee,
    0xf8, 0xee, 0xf8, 0xee, 0xf8, 0xee, 0xf8, 0xee, 0xf8, 0xee, 0xb6, 0xe6, 0xf8, 0xee, 0xf8, 0xee,
    0xf8, 0xee, 0xf8, 0xee, 0xf8, 0xee, 0xf8, 0xee, 0xd7, 0xee, 0xd7, 0xee, 0xd7, 0xee, 0x95, 0xe6,
    0x75, 0xe6, 0xd7, 0xee, 0xf8, 0xee, 0xf8, 0xee, 0xd7, 0xee, 0xf8, 0xee, 0xf8, 0xee, 0xf8, 0xee,
    0xf8, 0xee, 0xd7, 0xee, 0xf8, 0xee, 0xf8, 0xee, 0xf8, 0xee, 0xf8, 0xee, 0xf8, 0xee, 0xd7, 0xee,
    0xd7, 0xee, 0xf8, 0xee, 0xd7, 0xee, 0xf8, 0xee, 0xd7, 0xee, 0xd7, 0xee, 0xd7, 0xee, 0xd7, 0xee,
    0xf8, 0xee, 0xf8, 0xee, 0xf8, 0xee, 0xf8, 0xee, 0xf8, 0xee, 0xf8, 0xee, 0xf8, 0xee, 0xf8, 0xee,
    0xf8, 0xee, 0xf8, 0xee, 0xf8, 0xee, 0xd7, 0xee, 0xd7, 0xee, 0xd7, 0xee, 0xf8, 0xee, 0xf8, 0xee,
    0xf8, 0xee, 0xf8, 0xee, 0xf8, 0xee, 0xf8, 0xee, 0xf8, 0xee, 0xf8, 0xee, 0xf8, 0xee, 0xf8, 0xee,
    0xf8, 0xee, 0xf8, 0xee, 0xf8, 0xee, 0xf8, 0xee, 0xf8, 0xee, 0xf8, 0xee, 0xf8, 0xee, 0xf8, 0xee,
    0xf8, 0xee, 0xf8, 0xee, 0xf8, 0xee, 0xd7, 0xee, 0xd7, 0xee, 0xd7, 0xee, 0xf8, 0xee, 0xf8, 0xee,
    0xf8, 0xee, 0xf8, 0xee, 0xf8, 0xee, 0xf8, 0xee, 0xf8, 0xee, 0xf8, 0xee, 0xf8, 0xee, 0xf8, 0xee,
    0xf8, 0xee, 0xf8, 0xee, 0xf8, 0xee, 0xf8, 0xee, 0xf8, 0xee, 0xf8, 0xee, 0xf8, 0xee, 0xd7, 0xee,
    0xf8, 0xee, 0xd7, 0xee, 0xd7, 0xee, 0xf8, 0xee, 0xf8, 0xee, 0xf8, 0xee, 0xf8, 0xee, 0xf8, 0xee,
    0xd7, 0xee, 0xd7, 0xee, 0xd7, 0xee, 0xd7, 0xee, 0xd7, 0xee, 0xd7, 0xee, 0xd7, 0xee, 0xf8, 0xee,
    0xf8, 0xee, 0xf8, 0xee, 0xf8, 0xee, 0xf8, 0xee, 0xd7, 0xee, 0xd7, 0xee, 0xd7, 0xee, 0xd7, 0xee,
    0xd7, 0xee, 0xf8, 0xee, 0xf8, 0xee, 0xf8, 0xee, 0xf8, 0xee, 0xf8, 0xee, 0xf8, 0xee, 0xf8, 0xee,
    0xf8, 0xee, 0xf8, 0xee, 0xd7, 0xee, 0xd7, 0xee, 0xf8, 0xee, 0xf8, 0xee, 0xd7, 0xee, 0xf8, 0xee,
    0xf8, 0xee, 0xf8, 0xee, 0xf8, 0xee, 0xf8, 0xee, 0xf8, 0xee, 0xd7, 0xee, 0xd7, 0xee, 0xf8, 0xee,
    0xd7, 0xee, 0xf8, 0xee, 0xf8, 0xee, 0xf8, 0xee, 0xf8, 0xee, 0xf8, 0xee, 0xf8, 0xee, 0xf8, 0xee,
    0xf8, 0xee, 0xf8, 0xee, 0xf8, 0xee, 0xf8, 0xee, 0xd7, 0xee, 0xf8, 0xee, 0xd7, 0xee, 0xd7, 0xee,
    0xd7, 0xee, 0xf8, 0xee, 0xf8, 0xee, 0xf8, 0xee, 0xd7, 0xee, 0xd7, 0xee, 0xd7, 0xee, 0xd7, 0xee,
    0xd7, 0xee, 0xf8, 0xee, 0xf8, 0xee, 0xf8, 0xee, 0xf8, 0xee, 0xf8, 0xee, 0xd7, 0xee, 0xd7, 0xee,
    0xf8, 0xee, 0xd7, 0xee, 0xd7, 0xee, 0xf8, 0xee, 0xf8, 0xee, 0xf8, 0xee, 0xf8, 0xee, 0xf8, 0xee,
    0xd7, 0xee, 0xd7, 0xee, 0xf8, 0xee, 0xd7, 0xee, 0xd7, 0xee, 0xd7, 0xee, 0xf8, 0xee, 0xd7, 0xee,
    0xd7, 0xee, 0xd7, 0xee, 0xf8, 0xee, 0xd7, 0xee, 0xf8, 0xee, 0xd7, 0xee, 0xf8, 0xee, 0xf8, 0xee,
    0xf8, 0xee, 0xf8, 0xee, 0xf8, 0xee, 0xf8, 0xee, 0xf8, 0xee, 0xf8, 0xee, 0xf8, 0xee, 0xf8, 0xee,
    0xf8, 0xee, 0xf8, 0xee, 0xf8, 0xee, 0xd7, 0xee, 0xf8, 0xee, 0xf8, 0xee, 0xf8, 0xee, 0xd7, 0xee,
    0xb6, 0xe6, 0xd7, 0xee, 0xd7, 0xee, 0xf8, 0xee, 0xf8, 0xee, 0xf8, 0xee, 0xf8, 0xee, 0xf8, 0xee,
    0xd7, 0xee, 0xf8, 0xee, 0xd7, 0xee, 0xd7, 0xee, 0xd7, 0xee, 0xd7, 0xee, 0xd7, 0xee, 0xd7, 0xee,
    0xf8, 0xee, 0xf8, 0xee, 0xf8, 0xee, 0xf8, 0xee, 0xf8, 0xee, 0xf8, 0xee, 0xd7, 0xee, 0xd7, 0xee,
    0xf8, 0xee, 0xf8, 0xee, 0xf8, 0xee, 0xf8, 0xee, 0xb6, 0xe6, 0xd7, 0xee, 0xf8, 0xee, 0xf8, 0xee,
    0xf8, 0xee, 0xf8, 0xee, 0xd7, 0xee, 0xd7, 0xee, 0xd7, 0xee, 0xf8, 0xee, 0xf8, 0xee, 0xf8, 0xee,
    0xb6, 0xe6, 0xd7, 0xee, 0xf8, 0xee, 0xf8, 0xee, 0xd7, 0xee, 0xf8, 0xee, 0xf8, 0xee, 0xf8, 0xee,
    0xf8, 0xee, 0xf8, 0xee, 0xf8, 0xee, 0xf8, 0xee, 0xf8, 0xee, 0xf8, 0xee, 0xf8, 0xee, 0xf8, 0xee,
    0xd7, 0xee, 0xd7, 0xee, 0xf8, 0xee, 0xd7, 0xee, 0xd7, 0xee, 0xd7, 0xee, 0xd7, 0xee, 0xd7, 0xee,
    0xd7, 0xee, 0xf8, 0xee, 0xf8, 0xee, 0xd7, 0xee, 0xd7, 0xee, 0xf8, 0xee, 0xf8, 0xee, 0xf8, 0xee,
    0xf8, 0xee, 0xd7, 0xee, 0xd7, 0xee, 0xd7, 0xee, 0xd7, 0xee, 0xd7, 0xee, 0xf8, 0xee, 0xf8, 0xee,
    0xf8, 0xee, 0xf8, 0xee, 0xf8, 0xee, 0xf8, 0xee, 0xf8, 0xee, 0xd7, 0xee, 0xf8, 0xee, 0xf8, 0xee,
    0xf8, 0xee, 0xf8, 0xee, 0xf8, 0xee, 0xf8, 0xee, 0xd7, 0xee, 0xf8, 0xee, 0xf8, 0xee, 0xf8, 0xee,
    0xf8, 0xee, 0xf8, 0xee, 0xf8, 0xee, 0xd7, 0xee, 0xd7, 0xee, 0xf8, 0xee, 0xf8, 0xee, 0xf8, 0xee,
    0xf8, 0xee, 0xf8, 0xee, 0xf8, 0xee, 0xf8, 0xee, 0xf8, 0xee, 0xf8, 0xee, 0xf8, 0xee, 0xf8, 0xee,
    0xf8, 0xee, 0xf8, 0xee, 0xf8, 0xee, 0xf8, 0xee, 0xf8, 0xee, 0xf8, 0xee, 0xf8, 0xee, 0xf8, 0xee,
    0xf8, 0xee, 0xf8, 0xee, 0xd7, 0xee, 0xf8, 0xee, 0xf8, 0xee, 0xf8, 0xee, 0xd7, 0xee, 0xf8, 0xee,
    0xd7, 0xee, 0xd7, 0xee, 0xd7, 0xee, 0xd7, 0xee, 0xf8, 0xee, 0xf8, 0xee, 0xf8, 0xee, 0xd7, 0xee,
    0xd7, 0xee, 0xf8, 0xee, 0xd7, 0xee, 0xd7, 0xee, 0xd7, 0xee, 0xd7, 0xee, 0xd7, 0xee, 0xf8, 0xee,
    0xf8, 0xee, 0xd7, 0xee, 0xf8, 0xee, 0xf8, 0xee, 0xf8, 0xee, 0xf8, 0xee, 0xf8, 0xee, 0xf8, 0xee,
    0xd7, 0xee, 0xf8, 0xee, 0xd7, 0xee, 0xd7, 0xee, 0xd7, 0xee, 0xf8, 0xee, 0xf8, 0xee, 0xd7, 0xee,
    0xd7, 0xee, 0xd7, 0xee, 0xd7, 0xee, 0xf8, 0xee, 0xf8, 0xee, 0xf8, 0xee, 0xd7, 0xee, 0xf8, 0xee,
    0xf8, 0xee, 0xf8, 0xee, 0xf8, 0xee, 0xd7, 0xee, 0xf8, 0xee, 0xd7, 0xee, 0xd7, 0xee, 0xd7, 0xee,
    0xd7, 0xee, 0xf8, 0xee, 0xf8, 0xee, 0xf8, 0xee, 0xf8, 0xee, 0xf8, 0xee, 0xf8, 0xee, 0xf8, 0xee,
    0xd7, 0xee, 0xf8, 0xee, 0xf8, 0xee, 0xf8, 0xee, 0xf8, 0xee, 0xf8, 0xee, 0xd7, 0xee, 0xd7, 0xee,
    0xd7, 0xee, 0xf8, 0xee, 0xf8, 0xee, 0xd7, 0xee, 0xf8, 0xee, 0xf8, 0xee, 0xf8, 0xee, 0xd7, 0xee,
    0xd7, 0xee, 0xd7, 0xee, 0xd7, 0xee, 0xd7, 0xee, 0xd7, 0xee, 0xf8, 0xee, 0xf8, 0xee, 0xf8, 0xee,
    0xd7, 0xee, 0xd7, 0xee, 0xd7, 0xee, 0xd7, 0xee, 0xd7, 0xee, 0xf8, 0xee, 0xf8, 0xee, 0xd7, 0xee,
    0xd7, 0xee, 0xf8, 0xee, 0xf8, 0xee, 0xf8, 0xee, 0xf8, 0xee, 0xf8, 0xee, 0xd7, 0xee, 0xf8, 0xee,
    0xf8, 0xee, 0xf8, 0xee, 0xf8, 0xee, 0xf8, 0xee, 0xf8, 0xee, 0xf8, 0xee, 0xf8, 0xee, 0xf8, 0xee,
    0xf8, 0xee, 0xd7, 0xee, 0xf8, 0xee, 0xd7, 0xee, 0xf8, 0xee, 0xf8, 0xee, 0xf8, 0xee, 0xd7, 0xee,
    0xd7, 0xee, 0xd7, 0xee, 0xd7, 0xee, 0xf8, 0xee, 0xf8, 0xee, 0xf8, 0xee, 0xf8, 0xee, 0xd7, 0xee,
    0xd7, 0xee, 0xf8, 0xee, 0xd7, 0xee, 0xd7, 0xee, 0xd7, 0xee, 0xd7, 0xee, 0xf8, 0xee, 0xd7, 0xee,
    0xd7, 0xee, 0xf8, 0xee, 0xf8, 0xee, 0xf8, 0xee, 0xf8, 0xee, 0xf8, 0xee, 0xd7, 0xee, 0xd7, 0xee,
    0xf8, 0xee, 0xf8, 0xee, 0xf8, 0xee, 0xd7, 0xee, 0xd7, 0xee, 0xf8, 0xee, 0xf8, 0xee, 0xf8, 0xee,
    0xd7, 0xee, 0xd7, 0xee, 0xd7, 0xee, 0xd7, 0xee, 0xd7, 0xee, 0xf8, 0xee, 0xf8, 0xee, 0xf8, 0xee,
    0xf8, 0xee, 0xf8, 0xee, 0xd7, 0xee, 0xf8, 0xee, 0xd7, 0xee, 0xf8, 0xee, 0xf8, 0xee, 0xf8, 0xee,
    0xd7, 0xee, 0xd7, 0xee, 0xf8, 0xee, 0xf8, 0xee, 0xf8, 0xee, 0xd7, 0xee, 0xd7, 0xee, 0xd7, 0xee,
    0xd7, 0xee, 0xd7, 0xee, 0xd7, 0xee, 0xd7, 0xee, 0xd7, 0xee, 0xd7, 0xee, 0xd7, 0xee, 0xd7, 0xee,
    0xd7, 0xee, 0xf8, 0xee, 0xf8, 0xee, 0xd7, 0xee, 0xd7, 0xee, 0xf8, 0xee, 0xf8, 0xee, 0xf8, 0xee,
    0xf8, 0xee, 0xd7, 0xee, 0xd7, 0xee, 0xd7, 0xee, 0xd7, 0xee, 0xf8, 0xee, 0xf8, 0xee, 0xf8, 0xee,
    0xf8, 0xee, 0xf8, 0xee, 0xf8, 0xee, 0xf8, 0xee, 0xd7, 0xee, 0xd7, 0xee, 0xd7, 0xee, 0xf8, 0xee,
    0xf8, 0xee, 0xf8, 0xee, 0xd7, 0xee, 0xd7, 0xee, 0xd7, 0xee, 0xf8, 0xee, 0xd7, 0xee, 0xf8, 0xee,
    0xf8, 0xee, 0xf8, 0xee, 0xf8, 0xee, 0xd7, 0xee, 0xd7, 0xee, 0xf8, 0xee, 0xd7, 0xee, 0xf8, 0xee,
    0xf8, 0xee, 0xf8, 0xee, 0xf8, 0xee, 0xf8, 0xee, 0xf8, 0xee, 0xf8, 0xee, 0xf8, 0xee, 0xd7, 0xee,
    0xf8, 0xee, 0xf8, 0xee, 0xf8, 0xee, 0xf8, 0xee, 0xf8, 0xee, 0xf8, 0xee, 0xf8, 0xee, 0xf8, 0xee,
    0xd7, 0xee, 0xf8, 0xee, 0xf8, 0xee, 0xf8, 0xee, 0xd7, 0xee, 0xf8, 0xee, 0xf8, 0xee, 0xd7, 0xee,
    0xd7, 0xee, 0xf8, 0xee, 0xd7, 0xee, 0xd7, 0xee, 0xf8, 0xee, 0xf8, 0xee, 0xf8, 0xee, 0xd7, 0xee,
    0xd7, 0xee, 0xf8, 0xee, 0xd7, 0xee, 0xd7, 0xee, 0xd7, 0xee, 0xd7, 0xee, 0xd7, 0xee, 0xd7, 0xee,
    0xf8, 0xee, 0xf8, 0xee, 0xf8, 0xee, 0xf8, 0xee, 0xf8, 0xee, 0xf8, 0xee, 0xf8, 0xee, 0xf8, 0xee,
    0xf8, 0xee, 0xf8, 0xee, 0xf8, 0xee, 0xd7, 0xee, 0xd7, 0xee, 0xd7, 0xee, 0xd7, 0xee, 0xd7, 0xee,
    0xd7, 0xee, 0xd7, 0xee, 0xd7, 0xee, 0xf8, 0xee, 0xf8, 0xee, 0xf8, 0xee, 0xf8, 0xee, 0xd7, 0xee,
    0xd7, 0xee, 0xf8, 0xee, 0xf8, 0xee, 0xd7, 0xee, 0xd7, 0xee, 0xf8, 0xee, 0xf8, 0xee, 0xf8, 0xee,
    0xf8, 0xee, 0xf8, 0xee, 0xf8, 0xee, 0xf8, 0xee, 0xf8, 0xee, 0xf8, 0xee, 0xf8, 0xee, 0xf8, 0xee,
    0xd7, 0xee, 0xf8, 0xee, 0xf8, 0xee, 0xf8, 0xee, 0xf8, 0xee, 0xf8, 0xee, 0xd7, 0xee, 0xd7, 0xee,
    0xf8, 0xee, 0xf8, 0xee, 0xf8, 0xee, 0xf8, 0xee, 0xf8, 0xee, 0xf8, 0xee, 0xf8, 0xee, 0xd7, 0xee,
    0xd7, 0xee, 0xd7, 0xee, 0xd7, 0xee, 0xf8, 0xee, 0xf8, 0xee, 0xd7, 0xee, 0xf8, 0xee, 0xf8, 0xee,
    0xd7, 0xee, 0xd7, 0xee, 0xf8, 0xee, 0xd7, 0xee, 0xd7, 0xee, 0xf8, 0xee, 0xf8, 0xee, 0xd7, 0xee,
    0xd7, 0xee, 0xd7, 0xee, 0xf8, 0xee, 0xd7, 0xee, 0xf8, 0xee, 0xd7, 0xee, 0xd7, 0xee, 0xf8, 0xee,
    0xd7, 0xee, 0xf8, 0xee, 0xd7, 0xee, 0xd7, 0xee, 0xd7, 0xee, 0xf8, 0xee, 0xd7, 0xee, 0xd7, 0xee,
    0xd7, 0xee, 0xd7, 0xee, 0xd7, 0xee, 0xd7, 0xee, 0xd7, 0xee, 0xf8, 0xee, 0xf8, 0xee, 0xd7, 0xee,
    0xd7, 0xee, 0xf8, 0xee, 0xf8, 0xee, 0xf8, 0xee, 0xf8, 0xee, 0xd7, 0xee, 0xd7, 0xee, 0xd7, 0xee,
    0xd7, 0xee, 0xd7, 0xee, 0xf8, 0xee, 0xd7, 0xee, 0xd7, 0xee, 0xf8, 0xee, 0xf8, 0xee, 0xd7, 0xee,
    0xf8, 0xee, 0xd7, 0xee, 0xd7, 0xee, 0xd7, 0xee, 0xd7, 0xee, 0xd7, 0xee, 0xd7, 0xee, 0xd7, 0xee,
    0xf8, 0xee, 0xf8, 0xee, 0xd7, 0xee, 0xb6, 0xe6, 0xf8, 0xee, 0xf8, 0xee, 0xf8, 0xee, 0xf8, 0xee,
    0xf8, 0xee, 0xf8, 0xee, 0xf8, 0xee, 0xf8, 0xee, 0xf8, 0xee, 0xf8, 0xee, 0xf8, 0xee, 0xf8, 0xee,
    0xf8, 0xee, 0xf8, 0xee, 0xf8, 0xee, 0xd7, 0xee, 0xf8, 0xee, 0xd7, 0xee, 0xf8, 0xee, 0xf8, 0xee,
    0xd7, 0xee, 0xd7, 0xee, 0xf8, 0xee, 0xf8, 0xee, 0xd7, 0xee, 0xd7, 0xee, 0xd7, 0xee, 0xd7, 0xee,
    0xd7, 0xee, 0xd7, 0xee, 0xd7, 0xee, 0xd7, 0xee, 0xd7, 0xee, 0xf8, 0xee, 0xd7, 0xee, 0xd7, 0xee,
    0xf8, 0xee, 0xf8, 0xee, 0xf8, 0xee, 0xd7, 0xee, 0xf8, 0xee, 0xd7, 0xee, 0xd7, 0xee, 0xf8, 0xee,
    0xf8, 0xee, 0xd7, 0xee, 0xf8, 0xee, 0xd7, 0xee, 0xf8, 0xee, 0xf8, 0xee, 0xd7, 0xee, 0xd7, 0xee,
    0xf8, 0xee, 0xf8, 0xee, 0xf8, 0xee, 0xf8, 0xee, 0xd7, 0xee, 0xd7, 0xee, 0xd7, 0xee, 0xf8, 0xee,
    0xf8, 0xee, 0xd7, 0xee, 0xf8, 0xee, 0xf8, 0xee, 0xf8, 0xee, 0xd7, 0xee, 0xd7, 0xee, 0xd7, 0xee,
    0xd7, 0xee, 0xd7, 0xee, 0xd7, 0xee, 0xf8, 0xee, 0xf8, 0xee, 0xd7, 0xee, 0xf8, 0xee, 0xf8, 0xee,
    0xf8, 0xee, 0xd7, 0xee, 0xd7, 0xee, 0xf8, 0xee, 0xf8, 0xee, 0xf8, 0xee, 0xf8, 0xee, 0xf8, 0xee,
    0xf8, 0xee, 0xf8, 0xee, 0xf8, 0xee, 0xf8, 0xee, 0xf8, 0xee, 0xf8, 0xee, 0xf8, 0xee, 0xf8, 0xee,
    0xf8, 0xee, 0xf8, 0xee, 0xf8, 0xee, 0xd7, 0xee, 0xd7, 0xee, 0xf8, 0xee, 0xd7, 0xee, 0xd7, 0xee,
    0xd7, 0xee, 0xf8, 0xee, 0xf8, 0xee, 0xf8, 0xee, 0xd7, 0xee, 0xf8, 0xee, 0xf8, 0xee, 0xd7, 0xee,
    0xd7, 0xee, 0xf8, 0xee, 0xd7, 0xee, 0xd7, 0xee, 0xf8, 0xee, 0xf8, 0xee, 0xd7, 0xee, 0xd7, 0xee,
    0xd7, 0xee, 0xf8, 0xee, 0xf8, 0xee, 0xd7, 0xee, 0xf8, 0xee, 0xd7, 0xee, 0xf8, 0xee, 0xf8, 0xee,
    0xf8, 0xee, 0xf8, 0xee, 0xd7, 0xee, 0xf8, 0xee, 0xd7, 0xee, 0xd7, 0xee, 0xd7, 0xee, 0xd7, 0xee,
    0xd7, 0xee, 0xd7, 0xee, 0xd7, 0xee, 0xd7, 0xee, 0xd7, 0xee, 0xd7, 0xee, 0xd7, 0xee, 0xf8, 0xee,
    0xf8, 0xee, 0xf8, 0xee, 0xf8, 0xee, 0xf8, 0xee, 0xf8, 0xee, 0xf8, 0xee, 0xf8, 0xee, 0xf8, 0xee,
    0xf8, 0xee, 0xd7, 0xee, 0xf8, 0xee, 0xf8, 0xee, 0xd7, 0xee, 0xf8, 0xee, 0xd7, 0xee, 0xd7, 0xee,
    0xd7, 0xee, 0xd7, 0xee, 0xd7, 0xee, 0xf8, 0xee, 0xd7, 0xee, 0xd7, 0xee, 0xf8, 0xee, 0xf8, 0xee,
    0xd7, 0xee, 0xf8, 0xee, 0xf8, 0xee, 0xd7, 0xee, 0xf8, 0xee, 0xf8, 0xee, 0xf8, 0xee, 0xf8, 0xee,
    0xd7, 0xee, 0xf8, 0xee, 0xd7, 0xee, 0xf8, 0xee, 0xf8, 0xee, 0xd7, 0xee, 0xf8, 0xee, 0xf8, 0xee,
    0xd7, 0xee, 0xd7, 0xee, 0xf8, 0xee, 0xf8, 0xee, 0xd7, 0xee, 0xf8, 0xee, 0xf8, 0xee, 0xf8, 0xee,
    0xf8, 0xee, 0xd7, 0xee, 0xd7, 0xee, 0xd7, 0xee, 0xd7, 0xee, 0xf8, 0xee, 0xd7, 0xee, 0xd7, 0xee,
    0xf8, 0xee, 0xf8, 0xee, 0xf8, 0xee, 0xf8, 0xee, 0xd7, 0xee, 0xd7, 0xee, 0xf8, 0xee, 0xd7, 0xee,
    0xd7, 0xee, 0xf8, 0xee, 0xd7, 0xee, 0xf8, 0xee, 0xb6, 0xe6, 0xd7, 0xee, 0xd7, 0xee, 0xd7, 0xee,
    0xd7, 0xee, 0xf8, 0xee, 0xf8, 0xee, 0xf8, 0xee, 0xd7, 0xee, 0xf8, 0xee, 0xd7, 0xee, 0xd7, 0xee,
    0xf8, 0xee, 0xd7, 0xee, 0xd7, 0xee, 0xd7, 0xee, 0xf8, 0xee, 0xd7, 0xee, 0xf8, 0xee, 0xf8, 0xee,
    0xd7, 0xee, 0xd7, 0xee, 0xd7, 0xee, 0xd7, 0xee, 0xd7, 0xee, 0xd7, 0xee, 0xf8, 0xee, 0xd7, 0xee,
    0xd7, 0xee, 0xd7, 0xee, 0xd7, 0xee, 0xf8, 0xee, 0xf8, 0xee, 0xf8, 0xee, 0xf8, 0xee, 0xf8, 0xee,
    0xf8, 0xee, 0xf8, 0xee, 0xd7, 0xee, 0xf8, 0xee, 0xf8, 0xee, 0xf8, 0xee, 0xf8, 0xee, 0xf8, 0xee,
    0xf8, 0xee, 0xf8, 0xee, 0xf8, 0xee, 0xf8, 0xee, 0xd7, 0xee, 0xd7, 0xee, 0xf8, 0xee, 0xd7, 0xee,
    0xf8, 0xee, 0xf8, 0xee, 0xf8, 0xee, 0xd7, 0xee, 0xd7, 0xee, 0xd7, 0xee, 0xd7, 0xee, 0xd7, 0xee,
    0xd7, 0xee, 0xd7, 0xee, 0xd7, 0xee, 0xd7, 0xee, 0xf8, 0xee, 0xf8, 0xee, 0xd7, 0xee, 0xf8, 0xee,
    0xf8, 0xee, 0xf8, 0xee, 0xd7, 0xee, 0xf8, 0xee, 0xd7, 0xee, 0xd7, 0xee, 0xf8, 0xee, 0xf8, 0xee,
    0xf8, 0xee, 0xf8, 0xee, 0xf8, 0xee, 0xd7, 0xee, 0xf8, 0xee, 0xf8, 0xee, 0xd7, 0xee, 0xd7, 0xee,
    0xf8, 0xee, 0xd7, 0xee, 0xf8, 0xee, 0xf8, 0xee, 0xd7, 0xee, 0xd7, 0xee, 0xf8, 0xee, 0xf8, 0xee,
    0xf8, 0xee, 0xf8, 0xee, 0xf8, 0xee, 0xf8, 0xee, 0xd7, 0xee, 0xd7, 0xee, 0xd7, 0xee, 0xf8, 0xee,
    0xf8, 0xee, 0xd7, 0xee, 0xd7, 0xee, 0xf8, 0xee, 0xf8, 0xee, 0xd7, 0xee, 0xf8, 0xee, 0xf8, 0xee,
    0xf8, 0xee, 0xd7, 0xee, 0xf8, 0xee, 0xf8, 0xee, 0xf8, 0xee, 0xf8, 0xee, 0xf8, 0xee, 0xf8, 0xee,
    0xf8, 0xee, 0xf8, 0xee, 0xf8, 0xee, 0xf8, 0xee, 0xf8, 0xee, 0xf8, 0xee, 0xf8, 0xee, 0xf8, 0xee,
    0xd7, 0xee, 0xd7, 0xee, 0xd7, 0xee, 0xf8, 0xee, 0xf8, 0xee, 0xf8, 0xee, 0xd7, 0xee, 0xf8, 0xee,
    0xf8, 0xee, 0xf8, 0xee, 0xf8, 0xee, 0xf8, 0xee, 0xd7, 0xee, 0xd7, 0xee, 0xd7, 0xee, 0xd7, 0xee,
    0xd7, 0xee, 0xf8, 0xee, 0xd7, 0xee, 0xf8, 0xee, 0xf8, 0xee, 0xf8, 0xee, 0xf8, 0xee, 0xd7, 0xee,
    0xd7, 0xee, 0xf8, 0xee, 0xf8, 0xee, 0xd7, 0xee, 0xd7, 0xee, 0xf8, 0xee, 0xf8, 0xee, 0xf8, 0xee,
    0xf8, 0xee, 0xf8, 0xee, 0xd7, 0xee, 0xd7, 0xee, 0xf8, 0xee, 0xd7, 0xee, 0xd7, 0xee, 0xf8, 0xee,
    0xf8, 0xee, 0xf8, 0xee, 0xf8, 0xee, 0xd7, 0xee, 0xd7, 0xee, 0xd7, 0xee, 0xd7, 0xee, 0xf8, 0xee,
    0xf8, 0xee, 0xf8, 0xee, 0xf8, 0xee, 0xf8, 0xee, 0xf8, 0xee, 0xf8, 0xee, 0xf8, 0xee, 0xf8, 0xee,
    0xf8, 0xee, 0xd7, 0xee, 0xd7, 0xee, 0xf8, 0xee, 0xd7, 0xee, 0xd7, 0xee, 0xd7, 0xee, 0xd7, 0xee,
    0xf8, 0xee, 0xf8, 0xee, 0xd7, 0xee, 0xd7, 0xee, 0xd7, 0xee, 0xd7, 0xee, 0xd7, 0xee, 0xf8, 0xee,
    0xd7, 0xee, 0xf8, 0xee, 0xf8, 0xee, 0xf8, 0xee, 0xf8, 0xee, 0xf8, 0xee, 0xf8, 0xee, 0xf8, 0xee,
    0xd7, 0xee, 0xf8, 0xee, 0xf8, 0xee, 0xf8, 0xee, 0xf8, 0xee, 0xf8, 0xee, 0xd7, 0xee, 0xf8, 0xee,
    0xd7, 0xee, 0xd7, 0xee, 0xd7, 0xee, 0xf8, 0xee, 0xd7, 0xee, 0xd7, 0xee, 0xf8, 0xee, 0xf8, 0xee,
    0xf8, 0xee, 0xf8, 0xee, 0xd7, 0xee, 0xd7, 0xee, 0xf8, 0xee, 0xf8, 0xee, 0xd7, 0xee, 0xd7, 0xee,
    0xf8, 0xee, 0xd7, 0xee, 0xd7, 0xee, 0xf8, 0xee, 0xf8, 0xee, 0xd7, 0xee, 0xf8, 0xee, 0xf8, 0xee,
    0xd7, 0xee, 0xf8, 0xee, 0xd7, 0xee, 0xd7, 0xee, 0xd7, 0xee, 0xb6, 0xe6, 0xd7, 0xee, 0xd7, 0xee,
    0xd7, 0xee, 0xd7, 0xee, 0xf8, 0xee, 0xf8, 0xee, 0xd7, 0xee, 0xd7, 0xee, 0xb6, 0xe6, 0xd7, 0xee,
    0xf8, 0xee, 0xd7, 0xee, 0xd7, 0xee, 0xd7, 0xee, 0xf8, 0xee, 0xd7, 0xee, 0xf8, 0xee, 0xf8, 0xee,
    0xd7, 0xee, 0xf8, 0xee, 0xf8, 0xee, 0xd7, 0xee, 0xd7, 0xee, 0xf8, 0xee, 0xd7, 0xee, 0xd7, 0xee,
    0xf8, 0xee, 0xf8, 0xee, 0xf8, 0xee, 0xf8, 0xee, 0xf8, 0xee, 0xf8, 0xee, 0xf8, 0xee, 0xf8, 0xee,
    0xf8, 0xee, 0xf8, 0xee, 0xf8, 0xee, 0xf8, 0xee, 0xf8, 0xee, 0xf8, 0xee, 0xf8, 0xee, 0xf8, 0xee,
    0xf8, 0xee, 0xf8, 0xee, 0xf8, 0xee, 0xf8, 0xee, 0xd7, 0xee, 0xd7, 0xee, 0xf8, 0xee, 0xf8, 0xee,
    0xd7, 0xee, 0xf8, 0xee, 0xf8, 0xee, 0xd7, 0xee, 0xf8, 0xee, 0xf8, 0xee, 0xd7, 0xee, 0xf8, 0xee,
    0xd7, 0xee, 0xd7, 0xee, 0xd7, 0xee, 0xd7, 0xee, 0xf8, 0xee, 0xd7, 0xee, 0xf8, 0xee, 0xd7, 0xee,
    0xf8, 0xee, 0xf8, 0xee, 0xd7, 0xee, 0xf8, 0xee, 0xd7, 0xee, 0xf8, 0xee, 0xd7, 0xee, 0xd7, 0xee,
    0xf8, 0xee, 0xd7, 0xee, 0xf8, 0xee, 0xf8, 0xee, 0xf8, 0xee, 0xf8, 0xee, 0xf8, 0xee, 0xf8, 0xee,
    0xd7, 0xee, 0xf8, 0xee, 0xd7, 0xee, 0xd7, 0xee, 0xd7, 0xee, 0xd7, 0xee, 0xf8, 0xee, 0xf8, 0xee,
    0xf8, 0xee, 0xf8, 0xee, 0xf8, 0xee, 0xd7, 0xee, 0xd7, 0xee, 0xd7, 0xee, 0xd7, 0xee, 0xf8, 0xee,
    0xf8, 0xee, 0xf8, 0xee, 0xf8, 0xee, 0xf8, 0xee, 0xf8, 0xee, 0xd7, 0xee, 0xf8, 0xee, 0xf8, 0xee,
    0xd7, 0xee, 0xd7, 0xee, 0xf8, 0xee, 0xf8, 0xee, 0xd7, 0xee, 0xf8, 0xee, 0xf8, 0xee, 0xf8, 0xee,
    0xf8, 0xee, 0xf8, 0xee, 0xb6, 0xee, 0xd7, 0xee, 0xf8, 0xee, 0xf8, 0xee, 0xf8, 0xee, 0xf8, 0xee,
    0xd7, 0xee, 0xf8, 0xee, 0xd7, 0xee, 0xd7, 0xee, 0xd7, 0xee, 0xd7, 0xee, 0xd7, 0xee, 0xd7, 0xee,
    0xf8, 0xee, 0xf8, 0xee, 0xf8, 0xee, 0xf8, 0xee, 0xd7, 0xee, 0xd7, 0xee, 0xd7, 0xee, 0xd7, 0xee,
    0xf8, 0xee, 0xf8, 0xee, 0xf8, 0xee, 0xd7, 0xee, 0xf8, 0xee, 0xf8, 0xee, 0xf8, 0xee, 0xd7, 0xee,
    0xd7, 0xee, 0xf8, 0xee, 0xf8, 0xee, 0xf8, 0xee, 0xd7, 0xee, 0xd7, 0xee, 0xf8, 0xee, 0xf8, 0xee,
    0xf8, 0xee, 0xf8, 0xee, 0xf8, 0xee, 0xf8, 0xee, 0xf8, 0xee, 0xd7, 0xee, 0xd7, 0xee, 0xd7, 0xee,
    0xf8, 0xee, 0xd7, 0xee, 0xd7, 0xee, 0xf8, 0xee, 0xf8, 0xee, 0xf8, 0xee, 0xf8, 0xee, 0xd7, 0xee,
    0xf8, 0xee, 0xf8, 0xee, 0xf8, 0xee, 0xf8, 0xee, 0xf8, 0xee, 0xf8, 0xee, 0xf8, 0xee, 0xf8, 0xee,
    0xd7, 0xee, 0xf8, 0xee, 0xd7, 0xee, 0xd7, 0xee, 0xd7, 0xee, 0xd7, 0xee, 0xf8, 0xee, 0xf8, 0xee,
    0xf8, 0xee, 0xf8, 0xee, 0xd7, 0xee, 0xf8, 0xee, 0xd7, 0xee, 0xd7, 0xee, 0xd7, 0xee, 0xf8, 0xee,
    0xf8, 0xee, 0xf8, 0xee, 0xf8, 0xee, 0xf8, 0xee, 0xf8, 0xee, 0xd7, 0xee, 0xf8, 0xee, 0xf8, 0xee,
    0xd7, 0xee, 0xd7, 0xee, 0xd7, 0xee, 0xf8, 0xee, 0xf8, 0xee, 0xf8, 0xee, 0xf8, 0xee, 0xf8, 0xee,
    0xf8, 0xee, 0xd7, 0xee, 0xd7, 0xee, 0xf8, 0xee, 0xf8, 0xee, 0xf8, 0xee, 0xf8, 0xee, 0xf8, 0xee,
    0xf8, 0xee, 0xf8, 0xee, 0xf8, 0xee, 0xd7, 0xee, 0xf8, 0xee, 0xd7, 0xee, 0xf8, 0xee, 0xd7, 0xee,
    0xf8, 0xee, 0xf8, 0xee, 0xd7, 0xee, 0xf8, 0xee, 0xd7, 0xee, 0xf8, 0xee, 0xf8, 0xee, 0xf8, 0xee,
    0xd7, 0xee, 0xd7, 0xee, 0xf8, 0xee, 0xf8, 0xee, 0xf8, 0xee, 0xd7, 0xee, 0xd7, 0xee, 0xf8, 0xee,
    0xd7, 0xee, 0xd7, 0xee, 0xf8, 0xee, 0xd7, 0xee, 0xd7, 0xee, 0xf8, 0xee, 0xd7, 0xee, 0xf8, 0xee,
    0xd7, 0xee, 0xd7, 0xee, 0xf8, 0xee, 0xd7, 0xee, 0xd7, 0xee, 0xd7, 0xee, 0xf8, 0xee, 0xd7, 0xee,
    0xf8, 0xee, 0xd7, 0xee, 0xd7, 0xee, 0xf8, 0xee, 0xd7, 0xee, 0xd7, 0xee, 0xf8, 0xee, 0xf8, 0xee,
    0xf8, 0xee, 0xf8, 0xee, 0xf8, 0xee, 0xf8, 0xee, 0xd7, 0xee, 0xd7, 0xee, 0xf8, 0xee, 0xd7, 0xee,
    0xd7, 0xee, 0xf8, 0xee, 0xf8, 0xee, 0xf8, 0xee, 0xf8, 0xee, 0xf8, 0xee, 0xf8, 0xee, 0xf8, 0xee,
    0xf8, 0xee, 0xf8, 0xee, 0xf8, 0xee, 0xf8, 0xee, 0xf8, 0xee, 0xd7, 0xee, 0xd7, 0xee, 0xf8, 0xee,
    0xf8, 0xee, 0xf8, 0xee, 0xf8, 0xee, 0xd7, 0xee, 0xd7, 0xee, 0xd7, 0xee, 0xf8, 0xee, 0xd7, 0xee,
    0xd7, 0xee, 0xd7, 0xee, 0xd7, 0xee, 0xd7, 0xee, 0xf8, 0xee, 0xf8, 0xee, 0xf8, 0xee, 0xf8, 0xee,
    0xf8, 0xee, 0xd7, 0xee, 0xd7, 0xee, 0xd7, 0xee, 0xf8, 0xee, 0xf8, 0xee, 0xd7, 0xee, 0xd7, 0xee,
    0xd7, 0xee, 0xd7, 0xee, 0xf8, 0xee, 0xf8, 0xee, 0xf8, 0xee, 0xf8, 0xee, 0xd7, 0xee, 0xf8, 0xee,
    0xf8, 0xee, 0xd7, 0xee, 0xf8, 0xee, 0xd7, 0xee, 0xd7, 0xee, 0xf8, 0xee, 0xf8, 0xee, 0xf8, 0xee,
    0xf8, 0xee, 0xf8, 0xee, 0xf8, 0xee, 0xd7, 0xee, 0xd7, 0xee, 0xf8, 0xee, 0xd7, 0xee, 0xf8, 0xee,
    0xf8, 0xee, 0xf8, 0xee, 0xd7, 0xee, 0xf8, 0xee, 0xf8, 0xee, 0xd7, 0xee, 0xf8, 0xee, 0xf8, 0xee,
    0xd7, 0xee, 0xd7, 0xee, 0xf8, 0xee, 0xf8, 0xee, 0xf8, 0xee, 0xf8, 0xee, 0xf8, 0xee, 0xf8, 0xee,
    0xf8, 0xee, 0xd7, 0xee, 0x75, 0xe6, 0x75, 0xe6, 0xf8, 0xee, 0xf8, 0xee, 0xf8, 0xee, 0xf8, 0xee,
    0xf8, 0xee, 0xf8, 0xee, 0xf8, 0xee, 0xf8, 0xee, 0xd7, 0xee, 0xd7, 0xee, 0xf8, 0xee, 0xd7, 0xee,
    0xf8, 0xee, 0xf8, 0xee, 0xd7, 0xee, 0xd7, 0xee, 0xf8, 0xee, 0xf8, 0xee, 0xd7, 0xee, 0xd7, 0xee,
    0xf8, 0xee, 0xd7, 0xee, 0xf8, 0xee, 0xd7, 0xee, 0xf8, 0xee, 0xf8, 0xee, 0xf8, 0xee, 0xd7, 0xee,
    0xd7, 0xee, 0xf8, 0xee, 0xd7, 0xee, 0xf8, 0xee, 0xd7, 0xee, 0xd7, 0xee, 0xf8, 0xee, 0xf8, 0xee,
    0xf8, 0xee, 0xd7, 0xee, 0xf8, 0xee, 0xf8, 0xee, 0xd7, 0xee, 0xd7, 0xee, 0xd7, 0xee, 0xd7, 0xee,
    0xd7, 0xee, 0xd7, 0xee, 0xd7, 0xee, 0xf8, 0xee, 0xf8, 0xee, 0xf8, 0xee, 0xf8, 0xee, 0xd7, 0xee,
    0xd7, 0xee, 0xf8, 0xee, 0xf8, 0xee, 0xf8, 0xee, 0xf8, 0xee, 0xf8, 0xee, 0xd7, 0xee, 0xd7, 0xee,
    0xf8, 0xee, 0xf8, 0xee, 0xd7, 0xee, 0xf8, 0xee, 0xf8, 0xee, 0xf8, 0xee, 0xd7, 0xee, 0xf8, 0xee,
    0xf8, 0xee, 0xf8, 0xee, 0xd7, 0xee, 0xd7, 0xee, 0xd7, 0xee, 0xf8, 0xee, 0xf8, 0xee, 0xf8, 0xee,
    0xf8, 0xee, 0xf8, 0xee, 0xf8, 0xee, 0xf8, 0xee, 0xf8, 0xee, 0xd7, 0xee, 0xd7, 0xee, 0xd7, 0xee,
    0xf8, 0xee, 0xd7, 0xee, 0xd7, 0xee, 0xf8, 0xee, 0xf8, 0xee, 0xf8, 0xee, 0xf8, 0xee, 0xf8, 0xee,
    0xf8, 0xee, 0xd7, 0xee, 0xd7, 0xee, 0xf8, 0xee, 0xf8, 0xee, 0xf8, 0xee, 0xf8, 0xee, 0xf8, 0xee,
    0xf8, 0xee, 0xf8, 0xee, 0xd7, 0xee, 0xf8, 0xee, 0xf8, 0xee, 0xf8, 0xee, 0xf8, 0xee, 0xd7, 0xee,
    0xf8, 0xee, 0xf8, 0xee, 0xd7, 0xee, 0xf8, 0xee, 0xd7, 0xee, 0xf8, 0xee, 0xf8, 0xee, 0xf8, 0xee,
    0xf8, 0xee, 0xf8, 0xee, 0xf8, 0xee, 0xf8, 0xee, 0xf8, 0xee, 0xd7, 0xee, 0xb6, 0xe6, 0xd7, 0xee,
    0xf8, 0xee, 0xf8, 0xee, 0xf8, 0xee, 0xd7, 0xee, 0xd7, 0xee, 0xd7, 0xee, 0xd7, 0xee, 0xd7, 0xee,
    0xd7, 0xee, 0xf8, 0xee, 0xd7, 0xee, 0xf8, 0xee, 0xd7, 0xee, 0xd7, 0xee, 0xf8, 0xee, 0xf8, 0xee,
    0xf8, 0xee, 0xd7, 0xee, 0xf8, 0xee, 0xf8, 0xee, 0xd7, 0xee, 0xd7, 0xee, 0xf8, 0xee, 0xd7, 0xee,
    0xf8, 0xee, 0xf8, 0xee, 0xf8, 0xee, 0xf8, 0xee, 0xf8, 0xee, 0xd7, 0xee, 0xd7, 0xee, 0xd7, 0xee,
    0xf8, 0xee, 0xf8, 0xee, 0xf8, 0xee, 0xf8, 0xee, 0xf8, 0xee, 0xf8, 0xee, 0xf8, 0xee, 0xf8, 0xee,
    0xf8, 0xee, 0xf8, 0xee, 0xf8, 0xee, 0xf8, 0xee, 0xf8, 0xee, 0xf8, 0xee, 0xf8, 0xee, 0xf8, 0xee,
    0xf8, 0xee, 0xf8, 0xee, 0xf8, 0xee, 0xf8, 0xee, 0xf8, 0xee, 0xf8, 0xee, 0xf8, 0xee, 0xd7, 0xee,
    0xd7, 0xee, 0xd7, 0xee, 0xd7, 0xee, 0xd7, 0xee, 0xf8, 0xee, 0xf8, 0xee, 0xf8, 0xee, 0xf8, 0xee,
    0xf8, 0xee, 0xd7, 0xee, 0xf8, 0xee, 0xf8, 0xee, 0xf8, 0xee, 0xf8, 0xee, 0xd7, 0xee, 0xf8, 0xee,
    0xf8, 0xee, 0xd7, 0xee, 0xd7, 0xee, 0xf8, 0xee, 0xf8, 0xee, 0xf8, 0xee, 0xf8, 0xee, 0xf8, 0xee,
    0xf8, 0xee, 0xf8, 0xee, 0xd7, 0xee, 0xf8, 0xee, 0xd7, 0xee, 0xf8, 0xee, 0xf8, 0xee, 0xf8, 0xee,
    0xd7, 0xee, 0xd7, 0xee, 0xd7, 0xee, 0xd7, 0xee, 0xd7, 0xee, 0xf8, 0xee, 0xf8, 0xee, 0xf8, 0xee,
    0xf8, 0xee, 0xf8, 0xee, 0xf8, 0xee, 0xd7, 0xee, 0xd7, 0xee, 0xd7, 0xee, 0xf8, 0xee, 0xf8, 0xee,
    0xd7, 0xee, 0xf8, 0xee, 0xf8, 0xee, 0xf8, 0xee, 0xf8, 0xee, 0xf8, 0xee, 0xf8, 0xee, 0xf8, 0xee,
    0xf8, 0xee, 0xf8, 0xee, 0x75, 0xe6, 0x95, 0xe6, 0xf8, 0xee, 0xd7, 0xee, 0xf8, 0xee, 0xf8, 0xee,
    0xf8, 0xee, 0xd7, 0xee, 0xd7, 0xee, 0xf8, 0xee, 0xf8, 0xee, 0xf8, 0xee, 0xd7, 0xee, 0xd7, 0xee,
    0xd7, 0xee, 0xd7, 0xee, 0xd7, 0xee, 0xf8, 0xee, 0xf8, 0xee, 0xd7, 0xee, 0xf8, 0xee, 0xd7, 0xee,
    0xd7, 0xee, 0xd7, 0xee, 0xf8, 0xee, 0xd7, 0xee, 0xd7, 0xee, 0xf8, 0xee, 0xf8, 0xee, 0xd7, 0xee,
    0xd7, 0xee, 0xf8, 0xee, 0xd7, 0xee, 0xd7, 0xee, 0xf8, 0xee, 0xd7, 0xee, 0xf8, 0xee, 0xf8, 0xee,
    0xf8, 0xee, 0xd7, 0xee, 0xf8, 0xee, 0xf8, 0xee, 0xd7, 0xee, 0xd7, 0xee, 0xf8, 0xee, 0xd7, 0xee,
    0xd7, 0xee, 0xd7, 0xee, 0xd7, 0xee, 0xd7, 0xee, 0xd7, 0xee, 0xd7, 0xee, 0xf8, 0xee, 0xd7, 0xee,
    0xf8, 0xee, 0xf8, 0xee, 0xf8, 0xee, 0xd7, 0xee, 0xd7, 0xee, 0xf8, 0xee, 0xd7, 0xee, 0xd7, 0xee,
    0xf8, 0xee, 0xf8, 0xee, 0xf8, 0xee, 0xf8, 0xee, 0xf8, 0xee, 0xf8, 0xee, 0xf8, 0xee, 0xf8, 0xee,
    0xf8, 0xee, 0xd7, 0xee, 0xd7, 0xee, 0xd7, 0xee, 0xd7, 0xee, 0xd7, 0xee, 0xf8, 0xee, 0xf8, 0xee,
    0xf8, 0xee, 0xf8, 0xee, 0xf8, 0xee, 0xf8, 0xee, 0xf8, 0xee, 0xf8, 0xee, 0xd7, 0xee, 0xd7, 0xee,
    0xd7, 0xee, 0xd7, 0xee, 0xd7, 0xee, 0xf8, 0xee, 0xf8, 0xee, 0xf8, 0xee, 0xf8, 0xee, 0xd7, 0xee,
    0xf8, 0xee, 0xf8, 0xee, 0xd7, 0xee, 0xf8, 0xee, 0xf8, 0xee, 0xf8, 0xee, 0xf8, 0xee, 0xf8, 0xee,
    0xf8, 0xee, 0xf8, 0xee, 0xd7, 0xee, 0xd7, 0xee, 0xd7, 0xee, 0xf8, 0xee, 0xf8, 0xee, 0xf8, 0xee,
    0xf8, 0xee, 0xf8, 0xee, 0xf8, 0xee, 0xf8, 0xee, 0xf8, 0xee, 0xf8, 0xee, 0xf8, 0xee, 0xf8, 0xee,
    0xf8, 0xee, 0xf8, 0xee, 0xd7, 0xee, 0xf8, 0xee, 0xd7, 0xee, 0xd7, 0xee, 0xd7, 0xee, 0xd7, 0xee,
    0xf8, 0xee, 0xf8, 0xee, 0xd7, 0xee, 0xf8, 0xee, 0xd7, 0xee, 0xd7, 0xee, 0xd7, 0xee, 0xd7, 0xee,
    0xd7, 0xee, 0xf8, 0xee, 0xd7, 0xee, 0xd7, 0xee, 0xf8, 0xee, 0xf8, 0xee, 0xf8, 0xee, 0xf8, 0xee,
    0xf8, 0xee, 0xf8, 0xee, 0xf8, 0xee, 0xd7, 0xee, 0xd7, 0xee, 0xd7, 0xee, 0xf8, 0xee, 0xf8, 0xee,
    0xf8, 0xee, 0xf8, 0xee, 0xf8, 0xee, 0xf8, 0xee, 0xf8, 0xee, 0xf8, 0xee, 0xf8, 0xee, 0xf8, 0xee,
    0xf8, 0xee, 0xf8, 0xee, 0xd7, 0xee, 0xf8, 0xee, 0xf8, 0xee, 0xf8, 0xee, 0xf8, 0xee, 0xf8, 0xee,
    0xf8, 0xee, 0xf8, 0xee, 0xf8, 0xee, 0xf8, 0xee, 0xf8, 0xee, 0xf8, 0xee, 0xf8, 0xee, 0xf8, 0xee,
    0xf8, 0xee, 0xf8, 0xee, 0xd7, 0xee, 0xf8, 0xee, 0xd7, 0xee, 0xf8, 0xee, 0xf8, 0xee, 0xd7, 0xee,
    0xf8, 0xee, 0xd7, 0xee, 0xf8, 0xee, 0xf8, 0xee, 0xf8, 0xee, 0xd7, 0xee, 0xd7, 0xee, 0xf8, 0xee,
    0xf8, 0xee, 0xd7, 0xee, 0xd7, 0xee, 0xf8, 0xee, 0xd7, 0xee, 0xd7, 0xee, 0xd7, 0xee, 0xf8, 0xee,
    0xf8, 0xee, 0xd7, 0xee, 0xf8, 0xee, 0xf8, 0xee, 0xf8, 0xee, 0xf8, 0xee, 0xf8, 0xee, 0xd7, 0xee,
    0xd7, 0xee, 0xd7, 0xee, 0xd7, 0xee, 0xd7, 0xee, 0xf8, 0xee, 0xf8, 0xee, 0xf8, 0xee, 0xf8, 0xee,
    0xd7, 0xee, 0xf8, 0xee, 0xd7, 0xee, 0xd7, 0xee, 0xf8, 0xee, 0xf8, 0xee, 0xf8, 0xee, 0xf8, 0xee,
    0xf8, 0xee, 0xf8, 0xee, 0xf8, 0xee, 0xd7, 0xee, 0xd7, 0xee, 0xd7, 0xee, 0xd7, 0xee, 0xd7, 0xee,
    0xd7, 0xee, 0xf8, 0xee, 0xf8, 0xee, 0xf8, 0xee, 0xf8, 0xee, 0xf8, 0xee, 0xf8, 0xee, 0xf8, 0xee,
    0xd7, 0xee, 0xf8, 0xee, 0xd7, 0xee, 0xd7, 0xee, 0xf8, 0xee, 0xd7, 0xee, 0xf8, 0xee, 0xd7, 0xee,
    0xf8, 0xee, 0xf8, 0xee, 0xd7, 0xee, 0xd7, 0xee, 0xf8, 0xee, 0xd7, 0xee, 0xd7, 0xee, 0xd7, 0xee,
    0xd7, 0xee, 0xd7, 0xee, 0xf8, 0xee, 0xf8, 0xee, 0xd7, 0xee, 0xd7, 0xee, 0xd7, 0xee, 0xd7, 0xee,
    0xf8, 0xee, 0xf8, 0xee, 0xd7, 0xee, 0xd7, 0xee, 0xd7, 0xee, 0xd7, 0xee, 0xd7, 0xee, 0xd7, 0xee,
    0xf8, 0xee, 0xf8, 0xee, 0xf8, 0xee, 0xf8, 0xee, 0xf8, 0xee, 0xf8, 0xee, 0xf8, 0xee, 0xd7, 0xee,
    0xf8, 0xee, 0xf8, 0xee, 0xf8, 0xee, 0xf8, 0xee, 0xf8, 0xee, 0xf8, 0xee, 0xf8, 0xee, 0xd7, 0xee,
    0x95, 0xe6, 0x95, 0xe6, 0xf8, 0xee, 0xd7, 0xee, 0xd7, 0xee, 0xf8, 0xee, 0xf8, 0xee, 0xd7, 0xee,
    0xf8, 0xee, 0xf8, 0xee, 0xf8, 0xee, 0xd7, 0xee, 0xd7, 0xee, 0xd7, 0xee, 0xd7, 0xee, 0xd7, 0xee,
    0xd7, 0xee, 0xf8, 0xee, 0xf8, 0xee, 0xf8, 0xee, 0xf8, 0xee, 0xf8, 0xee, 0xf8, 0xee, 0xf8, 0xee,
    0xd7, 0xee, 0xd7, 0xee, 0xd7, 0xee, 0xd7, 0xee, 0xf8, 0xee, 0xd7, 0xee, 0xd7, 0xee, 0xf8, 0xee,
    0xf8, 0xee, 0xd7, 0xee, 0xf8, 0xee, 0xd7, 0xee, 0xd7, 0xee, 0xf8, 0xee, 0xf8, 0xee, 0xf8, 0xee,
    0xd7, 0xee, 0xd7, 0xee, 0xd7, 0xee, 0xf8, 0xee, 0xf8, 0xee, 0xf8, 0xee, 0xf8, 0xee, 0xf8, 0xee,
    0xf8, 0xee, 0xf8, 0xee, 0xf8, 0xee, 0xf8, 0xee, 0xf8, 0xee, 0xf8, 0xee, 0xf8, 0xee, 0xf8, 0xee,
    0xf8, 0xee, 0xf8, 0xee, 0xf8, 0xee, 0xf8, 0xee, 0xd7, 0xee, 0xf8, 0xee, 0xf8, 0xee, 0xf8, 0xee,
    0xf8, 0xee, 0xd7, 0xee, 0xd7, 0xee, 0xf8, 0xee, 0xf8, 0xee, 0xf8, 0xee, 0xf8, 0xee, 0xf8, 0xee,
    0xf8, 0xee, 0xf8, 0xee, 0xf8, 0xee, 0xf8, 0xee, 0xf8, 0xee, 0xf8, 0xee, 0xf8, 0xee, 0xb6, 0xe6,
    0xf8, 0xee, 0xf8, 0xee, 0xf8, 0xee, 0xd7, 0xee, 0xd7, 0xee, 0xd7, 0xee, 0xd7, 0xee, 0xd7, 0xee,
    0xd7, 0xee, 0xf8, 0xee, 0xf8, 0xee, 0xd7, 0xee, 0xd7, 0xee, 0xf8, 0xee, 0xf8, 0xee, 0xf8, 0xee,
    0xf8, 0xee, 0xf8, 0xee, 0xf8, 0xee, 0xd7, 0xee, 0xf8, 0xee, 0xd7, 0xee, 0xf8, 0xee, 0xd7, 0xee,
    0xf8, 0xee, 0xf8, 0xee, 0xf8, 0xee, 0xf8, 0xee, 0xf8, 0xee, 0xf8, 0xee, 0xf8, 0xee, 0xf8, 0xee,
    0xf8, 0xee, 0xf8, 0xee, 0xf8, 0xee, 0xf8, 0xee, 0xf8, 0xee, 0xf8, 0xee, 0xf8, 0xee, 0xf8, 0xee,
    0xf8, 0xee, 0xf8, 0xee, 0xf8, 0xee, 0xf8, 0xee, 0xf8, 0xee, 0xf8, 0xee, 0xf8, 0xee, 0xf8, 0xee,
    0xf8, 0xee, 0xd7, 0xee, 0xd7, 0xee, 0xf8, 0xee, 0xf8, 0xee, 0xf8, 0xee, 0xf8, 0xee, 0xf8, 0xee,
    0xd7, 0xee, 0xd7, 0xee, 0xf8, 0xee, 0xf8, 0xee, 0xf8, 0xee, 0xf8, 0xee, 0xf8, 0xee, 0xf8, 0xee,
    0xd7, 0xee, 0xd7, 0xee, 0xd7, 0xee, 0xd7, 0xee, 0xd7, 0xee, 0xd7, 0xee, 0xd7, 0xee, 0xf8, 0xee,
    0xf8, 0xee, 0xd7, 0xee, 0xf8, 0xee, 0xf8, 0xee, 0xf8, 0xee, 0xf8, 0xee, 0xd7, 0xee, 0xd7, 0xee,
    0xd7, 0xee, 0xf8, 0xee, 0xf8, 0xee, 0xd7, 0xee, 0xd7, 0xee, 0xf8, 0xee, 0xf8, 0xee, 0xf8, 0xee,
    0xf8, 0xee, 0xf8, 0xee, 0xf8, 0xee, 0xf8, 0xee, 0xf8, 0xee, 0xf8, 0xee, 0xf8, 0xee, 0xf8, 0xee,
    0xf8, 0xee, 0xf8, 0xee, 0xf8, 0xee, 0xd7, 0xee, 0xd7, 0xee, 0xf8, 0xee, 0xd7, 0xee, 0xf8, 0xee,
    0xf8, 0xee, 0xf8, 0xee, 0xd7, 0xee, 0xf8, 0xee, 0xf8, 0xee, 0xf8, 0xee, 0xf8, 0xee, 0xf8, 0xee,
    0xf8, 0xee, 0xf8, 0xee, 0xf8, 0xee, 0xf8, 0xee, 0xd7, 0xee, 0xd7, 0xee, 0xd7, 0xee, 0xd7, 0xee,
    0xf8, 0xee, 0xf8, 0xee, 0xd7, 0xee, 0xf8, 0xee, 0xd7, 0xee, 0xf8, 0xee, 0xf8, 0xee, 0xd7, 0xee,
    0xd7, 0xee, 0xd7, 0xee, 0xd7, 0xee, 0xf8, 0xee, 0xd7, 0xee, 0xd7, 0xee, 0xf8, 0xee, 0xd7, 0xee,
    0xf8, 0xee, 0xd7, 0xee, 0xd7, 0xee, 0xd7, 0xee, 0xd7, 0xee, 0xd7, 0xee, 0xd7, 0xee, 0xd7, 0xee,
    0xd7, 0xee, 0xf8, 0xee, 0xd7, 0xee, 0xd7, 0xee, 0xf8, 0xee, 0xf8, 0xee, 0xd7, 0xee, 0xd7, 0xee,
    0xd7, 0xee, 0xf8, 0xee, 0xf8, 0xee, 0xf8, 0xee, 0xf8, 0xee, 0xf8, 0xee, 0xf8, 0xee, 0xd7, 0xee,
    0xb6, 0xe6, 0xb6, 0xe6, 0xf8, 0xee, 0xf8, 0xee, 0xd7, 0xee, 0xd7, 0xee, 0xf8, 0xee, 0xf8, 0xee,
    0xf8, 0xee, 0xf8, 0xee, 0xf8, 0xee, 0xd7, 0xee, 0xd7, 0xee, 0xd7, 0xee, 0xf8, 0xee, 0xd7, 0xee,
    0xd7, 0xee, 0xf8, 0xee, 0xf8, 0xee, 0xf8, 0xee, 0xf8, 0xee, 0xf8, 0xee, 0xf8, 0xee, 0xd7, 0xee,
    0xf8, 0xee, 0xf8, 0xee, 0xf8, 0xee, 0xd7, 0xee, 0xf8, 0xee, 0xd7, 0xee, 0xd7, 0xee, 0xf8, 0xee,
    0xf8, 0xee, 0xf8, 0xee, 0xf8, 0xee, 0xf8, 0xee, 0xf8, 0xee, 0xf8, 0xee, 0xd7, 0xee, 0xf8, 0xee,
    0xd7, 0xee, 0xd7, 0xee, 0xd7, 0xee, 0xd7, 0xee, 0xd7, 0xee, 0xf8, 0xee, 0xf8, 0xee, 0xf8, 0xee,
    0xf8, 0xee, 0xf8, 0xee, 0xf8, 0xee, 0xf8, 0xee, 0xd7, 0xee, 0xf8, 0xee, 0xd7, 0xee, 0xf8, 0xee,
    0xf8, 0xee, 0xf8, 0xee, 0xf8, 0xee, 0xd7, 0xee, 0xf8, 0xee, 0xf8, 0xee, 0xd7, 0xee, 0xd7, 0xee,
    0xd7, 0xee, 0xf8, 0xee, 0xf8, 0xee, 0xd7, 0xee, 0xf8, 0xee, 0xf8, 0xee, 0xf8, 0xee, 0xf8, 0xee,
    0xf8, 0xee, 0xf8, 0xee, 0xf8, 0xee, 0xd7, 0xee, 0xf8, 0xee, 0xd7, 0xee, 0xd7, 0xee, 0xd7, 0xee,
    0xd7, 0xee, 0xf8, 0xee, 0xf8, 0xee, 0xf8, 0xee, 0xf8, 0xee, 0xd7, 0xee, 0xd7, 0xee, 0xd7, 0xee,
    0xf8, 0xee, 0xf8, 0xee, 0xf8, 0xee, 0xd7, 0xee, 0xd7, 0xee, 0xd7, 0xee, 0xf8, 0xee, 0xf8, 0xee,
    0xf8, 0xee, 0xf8, 0xee, 0xf8, 0xee, 0xf8, 0xee, 0xd7, 0xee, 0xd7, 0xee, 0xf8, 0xee, 0xd7, 0xee,
    0xd7, 0xee, 0xd7, 0xee, 0xf8, 0xee, 0xf8, 0xee, 0xd7, 0xee, 0xf8, 0xee, 0xf8, 0xee, 0xf8, 0xee,
    0xf8, 0xee, 0xf8, 0xee, 0xf8, 0xee, 0xf8, 0xee, 0xf8, 0xee, 0xf8, 0xee, 0xf8, 0xee, 0xf8, 0xee,
    0xf8, 0xee, 0xf8, 0xee, 0xf8, 0xee, 0xf8, 0xee, 0xf8, 0xee, 0xd7, 0xee, 0xf8, 0xee, 0xf8, 0xee,
    0xf8, 0xee, 0xd7, 0xee, 0xf8, 0xee, 0xf8, 0xee, 0xf8, 0xee, 0xf8, 0xee, 0xf8, 0xee, 0xf8, 0xee,
    0xf8, 0xee, 0xd7, 0xee, 0xd7, 0xee, 0xd7, 0xee, 0xd7, 0xee, 0xd7, 0xee, 0xf8, 0xee, 0xf8, 0xee,
    0xd7, 0xee, 0xf8, 0xee, 0xd7, 0xee, 0xf8, 0xee, 0xf8, 0xee, 0xf8, 0xee, 0xf8, 0xee, 0xf8, 0xee,
    0xd7, 0xee, 0xd7, 0xee, 0xf8, 0xee, 0xf8, 0xee, 0xd7, 0xee, 0xf8, 0xee, 0xf8, 0xee, 0xd7, 0xee,
    0xf8, 0xee, 0xf8, 0xee, 0xf8, 0xee, 0xd7, 0xee, 0x95, 0xe6, 0xf8, 0xee, 0xf8, 0xee, 0xf8, 0xee,
    0xf8, 0xee, 0xf8, 0xee, 0xd7, 0xee, 0xf8, 0xee, 0xf8, 0xee, 0xd7, 0xee, 0xd7, 0xee, 0xf8, 0xee,
    0xf8, 0xee, 0xf8, 0xee, 0xd7, 0xee, 0xd7, 0xee, 0xd7, 0xee, 0xf8, 0xee, 0xf8, 0xee, 0xf8, 0xee,
    0xf8, 0xee, 0xf8, 0xee, 0xd7, 0xee, 0xf8, 0xee, 0xf8, 0xee, 0xf8, 0xee, 0xd7, 0xee, 0xf8, 0xee,
    0xf8, 0xee, 0xf8, 0xee, 0xf8, 0xee, 0xf8, 0xee, 0xd7, 0xee, 0xf8, 0xee, 0xf8, 0xee, 0xd7, 0xee,
    0xf8, 0xee, 0xf8, 0xee, 0xd7, 0xee, 0xf8, 0xee, 0xf8, 0xee, 0xd7, 0xee, 0xd7, 0xee, 0xd7, 0xee,
    0xd7, 0xee, 0xd7, 0xee, 0xf8, 0xee, 0xf8, 0xee, 0xd7, 0xee, 0xf8, 0xee, 0xd7, 0xee, 0xf8, 0xee,
    0xd7, 0xee, 0xd7, 0xee, 0xd7, 0xee, 0xd7, 0xee, 0xd7, 0xee, 0xd7, 0xee, 0xd7, 0xee, 0xd7, 0xee,
    0xd7, 0xee, 0xd7, 0xee, 0xf8, 0xee, 0xd7, 0xee, 0xf8, 0xee, 0xf8, 0xee, 0xd7, 0xee, 0xf8, 0xee,
    0xf8, 0xee, 0xf8, 0xee, 0xf8, 0xee, 0xd7, 0xee, 0xf8, 0xee, 0xf8, 0xee, 0xf8, 0xee, 0xd7, 0xee,
    0xd7, 0xee, 0xd7, 0xee, 0xf8, 0xee, 0xd7, 0xee, 0xd7, 0xee, 0xd7, 0xee, 0xd7, 0xee, 0xf8, 0xee,
    0xf8, 0xee, 0xf8, 0xee, 0xf8, 0xee, 0xf8, 0xee, 0xf8, 0xee, 0xd7, 0xee, 0xf8, 0xee, 0xd7, 0xee,
    0xd7, 0xee, 0xf8, 0xee, 0xf8, 0xee, 0xd7, 0xee, 0xf8, 0xee, 0xf8, 0xee, 0xf8, 0xee, 0xd7, 0xee,
    0xf8, 0xee, 0xd7, 0xee, 0xd7, 0xee, 0xd7, 0xee, 0xf8, 0xee, 0xf8, 0xee, 0xd7, 0xee, 0xf8, 0xee,
    0xf8, 0xee, 0xf8, 0xee, 0xf8, 0xee, 0xf8, 0xee, 0xf8, 0xee, 0xf8, 0xee, 0xd7, 0xee, 0xf8, 0xee,
    0xd7, 0xee, 0xd7, 0xee, 0xf8, 0xee, 0xf8, 0xee, 0xd7, 0xee, 0xd7, 0xee, 0xd7, 0xee, 0xf8, 0xee,
    0xf8, 0xee, 0xf8, 0xee, 0xf8, 0xee, 0xf8, 0xee, 0xd7, 0xee, 0xf8, 0xee, 0xf8, 0xee, 0xd7, 0xee,
    0xd7, 0xee, 0xd7, 0xee, 0xd7, 0xee, 0xd7, 0xee, 0xf8, 0xee, 0xf8, 0xee, 0xd7, 0xee, 0xd7, 0xee,
    0xd7, 0xee, 0xf8, 0xee, 0xf8, 0xee, 0xf8, 0xee, 0xf8, 0xee, 0xf8, 0xee, 0xf8, 0xee, 0xf8, 0xee,
    0xf8, 0xee, 0xf8, 0xee, 0xf8, 0xee, 0xd7, 0xee, 0xd7, 0xee, 0xf8, 0xee, 0xf8, 0xee, 0xf8, 0xee,
    0xd7, 0xee, 0xf8, 0xee, 0xf8, 0xee, 0xf8, 0xee, 0xd7, 0xee, 0xf8, 0xee, 0xd7, 0xee, 0xd7, 0xee,
    0xd7, 0xee, 0xf8, 0xee, 0xf8, 0xee, 0xd7, 0xee, 0xd7, 0xee, 0xf8, 0xee, 0xf8, 0xee, 0xf8, 0xee,
    0xf8, 0xee, 0xf8, 0xee, 0xf8, 0xee, 0xf8, 0xee, 0xd7, 0xee, 0xf8, 0xee, 0xf8, 0xee, 0xd7, 0xee,
    0xd7, 0xee, 0xd7, 0xee, 0xd7, 0xee, 0xf8, 0xee, 0xd7, 0xee, 0xf8, 0xee, 0xf8, 0xee, 0xf8, 0xee,
    0xf8, 0xee, 0xf8, 0xee, 0xf8, 0xee, 0xf8, 0xee, 0xd7, 0xee, 0xf8, 0xee, 0xf8, 0xee, 0xd7, 0xee,
    0xd7, 0xee, 0xd7, 0xee, 0xf8, 0xee, 0xf8, 0xee, 0xf8, 0xee, 0xf8, 0xee, 0xf8, 0xee, 0xf8, 0xee,
    0xf8, 0xee, 0xf8, 0xee, 0xf8, 0xee, 0xf8, 0xee, 0xf8, 0xee, 0xf8, 0xee, 0xf8, 0xee, 0xd7, 0xee,
    0xd7, 0xee, 0xd7, 0xee, 0xd7, 0xee, 0xf8, 0xee, 0xd7, 0xee, 0xd7, 0xee, 0xf8, 0xee, 0xf8, 0xee,
    0xf8, 0xee, 0xf8, 0xee, 0xf8, 0xee, 0xf8, 0xee, 0xd7, 0xee, 0xf8, 0xee, 0xd7, 0xee, 0xd7, 0xee,
    0xd7, 0xee, 0xd7, 0xee, 0xd7, 0xee, 0xd7, 0xee, 0xf8, 0xee, 0xd7, 0xee, 0xd7, 0xee, 0xf8, 0xee,
    0xf8, 0xee, 0xf8, 0xee, 0xf8, 0xee, 0xd7, 0xee, 0xb6, 0xe6, 0xd7, 0xee, 0xf8, 0xee, 0xf8, 0xee,
    0xf8, 0xee, 0xd7, 0xee, 0xf8, 0xee, 0xf8, 0xee, 0xf8, 0xee, 0xd7, 0xee, 0xd7, 0xee, 0xd7, 0xee,
    0xf8, 0xee, 0xf8, 0xee, 0xf8, 0xee, 0xf8, 0xee, 0xf8, 0xee, 0xf8, 0xee, 0xf8, 0xee, 0xd7, 0xee,
    0xf8, 0xee, 0xf8, 0xee, 0xf8, 0xee, 0xf8, 0xee, 0xf8, 0xee, 0xf8, 0xee, 0xf8, 0xee, 0xf8, 0xee,
    0xf8, 0xee, 0xd7, 0xee, 0xf8, 0xee, 0xd7, 0xee, 0xd7, 0xee, 0xd7, 0xee, 0xd7, 0xee, 0xf8, 0xee,
    0xf8, 0xee, 0xf8, 0xee, 0xd7, 0xee, 0xd7, 0xee, 0xd7, 0xee, 0xf8, 0xee, 0xd7, 0xee, 0xd7, 0xee,
    0xf8, 0xee, 0xf8, 0xee, 0xd7, 0xee, 0xf8, 0xee, 0xf8, 0xee, 0xd7, 0xee, 0xd7, 0xee, 0xd7, 0xee,
    0xd7, 0xee, 0xd7, 0xee, 0xd7, 0xee, 0xf8, 0xee, 0xd7, 0xee, 0xf8, 0xee, 0xf8, 0xee, 0xf8, 0xee,
    0xf8, 0xee, 0xf8, 0xee, 0xf8, 0xee, 0xd7, 0xee, 0xf8, 0xee, 0xf8, 0xee, 0xf8, 0xee, 0xf8, 0xee,
    0xd7, 0xee, 0xf8, 0xee, 0xf8, 0xee, 0xf8, 0xee, 0xf8, 0xee, 0xd7, 0xee, 0xd7, 0xee, 0xf8, 0xee,
    0xd7, 0xee, 0xd7, 0xee, 0xf8, 0xee, 0xd7, 0xee, 0xd7, 0xee, 0xf8, 0xee, 0xf8, 0xee, 0xd7, 0xee,
    0xf8, 0xee, 0xf8, 0xee, 0xf8, 0xee, 0xd7, 0xee, 0xd7, 0xee, 0xf8, 0xee, 0xd7, 0xee, 0xd7, 0xee,
    0xd7, 0xee, 0xf8, 0xee, 0xf8, 0xee, 0xf8, 0xee, 0xf8, 0xee, 0xf8, 0xee, 0xf8, 0xee, 0xf8, 0xee,
    0xd7, 0xee, 0xd7, 0xee, 0xd7, 0xee, 0xd7, 0xee, 0xf8, 0xee, 0xf8, 0xee, 0xf8, 0xee, 0xf8, 0xee,
    0xf8, 0xee, 0xf8, 0xee, 0xf8, 0xee, 0xf8, 0xee, 0xd7, 0xee, 0xf8, 0xee, 0xf8, 0xee, 0xd7, 0xee,
    0xd7, 0xee, 0xd7, 0xee, 0xd7, 0xee, 0xd7, 0xee, 0xd7, 0xee, 0xd7, 0xee, 0xf8, 0xee, 0xd7, 0xee,
    0xf8, 0xee, 0xf8, 0xee, 0xf8, 0xee, 0xf8, 0xee, 0xf8, 0xee, 0xd7, 0xee, 0xf8, 0xee, 0xf8, 0xee,
    0xf8, 0xee, 0xd7, 0xee, 0xd7, 0xee, 0xd7, 0xee, 0xf8, 0xee, 0xf8, 0xee, 0xf8, 0xee, 0xf8, 0xee,
    0xd7, 0xee, 0xf8, 0xee, 0xf8, 0xee, 0xf8, 0xee, 0xf8, 0xee, 0xd7, 0xee, 0xf8, 0xee, 0xf8, 0xee,
    0xf8, 0xee, 0xf8, 0xee, 0xf8, 0xee, 0xf8, 0xee, 0xd7, 0xee, 0xf8, 0xee, 0xf8, 0xee, 0xf8, 0xee,
    0xd7, 0xee, 0xd7, 0xee, 0xf8, 0xee, 0xf8, 0xee, 0xf8, 0xee, 0xf8, 0xee, 0xd7, 0xee, 0xd7, 0xee,
    0xf8, 0xee, 0xd7, 0xee, 0xd7, 0xee, 0xd7, 0xee, 0xd7, 0xee, 0xd7, 0xee, 0xd7, 0xee, 0xf8, 0xee,
    0xf8, 0xee, 0xf8, 0xee, 0xf8, 0xee, 0xf8, 0xee, 0xf8, 0xee, 0xf8, 0xee, 0xd7, 0xee, 0xd7, 0xee,
    0xd7, 0xee, 0xd7, 0xee, 0xd7, 0xee, 0xf8, 0xee, 0xf8, 0xee, 0xf8, 0xee, 0xf8, 0xee, 0xf8, 0xee,
    0xf8, 0xee, 0xf8, 0xee, 0xf8, 0xee, 0xf8, 0xee, 0xf8, 0xee, 0xd7, 0xee, 0xf8, 0xee, 0xf8, 0xee,
    0xd7, 0xee, 0xd7, 0xee, 0xf8, 0xee, 0xf8, 0xee, 0xd7, 0xee, 0xf8, 0xee, 0xf8, 0xee, 0xf8, 0xee,
    0xf8, 0xee, 0xf8, 0xee, 0xf8, 0xee, 0xf8, 0xee, 0xf8, 0xee, 0xf8, 0xee, 0xf8, 0xee, 0xd7, 0xee,
    0xf8, 0xee, 0xd7, 0xee, 0xd7, 0xee, 0xf8, 0xee, 0xd7, 0xee, 0xd7, 0xee, 0xf8, 0xee, 0xf8, 0xee,
    0xf8, 0xee, 0xd7, 0xee, 0xf8, 0xee, 0xd7, 0xee, 0xd7, 0xee, 0xf8, 0xee, 0xd7, 0xee, 0xd7, 0xee,
    0xd7, 0xee, 0xd7, 0xee, 0xf8, 0xee, 0xf8, 0xee, 0xf8, 0xee, 0xf8, 0xee, 0xf8, 0xee, 0xf8, 0xee,
    0xf8, 0xee, 0xf8, 0xee, 0xf8, 0xee, 0xf8, 0xee, 0xd7, 0xee, 0xd7, 0xee, 0xf8, 0xee, 0xf8, 0xee,
    0xf8, 0xee, 0xf8, 0xee, 0xf8, 0xee, 0xf8, 0xee, 0xd7, 0xee, 0xf8, 0xee, 0xf8, 0xee, 0xf8, 0xee,
    0xf8, 0xee, 0xf8, 0xee, 0xf8, 0xee, 0xf8, 0xee, 0xf8, 0xee, 0xf8, 0xee, 0xf8, 0xee, 0xf8, 0xee,
    0xf8, 0xee, 0xd7, 0xee, 0xd7, 0xee, 0xf8, 0xee, 0xd7, 0xee, 0xf8, 0xee, 0xf8, 0xee, 0xd7, 0xee,
    0xd7, 0xee, 0xf8, 0xee, 0xf8, 0xee, 0xd7, 0xee, 0xd7, 0xee, 0xd7, 0xee, 0xd7, 0xee, 0xf8, 0xee,
    0xf8, 0xee, 0xf8, 0xee, 0xd7, 0xee, 0xf8, 0xee, 0xd7, 0xee, 0xf8, 0xee, 0xf8, 0xee, 0xd7, 0xee,
    0xd7, 0xee, 0xf8, 0xee, 0xf8, 0xee, 0xf8, 0xee, 0xf8, 0xee, 0xd7, 0xee, 0xd7, 0xee, 0xd7, 0xee,
    0xd7, 0xee, 0xd7, 0xee, 0xd7, 0xee, 0xd7, 0xee, 0xd7, 0xee, 0xf8, 0xee, 0xf8, 0xee, 0xf8, 0xee,
    0xd7, 0xee, 0xf8, 0xee, 0xf8, 0xee, 0xd7, 0xee, 0xf8, 0xee, 0xf8, 0xee, 0xd7, 0xee, 0xf8, 0xee,
    0xd7, 0xee, 0xf8, 0xee, 0xf8, 0xee, 0xf8, 0xee, 0xd7, 0xee, 0xd7, 0xee, 0xf8, 0xee, 0xd7, 0xee,
    0xf8, 0xee, 0xd7, 0xee, 0xd7, 0xee, 0xd7, 0xee, 0xd7, 0xee, 0xd7, 0xee, 0xf8, 0xee, 0xd7, 0xee,
    0xd7, 0xee, 0xd7, 0xee, 0xf8, 0xee, 0xf8, 0xee, 0xf8, 0xee, 0xd7, 0xee, 0xd7, 0xee, 0xd7, 0xee,
    0xf8, 0xee, 0xf8, 0xee, 0xf8, 0xee, 0xf8, 0xee, 0xf8, 0xee, 0xf8, 0xee, 0xf8, 0xee, 0xf8, 0xee,
    0xd7, 0xee, 0xd7, 0xee, 0xd7, 0xee, 0xd7, 0xee, 0xf8, 0xee, 0xf8, 0xee, 0xf8, 0xee, 0xf8, 0xee,
    0xf8, 0xee, 0xf8, 0xee, 0xf8, 0xee, 0xf8, 0xee, 0xf8, 0xee, 0xd7, 0xee, 0xf8, 0xee, 0xf8, 0xee,
    0xf8, 0xee, 0xd7, 0xee, 0xd7, 0xee, 0xf8, 0xee, 0xf8, 0xee, 0xd7, 0xee, 0xf8, 0xee, 0xd7, 0xee,
    0xf8, 0xee, 0xd7, 0xee, 0xf8, 0xee, 0xd7, 0xee, 0xd7, 0xee, 0xf8, 0xee, 0xf8, 0xee, 0xd7, 0xee,
    0xd7, 0xee, 0xf8, 0xee, 0xf8, 0xee, 0xd7, 0xee, 0xf8, 0xee, 0xf8, 0xee, 0xf8, 0xee, 0xf8, 0xee,
    0xf8, 0xee, 0xf8, 0xee, 0xf8, 0xee, 0xd7, 0xee, 0xd7, 0xee, 0xd7, 0xee, 0xd7, 0xee, 0xd7, 0xee,
    0xf8, 0xee, 0xf8, 0xee, 0xf8, 0xee, 0xf8, 0xee, 0xf8, 0xee, 0xf8, 0xee, 0xf8, 0xee, 0xf8, 0xee,
    0xd7, 0xee, 0xd7, 0xee, 0xf8, 0xee, 0xf8, 0xee, 0xf8, 0xee, 0xf8, 0xee, 0xd7, 0xee, 0xd7, 0xee,
    0xf8, 0xee, 0xd7, 0xee, 0xd7, 0xee, 0xd7, 0xee, 0xd7, 0xee, 0xd7, 0xee, 0xd7, 0xee, 0xf8, 0xee,
    0xd7, 0xee, 0xf8, 0xee, 0xf8, 0xee, 0xf8, 0xee, 0xf8, 0xee, 0xf8, 0xee, 0xf8, 0xee, 0xd7, 0xee,
    0xd7, 0xee, 0xd7, 0xee, 0xf8, 0xee, 0xf8, 0xee, 0xf8, 0xee, 0xf8, 0xee, 0xf8, 0xee, 0xf8, 0xee,
    0xf8, 0xee, 0xf8, 0xee, 0xf8, 0xee, 0xf8, 0xee, 0xf8, 0xee, 0xf8, 0xee, 0xd7, 0xee, 0xd7, 0xee,
    0xf8, 0xee, 0xf8, 0xee, 0xf8, 0xee, 0xf8, 0xee, 0xd7, 0xee, 0xd7, 0xee, 0xd7, 0xee, 0xf8, 0xee,
    0xd7, 0xee, 0xf8, 0xee, 0xf8, 0xee, 0xf8, 0xee, 0xd7, 0xee, 0xf8, 0xee, 0xf8, 0xee, 0xf8, 0xee,
    0xf8, 0xee, 0xf8, 0xee, 0xf8, 0xee, 0xf8, 0xee, 0xf8, 0xee, 0xd7, 0xee, 0xd7, 0xee, 0xf8, 0xee,
    0xf8, 0xee, 0xf8, 0xee, 0xf8, 0xee, 0xd7, 0xee, 0xd7, 0xee, 0xd7, 0xee, 0xd7, 0xee, 0xd7, 0xee,
    0xd7, 0xee, 0xf8, 0xee, 0xd7, 0xee, 0xf8, 0xee, 0xf8, 0xee, 0xf8, 0xee, 0xf8, 0xee, 0xf8, 0xee,
    0xf8, 0xee, 0xf8, 0xee, 0xf8, 0xee, 0xf8, 0xee, 0xf8, 0xee, 0xf8, 0xee, 0xd7, 0xee, 0xd7, 0xee,
    0xd7, 0xee, 0xd7, 0xee, 0xf8, 0xee, 0xd7, 0xee, 0xd7, 0xee, 0xf8, 0xee, 0xf8, 0xee, 0xf8, 0xee,
    0xf8, 0xee, 0xd7, 0xee, 0xd7, 0xee, 0xf8, 0xee, 0xf8, 0xee, 0xf8, 0xee, 0xf8, 0xee, 0xf8, 0xee,
    0xf8, 0xee, 0xf8, 0xee, 0xf8, 0xee, 0xf8, 0xee, 0xd7, 0xee, 0xf8, 0xee, 0xd7, 0xee, 0xd7, 0xee,
    0xf8, 0xee, 0xf8, 0xee, 0xf8, 0xee, 0xf8, 0xee, 0xf8, 0xee, 0xd7, 0xee, 0xf8, 0xee, 0xd7, 0xee,
    0xf8, 0xee, 0xf8, 0xee, 0xd7, 0xee, 0xf8, 0xee, 0xf8, 0xee, 0xf8, 0xee, 0xd7, 0xee, 0xf8, 0xee,
    0xd7, 0xee, 0xd7, 0xee, 0xd7, 0xee, 0xf8, 0xee, 0xf8, 0xee, 0xf8, 0xee, 0xd7, 0xee, 0xd7, 0xee,
    0xf8, 0xee, 0xd7, 0xee, 0xf8, 0xee, 0xd7, 0xee, 0xd7, 0xee, 0xd7, 0xee, 0xd7, 0xee, 0xd7, 0xee,
    0xd7, 0xee, 0xf8, 0xee, 0xd7, 0xee, 0xd7, 0xee, 0xd7, 0xee, 0xd7, 0xee, 0xd7, 0xee, 0xf8, 0xee,
    0xf8, 0xee, 0xf8, 0xee, 0xf8, 0xee, 0xd7, 0xee, 0xd7, 0xee, 0xd7, 0xee, 0xf8, 0xee, 0xf8, 0xee,
    0xf8, 0xee, 0xd7, 0xee, 0xd7, 0xee, 0xd7, 0xee, 0xd7, 0xee, 0xf8, 0xee, 0xf8, 0xee, 0xd7, 0xee,
    0xd7, 0xee, 0xd7, 0xee, 0xf8, 0xee, 0xf8, 0xee, 0xf8, 0xee, 0xf8, 0xee, 0xf8, 0xee, 0xf8, 0xee,
    0xf8, 0xee, 0xd7, 0xee, 0xf8, 0xee, 0xf8, 0xee, 0xf8, 0xee, 0xf8, 0xee, 0xf8, 0xee, 0xf8, 0xee,
    0xd7, 0xee, 0xd7, 0xee, 0xd7, 0xee, 0xd7, 0xee, 0xd7, 0xee, 0xf8, 0xee, 0xd7, 0xee, 0xf8, 0xee,
    0xd7, 0xee, 0xd7, 0xee, 0xf8, 0xee, 0xd7, 0xee, 0xf8, 0xee, 0xf8, 0xee, 0xf8, 0xee, 0xf8, 0xee,
    0xf8, 0xee, 0xd7, 0xee, 0xf8, 0xee, 0xf8, 0xee, 0xf8, 0xee, 0xf8, 0xee, 0xd7, 0xee, 0xf8, 0xee,
    0xf8, 0xee, 0xf8, 0xee, 0xf8, 0xee, 0xf8, 0xee, 0xd7, 0xee, 0xf8, 0xee, 0xf8, 0xee, 0xd7, 0xee,
    0xd7, 0xee, 0xf8, 0xee, 0xf8, 0xee, 0xf8, 0xee, 0xf8, 0xee, 0xf8, 0xee, 0xd7, 0xee, 0xf8, 0xee,
    0xf8, 0xee, 0xf8, 0xee, 0xf8, 0xee, 0xf8, 0xee, 0xd7, 0xee, 0xf8, 0xee, 0xf8, 0xee, 0xf8, 0xee,
    0xd7, 0xee, 0xd7, 0xee, 0xf8, 0xee, 0xf8, 0xee, 0xf8, 0xee, 0xd7, 0xee, 0xd7, 0xee, 0xd7, 0xee,
    0xf8, 0xee, 0xd7, 0xee, 0xd7, 0xee, 0xf8, 0xee, 0xd7, 0xee, 0xf8, 0xee, 0xf8, 0xee, 0xd7, 0xee,
    0xf8, 0xee, 0xd7, 0xee, 0xd7, 0xee, 0xd7, 0xee, 0xd7, 0xee, 0xd7, 0xee, 0xf8, 0xee, 0xd7, 0xee,
    0xd7, 0xee, 0xf8, 0xee, 0xf8, 0xee, 0xf8, 0xee, 0xf8, 0xee, 0xf8, 0xee, 0xf8, 0xee, 0xf8, 0xee,
    0xd7, 0xee, 0xf8, 0xee, 0xf8, 0xee, 0xf8, 0xee, 0xf8, 0xee, 0xf8, 0xee, 0xf8, 0xee, 0xf8, 0xee,
    0xf8, 0xee, 0xf8, 0xee, 0xf8, 0xee, 0xf8, 0xee, 0xf8, 0xee, 0xf8, 0xee, 0xf8, 0xee, 0xd7, 0xee,
    0xd7, 0xee, 0xd7, 0xee, 0xd7, 0xee, 0xd7, 0xee, 0xd7, 0xee, 0xf8, 0xee, 0xf8, 0xee, 0xf8, 0xee,
    0xd7, 0xee, 0xf8, 0xee, 0xd7, 0xee, 0xf8, 0xee, 0xf8, 0xee, 0xd7, 0xee, 0xf8, 0xee, 0xf8, 0xee,
    0xf8, 0xee, 0xf8, 0xee, 0xf8, 0xee, 0xf8, 0xee, 0xf8, 0xee, 0xf8, 0xee, 0xd7, 0xee, 0xd7, 0xee,
    0xd7, 0xee, 0xf8, 0xee, 0xd7, 0xee, 0xd7, 0xee, 0xd7, 0xee, 0xd7, 0xee, 0xd7, 0xee, 0xd7, 0xee,
    0xd7, 0xee, 0xd7, 0xee, 0xf8, 0xee, 0xf8, 0xee, 0xf8, 0xee, 0xf8, 0xee, 0xf8, 0xee, 0xd7, 0xee,
    0xf8, 0xee, 0xd7, 0xee, 0xf8, 0xee, 0xf8, 0xee, 0xf8, 0xee, 0xf8, 0xee, 0xf8, 0xee, 0xf8, 0xee,
    0xd7, 0xee, 0xd7, 0xee, 0xf8, 0xee, 0xf8, 0xee, 0xd7, 0xee, 0xf8, 0xee, 0xf8, 0xee, 0xf8, 0xee,
    0xf8, 0xee, 0xd7, 0xee, 0xd7, 0xee, 0xd7, 0xee, 0xf8, 0xee, 0xf8, 0xee, 0xf8, 0xee, 0xf8, 0xee,
    0xf8, 0xee, 0xf8, 0xee, 0xf8, 0xee, 0xf8, 0xee, 0xd7, 0xee, 0xd7, 0xee, 0xd7, 0xee, 0xd7, 0xee,
    0xf8, 0xee, 0xd7, 0xee, 0xd7, 0xee, 0xf8, 0xee, 0xd7, 0xee, 0xf8, 0xee, 0xd7, 0xee, 0xd7, 0xee,
    0xd7, 0xee, 0xf8, 0xee, 0xf8, 0xee, 0xd7, 0xee, 0xf8, 0xee, 0xf8, 0xee, 0xd7, 0xee, 0xf8, 0xee,
    0xf8, 0xee, 0xd7, 0xee, 0xd7, 0xee, 0xd7, 0xee, 0xf8, 0xee, 0xf8, 0xee, 0xf8, 0xee, 0xf8, 0xee,
    0xd7, 0xee, 0xf8, 0xee, 0xd7, 0xee, 0xf8, 0xee, 0xf8, 0xee, 0xf8, 0xee, 0xd7, 0xee, 0xd7, 0xee,
    0xf8, 0xee, 0xf8, 0xee, 0xd7, 0xee, 0xf8, 0xee, 0xd7, 0xee, 0xd7, 0xee, 0xd7, 0xee, 0xf8, 0xee,
    0xd7, 0xee, 0xd7, 0xee, 0xf8, 0xee, 0xf8, 0xee, 0xf8, 0xee, 0xd7, 0xee, 0xf8, 0xee, 0xf8, 0xee,
    0xf8, 0xee, 0xd7, 0xee, 0xd7, 0xee, 0xd7, 0xee, 0xb6, 0xe6, 0xd7, 0xee, 0xd7, 0xee, 0xf8, 0xee,
    0xf8, 0xee, 0xf8, 0xee, 0xd7, 0xee, 0xd7, 0xee, 0xf8, 0xee, 0xf8, 0xee, 0xf8, 0xee, 0xf8, 0xee,
    0xf8, 0xee, 0xf8, 0xee, 0xd7, 0xee, 0xd7, 0xee, 0xf8, 0xee, 0xd7, 0xee, 0xd7, 0xee, 0xf8, 0xee,
    0xf8, 0xee, 0xf8, 0xee, 0xf8, 0xee, 0xd7, 0xee, 0xd7, 0xee, 0xf8, 0xee, 0xd7, 0xee, 0xf8, 0xee,
    0xf8, 0xee, 0xf8, 0xee, 0xd7, 0xee, 0xf8, 0xee, 0xf8, 0xee, 0xf8, 0xee, 0xf8, 0xee, 0xf8, 0xee,
    0xf8, 0xee, 0xd7, 0xee, 0xf8, 0xee, 0xf8, 0xee, 0xf8, 0xee, 0xf8, 0xee, 0xf8, 0xee, 0xd7, 0xee,
    0xf8, 0xee, 0xf8, 0xee, 0xd7, 0xee, 0xf8, 0xee, 0xd7, 0xee, 0xd7, 0xee, 0xf8, 0xee, 0xf8, 0xee,
    0xd7, 0xee, 0xd7, 0xee, 0xd7, 0xee, 0xd7, 0xee, 0xf8, 0xee, 0xd7, 0xee, 0xf8, 0xee, 0xf8, 0xee,
    0xf8, 0xee, 0xf8, 0xee, 0xd7, 0xee, 0xf8, 0xee, 0xf8, 0xee, 0xd7, 0xee, 0xf8, 0xee, 0xd7, 0xee,
    0xd7, 0xee, 0xf8, 0xee, 0xf8, 0xee, 0xf8, 0xee, 0xf8, 0xee, 0xf8, 0xee, 0xd7, 0xee, 0xd7, 0xee,
    0xd7, 0xee, 0xf8, 0xee, 0xd7, 0xee, 0xf8, 0xee, 0xf8, 0xee, 0xd7, 0xee, 0xd7, 0xee, 0xd7, 0xee,
    0xf8, 0xee, 0xd7, 0xee, 0xd7, 0xee, 0xd7, 0xee, 0xd7, 0xee, 0xd7, 0xee, 0xf8, 0xee, 0xd7, 0xee,
    0xd7, 0xee, 0xf8, 0xee, 0xf8, 0xee, 0xf8, 0xee, 0xf8, 0xee, 0xf8, 0xee, 0xd7, 0xee, 0xd7, 0xee,
    0xd7, 0xee, 0xd7, 0xee, 0xd7, 0xee, 0xf8, 0xee, 0xf8, 0xee, 0xf8, 0xee, 0xf8, 0xee, 0xf8, 0xee,
    0xf8, 0xee, 0xf8, 0xee, 0xf8, 0xee, 0xf8, 0xee, 0xf8, 0xee, 0xf8, 0xee, 0xf8, 0xee, 0xd7, 0xee,
    0xd7, 0xee, 0xd7, 0xee, 0xd7, 0xee, 0xd7, 0xee, 0xd7, 0xee, 0xd7, 0xee, 0xf8, 0xee, 0xf8, 0xee,
    0xf8, 0xee, 0xf8, 0xee, 0xd7, 0xee, 0xd7, 0xee, 0xd7, 0xee, 0xd7, 0xee, 0xd7, 0xee, 0xf8, 0xee,
    0xf8, 0xee, 0xf8, 0xee, 0xf8, 0xee, 0xf8, 0xee, 0xf8, 0xee, 0xf8, 0xee, 0xd7, 0xee, 0xf8, 0xee,
    0xf8, 0xee, 0xf8, 0xee, 0xd7, 0xee, 0xf8, 0xee, 0xd7, 0xee, 0xd7, 0xee, 0xd7, 0xee, 0xd7, 0xee,
    0xf8, 0xee, 0xd7, 0xee, 0xd7, 0xee, 0xf8, 0xee, 0xf8, 0xee, 0xf8, 0xee, 0xf8, 0xee, 0xf8, 0xee,
    0xf8, 0xee, 0xf8, 0xee, 0xf8, 0xee, 0xf8, 0xee, 0xf8, 0xee, 0xf8, 0xee, 0xf8, 0xee, 0xf8, 0xee,
    0xd7, 0xee, 0xf8, 0xee, 0xf8, 0xee, 0xf8, 0xee, 0xd7, 0xee, 0xf8, 0xee, 0xf8, 0xee, 0xf8, 0xee,
    0xd7, 0xee, 0xf8, 0xee, 0xf8, 0xee, 0xd7, 0xee, 0xf8, 0xee, 0xf8, 0xee, 0xf8, 0xee, 0xf8, 0xee,
    0xf8, 0xee, 0xf8, 0xee, 0xd7, 0xee, 0xf8, 0xee, 0xd7, 0xee, 0xf8, 0xee, 0xf8, 0xee, 0xd7, 0xee,
    0xf8, 0xee, 0xf8, 0xee, 0xf8, 0xee, 0xf8, 0xee, 0xd7, 0xee, 0xf8, 0xee, 0xd7, 0xee, 0xd7, 0xee,
    0xf8, 0xee, 0xd7, 0xee, 0xf8, 0xee, 0xf8, 0xee, 0xf8, 0xee, 0xf8, 0xee, 0xd7, 0xee, 0xd7, 0xee,
    0xf8, 0xee, 0xd7, 0xee, 0xf8, 0xee, 0xf8, 0xee, 0xf8, 0xee, 0xf8, 0xee, 0xf8, 0xee, 0xd7, 0xee,
    0xd7, 0xee, 0xd7, 0xee, 0xd7, 0xee, 0xf8, 0xee, 0xd7, 0xee, 0xf8, 0xee, 0xf8, 0xee, 0xd7, 0xee,
    0xd7, 0xee, 0xf8, 0xee, 0xd7, 0xee, 0xf8, 0xee, 0xf8, 0xee, 0xf8, 0xee, 0xd7, 0xee, 0xf8, 0xee,
    0xf8, 0xee, 0xd7, 0xee, 0xd7, 0xee, 0xf8, 0xee, 0xf8, 0xee, 0xd7, 0xee, 0xf8, 0xee, 0xd7, 0xee,
    0xd7, 0xee, 0xd7, 0xee, 0xd7, 0xee, 0xf8, 0xee, 0xd7, 0xee, 0xd7, 0xee, 0xf8, 0xee, 0xd7, 0xee,
    0xf8, 0xee, 0xf8, 0xee, 0xd7, 0xee, 0xf8, 0xee, 0xf8, 0xee, 0xf8, 0xee, 0xf8, 0xee, 0xf8, 0xee,
    0xf8, 0xee, 0xf8, 0xee, 0xd7, 0xee, 0xd7, 0xee, 0xd7, 0xee, 0xd7, 0xee, 0xd7, 0xee, 0xf8, 0xee,
    0xf8, 0xee, 0xf8, 0xee, 0xf8, 0xee, 0xf8, 0xee, 0xf8, 0xee, 0xd7, 0xee, 0xd7, 0xee, 0xd7, 0xee,
    0xd7, 0xee, 0xf8, 0xee, 0xf8, 0xee, 0xd7, 0xee, 0xf8, 0xee, 0xf8, 0xee, 0xf8, 0xee, 0xf8, 0xee,
    0xd7, 0xee, 0xd7, 0xee, 0xf8, 0xee, 0xd7, 0xee, 0xd7, 0xee, 0xf8, 0xee, 0xf8, 0xee, 0xf8, 0xee,
    0xd7, 0xee, 0xf8, 0xee, 0xd7, 0xee, 0xf8, 0xee, 0xf8, 0xee, 0xf8, 0xee, 0xf8, 0xee, 0xf8, 0xee,
    0xd7, 0xee, 0xd7, 0xee, 0xf8, 0xee, 0xf8, 0xee, 0xf8, 0xee, 0xd7, 0xee, 0xf8, 0xee, 0xd7, 0xee,
    0xf8, 0xee, 0xf8, 0xee, 0xd7, 0xee, 0xf8, 0xee, 0xf8, 0xee, 0xd7, 0xee, 0xd7, 0xee, 0xd7, 0xee,
    0xd7, 0xee, 0xf8, 0xee, 0xd7, 0xee, 0xf8, 0xee, 0xf8, 0xee, 0xf8, 0xee, 0xd7, 0xee, 0xd7, 0xee,
    0xd7, 0xee, 0xd7, 0xee, 0xd7, 0xee, 0xd7, 0xee, 0xd7, 0xee, 0xd7, 0xee, 0xf8, 0xee, 0xd7, 0xee,
    0xf8, 0xee, 0xf8, 0xee, 0xf8, 0xee, 0xf8, 0xee, 0xd7, 0xee, 0xf8, 0xee, 0xf8, 0xee, 0xd7, 0xee,
    0xd7, 0xee, 0xf8, 0xee, 0xd7, 0xee, 0xd7, 0xee, 0xf8, 0xee, 0xf8, 0xee, 0xf8, 0xee, 0xf8, 0xee,
    0xd7, 0xee, 0xf8, 0xee, 0xf8, 0xee, 0xd7, 0xee, 0xf8, 0xee, 0xf8, 0xee, 0xf8, 0xee, 0xf8, 0xee,
    0xf8, 0xee, 0xf8, 0xee, 0xf8, 0xee, 0xf8, 0xee, 0xf8, 0xee, 0xd7, 0xee, 0xd7, 0xee, 0xd7, 0xee,
    0xd7, 0xee, 0xf8, 0xee, 0xf8, 0xee, 0xf8, 0xee, 0xf8, 0xee, 0xf8, 0xee, 0xd7, 0xee, 0xd7, 0xee,
    0xf8, 0xee, 0xf8, 0xee, 0xd7, 0xee, 0xd7, 0xee, 0xf8, 0xee, 0xd7, 0xee, 0xd7, 0xee, 0xf8, 0xee,
    0xf8, 0xee, 0xf8, 0xee, 0xf8, 0xee, 0xf8, 0xee, 0xd7, 0xee, 0xd7, 0xee, 0xf8, 0xee, 0xf8, 0xee,
    0xf8, 0xee, 0xd7, 0xee, 0xd7, 0xee, 0xd7, 0xee, 0xf8, 0xee, 0xf8, 0xee, 0xf8, 0xee, 0xf8, 0xee,
    0xf8, 0xee, 0xf8, 0xee, 0xd7, 0xee, 0xd7, 0xee, 0xf8, 0xee, 0xd7, 0xee, 0xf8, 0xee, 0xf8, 0xee,
    0xf8, 0xee, 0xf8, 0xee, 0xf8, 0xee, 0xf8, 0xee, 0xf8, 0xee, 0xf8, 0xee, 0xf8, 0xee, 0xf8, 0xee,
    0xf8, 0xee, 0xf8, 0xee, 0xf8, 0xee, 0xf8, 0xee, 0xf8, 0xee, 0xd7, 0xee, 0xd7, 0xee, 0xd7, 0xee,
    0xd7, 0xee, 0xf8, 0xee, 0xf8, 0xee, 0xd7, 0xee, 0xf8, 0xee, 0xf8, 0xee, 0xd7, 0xee, 0xf8, 0xee,
    0xd7, 0xee, 0xd7, 0xee, 0xd7, 0xee, 0xd7, 0xee, 0xf8, 0xee, 0xf8, 0xee, 0xf8, 0xee, 0xf8, 0xee,
    0xf8, 0xee, 0xf8, 0xee, 0xf8, 0xee, 0xd7, 0xee, 0xf8, 0xee, 0xd7, 0xee, 0xd7, 0xee, 0xd7, 0xee,
    0xf8, 0xee, 0xd7, 0xee, 0xd7, 0xee, 0xd7, 0xee, 0xf8, 0xee, 0xd7, 0xee, 0xf8, 0xee, 0xf8, 0xee,
    0xf8, 0xee, 0xf8, 0xee, 0xf8, 0xee, 0xf8, 0xee, 0xf8, 0xee, 0xd7, 0xee, 0xf8, 0xee, 0xf8, 0xee,
    0xd7, 0xee, 0xd7, 0xee, 0xd7, 0xee, 0xd7, 0xee, 0xd7, 0xee, 0xf8, 0xee, 0xf8, 0xee, 0xf8, 0xee,
    0xf8, 0xee, 0xf8, 0xee, 0xd7, 0xee, 0xf8, 0xee, 0xf8, 0xee, 0xb6, 0xe6, 0x95, 0xe6, 0xf8, 0xee,
    0xf8, 0xee, 0xf8, 0xee, 0xf8, 0xee, 0xf8, 0xee, 0xf8, 0xee, 0xd7, 0xee, 0xf8, 0xee, 0xd7, 0xee,
    0xd7, 0xee, 0xd7, 0xee, 0xf8, 0xee, 0xf8, 0xee, 0xf8, 0xee, 0xd7, 0xee, 0xd7, 0xee, 0xd7, 0xee,
    0xd7, 0xee, 0xf8, 0xee, 0xf8, 0xee, 0xf8, 0xee, 0xf8, 0xee, 0xf8, 0xee, 0xf8, 0xee, 0xf8, 0xee,
    0xf8, 0xee, 0xf8, 0xee, 0xf8, 0xee, 0xd7, 0xee, 0xd7, 0xee, 0xd7, 0xee, 0xf8, 0xee, 0xf8, 0xee,
    0xf8, 0xee, 0xf8, 0xee, 0xf8, 0xee, 0xf8, 0xee, 0xf8, 0xee, 0xd7, 0xee, 0xd7, 0xee, 0xd7, 0xee,
    0xf8, 0xee, 0xf8, 0xee, 0xf8, 0xee, 0xf8, 0xee, 0xf8, 0xee, 0xd7, 0xee, 0xd7, 0xee, 0xd7, 0xee,
    0xb6, 0xe6, 0xd7, 0xee, 0xf8, 0xee, 0xf8, 0xee, 0xf8, 0xee, 0xf8, 0xee, 0xf8, 0xee, 0xf8, 0xee,
    0xd7, 0xee, 0xd7, 0xee, 0xf8, 0xee, 0xd7, 0xee, 0xf8, 0xee, 0xf8, 0xee, 0xf8, 0xee, 0xd7, 0xee,
    0xf8, 0xee, 0xf8, 0xee, 0xf8, 0xee, 0xf8, 0xee, 0xd7, 0xee, 0xf8, 0xee, 0xd7, 0xee, 0xf8, 0xee,
    0xf8, 0xee, 0xf8, 0xee, 0xf8, 0xee, 0xd7, 0xee, 0xd7, 0xee, 0xd7, 0xee, 0xd7, 0xee, 0xd7, 0xee,
    0xd7, 0xee, 0xd7, 0xee, 0xd7, 0xee, 0xf8, 0xee, 0xf8, 0xee, 0xd7, 0xee, 0xf8, 0xee, 0xd7, 0xee,
    0xf8, 0xee, 0xf8, 0xee, 0xd7, 0xee, 0xd7, 0xee, 0xd7, 0xee, 0xd7, 0xee, 0xf8, 0xee, 0xf8, 0xee,
    0xf8, 0xee, 0xf8, 0xee, 0xf8, 0xee, 0xd7, 0xee, 0xf8, 0xee, 0xf8, 0xee, 0xf8, 0xee, 0xd7, 0xee,
    0xf8, 0xee, 0xf8, 0xee, 0xd7, 0xee, 0xd7, 0xee, 0xf8, 0xee, 0xf8, 0xee, 0xd7, 0xee, 0xf8, 0xee,
    0xf8, 0xee, 0xf8, 0xee, 0xf8, 0xee, 0xf8, 0xee, 0xd7, 0xee, 0xf8, 0xee, 0xf8, 0xee, 0xf8, 0xee,
    0xf8, 0xee, 0xf8, 0xee, 0xf8, 0xee, 0xd7, 0xee, 0xf8, 0xee, 0xd7, 0xee, 0xd7, 0xee, 0xf8, 0xee,
    0xf8, 0xee, 0xf8, 0xee, 0xf8, 0xee, 0xf8, 0xee, 0xf8, 0xee, 0xf8, 0xee, 0xf8, 0xee, 0xd7, 0xee,
    0xd7, 0xee, 0xf8, 0xee, 0xd7, 0xee, 0xd7, 0xee, 0xf8, 0xee, 0xf8, 0xee, 0xd7, 0xee, 0xf8, 0xee,
    0xf8, 0xee, 0xd7, 0xee, 0xf8, 0xee, 0xf8, 0xee, 0xd7, 0xee, 0xd7, 0xee, 0xd7, 0xee, 0xf8, 0xee,
    0xf8, 0xee, 0xd7, 0xee, 0xd7, 0xee, 0xf8, 0xee, 0xd7, 0xee, 0xf8, 0xee, 0xf8, 0xee, 0xf8, 0xee,
    0xd7, 0xee, 0xd7, 0xee, 0xf8, 0xee, 0xf8, 0xee, 0xd7, 0xee, 0xf8, 0xee, 0xf8, 0xee, 0xf8, 0xee,
    0xf8, 0xee, 0xf8, 0xee, 0xf8, 0xee, 0xd7, 0xee, 0xd7, 0xee, 0xd7, 0xee, 0xd7, 0xee, 0xf8, 0xee,
    0xd7, 0xee, 0xf8, 0xee, 0xf8, 0xee, 0xf8, 0xee, 0xf8, 0xee, 0xf8, 0xee, 0xd7, 0xee, 0xd7, 0xee,
    0xf8, 0xee, 0xf8, 0xee, 0xf8, 0xee, 0xf8, 0xee, 0xd7, 0xee, 0xf8, 0xee, 0xf8, 0xee, 0xd7, 0xee,
    0xd7, 0xee, 0xd7, 0xee, 0xd7, 0xee, 0xd7, 0xee, 0xd7, 0xee, 0xf8, 0xee, 0xf8, 0xee, 0xf8, 0xee,
    0xf8, 0xee, 0xd7, 0xee, 0xd7, 0xee, 0xd7, 0xee, 0xd7, 0xee, 0xd7, 0xee, 0xd7, 0xee, 0xd7, 0xee,
    0xd7, 0xee, 0xd7, 0xee, 0xd7, 0xee, 0xd7, 0xee, 0xf8, 0xee, 0xf8, 0xee, 0xf8, 0xee, 0xf8, 0xee,
    0xf8, 0xee, 0xf8, 0xee, 0xf8, 0xee, 0xf8, 0xee, 0xf8, 0xee, 0xd7, 0xee, 0xd7, 0xee, 0xd7, 0xee,
    0xf8, 0xee, 0xf8, 0xee, 0xd7, 0xee, 0xf8, 0xee, 0xf8, 0xee, 0xf8, 0xee, 0xf8, 0xee, 0xf8, 0xee,
    0xf8, 0xee, 0xf8, 0xee, 0xd7, 0xee, 0xf8, 0xee, 0xf8, 0xee, 0xd7, 0xee, 0xb6, 0xe6, 0xf8, 0xee,
    0xf8, 0xee, 0xf8, 0xee, 0xf8, 0xee, 0xf8, 0xee, 0xf8, 0xee, 0xf8, 0xee, 0xd7, 0xee, 0xd7, 0xee,
    0xd7, 0xee, 0xd7, 0xee, 0xd7, 0xee, 0xf8, 0xee, 0xf8, 0xee, 0xd7, 0xee, 0xd7, 0xee, 0xd7, 0xee,
    0xf8, 0xee, 0xf8, 0xee, 0xf8, 0xee, 0xf8, 0xee, 0xf8, 0xee, 0xf8, 0xee, 0xf8, 0xee, 0xf8, 0xee,
    0xf8, 0xee, 0xd7, 0xee, 0xd7, 0xee, 0xd7, 0xee, 0xd7, 0xee, 0xd7, 0xee, 0xf8, 0xee, 0xf8, 0xee,
    0xf8, 0xee, 0xf8, 0xee, 0xf8, 0xee, 0xf8, 0xee, 0xf8, 0xee, 0xf8, 0xee, 0xd7, 0xee, 0xd7, 0xee,
    0xf8, 0xee, 0xf8, 0xee, 0xf8, 0xee, 0xd7, 0xee, 0xd7, 0xee, 0xf8, 0xee, 0xd7, 0xee, 0xd7, 0xee,
    0x75, 0xe6, 0xb6, 0xee, 0xf8, 0xee, 0xd7, 0xee, 0xf8, 0xee, 0xf8, 0xee, 0xf8, 0xee, 0xf8, 0xee,
    0xf8, 0xee, 0xf8, 0xee, 0xf8, 0xee, 0xd7, 0xee, 0xf8, 0xee, 0xf8, 0xee, 0xf8, 0xee, 0xf8, 0xee,
    0xf8, 0xee, 0xf8, 0xee, 0xf8, 0xee, 0xd7, 0xee, 0xd7, 0xee, 0xd7, 0xee, 0xf8, 0xee, 0xf8, 0xee,
    0xf8, 0xee, 0xd7, 0xee, 0xd7, 0xee, 0xd7, 0xee, 0xf8, 0xee, 0xf8, 0xee, 0xf8, 0xee, 0xf8, 0xee,
    0xf8, 0xee, 0xd7, 0xee, 0xd7, 0xee, 0xf8, 0xee, 0xf8, 0xee, 0xd7, 0xee, 0xf8, 0xee, 0xf8, 0xee,
    0xd7, 0xee, 0xf8, 0xee, 0xf8, 0xee, 0xf8, 0xee, 0xd7, 0xee, 0xf8, 0xee, 0xf8, 0xee, 0xf8, 0xee,
    0xf8, 0xee, 0xf8, 0xee, 0xf8, 0xee, 0xf8, 0xee, 0xd7, 0xee, 0xf8, 0xee, 0xf8, 0xee, 0xf8, 0xee,
    0xf8, 0xee, 0xf8, 0xee, 0xf8, 0xee, 0xf8, 0xee, 0xd7, 0xee, 0xd7, 0xee, 0xf8, 0xee, 0xf8, 0xee,
    0xf8, 0xee, 0xf8, 0xee, 0xf8, 0xee, 0xf8, 0xee, 0xd7, 0xee, 0xd7, 0xee, 0xf8, 0xee, 0xf8, 0xee,
    0xf8, 0xee, 0xf8, 0xee, 0xf8, 0xee, 0xf8, 0xee, 0xf8, 0xee, 0xd7, 0xee, 0xd7, 0xee, 0xf8, 0xee,
    0xf8, 0xee, 0xf8, 0xee, 0xf8, 0xee, 0xf8, 0xee, 0xf8, 0xee, 0xf8, 0xee, 0xf8, 0xee, 0xf8, 0xee,
    0xd7, 0xee, 0xd7, 0xee, 0xd7, 0xee, 0xf8, 0xee, 0xf8, 0xee, 0xd7, 0xee, 0xd7, 0xee, 0xf8, 0xee,
    0xd7, 0xee, 0xf8, 0xee, 0xf8, 0xee, 0xf8, 0xee, 0xf8, 0xee, 0xf8, 0xee, 0xd7, 0xee, 0xf8, 0xee,
    0xf8, 0xee, 0xf8, 0xee, 0xf8, 0xee, 0xf8, 0xee, 0xf8, 0xee, 0xf8, 0xee, 0xf8, 0xee, 0xd7, 0xee,
    0xf8, 0xee, 0xf8, 0xee, 0xd7, 0xee, 0xf8, 0xee, 0xf8, 0xee, 0xf8, 0xee, 0xf8, 0xee, 0xf8, 0xee,
    0xf8, 0xee, 0xf8, 0xee, 0xf8, 0xee, 0xd7, 0xee, 0xd7, 0xee, 0xd7, 0xee, 0xd7, 0xee, 0xf8, 0xee,
    0xf8, 0xee, 0xd7, 0xee, 0xd7, 0xee, 0xf8, 0xee, 0xd7, 0xee, 0xd7, 0xee, 0xf8, 0xee, 0xf8, 0xee,
    0xf8, 0xee, 0xf8, 0xee, 0xf8, 0xee, 0xf8, 0xee, 0xf8, 0xee, 0xd7, 0xee, 0xf8, 0xee, 0xf8, 0xee,
    0xf8, 0xee, 0xf8, 0xee, 0xd7, 0xee, 0xf8, 0xee, 0xf8, 0xee, 0xd7, 0xee, 0xf8, 0xee, 0xf8, 0xee,
    0xf8, 0xee, 0xf8, 0xee, 0xd7, 0xee, 0xd7, 0xee, 0xf8, 0xee, 0xf8, 0xee, 0xd7, 0xee, 0xf8, 0xee,
    0xf8, 0xee, 0xd7, 0xee, 0xd7, 0xee, 0xd7, 0xee, 0xd7, 0xee, 0xf8, 0xee, 0xf8, 0xee, 0xf8, 0xee,
    0xf8, 0xee, 0xf8, 0xee, 0xd7, 0xee, 0xf8, 0xee, 0xf8, 0xee, 0xd7, 0xee, 0xd7, 0xee, 0xd7, 0xee,
    0xf8, 0xee, 0xd7, 0xee, 0xd7, 0xee, 0xf8, 0xee, 0xf8, 0xee, 0xf8, 0xee, 0xd7, 0xee, 0xf8, 0xee,
    0xf8, 0xee, 0xd7, 0xee, 0xd7, 0xee, 0xd7, 0xee, 0xd7, 0xee, 0xd7, 0xee, 0xf8, 0xee, 0xd7, 0xee,
    0xd7, 0xee, 0xd7, 0xee, 0xf8, 0xee, 0xf8, 0xee, 0xf8, 0xee, 0xd7, 0xee, 0xf8, 0xee, 0xf8, 0xee,
    0xd7, 0xee, 0xd7, 0xee, 0xd7, 0xee, 0xf8, 0xee, 0xf8, 0xee, 0xd7, 0xee, 0xd7, 0xee, 0xd7, 0xee,
    0xf8, 0xee, 0xd7, 0xee, 0xf8, 0xee, 0xf8, 0xee, 0xf8, 0xee, 0xd7, 0xee, 0xf8, 0xee, 0xf8, 0xee,
    0xd7, 0xee, 0xd7, 0xee, 0xd7, 0xee, 0xd7, 0xee, 0xd7, 0xee, 0xd7, 0xee, 0xf8, 0xee, 0xf8, 0xee,
    0xf8, 0xee, 0xf8, 0xee, 0xf8, 0xee, 0xf8, 0xee, 0xf8, 0xee, 0xf8, 0xee, 0xf8, 0xee, 0xf8, 0xee,
    0xd7, 0xee, 0xf8, 0xee, 0xf8, 0xee, 0xf8, 0xee, 0xf8, 0xee, 0xd7, 0xee, 0xf8, 0xee, 0xd7, 0xee,
    0x95, 0xe6, 0xd7, 0xee, 0xf8, 0xee, 0xd7, 0xee, 0xf8, 0xee, 0xf8, 0xee, 0xf8, 0xee, 0xd7, 0xee,
    0xf8, 0xee, 0xf8, 0xee, 0xd7, 0xee, 0xd7, 0xee, 0xd7, 0xee, 0xf8, 0xee, 0xd7, 0xee, 0xf8, 0xee,
    0xf8, 0xee, 0xd7, 0xee, 0xd7, 0xee, 0xf8, 0xee, 0xd7, 0xee, 0xd7, 0xee, 0xf8, 0xee, 0xf8, 0xee,
    0xf8, 0xee, 0xd7, 0xee, 0xd7, 0xee, 0xd7, 0xee, 0xd7, 0xee, 0xd7, 0xee, 0xf8, 0xee, 0xf8, 0xee,
    0xf8, 0xee, 0xf8, 0xee, 0xf8, 0xee, 0xf8, 0xee, 0xf8, 0xee, 0xd7, 0xee, 0xd7, 0xee, 0xd7, 0xee,
    0xd7, 0xee, 0xf8, 0xee, 0xf8, 0xee, 0xf8, 0xee, 0xd7, 0xee, 0xf8, 0xee, 0xf8, 0xee, 0xf8, 0xee,
    0xd7, 0xee, 0xf8, 0xee, 0xf8, 0xee, 0xf8, 0xee, 0xf8, 0xee, 0xf8, 0xee, 0xf8, 0xee, 0xf8, 0xee,
    0xf8, 0xee, 0xd7, 0xee, 0xf8, 0xee, 0xd7, 0xee, 0xd7, 0xee, 0xd7, 0xee, 0xd7, 0xee, 0xf8, 0xee,
    0xf8, 0xee, 0xf8, 0xee, 0xf8, 0xee, 0xf8, 0xee, 0xf8, 0xee, 0xd7, 0xee, 0xf8, 0xee, 0xd7, 0xee,
    0xd7, 0xee, 0xf8, 0xee, 0xf8, 0xee, 0xf8, 0xee, 0xf8, 0xee, 0xd7, 0xee, 0xf8, 0xee, 0xf8, 0xee,
    0xf8, 0xee, 0xd7, 0xee, 0xf8, 0xee, 0xf8, 0xee, 0xf8, 0xee, 0xf8, 0xee, 0xf8, 0xee, 0xf8, 0xee,
    0xf8, 0xee, 0xd7, 0xee, 0xd7, 0xee, 0xf8, 0xee, 0xd7, 0xee, 0xd7, 0xee, 0xd7, 0xee, 0xd7, 0xee,
    0xd7, 0xee, 0xd7, 0xee, 0xd7, 0xee, 0xd7, 0xee, 0xd7, 0xee, 0xf8, 0xee, 0xf8, 0xee, 0xf8, 0xee,
    0xf8, 0xee, 0xf8, 0xee, 0xf8, 0xee, 0xf8, 0xee, 0xf8, 0xee, 0xf8, 0xee, 0xf8, 0xee, 0xf8, 0xee,
    0xf8, 0xee, 0xf8, 0xee, 0xf8, 0xee, 0xf8, 0xee, 0xf8, 0xee, 0xf8, 0xee, 0xf8, 0xee, 0xf8, 0xee,
    0xf8, 0xee, 0xd7, 0xee, 0xf8, 0xee, 0xf8, 0xee, 0xd7, 0xee, 0xd7, 0xee, 0xd7, 0xee, 0xd7, 0xee,
    0xd7, 0xee, 0xf8, 0xee, 0xd7, 0xee, 0xf8, 0xee, 0xf8, 0xee, 0xf8, 0xee, 0xf8, 0xee, 0xf8, 0xee,
    0xf8, 0xee, 0xf8, 0xee, 0xf8, 0xee, 0xd7, 0xee, 0xd7, 0xee, 0xf8, 0xee, 0xd7, 0xee, 0xd7, 0xee,
    0xf8, 0xee, 0xd7, 0xee, 0xd7, 0xee, 0xf8, 0xee, 0xf8, 0xee, 0xf8, 0xee, 0xf8, 0xee, 0xf8, 0xee,
    0xf8, 0xee, 0xd7, 0xee, 0xd7, 0xee, 0xf8, 0xee, 0xf8, 0xee, 0xf8, 0xee, 0xd7, 0xee, 0xf8, 0xee,
    0xf8, 0xee, 0xd7, 0xee, 0xd7, 0xee, 0xd7, 0xee, 0xd7, 0xee, 0xf8, 0xee, 0xf8, 0xee, 0xd7, 0xee,
    0xd7, 0xee, 0xf8, 0xee, 0xd7, 0xee, 0xf8, 0xee, 0xd7, 0xee, 0xd7, 0xee, 0xd7, 0xee, 0xf8, 0xee,
    0xf8, 0xee, 0xd7, 0xee, 0xd7, 0xee, 0xd7, 0xee, 0xf8, 0xee, 0xf8, 0xee, 0xf8, 0xee, 0xd7, 0xee,
    0xd7, 0xee, 0xd7, 0xee, 0xd7, 0xee, 0xd7, 0xee, 0xf8, 0xee, 0xf8, 0xee, 0xf8, 0xee, 0xf8, 0xee,
    0xd7, 0xee, 0xd7, 0xee, 0xd7, 0xee, 0xd7, 0xee, 0xf8, 0xee, 0xd7, 0xee, 0xd7, 0xee, 0xd7, 0xee,
    0xd7, 0xee, 0xd7, 0xee, 0xd7, 0xee, 0xd7, 0xee, 0xd7, 0xee, 0xd7, 0xee, 0xd7, 0xee, 0xf8, 0xee,
    0xd7, 0xee, 0xd7, 0xee, 0xf8, 0xee, 0xf8, 0xee, 0xd7, 0xee, 0xd7, 0xee, 0xf8, 0xee, 0xd7, 0xee,
    0xd7, 0xee, 0xd7, 0xee, 0xf8, 0xee, 0xf8, 0xee, 0xf8, 0xee, 0xf8, 0xee, 0xd7, 0xee, 0xf8, 0xee,
    0xf8, 0xee, 0xd7, 0xee, 0xd7, 0xee, 0xd7, 0xee, 0xf8, 0xee, 0xf8, 0xee, 0xf8, 0xee, 0xf8, 0xee,
    0xd7, 0xee, 0xf8, 0xee, 0xf8, 0xee, 0xf8, 0xee, 0xf8, 0xee, 0xf8, 0xee, 0xf8, 0xee, 0xd7, 0xee,
    0xd7, 0xee, 0xf8, 0xee, 0xd7, 0xee, 0xf8, 0xee, 0xf8, 0xee, 0xf8, 0xee, 0xf8, 0xee, 0xf8, 0xee,
    0xf8, 0xee, 0xf8, 0xee, 0xf8, 0xee, 0xd7, 0xee, 0xd7, 0xee, 0xd7, 0xee, 0xf8, 0xee, 0xd7, 0xee,
    0xf8, 0xee, 0xd7, 0xee, 0xf8, 0xee, 0xf8, 0xee, 0xd7, 0xee, 0xd7, 0xee, 0xf8, 0xee, 0xf8, 0xee,
    0xf8, 0xee, 0xd7, 0xee, 0xd7, 0xee, 0xf8, 0xee, 0xd7, 0xee, 0xd7, 0xee, 0xf8, 0xee, 0xf8, 0xee,
    0xf8, 0xee, 0xd7, 0xee, 0xf8, 0xee, 0xf8, 0xee, 0xf8, 0xee, 0xd7, 0xee, 0xf8, 0xee, 0xf8, 0xee,
    0xd7, 0xee, 0xf8, 0xee, 0xf8, 0xee, 0xf8, 0xee, 0xf8, 0xee, 0xf8, 0xee, 0xf8, 0xee, 0xf8, 0xee,
    0xd7, 0xee, 0xf8, 0xee, 0xd7, 0xee, 0xf8, 0xee, 0xf8, 0xee, 0xf8, 0xee, 0xf8, 0xee, 0xf8, 0xee,
    0xd7, 0xee, 0xd7, 0xee, 0xd7, 0xee, 0xf8, 0xee, 0xf8, 0xee, 0xd7, 0xee, 0xd7, 0xee, 0xd7, 0xee,
    0xf8, 0xee, 0xf8, 0xee, 0xf8, 0xee, 0xf8, 0xee, 0xf8, 0xee, 0xf8, 0xee, 0xf8, 0xee, 0xf8, 0xee,
    0xd7, 0xee, 0xf8, 0xee, 0xf8, 0xee, 0xf8, 0xee, 0xf8, 0xee, 0xf8, 0xee, 0xd7, 0xee, 0xf8, 0xee,
    0xf8, 0xee, 0xd7, 0xee, 0xf8, 0xee, 0xf8, 0xee, 0xd7, 0xee, 0xf8, 0xee, 0xd7, 0xee, 0xf8, 0xee,
    0xf8, 0xee, 0xd7, 0xee, 0xd7, 0xee, 0xd7, 0xee, 0xf8, 0xee, 0xf8, 0xee, 0xf8, 0xee, 0xf8, 0xee,
    0xf8, 0xee, 0xf8, 0xee, 0xf8, 0xee, 0xf8, 0xee, 0xf8, 0xee, 0xf8, 0xee, 0xf8, 0xee, 0xf8, 0xee,
    0xf8, 0xee, 0xf8, 0xee, 0xf8, 0xee, 0xf8, 0xee, 0xf8, 0xee, 0xf8, 0xee, 0xf8, 0xee, 0xd7, 0xee,
    0xf8, 0xee, 0xf8, 0xee, 0xf8, 0xee, 0xf8, 0xee, 0xf8, 0xee, 0xf8, 0xee, 0xf8, 0xee, 0xf8, 0xee,
    0xd7, 0xee, 0xf8, 0xee, 0xd7, 0xee, 0xd7, 0xee, 0xd7, 0xee, 0xd7, 0xee, 0xf8, 0xee, 0xf8, 0xee,
    0xd7, 0xee, 0xf8, 0xee, 0xf8, 0xee, 0xf8, 0xee, 0xf8, 0xee, 0xf8, 0xee, 0xd7, 0xee, 0xf8, 0xee,
    0xf8, 0xee, 0xd7, 0xee, 0xd7, 0xee, 0xf8, 0xee, 0xf8, 0xee, 0xd7, 0xee, 0xf8, 0xee, 0xf8, 0xee,
    0xf8, 0xee, 0xd7, 0xee, 0xf8, 0xee, 0xf8, 0xee, 0xf8, 0xee, 0xf8, 0xee, 0xf8, 0xee, 0xf8, 0xee,
    0xd7, 0xee, 0xd7, 0xee, 0xf8, 0xee, 0xf8, 0xee, 0xf8, 0xee, 0xf8, 0xee, 0xd7, 0xee, 0xf8, 0xee,
    0xd7, 0xee, 0xd7, 0xee, 0xd7, 0xee, 0xd7, 0xee, 0xd7, 0xee, 0xd7, 0xee, 0xf8, 0xee, 0xf8, 0xee,
    0xf8, 0xee, 0xf8, 0xee, 0xd7, 0xee, 0xf8, 0xee, 0xd7, 0xee, 0xd7, 0xee, 0xf8, 0xee, 0xf8, 0xee,
    0xd7, 0xee, 0xf8, 0xee, 0xf8, 0xee, 0xf8, 0xee, 0xf8, 0xee, 0xf8, 0xee, 0xd7, 0xee, 0xd7, 0xee,
    0xf8, 0xee, 0xf8, 0xee, 0xf8, 0xee, 0xf8, 0xee, 0xd7, 0xee, 0xd7, 0xee, 0xd7, 0xee, 0xf8, 0xee,
    0xd7, 0xee, 0xd7, 0xee, 0xd7, 0xee, 0xd7, 0xee, 0xd7, 0xee, 0xf8, 0xee, 0xd7, 0xee, 0xf8, 0xee,
    0xd7, 0xee, 0xd7, 0xee, 0xd7, 0xee, 0xf8, 0xee, 0xd7, 0xee, 0xd7, 0xee, 0xd7, 0xee, 0xd7, 0xee,
    0xd7, 0xee, 0xf8, 0xee, 0xd7, 0xee, 0xd7, 0xee, 0xd7, 0xee, 0xf8, 0xee, 0xf8, 0xee, 0xd7, 0xee,
    0xd7, 0xee, 0xd7, 0xee, 0xd7, 0xee, 0xf8, 0xee, 0xf8, 0xee, 0xf8, 0xee, 0xd7, 0xee, 0xf8, 0xee,
    0xf8, 0xee, 0xd7, 0xee, 0xd7, 0xee, 0xd7, 0xee, 0xf8, 0xee, 0xf8, 0xee, 0xf8, 0xee, 0xf8, 0xee,
    0xf8, 0xee, 0xf8, 0xee, 0xf8, 0xee, 0xf8, 0xee, 0xf8, 0xee, 0xf8, 0xee, 0xf8, 0xee, 0xf8, 0xee,
    0xd7, 0xee, 0xf8, 0xee, 0xf8, 0xee, 0xd7, 0xee, 0xf8, 0xee, 0xf8, 0xee, 0xd7, 0xee, 0xf8, 0xee,
    0xf8, 0xee, 0xf8, 0xee, 0xf8, 0xee, 0xf8, 0xee, 0xd7, 0xee, 0xf8, 0xee, 0xf8, 0xee, 0xd7, 0xee,
    0xf8, 0xee, 0xf8, 0xee, 0xd7, 0xee, 0xd7, 0xee, 0xd7, 0xee, 0xf8, 0xee, 0xf8, 0xee, 0xf8, 0xee,
    0xf8, 0xee, 0xd7, 0xee, 0xd7, 0xee, 0xf8, 0xee, 0xf8, 0xee, 0xf8, 0xee, 0xd7, 0xee, 0xf8, 0xee,
    0xd7, 0xee, 0xd7, 0xee, 0xf8, 0xee, 0xf8, 0xee, 0xf8, 0xee, 0xf8, 0xee, 0xf8, 0xee, 0xf8, 0xee,
    0xf8, 0xee, 0xf8, 0xee, 0xf8, 0xee, 0xf8, 0xee, 0xf8, 0xee, 0xf8, 0xee, 0xd7, 0xee, 0xd7, 0xee,
    0xd7, 0xee, 0xf8, 0xee, 0xf8, 0xee, 0xf8, 0xee, 0xf8, 0xee, 0xd7, 0xee, 0xf8, 0xee, 0xf8, 0xee,
    0xf8, 0xee, 0xf8, 0xee, 0xf8, 0xee, 0xf8, 0xee, 0xf8, 0xee, 0xf8, 0xee, 0xf8, 0xee, 0xf8, 0xee,
    0xf8, 0xee, 0xd7, 0xee, 0xd7, 0xee, 0xf8, 0xee, 0xf8, 0xee, 0xf8, 0xee, 0xd7, 0xee, 0xd7, 0xee,
    0xd7, 0xee, 0xf8, 0xee, 0xd7, 0xee, 0xf8, 0xee, 0xf8, 0xee, 0xf8, 0xee, 0xd7, 0xee, 0xd7, 0xee,
    0xf8, 0xee, 0xf8, 0xee, 0xd7, 0xee, 0xf8, 0xee, 0xd7, 0xee, 0xd7, 0xee, 0xd7, 0xee, 0xf8, 0xee,
    0xd7, 0xee, 0xd7, 0xee, 0xf8, 0xee, 0xd7, 0xee, 0xf8, 0xee, 0xf8, 0xee, 0xf8, 0xee, 0xf8, 0xee,
    0xf8, 0xee, 0xf8, 0xee, 0xf8, 0xee, 0xf8, 0xee, 0xf8, 0xee, 0xf8, 0xee, 0xf8, 0xee, 0xf8, 0xee,
    0xf8, 0xee, 0xf8, 0xee, 0xd7, 0xee, 0xf8, 0xee, 0xf8, 0xee, 0xd7, 0xee, 0xf8, 0xee, 0xd7, 0xee,
    0xd7, 0xee, 0xf8, 0xee, 0xf8, 0xee, 0xd7, 0xee, 0xd7, 0xee, 0xf8, 0xee, 0xf8, 0xee, 0xf8, 0xee,
    0xf8, 0xee, 0xf8, 0xee, 0xf8, 0xee, 0xf8, 0xee, 0xf8, 0xee, 0xd7, 0xee, 0xd7, 0xee, 0xf8, 0xee,
    0xd7, 0xee, 0xd7, 0xee, 0xf8, 0xee, 0xf8, 0xee, 0xd7, 0xee, 0xf8, 0xee, 0xf8, 0xee, 0xd7, 0xee,
    0xf8, 0xee, 0xf8, 0xee, 0xf8, 0xee, 0xf8, 0xee, 0xf8, 0xee, 0xf8, 0xee, 0xf8, 0xee, 0xd7, 0xee,
    0xf8, 0xee, 0xf8, 0xee, 0xf8, 0xee, 0xf8, 0xee, 0xd7, 0xee, 0xd7, 0xee, 0xd7, 0xee, 0xd7, 0xee,
    0xd7, 0xee, 0xf8, 0xee, 0xf8, 0xee, 0xf8, 0xee, 0xf8, 0xee, 0xf8, 0xee, 0xf8, 0xee, 0xf8, 0xee,
    0xd7, 0xee, 0xd7, 0xee, 0xd7, 0xee, 0xf8, 0xee, 0xd7, 0xee, 0xd7, 0xee, 0xf8, 0xee, 0xf8, 0xee,
    0xd7, 0xee, 0xd7, 0xee, 0xf8, 0xee, 0xf8, 0xee, 0xd7, 0xee, 0xd7, 0xee, 0xf8, 0xee, 0xd7, 0xee,
    0xd7, 0xee, 0xd7, 0xee, 0xf8, 0xee, 0xf8, 0xee, 0xf8, 0xee, 0xf8, 0xee, 0xd7, 0xee, 0xd7, 0xee,
    0xd7, 0xee, 0xd7, 0xee, 0xf8, 0xee, 0xd7, 0xee, 0xd7, 0xee, 0xd7, 0xee, 0xf8, 0xee, 0xd7, 0xee,
    0xd7, 0xee, 0xd7, 0xee, 0xd7, 0xee, 0xd7, 0xee, 0xd7, 0xee, 0xf8, 0xee, 0xf8, 0xee, 0xf8, 0xee,
    0xd7, 0xee, 0xd7, 0xee, 0xd7, 0xee, 0xd7, 0xee, 0xf8, 0xee, 0xd7, 0xee, 0xd7, 0xee, 0xd7, 0xee,
    0xf8, 0xee, 0xf8, 0xee, 0xf8, 0xee, 0xd7, 0xee, 0xf8, 0xee, 0xf8, 0xee, 0xf8, 0xee, 0xd7, 0xee,
    0xd7, 0xee, 0xf8, 0xee, 0xd7, 0xee, 0xf8, 0xee, 0xf8, 0xee, 0xf8, 0xee, 0xf8, 0xee, 0xd7, 0xee,
    0xd7, 0xee, 0xd7, 0xee, 0xf8, 0xee, 0xf8, 0xee, 0xf8, 0xee, 0xf8, 0xee, 0xf8, 0xee, 0xf8, 0xee,
    0xf8, 0xee, 0xf8, 0xee, 0xf8, 0xee, 0xf8, 0xee, 0xf8, 0xee, 0xd7, 0xee, 0xf8, 0xee, 0xf8, 0xee,
    0xf8, 0xee, 0xd7, 0xee, 0xf8, 0xee, 0xd7, 0xee, 0xd7, 0xee, 0xf8, 0xee, 0xd7, 0xee, 0xf8, 0xee,
    0xf8, 0xee, 0xf8, 0xee, 0xf8, 0xee, 0xf8, 0xee, 0xf8, 0xee, 0xf8, 0xee, 0xf8, 0xee, 0xf8, 0xee,
    0xf8, 0xee, 0xf8, 0xee, 0xd7, 0xee, 0xd7, 0xee, 0xd7, 0xee, 0xf8, 0xee, 0xf8, 0xee, 0xf8, 0xee,
    0xf8, 0xee, 0xd7, 0xee, 0xd7, 0xee, 0xf8, 0xee, 0xf8, 0xee, 0xd7, 0xee, 0xf8, 0xee, 0xf8, 0xee,
    0xd7, 0xee, 0xd7, 0xee, 0xf8, 0xee, 0xf8, 0xee, 0xf8, 0xee, 0xd7, 0xee, 0xf8, 0xee, 0xf8, 0xee,
    0xf8, 0xee, 0xd7, 0xee, 0xd7, 0xee, 0xf8, 0xee, 0xd7, 0xee, 0xf8, 0xee, 0xf8, 0xee, 0xf8, 0xee,
    0xd7, 0xee, 0xf8, 0xee, 0xf8, 0xee, 0xf8, 0xee, 0xf8, 0xee, 0xf8, 0xee, 0xf8, 0xee, 0xf8, 0xee,
    0xf8, 0xee, 0xf8, 0xee, 0xf8, 0xee, 0xf8, 0xee, 0xf8, 0xee, 0xd7, 0xee, 0xd7, 0xee, 0xf8, 0xee,
    0xd7, 0xee, 0xd7, 0xee, 0xd7, 0xee, 0xf8, 0xee, 0xf8, 0xee, 0xf8, 0xee, 0xf8, 0xee, 0xf8, 0xee,
    0xd7, 0xee, 0xf8, 0xee, 0xf8, 0xee, 0xf8, 0xee, 0xf8, 0xee, 0xf8, 0xee, 0xf8, 0xee, 0xd7, 0xee,
    0xf8, 0xee, 0xf8, 0xee, 0xf8, 0xee, 0xd7, 0xee, 0xd7, 0xee, 0xf8, 0xee, 0xf8, 0xee, 0xd7, 0xee,
    0xf8, 0xee, 0xf8, 0xee, 0xf8, 0xee, 0xd7, 0xee, 0xd7, 0xee, 0xf8, 0xee, 0xf8, 0xee, 0xf8, 0xee,
    0xf8, 0xee, 0xf8, 0xee, 0xf8, 0xee, 0xd7, 0xee, 0xd7, 0xee, 0xf8, 0xee, 0xf8, 0xee, 0xf8, 0xee,
    0xf8, 0xee, 0xf8, 0xee, 0xf8, 0xee, 0xf8, 0xee, 0xd7, 0xee, 0xd7, 0xee, 0xf8, 0xee, 0xd7, 0xee,
    0xf8, 0xee, 0xf8, 0xee, 0xf8, 0xee, 0xd7, 0xee, 0xd7, 0xee, 0xd7, 0xee, 0xd7, 0xee, 0xd7, 0xee,
    0xf8, 0xee, 0xf8, 0xee, 0xf8, 0xee, 0xd7, 0xee, 0xf8, 0xee, 0xf8, 0xee, 0xf8, 0xee, 0xf8, 0xee,
    0xf8, 0xee, 0xf8, 0xee, 0xd7, 0xee, 0xf8, 0xee, 0xf8, 0xee, 0xd7, 0xee, 0xd7, 0xee, 0xd7, 0xee,
    0xf8, 0xee, 0xf8, 0xee, 0xf8, 0xee, 0xf8, 0xee, 0xf8, 0xee, 0xf8, 0xee, 0xf8, 0xee, 0xf8, 0xee,
    0xd7, 0xee, 0xd7, 0xee, 0xd7, 0xee, 0xf8, 0xee, 0xf8, 0xee, 0xd7, 0xee, 0xd7, 0xee, 0xd7, 0xee,
    0xf8, 0xee, 0xd7, 0xee, 0xd7, 0xee, 0xf8, 0xee, 0xf8, 0xee, 0xd7, 0xee, 0xd7, 0xee, 0xf8, 0xee,
    0xd7, 0xee, 0xd7, 0xee, 0xd7, 0xee, 0xd7, 0xee, 0xd7, 0xee, 0xd7, 0xee, 0xf8, 0xee, 0xf8, 0xee,
    0xd7, 0xee, 0xf8, 0xee, 0xf8, 0xee, 0xd7, 0xee, 0xd7, 0xee, 0xf8, 0xee, 0xd7, 0xee, 0xf8, 0xee,
    0xf8, 0xee, 0xd7, 0xee, 0xf8, 0xee, 0xf8, 0xee, 0xd7, 0xee, 0xf8, 0xee, 0xd7, 0xee, 0xd7, 0xee,
    0xd7, 0xee, 0xd7, 0xee, 0xd7, 0xee, 0xd7, 0xee, 0xd7, 0xee, 0xd7, 0xee, 0xf8, 0xee, 0xf8, 0xee,
    0xd7, 0xee, 0xf8, 0xee, 0xf8, 0xee, 0xd7, 0xee, 0xd7, 0xee, 0xf8, 0xee, 0xf8, 0xee, 0xf8, 0xee,
    0xd7, 0xee, 0xf8, 0xee, 0xd7, 0xee, 0xd7, 0xee, 0xf8, 0xee, 0xd7, 0xee, 0xd7, 0xee, 0xd7, 0xee,
    0xf8, 0xee, 0xf8, 0xee, 0xd7, 0xee, 0xd7, 0xee, 0xf8, 0xee, 0xf8, 0xee, 0xf8, 0xee, 0xf8, 0xee,
    0xf8, 0xee, 0xf8, 0xee, 0xd7, 0xee, 0xd7, 0xee, 0xf8, 0xee, 0xd7, 0xee, 0xd7, 0xee, 0xf8, 0xee,
    0xd7, 0xee, 0xb6, 0xe6, 0xd7, 0xee, 0xf8, 0xee, 0xf8, 0xee, 0xf8, 0xee, 0xf8, 0xee, 0xf8, 0xee,
    0xf8, 0xee, 0xf8, 0xee, 0xf8, 0xee, 0xf8, 0xee, 0xf8, 0xee, 0xf8, 0xee, 0xf8, 0xee, 0xf8, 0xee,
    0xd7, 0xee, 0xd7, 0xee, 0xf8, 0xee, 0xd7, 0xee, 0xd7, 0xee, 0xd7, 0xee, 0xf8, 0xee, 0xf8, 0xee,
    0xf8, 0xee, 0xf8, 0xee, 0xf8, 0xee, 0xf8, 0xee, 0xd7, 0xee, 0xd7, 0xee, 0xf8, 0xee, 0xd7, 0xee,
    0xf8, 0xee, 0xf8, 0xee, 0xf8, 0xee, 0xd7, 0xee, 0xd7, 0xee, 0xf8, 0xee, 0xd7, 0xee, 0xd7, 0xee,
    0xd7, 0xee, 0xb6, 0xe6, 0xd7, 0xee, 0xf8, 0xee, 0xf8, 0xee, 0xf8, 0xee, 0xf8, 0xee, 0xf8, 0xee,
    0xf8, 0xee, 0xf8, 0xee, 0xf8, 0xee, 0xd7, 0xee, 0xf8, 0xee, 0xf8, 0xee, 0xd7, 0xee, 0xd7, 0xee,
    0xd7, 0xee, 0xd7, 0xee, 0xd7, 0xee, 0xd7, 0xee, 0xf8, 0xee, 0xf8, 0xee, 0xf8, 0xee, 0xf8, 0xee,
    0xf8, 0xee, 0xf8, 0xee, 0xf8, 0xee, 0xf8, 0xee, 0xf8, 0xee, 0xf8, 0xee, 0xf8, 0xee, 0xf8, 0xee,
    0xf8, 0xee, 0xd7, 0xee, 0xf8, 0xee, 0xf8, 0xee, 0xf8, 0xee, 0xd7, 0xee, 0xd7, 0xee, 0xf8, 0xee,
    0xd7, 0xee, 0xd7, 0xee, 0xd7, 0xee, 0xd7, 0xee, 0xf8, 0xee, 0xf8, 0xee, 0xf8, 0xee, 0xf8, 0xee,
    0xf8, 0xee, 0xf8, 0xee, 0xf8, 0xee, 0xd7, 0xee, 0xf8, 0xee, 0xf8, 0xee, 0xd7, 0xee, 0xd7, 0xee,
    0xd7, 0xee, 0xd7, 0xee, 0xd7, 0xee, 0xf8, 0xee, 0xf8, 0xee, 0xf8, 0xee, 0xf8, 0xee, 0xf8, 0xee,
    0xd7, 0xee, 0xd7, 0xee, 0xd7, 0xee, 0xd7, 0xee, 0xd7, 0xee, 0xd7, 0xee, 0xd7, 0xee, 0xf8, 0xee,
    0xf8, 0xee, 0xd7, 0xee, 0xd7, 0xee, 0xf8, 0xee, 0xd7, 0xee, 0xd7, 0xee, 0xf8, 0xee, 0xf8, 0xee,
    0xd7, 0xee, 0xf8, 0xee, 0xd7, 0xee, 0xd7, 0xee, 0xd7, 0xee, 0xf8, 0xee, 0xf8, 0xee, 0xf8, 0xee,
    0xf8, 0xee, 0xd7, 0xee, 0xd7, 0xee, 0xd7, 0xee, 0xf8, 0xee, 0xf8, 0xee, 0xf8, 0xee, 0xf8, 0xee,
    0xf8, 0xee, 0xf8, 0xee, 0xd7, 0xee, 0xf8, 0xee, 0xf8, 0xee, 0xf8, 0xee, 0xf8, 0xee, 0xf8, 0xee,
    0xf8, 0xee, 0xf8, 0xee, 0xd7, 0xee, 0xf8, 0xee, 0xf8, 0xee, 0xd7, 0xee, 0xd7, 0xee, 0xd7, 0xee,
    0xd7, 0xee, 0xd7, 0xee, 0xf8, 0xee, 0xf8, 0xee, 0xd7, 0xee, 0xf8, 0xee, 0xf8, 0xee, 0xf8, 0xee,
    0xf8, 0xee, 0xf8, 0xee, 0xd7, 0xee, 0xd7, 0xee, 0xd7, 0xee, 0xf8, 0xee, 0xf8, 0xee, 0xf8, 0xee,
    0xd7, 0xee, 0xd7, 0xee, 0xf8, 0xee, 0xf8, 0xee, 0xd7, 0xee, 0xd7, 0xee, 0xd7, 0xee, 0xf8, 0xee,
    0xd7, 0xee, 0xd7, 0xee, 0xf8, 0xee, 0xd7, 0xee, 0xd7, 0xee, 0xf8, 0xee, 0xf8, 0xee, 0xd7, 0xee,
    0xf8, 0xee, 0xf8, 0xee, 0xd7, 0xee, 0xd7, 0xee, 0xd7, 0xee, 0xf8, 0xee, 0xf8, 0xee, 0xd7, 0xee,
    0xd7, 0xee, 0xd7, 0xee, 0xf8, 0xee, 0xf8, 0xee, 0xd7, 0xee, 0xd7, 0xee, 0xd7, 0xee, 0xd7, 0xee,
    0xf8, 0xee, 0xd7, 0xee, 0xd7, 0xee, 0xf8, 0xee, 0xf8, 0xee, 0xf8, 0xee, 0xf8, 0xee, 0xd7, 0xee,
    0xd7, 0xee, 0xf8, 0xee, 0xf8, 0xee, 0xd7, 0xee, 0xd7, 0xee, 0xf8, 0xee, 0xd7, 0xee, 0xd7, 0xee,
    0xf8, 0xee, 0xd7, 0xee, 0xd7, 0xee, 0xf8, 0xee, 0xd7, 0xee, 0xf8, 0xee, 0xf8, 0xee, 0xf8, 0xee,
    0xd7, 0xee, 0xf8, 0xee, 0xf8, 0xee, 0xf8, 0xee, 0xf8, 0xee, 0xf8, 0xee, 0xf8, 0xee, 0xd7, 0xee,
    0xf8, 0xee, 0xf8, 0xee, 0xd7, 0xee, 0xd7, 0xee, 0xf8, 0xee, 0xf8, 0xee, 0xd7, 0xee, 0xf8, 0xee,
    0xd7, 0xee, 0xd7, 0xee, 0xd7, 0xee, 0xd7, 0xee, 0xf8, 0xee, 0xf8, 0xee, 0xf8, 0xee, 0xf8, 0xee,
    0xf8, 0xee, 0xf8, 0xee, 0xf8, 0xee, 0xf8, 0xee, 0xf8, 0xee, 0xf8, 0xee, 0xf8, 0xee, 0xd7, 0xee,
    0xf8, 0xee, 0xd7, 0xee, 0xd7, 0xee, 0xf8, 0xee, 0xd7, 0xee, 0xd7, 0xee, 0xd7, 0xee, 0xd7, 0xee,
    0xd7, 0xee, 0xd7, 0xee, 0xf8, 0xee, 0xf8, 0xee, 0xd7, 0xee, 0xd7, 0xee, 0xd7, 0xee, 0xd7, 0xee,
    0xf8, 0xee, 0xf8, 0xee, 0xf8, 0xee, 0xd7, 0xee, 0xd7, 0xee, 0xf8, 0xee, 0xd7, 0xee, 0xd7, 0xee,
    0xd7, 0xee, 0xd7, 0xee, 0xd7, 0xee, 0xd7, 0xee, 0xd7, 0xee, 0xf8, 0xee, 0xd7, 0xee, 0xd7, 0xee,
    0xf8, 0xee, 0xd7, 0xee, 0xd7, 0xee, 0xf8, 0xee, 0xf8, 0xee, 0xf8, 0xee, 0xd7, 0xee, 0xd7, 0xee,
    0xd7, 0xee, 0xd7, 0xee, 0xf8, 0xee, 0xf8, 0xee, 0xd7, 0xee, 0xd7, 0xee, 0xf8, 0xee, 0xd7, 0xee,
    0xd7, 0xee, 0xd7, 0xee, 0xd7, 0xee, 0xf8, 0xee, 0xf8, 0xee, 0xf8, 0xee, 0xf8, 0xee, 0xf8, 0xee,
    0xf8, 0xee, 0xf8, 0xee, 0xd7, 0xee, 0xf8, 0xee, 0xd7, 0xee, 0xd7, 0xee, 0xd7, 0xee, 0xd7, 0xee,
    0xd7, 0xee, 0xf8, 0xee, 0xf8, 0xee, 0xd7, 0xee, 0xd7, 0xee, 0xf8, 0xee, 0xf8, 0xee, 0xf8, 0xee,
    0xf8, 0xee, 0xd7, 0xee, 0xf8, 0xee, 0xf8, 0xee, 0xf8, 0xee, 0xf8, 0xee, 0xf8, 0xee, 0xf8, 0xee,
    0xf8, 0xee, 0xd7, 0xee, 0xd7, 0xee, 0xf8, 0xee, 0xd7, 0xee, 0xf8, 0xee, 0xf8, 0xee, 0xf8, 0xee,
    0xd7, 0xee, 0xd7, 0xee, 0xd7, 0xee, 0xf8, 0xee, 0xf8, 0xee, 0xd7, 0xee, 0xd7, 0xee, 0xf8, 0xee,
    0xf8, 0xee, 0xf8, 0xee, 0xd7, 0xee, 0xf8, 0xee, 0xd7, 0xee, 0xd7, 0xee, 0xf8, 0xee, 0xf8, 0xee,
    0xf8, 0xee, 0xd7, 0xee, 0xd7, 0xee, 0xd7, 0xee, 0xf8, 0xee, 0xf8, 0xee, 0xf8, 0xee, 0xd7, 0xee,
    0xd7, 0xee, 0xb6, 0xe6, 0xd7, 0xee, 0xd7, 0xee, 0xf8, 0xee, 0xf8, 0xee, 0xf8, 0xee, 0xf8, 0xee,
    0xf8, 0xee, 0xf8, 0xee, 0xd7, 0xee, 0xf8, 0xee, 0xd7, 0xee, 0xf8, 0xee, 0xf8, 0xee, 0xf8, 0xee,
    0xd7, 0xee, 0xf8, 0xee, 0xf8, 0xee, 0xf8, 0xee, 0xf8, 0xee, 0xd7, 0xee, 0xf8, 0xee, 0xd7, 0xee,
    0xd7, 0xee, 0xd7, 0xee, 0xf8, 0xee, 0xf8, 0xee, 0xf8, 0xee, 0xf8, 0xee, 0xf8, 0xee, 0xf8, 0xee,
    0xd7, 0xee, 0xf8, 0xee, 0xf8, 0xee, 0xf8, 0xee, 0xd7, 0xee, 0xf8, 0xee, 0xf8, 0xee, 0xd7, 0xee,
    0xd7, 0xee, 0xf8, 0xee, 0xf8, 0xee, 0xd7, 0xee, 0xd7, 0xee, 0xd7, 0xee, 0xd7, 0xee, 0xd7, 0xee,
    0xd7, 0xee, 0xf8, 0xee, 0xf8, 0xee, 0xf8, 0xee, 0xd7, 0xee, 0xf8, 0xee, 0xf8, 0xee, 0xd7, 0xee,
    0xf8, 0xee, 0xf8, 0xee, 0xd7, 0xee, 0xd7, 0xee, 0xd7, 0xee, 0xf8, 0xee, 0xf8, 0xee, 0xd7, 0xee,
    0xd7, 0xee, 0xf8, 0xee, 0xf8, 0xee, 0xf8, 0xee, 0xd7, 0xee, 0xd7, 0xee, 0xd7, 0xee, 0xd7, 0xee,
    0xd7, 0xee, 0xd7, 0xee, 0xd7, 0xee, 0xd7, 0xee, 0xd7, 0xee, 0xf8, 0xee, 0xd7, 0xee, 0xd7, 0xee,
    0xd7, 0xee, 0xf8, 0xee, 0xd7, 0xee, 0xd7, 0xee, 0xf8, 0xee, 0xd7, 0xee, 0xd7, 0xee, 0xd7, 0xee,
    0xf8, 0xee, 0xf8, 0xee, 0xf8, 0xee, 0xf8, 0xee, 0xf8, 0xee, 0xf8, 0xee, 0xf8, 0xee, 0xd7, 0xee,
    0xd7, 0xee, 0xd7, 0xee, 0xd7, 0xee, 0xf8, 0xee, 0xf8, 0xee, 0xf8, 0xee, 0xf8, 0xee, 0xf8, 0xee,
    0xf8, 0xee, 0xf8, 0xee, 0xf8, 0xee, 0xf8, 0xee, 0xf8, 0xee, 0xd7, 0xee, 0xd7, 0xee, 0xd7, 0xee,
    0xf8, 0xee, 0xf8, 0xee, 0xf8, 0xee, 0xf8, 0xee, 0xd7, 0xee, 0xd7, 0xee, 0xf8, 0xee, 0xf8, 0xee,
    0xf8, 0xee, 0xd7, 0xee, 0xd7, 0xee, 0xd7, 0xee, 0xf8, 0xee, 0xf8, 0xee, 0xf8, 0xee, 0xf8, 0xee,
    0xd7, 0xee, 0xd7, 0xee, 0xd7, 0xee, 0xd7, 0xee, 0xd7, 0xee, 0xd7, 0xee, 0xd7, 0xee, 0xf8, 0xee,
    0xd7, 0xee, 0xf8, 0xee, 0xd7, 0xee, 0xf8, 0xee, 0xf8, 0xee, 0xd7, 0xee, 0xd7, 0xee, 0xd7, 0xee,
    0xf8, 0xee, 0xf8, 0xee, 0xd7, 0xee, 0xd7, 0xee, 0xd7, 0xee, 0xf8, 0xee, 0xd7, 0xee, 0xd7, 0xee,
    0xd7, 0xee, 0xf8, 0xee, 0xd7, 0xee, 0xd7, 0xee, 0xd7, 0xee, 0xf8, 0xee, 0xd7, 0xee, 0xd7, 0xee,
    0xf8, 0xee, 0xd7, 0xee, 0xd7, 0xee, 0xf8, 0xee, 0xd7, 0xee, 0xf8, 0xee, 0xd7, 0xee, 0xd7, 0xee,
    0xd7, 0xee, 0xd7, 0xee, 0xd7, 0xee, 0xf8, 0xee, 0xf8, 0xee, 0xf8, 0xee, 0xf8, 0xee, 0xd7, 0xee,
    0xf8, 0xee, 0xf8, 0xee, 0xb6, 0xe6, 0xd7, 0xee, 0xf8, 0xee, 0xf8, 0xee, 0xf8, 0xee, 0xf8, 0xee,
    0xf8, 0xee, 0xf8, 0xee, 0xf8, 0xee, 0xd7, 0xee, 0xd7, 0xee, 0xd7, 0xee, 0xd7, 0xee, 0xd7, 0xee,
    0xd7, 0xee, 0xf8, 0xee, 0xf8, 0xee, 0xf8, 0xee, 0xd7, 0xee, 0xd7, 0xee, 0xf8, 0xee, 0xd7, 0xee,
    0xd7, 0xee, 0xf8, 0xee, 0xf8, 0xee, 0xf8, 0xee, 0xd7, 0xee, 0xd7, 0xee, 0xd7, 0xee, 0xf8, 0xee,
    0xf8, 0xee, 0xf8, 0xee, 0xf8, 0xee, 0xf8, 0xee, 0xd7, 0xee, 0xf8, 0xee, 0xf8, 0xee, 0xf8, 0xee,
    0xd7, 0xee, 0xd7, 0xee, 0xd7, 0xee, 0xf8, 0xee, 0xf8, 0xee, 0xd7, 0xee, 0xd7, 0xee, 0xd7, 0xee,
    0xf8, 0xee, 0xd7, 0xee, 0xd7, 0xee, 0xf8, 0xee, 0xd7, 0xee, 0xd7, 0xee, 0xd7, 0xee, 0xd7, 0xee,
    0xf8, 0xee, 0xf8, 0xee, 0xf8, 0xee, 0xd7, 0xee, 0xd7, 0xee, 0xd7, 0xee, 0xd7, 0xee, 0xd7, 0xee,
    0xf8, 0xee, 0xf8, 0xee, 0xf8, 0xee, 0xf8, 0xee, 0xf8, 0xee, 0xf8, 0xee, 0xf8, 0xee, 0xf8, 0xee,
    0xf8, 0xee, 0xf8, 0xee, 0xf8, 0xee, 0xf8, 0xee, 0xf8, 0xee, 0xf8, 0xee, 0xd7, 0xee, 0xd7, 0xee,
    0xd7, 0xee, 0xd7, 0xee, 0xd7, 0xee, 0xd7, 0xee, 0xf8, 0xee, 0xd7, 0xee, 0xd7, 0xee, 0xf8, 0xee,
    0xd7, 0xee, 0xd7, 0xee, 0xf8, 0xee, 0xf8, 0xee, 0xf8, 0xee, 0xd7, 0xee, 0xf8, 0xee, 0xf8, 0xee,
    0xf8, 0xee, 0xd7, 0xee, 0xd7, 0xee, 0xf8, 0xee, 0xf8, 0xee, 0xd7, 0xee, 0xf8, 0xee, 0xd7, 0xee,
    0xf8, 0xee, 0xd7, 0xee, 0xd7, 0xee, 0xd7, 0xee, 0xd7, 0xee, 0xd7, 0xee, 0xd7, 0xee, 0xd7, 0xee,
    0xf8, 0xee, 0xf8, 0xee, 0xf8, 0xee, 0xf8, 0xee, 0xd7, 0xee, 0xd7, 0xee, 0xf8, 0xee, 0xf8, 0xee,
    0xd7, 0xee, 0xd7, 0xee, 0xd7, 0xee, 0xd7, 0xee, 0xd7, 0xee, 0xd7, 0xee, 0xd7, 0xee, 0xd7, 0xee,
    0xd7, 0xee, 0xf8, 0xee, 0xf8, 0xee, 0xd7, 0xee, 0xd7, 0xee, 0xf8, 0xee, 0xf8, 0xee, 0xf8, 0xee,
    0xd7, 0xee, 0xd7, 0xee, 0xf8, 0xee, 0xd7, 0xee, 0xf8, 0xee, 0xf8, 0xee, 0xd7, 0xee, 0xf8, 0xee,
    0xf8, 0xee, 0xf8, 0xee, 0xf8, 0xee, 0xd7, 0xee, 0xf8, 0xee, 0xf8, 0xee, 0xf8, 0xee, 0xf8, 0xee,
    0xf8, 0xee, 0xf8, 0xee, 0xf8, 0xee, 0xf8, 0xee, 0xf8, 0xee, 0xf8, 0xee, 0xd7, 0xee, 0xf8, 0xee,
    0xd7, 0xee, 0xd7, 0xee, 0xf8, 0xee, 0xd7, 0xee, 0xf8, 0xee, 0xf8, 0xee, 0xf8, 0xee, 0xf8, 0xee,
    0xf8, 0xee, 0xf8, 0xee, 0xf8, 0xee, 0xf8, 0xee, 0xd7, 0xee, 0xd7, 0xee, 0xd7, 0xee, 0xd7, 0xee,
    0xd7, 0xee, 0xf8, 0xee, 0xd7, 0xee, 0xf8, 0xee, 0xf8, 0xee, 0xf8, 0xee, 0xd7, 0xee, 0xd7, 0xee,
    0xd7, 0xee, 0xd7, 0xee, 0xd7, 0xee, 0xd7, 0xee, 0xd7, 0xee, 0xd7, 0xee, 0xf8, 0xee, 0xd7, 0xee,
    0xd7, 0xee, 0xd7, 0xee, 0xd7, 0xee, 0xd7, 0xee, 0xd7, 0xee, 0xd7, 0xee, 0xd7, 0xee, 0xf8, 0xee,
    0xf8, 0xee, 0xf8, 0xee, 0xf8, 0xee, 0xf8, 0xee, 0xf8, 0xee, 0xd7, 0xee, 0xd7, 0xee, 0xd7, 0xee,
    0xf8, 0xee, 0xf8, 0xee, 0xd7, 0xee, 0xd7, 0xee, 0xd7, 0xee, 0xf8, 0xee, 0xd7, 0xee, 0xd7, 0xee,
    0xd7, 0xee, 0xf8, 0xee, 0xd7, 0xee, 0xd7, 0xee, 0xf8, 0xee, 0xf8, 0xee, 0xd7, 0xee, 0xd7, 0xee,
    0xf8, 0xee, 0xf8, 0xee, 0xd7, 0xee, 0xf8, 0xee, 0xf8, 0xee, 0xd7, 0xee, 0xd7, 0xee, 0xd7, 0xee,
    0xf8, 0xee, 0xd7, 0xee, 0xd7, 0xee, 0xf8, 0xee, 0xf8, 0xee, 0xf8, 0xee, 0xf8, 0xee, 0xf8, 0xee,
    0xf8, 0xee, 0xd7, 0xee, 0xf8, 0xee, 0xd7, 0xee, 0xd7, 0xee, 0xf8, 0xee, 0xd7, 0xee, 0xd7, 0xee,
    0xf8, 0xee, 0xf8, 0xee, 0xd7, 0xee, 0xf8, 0xee, 0xd7, 0xee, 0xd7, 0xee, 0xd7, 0xee, 0xd7, 0xee,
    0xd7, 0xee, 0xd7, 0xee, 0xd7, 0xee, 0xf8, 0xee, 0xd7, 0xee, 0xd7, 0xee, 0xf8, 0xee, 0xf8, 0xee,
    0xd7, 0xee, 0xd7, 0xee, 0xf8, 0xee, 0xd7, 0xee, 0xf8, 0xee, 0xf8, 0xee, 0xf8, 0xee, 0xd7, 0xee,
    0xd7, 0xee, 0xf8, 0xee, 0xf8, 0xee, 0xd7, 0xee, 0xd7, 0xee, 0xf8, 0xee, 0xf8, 0xee, 0xf8, 0xee,
    0xf8, 0xee, 0xd7, 0xee, 0xf8, 0xee, 0xf8, 0xee, 0xf8, 0xee, 0xf8, 0xee, 0xf8, 0xee, 0xd7, 0xee,
    0xd7, 0xee, 0xf8, 0xee, 0xf8, 0xee, 0xf8, 0xee, 0xf8, 0xee, 0xd7, 0xee, 0xf8, 0xee, 0xf8, 0xee,
    0xd7, 0xee, 0xd7, 0xee, 0xd7, 0xee, 0xb6, 0xe6, 0xb6, 0xee, 0xd7, 0xee, 0xd7, 0xee, 0xf8, 0xee,
    0xf8, 0xee, 0xf8, 0xee, 0xf8, 0xee, 0xf8, 0xee, 0xf8, 0xee, 0xf8, 0xee, 0xf8, 0xee, 0xf8, 0xee,
    0xf8, 0xee, 0xf8, 0xee, 0xf8, 0xee, 0xf8, 0xee, 0xd7, 0xee, 0xd7, 0xee, 0xd7, 0xee, 0xd7, 0xee,
    0xd7, 0xee, 0xf8, 0xee, 0xd7, 0xee, 0xd7, 0xee, 0xf8, 0xee, 0xf8, 0xee, 0xf8, 0xee, 0xd7, 0xee,
    0xd7, 0xee, 0xf8, 0xee, 0xf8, 0xee, 0xf8, 0xee, 0xf8, 0xee, 0xd7, 0xee, 0xd7, 0xee, 0xf8, 0xee,
    0xd7, 0xee, 0xd7, 0xee, 0xd7, 0xee, 0xd7, 0xee, 0xd7, 0xee, 0xd7, 0xee, 0xf8, 0xee, 0xd7, 0xee,
    0xd7, 0xee, 0xf8, 0xee, 0xd7, 0xee, 0xd7, 0xee, 0xd7, 0xee, 0xd7, 0xee, 0xd7, 0xee, 0xd7, 0xee,
    0xd7, 0xee, 0xf8, 0xee, 0xf8, 0xee, 0xf8, 0xee, 0xf8, 0xee, 0xf8, 0xee, 0xf8, 0xee, 0xf8, 0xee,
    0xf8, 0xee, 0xd7, 0xee, 0xf8, 0xee, 0xf8, 0xee, 0xd7, 0xee, 0xd7, 0xee, 0xf8, 0xee, 0xd7, 0xee,
    0xf8, 0xee, 0xf8, 0xee, 0xd7, 0xee, 0xd7, 0xee, 0xd7, 0xee, 0xf8, 0xee, 0xf8, 0xee, 0xf8, 0xee,
    0xf8, 0xee, 0xf8, 0xee, 0xf8, 0xee, 0xf8, 0xee, 0xf8, 0xee, 0xf8, 0xee, 0xd7, 0xee, 0xf8, 0xee,
    0xf8, 0xee, 0xf8, 0xee, 0xf8, 0xee, 0xf8, 0xee, 0xd7, 0xee, 0xd7, 0xee, 0xd7, 0xee, 0xf8, 0xee,
    0xf8, 0xee, 0xf8, 0xee, 0xf8, 0xee, 0xd7, 0xee, 0xd7, 0xee, 0xd7, 0xee, 0xd7, 0xee, 0xf8, 0xee,
    0xd7, 0xee, 0xd7, 0xee, 0xf8, 0xee, 0xd7, 0xee, 0xd7, 0xee, 0xf8, 0xee, 0xf8, 0xee, 0xf8, 0xee,
    0xf8, 0xee, 0xf8, 0xee, 0xf8, 0xee, 0xf8, 0xee, 0xf8, 0xee, 0xd7, 0xee, 0xd7, 0xee, 0xd7, 0xee,
    0xd7, 0xee, 0xf8, 0xee, 0xf8, 0xee, 0xf8, 0xee, 0xd7, 0xee, 0xf8, 0xee, 0xf8, 0xee, 0xf8, 0xee,
    0xf8, 0xee, 0xf8, 0xee, 0xd7, 0xee, 0xd7, 0xee, 0xd7, 0xee, 0xd7, 0xee, 0xd7, 0xee, 0xd7, 0xee,
    0xd7, 0xee, 0xd7, 0xee, 0xd7, 0xee, 0xd7, 0xee, 0xd7, 0xee, 0xd7, 0xee, 0xd7, 0xee, 0xd7, 0xee,
    0xf8, 0xee, 0xf8, 0xee, 0xd7, 0xee, 0xd7, 0xee, 0xd7, 0xee, 0xd7, 0xee, 0xd7, 0xee, 0xd7, 0xee,
    0xf8, 0xee, 0xf8, 0xee, 0xd7, 0xee, 0xd7, 0xee, 0xd7, 0xee, 0xd7, 0xee, 0xf8, 0xee, 0xf8, 0xee,
    0xd7, 0xee, 0xf8, 0xee, 0xf8, 0xee, 0xd7, 0xee, 0xf8, 0xee, 0xf8, 0xee, 0xf8, 0xee, 0xf8, 0xee,
    0xf8, 0xee, 0xf8, 0xee, 0xf8, 0xee, 0xf8, 0xee, 0xf8, 0xee, 0xd7, 0xee, 0xd7, 0xee, 0xf8, 0xee,
    0xf8, 0xee, 0xf8, 0xee, 0xf8, 0xee, 0xf8, 0xee, 0xd7, 0xee, 0xd7, 0xee, 0xd7, 0xee, 0xd7, 0xee,
    0xf8, 0xee, 0xd7, 0xee, 0xf8, 0xee, 0xf8, 0xee, 0xb6, 0xe6, 0xd7, 0xee, 0xd7, 0xee, 0xf8, 0xee,
    0xf8, 0xee, 0xf8, 0xee, 0xf8, 0xee, 0xf8, 0xee, 0xd7, 0xee, 0xf8, 0xee, 0xf8, 0xee, 0xd7, 0xee,
    0xd7, 0xee, 0xd7, 0xee, 0xd7, 0xee, 0xf8, 0xee, 0xd7, 0xee, 0xd7, 0xee, 0xf8, 0xee, 0xf8, 0xee,
    0xd7, 0xee, 0xf8, 0xee, 0xf8, 0xee, 0xd7, 0xee, 0xd7, 0xee, 0xd7, 0xee, 0xd7, 0xee, 0xd7, 0xee,
    0xd7, 0xee, 0xd7, 0xee, 0xd7, 0xee, 0xd7, 0xee, 0xf8, 0xee, 0xf8, 0xee, 0xf8, 0xee, 0xf8, 0xee,
    0xf8, 0xee, 0xd7, 0xee, 0xf8, 0xee, 0xf8, 0xee, 0xd7, 0xee, 0xf8, 0xee, 0xf8, 0xee, 0xf8, 0xee,
    0xd7, 0xee, 0xd7, 0xee, 0xf8, 0xee, 0xf8, 0xee, 0xf8, 0xee, 0xd7, 0xee, 0xd7, 0xee, 0xb6, 0xee,
    0xb6, 0xee, 0xb6, 0xe6, 0xd7, 0xee, 0xd7, 0xee, 0xf8, 0xee, 0xf8, 0xee, 0xf8, 0xee, 0xd7, 0xee,
    0xf8, 0xee, 0xf8, 0xee, 0xd7, 0xee, 0xf8, 0xee, 0xf8, 0xee, 0xf8, 0xee, 0xf8, 0xee, 0xf8, 0xee,
    0xf8, 0xee, 0xf8, 0xee, 0xf8, 0xee, 0xf8, 0xee, 0xf8, 0xee, 0xf8, 0xee, 0xf8, 0xee, 0xd7, 0xee,
    0xf8, 0xee, 0xf8, 0xee, 0xd7, 0xee, 0xd7, 0xee, 0xf8, 0xee, 0xf8, 0xee, 0xf8, 0xee, 0xf8, 0xee,
    0xd7, 0xee, 0xf8, 0xee, 0xf8, 0xee, 0xd7, 0xee, 0xf8, 0xee, 0xf8, 0xee, 0xf8, 0xee, 0xd7, 0xee,
    0xd7, 0xee, 0xd7, 0xee, 0xd7, 0xee, 0xf8, 0xee, 0xd7, 0xee, 0xf8, 0xee, 0xf8, 0xee, 0xd7, 0xee,
    0xd7, 0xee, 0xf8, 0xee, 0xf8, 0xee, 0xd7, 0xee, 0xd7, 0xee, 0xd7, 0xee, 0xd7, 0xee, 0xd7, 0xee,
    0xd7, 0xee, 0xf8, 0xee, 0xf8, 0xee, 0xd7, 0xee, 0xd7, 0xee, 0xf8, 0xee, 0xf8, 0xee, 0xd7, 0xee,
    0xf8, 0xee, 0xd7, 0xee, 0xf8, 0xee, 0xf8, 0xee, 0xf8, 0xee, 0xf8, 0xee, 0xf8, 0xee, 0xf8, 0xee,
    0xf8, 0xee, 0xf8, 0xee, 0xd7, 0xee, 0xf8, 0xee, 0xd7, 0xee, 0xd7, 0xee, 0xd7, 0xee, 0xf8, 0xee,
    0xf8, 0xee, 0xf8, 0xee, 0xf8, 0xee, 0xf8, 0xee, 0xd7, 0xee, 0xf8, 0xee, 0xf8, 0xee, 0xf8, 0xee,
    0xf8, 0xee, 0xf8, 0xee, 0xd7, 0xee, 0xf8, 0xee, 0xd7, 0xee, 0xd7, 0xee, 0xf8, 0xee, 0xf8, 0xee,
    0xf8, 0xee, 0xf8, 0xee, 0xf8, 0xee, 0xf8, 0xee, 0xf8, 0xee, 0xd7, 0xee, 0xd7, 0xee, 0xd7, 0xee,
    0xd7, 0xee, 0xf8, 0xee, 0xf8, 0xee, 0xf8, 0xee, 0xd7, 0xee, 0xf8, 0xee, 0xf8, 0xee, 0xf8, 0xee,
    0xf8, 0xee, 0xd7, 0xee, 0xd7, 0xee, 0xf8, 0xee, 0xd7, 0xee, 0xd7, 0xee, 0xd7, 0xee, 0xd7, 0xee,
    0xd7, 0xee, 0xf8, 0xee, 0xf8, 0xee, 0xd7, 0xee, 0xd7, 0xee, 0xf8, 0xee, 0xd7, 0xee, 0xf8, 0xee,
    0xf8, 0xee, 0xf8, 0xee, 0xd7, 0xee, 0xf8, 0xee, 0xf8, 0xee, 0xd7, 0xee, 0xd7, 0xee, 0xd7, 0xee,
    0xd7, 0xee, 0xd7, 0xee, 0xd7, 0xee, 0xd7, 0xee, 0xd7, 0xee, 0xd7, 0xee, 0xd7, 0xee, 0xd7, 0xee,
    0xd7, 0xee, 0xd7, 0xee, 0xd7, 0xee, 0xd7, 0xee, 0xd7, 0xee, 0xf8, 0xee, 0xd7, 0xee, 0xd7, 0xee,
    0xd7, 0xee, 0xd7, 0xee, 0xf8, 0xee, 0xd7, 0xee, 0xd7, 0xee, 0xf8, 0xee, 0xd7, 0xee, 0xd7, 0xee,
    0xf8, 0xee, 0xd7, 0xee, 0xd7, 0xee, 0xd7, 0xee, 0xd7, 0xee, 0xd7, 0xee, 0xf8, 0xee, 0xd7, 0xee,
    0xd7, 0xee, 0xf8, 0xee, 0xf8, 0xee, 0xf8, 0xee, 0xf8, 0xee, 0xf8, 0xee, 0xd7, 0xee, 0xf8, 0xee,
    0xd7, 0xee, 0xf8, 0xee, 0xf8, 0xee, 0xd7, 0xee, 0xf8, 0xee, 0xf8, 0xee, 0xd7, 0xee, 0xd7, 0xee,
    0xf8, 0xee, 0xf8, 0xee, 0xd7, 0xee, 0xf8, 0xee, 0xd7, 0xee, 0xd7, 0xee, 0xf8, 0xee, 0xf8, 0xee,
    0xf8, 0xee, 0xf8, 0xee, 0xf8, 0xee, 0xf8, 0xee, 0xf8, 0xee, 0xf8, 0xee, 0xd7, 0xee, 0xd7, 0xee,
    0xd7, 0xee, 0xd7, 0xee, 0xd7, 0xee, 0xf8, 0xee, 0xd7, 0xee, 0xd7, 0xee, 0xf8, 0xee, 0xf8, 0xee,
    0xd7, 0xee, 0xf8, 0xee, 0xf8, 0xee, 0xf8, 0xee, 0xd7, 0xee, 0xd7, 0xee, 0xf8, 0xee, 0xf8, 0xee,
    0xf8, 0xee, 0xd7, 0xee, 0xd7, 0xee, 0xf8, 0xee, 0xf8, 0xee, 0xd7, 0xee, 0xf8, 0xee, 0xf8, 0xee,
    0xf8, 0xee, 0xd7, 0xee, 0xd7, 0xee, 0xf8, 0xee, 0xd7, 0xee, 0xf8, 0xee, 0xf8, 0xee, 0xd7, 0xee,
    0xf8, 0xee, 0xf8, 0xee, 0xd7, 0xee, 0xd7, 0xee, 0xd7, 0xee, 0xd7, 0xee, 0xd7, 0xee, 0xd7, 0xee,
    0xd7, 0xee, 0xf8, 0xee, 0xf8, 0xee, 0xf8, 0xee, 0xf8, 0xee, 0xf8, 0xee, 0xf8, 0xee, 0xf8, 0xee,
    0xd7, 0xee, 0xd7, 0xee, 0xd7, 0xee, 0xd7, 0xee, 0xf8, 0xee, 0xf8, 0xee, 0xf8, 0xee, 0xd7, 0xee,
    0xd7, 0xee, 0xf8, 0xee, 0xf8, 0xee, 0xf8, 0xee, 0xf8, 0xee, 0xf8, 0xee, 0xf8, 0xee, 0xf8, 0xee,
    0xf8, 0xee, 0xd7, 0xee, 0xd7, 0xee, 0xf8, 0xee, 0xf8, 0xee, 0xf8, 0xee, 0xf8, 0xee, 0xf8, 0xee,
    0xd7, 0xee, 0xd7, 0xee, 0xd7, 0xee, 0xd7, 0xee, 0xf8, 0xee, 0xf8, 0xee, 0xf8, 0xee, 0xd7, 0xee,
    0xd7, 0xee, 0xd7, 0xee, 0xf8, 0xee, 0xf8, 0xee, 0xf8, 0xee, 0xd7, 0xee, 0xd7, 0xee, 0xd7, 0xee,
    0xf8, 0xee, 0xf8, 0xee, 0xf8, 0xee, 0xf8, 0xee, 0xd7, 0xee, 0xd7, 0xee, 0xf8, 0xee, 0xd7, 0xee,
    0xd7, 0xee, 0xf8, 0xee, 0xf8, 0xee, 0xf8, 0xee, 0xd7, 0xee, 0xd7, 0xee, 0xf8, 0xee, 0xd7, 0xee,
    0xd7, 0xee, 0xf8, 0xee, 0xf8, 0xee, 0xf8, 0xee, 0xf8, 0xee, 0xf8, 0xee, 0xf8, 0xee, 0xf8, 0xee,
    0xf8, 0xee, 0xf8, 0xee, 0xf8, 0xee, 0xf8, 0xee, 0xf8, 0xee, 0xd7, 0xee, 0xd7, 0xee, 0xd7, 0xee,
    0xd7, 0xee, 0xf8, 0xee, 0xf8, 0xee, 0xf8, 0xee, 0xd7, 0xee, 0xd7, 0xee, 0xf8, 0xee, 0xf8, 0xee,
    0xf8, 0xee, 0xf8, 0xee, 0xf8, 0xee, 0xd7, 0xee, 0xd7, 0xee, 0xf8, 0xee, 0xf8, 0xee, 0xf8, 0xee,
    0xf8, 0xee, 0xf8, 0xee, 0xf8, 0xee, 0xd7, 0xee, 0xf8, 0xee, 0xd7, 0xee, 0xd7, 0xee, 0xf8, 0xee,
    0xd7, 0xee, 0xd7, 0xee, 0xd7, 0xee, 0xd7, 0xee, 0xf8, 0xee, 0xf8, 0xee, 0xd7, 0xee, 0xf8, 0xee,
    0xf8, 0xee, 0xd7, 0xee, 0xd7, 0xee, 0xf8, 0xee, 0xd7, 0xee, 0xd7, 0xee, 0xf8, 0xee, 0xd7, 0xee,
    0xd7, 0xee, 0xf8, 0xee, 0xf8, 0xee, 0xf8, 0xee, 0xf8, 0xee, 0xf8, 0xee, 0xd7, 0xee, 0xd7, 0xee,
    0xd7, 0xee, 0xd7, 0xee, 0xf8, 0xee, 0xf8, 0xee, 0xf8, 0xee, 0xf8, 0xee, 0xf8, 0xee, 0xf8, 0xee,
    0xf8, 0xee, 0xd7, 0xee, 0xd7, 0xee, 0xd7, 0xee, 0xd7, 0xee, 0xd7, 0xee, 0xd7, 0xee, 0xd7, 0xee,
    0xf8, 0xee, 0xf8, 0xee, 0xd7, 0xee, 0xd7, 0xee, 0xf8, 0xee, 0xd7, 0xee, 0xd7, 0xee, 0xd7, 0xee,
    0xd7, 0xee, 0xd7, 0xee, 0xf8, 0xee, 0xf8, 0xee, 0xd7, 0xee, 0xd7, 0xee, 0xf8, 0xee, 0xd7, 0xee,
    0xf8, 0xee, 0xd7, 0xee, 0xd7, 0xee, 0xd7, 0xee, 0xd7, 0xee, 0xd7, 0xee, 0xf8, 0xee, 0xf8, 0xee,
    0xd7, 0xee, 0xd7, 0xee, 0xf8, 0xee, 0xf8, 0xee, 0xf8, 0xee, 0xd7, 0xee, 0xd7, 0xee, 0xd7, 0xee,
    0xf8, 0xee, 0xf8, 0xee, 0xd7, 0xee, 0xd7, 0xee, 0xf8, 0xee, 0xf8, 0xee, 0xf8, 0xee, 0xf8, 0xee,
    0xf8, 0xee, 0xf8, 0xee, 0xf8, 0xee, 0xf8, 0xee, 0xf8, 0xee, 0xd7, 0xee, 0xd7, 0xee, 0xf8, 0xee,
    0xf8, 0xee, 0xf8, 0xee, 0xf8, 0xee, 0xd7, 0xee, 0xf8, 0xee, 0xf8, 0xee, 0xf8, 0xee, 0xf8, 0xee,
    0xd7, 0xee, 0xd7, 0xee, 0xd7, 0xee, 0xd7, 0xee, 0xd7, 0xee, 0xd7, 0xee, 0xf8, 0xee, 0xf8, 0xee,
    0xd7, 0xee, 0xf8, 0xee, 0xf8, 0xee, 0xd7, 0xee, 0xd7, 0xee, 0xd7, 0xee, 0xf8, 0xee, 0xd7, 0xee,
    0xf8, 0xee, 0xf8, 0xee, 0xf8, 0xee, 0xd7, 0xee, 0xf8, 0xee, 0xf8, 0xee, 0xd7, 0xee, 0xf8, 0xee,
    0xd7, 0xee, 0xd7, 0xee, 0xf8, 0xee, 0xd7, 0xee, 0xd7, 0xee, 0xd7, 0xee, 0xf8, 0xee, 0xf8, 0xee,
    0xd7, 0xee, 0xd7, 0xee, 0xd7, 0xee, 0xd7, 0xee, 0xf8, 0xee, 0xf8, 0xee, 0xf8, 0xee, 0xf8, 0xee,
    0xf8, 0xee, 0xf8, 0xee, 0xf8, 0xee, 0xf8, 0xee, 0xf8, 0xee, 0xf8, 0xee, 0xf8, 0xee, 0xf8, 0xee,
    0xf8, 0xee, 0xf8, 0xee, 0xd7, 0xee, 0xd7, 0xee, 0xf8, 0xee, 0xf8, 0xee, 0xf8, 0xee, 0xd7, 0xee,
    0xf8, 0xee, 0xf8, 0xee, 0xf8, 0xee, 0xf8, 0xee, 0xf8, 0xee, 0xf8, 0xee, 0xf8, 0xee, 0xf8, 0xee,
    0xf8, 0xee, 0xf8, 0xee, 0xf8, 0xee, 0xf8, 0xee, 0xf8, 0xee, 0xf8, 0xee, 0xf8, 0xee, 0xf8, 0xee,
    0xf8, 0xee, 0xd7, 0xee, 0xd7, 0xee, 0xf8, 0xee, 0xd7, 0xee, 0xf8, 0xee, 0xf8, 0xee, 0xf8, 0xee,
    0xd7, 0xee, 0xf8, 0xee, 0xf8, 0xee, 0xf8, 0xee, 0xf8, 0xee, 0xd7, 0xee, 0xd7, 0xee, 0xf8, 0xee,
    0xf8, 0xee, 0xf8, 0xee, 0xf8, 0xee, 0xf8, 0xee, 0xd7, 0xee, 0xd7, 0xee, 0xf8, 0xee, 0xf8, 0xee,
    0xd7, 0xee, 0xd7, 0xee, 0xf8, 0xee, 0xf8, 0xee, 0xd7, 0xee, 0xd7, 0xee, 0xd7, 0xee, 0xf8, 0xee,
    0xd7, 0xee, 0xd7, 0xee, 0xf8, 0xee, 0xf8, 0xee, 0xd7, 0xee, 0xf8, 0xee, 0xf8, 0xee, 0xf8, 0xee,
    0xf8, 0xee, 0xf8, 0xee, 0xf8, 0xee, 0xf8, 0xee, 0xf8, 0xee, 0xf8, 0xee, 0xd7, 0xee, 0xd7, 0xee,
    0xd7, 0xee, 0xd7, 0xee, 0xf8, 0xee, 0xf8, 0xee, 0xd7, 0xee, 0xd7, 0xee, 0xf8, 0xee, 0xf8, 0xee,
    0xf8, 0xee, 0xf8, 0xee, 0xf8, 0xee, 0xf8, 0xee, 0xf8, 0xee, 0xf8, 0xee, 0xf8, 0xee, 0xf8, 0xee,
    0xf8, 0xee, 0xd7, 0xee, 0xd7, 0xee, 0xf8, 0xee, 0xf8, 0xee, 0xd7, 0xee, 0xd7, 0xee, 0xd7, 0xee,
    0xf8, 0xee, 0xd7, 0xee, 0xf8, 0xee, 0xf8, 0xee, 0xf8, 0xee, 0xf8, 0xee, 0xf8, 0xee, 0xf8, 0xee,
    0xf8, 0xee, 0xd7, 0xee, 0xf8, 0xee, 0xf8, 0xee, 0xd7, 0xee, 0xd7, 0xee, 0xf8, 0xee, 0xd7, 0xee,
    0xd7, 0xee, 0xd7, 0xee, 0xd7, 0xee, 0xf8, 0xee, 0xf8, 0xee, 0xd7, 0xee, 0xf8, 0xee, 0xf8, 0xee,
    0xf8, 0xee, 0xf8, 0xee, 0xf8, 0xee, 0xf8, 0xee, 0xf8, 0xee, 0xd7, 0xee, 0xd7, 0xee, 0xd7, 0xee,
    0xd7, 0xee, 0xf8, 0xee, 0xf8, 0xee, 0xd7, 0xee, 0xd7, 0xee, 0xd7, 0xee, 0xd7, 0xee, 0xd7, 0xee,
    0xf8, 0xee, 0xf8, 0xee, 0xf8, 0xee, 0xd7, 0xee, 0xf8, 0xee, 0xf8, 0xee, 0xd7, 0xee, 0xd7, 0xee,
    0xd7, 0xee, 0xd7, 0xee, 0xd7, 0xee, 0xf8, 0xee, 0xf8, 0xee, 0xd7, 0xee, 0xf8, 0xee, 0xf8, 0xee,
    0xf8, 0xee, 0xf8, 0xee, 0xf8, 0xee, 0xf8, 0xee, 0xf8, 0xee, 0xf8, 0xee, 0xf8, 0xee, 0xf8, 0xee,
    0xf8, 0xee, 0xd7, 0xee, 0xf8, 0xee, 0xd7, 0xee, 0xf8, 0xee, 0xd7, 0xee, 0xd7, 0xee, 0xd7, 0xee,
    0xf8, 0xee, 0xf8, 0xee, 0xf8, 0xee, 0xf8, 0xee, 0xf8, 0xee, 0xf8, 0xee, 0xf8, 0xee, 0xf8, 0xee,
    0xf8, 0xee, 0xf8, 0xee, 0xf8, 0xee, 0xf8, 0xee, 0xf8, 0xee, 0xf8, 0xee, 0xd7, 0xee, 0xd7, 0xee,
    0xf8, 0xee, 0xd7, 0xee, 0xf8, 0xee, 0xf8, 0xee, 0xf8, 0xee, 0xf8, 0xee, 0xf8, 0xee, 0xf8, 0xee,
    0xf8, 0xee, 0xd7, 0xee, 0xd7, 0xee, 0xd7, 0xee, 0xd7, 0xee, 0xd7, 0xee, 0xf8, 0xee, 0xf8, 0xee,
    0xf8, 0xee, 0xf8, 0xee, 0xf8, 0xee, 0xd7, 0xee, 0xd7, 0xee, 0xd7, 0xee, 0xf8, 0xee, 0xf8, 0xee,
    0xd7, 0xee, 0xf8, 0xee, 0xd7, 0xee, 0xf8, 0xee, 0xf8, 0xee, 0xf8, 0xee, 0xd7, 0xee, 0xf8, 0xee,
    0xf8, 0xee, 0xf8, 0xee, 0xf8, 0xee, 0xd7, 0xee, 0xd7, 0xee, 0xd7, 0xee, 0xf8, 0xee, 0xd7, 0xee,
    0xd7, 0xee, 0xd7, 0xee, 0xf8, 0xee, 0xd7, 0xee, 0xf8, 0xee, 0xd7, 0xee, 0xd7, 0xee, 0xf8, 0xee,
    0xf8, 0xee, 0xd7, 0xee, 0xf8, 0xee, 0xd7, 0xee, 0xf8, 0xee, 0xf8, 0xee, 0xf8, 0xee, 0xf8, 0xee,
    0xd7, 0xee, 0xf8, 0xee, 0xd7, 0xee, 0xd7, 0xee, 0xf8, 0xee, 0xf8, 0xee, 0xd7, 0xee, 0xd7, 0xee,
    0xf8, 0xee, 0xf8, 0xee, 0xf8, 0xee, 0xf8, 0xee, 0xf8, 0xee, 0xf8, 0xee, 0xf8, 0xee, 0xf8, 0xee,
    0xf8, 0xee, 0xf8, 0xee, 0xf8, 0xee, 0xf8, 0xee, 0xf8, 0xee, 0xf8, 0xee, 0xd7, 0xee, 0xd7, 0xee,
    0xf8, 0xee, 0xf8, 0xee, 0xf8, 0xee, 0xf8, 0xee, 0xf8, 0xee, 0xf8, 0xee, 0xf8, 0xee, 0xf8, 0xee,
    0xd7, 0xee, 0xd7, 0xee, 0xf8, 0xee, 0xf8, 0xee, 0xf8, 0xee, 0xf8, 0xee, 0xf8, 0xee, 0xf8, 0xee,
    0xd7, 0xee, 0xd7, 0xee, 0xf8, 0xee, 0xd7, 0xee, 0xd7, 0xee, 0xd7, 0xee, 0xf8, 0xee, 0xf8, 0xee,
    0xd7, 0xee, 0xd7, 0xee, 0xd7, 0xee, 0xf8, 0xee, 0xd7, 0xee, 0xd7, 0xee, 0xf8, 0xee, 0xf8, 0xee,
    0xd7, 0xee, 0xd7, 0xee, 0xf8, 0xee, 0xf8, 0xee, 0xd7, 0xee, 0xf8, 0xee, 0xf8, 0xee, 0xf8, 0xee,
    0xf8, 0xee, 0xf8, 0xee, 0xf8, 0xee, 0xf8, 0xee, 0xf8, 0xee, 0xd7, 0xee, 0xd7, 0xee, 0xf8, 0xee,
    0xf8, 0xee, 0xd7, 0xee, 0xf8, 0xee, 0xf8, 0xee, 0xf8, 0xee, 0xd7, 0xee, 0xf8, 0xee, 0xf8, 0xee,
    0xf8, 0xee, 0xf8, 0xee, 0xf8, 0xee, 0xf8, 0xee, 0xd7, 0xee, 0xf8, 0xee, 0xf8, 0xee, 0xf8, 0xee,
    0xf8, 0xee, 0xd7, 0xee, 0xd7, 0xee, 0xd7, 0xee, 0xf8, 0xee, 0xd7, 0xee, 0xd7, 0xee, 0xd7, 0xee,
    0xf8, 0xee, 0xf8, 0xee, 0xf8, 0xee, 0xf8, 0xee, 0xf8, 0xee, 0xf8, 0xee, 0xd7, 0xee, 0xf8, 0xee,
    0xf8, 0xee, 0xf8, 0xee, 0xd7, 0xee, 0xd7, 0xee, 0xf8, 0xee, 0xd7, 0xee, 0xd7, 0xee, 0xf8, 0xee,
    0xd7, 0xee, 0xd7, 0xee, 0xf8, 0xee, 0xf8, 0xee, 0xf8, 0xee, 0xf8, 0xee, 0xd7, 0xee, 0xd7, 0xee,
    0xd7, 0xee, 0xf8, 0xee, 0xd7, 0xee, 0xd7, 0xee, 0xf8, 0xee, 0xd7, 0xee, 0xf8, 0xee, 0xd7, 0xee,
    0xd7, 0xee, 0xf8, 0xee, 0xf8, 0xee, 0xf8, 0xee, 0xd7, 0xee, 0xd7, 0xee, 0xd7, 0xee, 0xd7, 0xee,
    0xd7, 0xee, 0xf8, 0xee, 0xd7, 0xee, 0xf8, 0xee, 0xf8, 0xee, 0xf8, 0xee, 0xf8, 0xee, 0xd7, 0xee,
    0xd7, 0xee, 0xd7, 0xee, 0xd7, 0xee, 0xd7, 0xee, 0xd7, 0xee, 0xd7, 0xee, 0xd7, 0xee, 0xf8, 0xee,
    0xf8, 0xee, 0xd7, 0xee, 0xf8, 0xee, 0xf8, 0xee, 0xd7, 0xee, 0xd7, 0xee, 0xf8, 0xee, 0xf8, 0xee,
    0xd7, 0xee, 0xf8, 0xee, 0xf8, 0xee, 0xf8, 0xee, 0xf8, 0xee, 0xf8, 0xee, 0xd7, 0xee, 0xd7, 0xee,
    0xd7, 0xee, 0xd7, 0xee, 0xd7, 0xee, 0xd7, 0xee, 0xd7, 0xee, 0xd7, 0xee, 0xf8, 0xee, 0xf8, 0xee,
    0xf8, 0xee, 0xf8, 0xee, 0xf8, 0xee, 0xf8, 0xee, 0xf8, 0xee, 0xf8, 0xee, 0xf8, 0xee, 0xf8, 0xee,
    0xd7, 0xee, 0xd7, 0xee, 0xd7, 0xee, 0xf8, 0xee, 0xf8, 0xee, 0xf8, 0xee, 0xf8, 0xee, 0xf8, 0xee,
    0xf8, 0xee, 0xf8, 0xee, 0xf8, 0xee, 0xd7, 0xee, 0xf8, 0xee, 0xf8, 0xee, 0xf8, 0xee, 0xf8, 0xee,
    0xf8, 0xee, 0xf8, 0xee, 0xf8, 0xee, 0xf8, 0xee, 0xd7, 0xee, 0xd7, 0xee, 0xf8, 0xee, 0xf8, 0xee,
    0xd7, 0xee, 0xf8, 0xee, 0xf8, 0xee, 0xf8, 0xee, 0xf8, 0xee, 0xf8, 0xee, 0xf8, 0xee, 0xf8, 0xee,
    0xf8, 0xee, 0xf8, 0xee, 0xf8, 0xee, 0xf8, 0xee, 0xd7, 0xee, 0xd7, 0xee, 0xd7, 0xee, 0xf8, 0xee,
    0xf8, 0xee, 0xf8, 0xee, 0xd7, 0xee, 0xd7, 0xee, 0xd7, 0xee, 0xd7, 0xee, 0xd7, 0xee, 0xd7, 0xee,
    0xd7, 0xee, 0xd7, 0xee, 0xd7, 0xee, 0xd7, 0xee, 0xf8, 0xee, 0xd7, 0xee, 0xf8, 0xee, 0xf8, 0xee,
    0xf8, 0xee, 0xd7, 0xee, 0xf8, 0xee, 0xf8, 0xee, 0xf8, 0xee, 0xf8, 0xee, 0xf8, 0xee, 0xd7, 0xee,
    0xf8, 0xee, 0xf8, 0xee, 0xf8, 0xee, 0xf8, 0xee, 0xf8, 0xee, 0xf8, 0xee, 0xf8, 0xee, 0xf8, 0xee,
    0xf8, 0xee, 0xf8, 0xee, 0xf8, 0xee, 0xf8, 0xee, 0xf8, 0xee, 0xf8, 0xee, 0xf8, 0xee, 0xf8, 0xee,
    0xf8, 0xee, 0xf8, 0xee, 0xf8, 0xee, 0xf8, 0xee, 0xf8, 0xee, 0xf8, 0xee, 0xf8, 0xee, 0xf8, 0xee,
    0xd7, 0xee, 0xf8, 0xee, 0xf8, 0xee, 0xf8, 0xee, 0xf8, 0xee, 0xf8, 0xee, 0xf8, 0xee, 0xf8, 0xee,
    0xd7, 0xee, 0xd7, 0xee, 0xf8, 0xee, 0xf8, 0xee, 0xd7, 0xee, 0xd7, 0xee, 0xd7, 0xee, 0xd7, 0xee,
    0xd7, 0xee, 0xf8, 0xee, 0xf8, 0xee, 0xd7, 0xee, 0xd7, 0xee, 0xd7, 0xee, 0xd7, 0xee, 0xf8, 0xee,
    0xf8, 0xee, 0xd7, 0xee, 0xf8, 0xee, 0xd7, 0xee, 0xd7, 0xee, 0xf8, 0xee, 0xf8, 0xee, 0xf8, 0xee,
    0xf8, 0xee, 0xf8, 0xee, 0xd7, 0xee, 0xf8, 0xee, 0xf8, 0xee, 0xd7, 0xee, 0xd7, 0xee, 0xd7, 0xee,
    0xf8, 0xee, 0xd7, 0xee, 0xf8, 0xee, 0xf8, 0xee, 0xf8, 0xee, 0xd7, 0xee, 0xd7, 0xee, 0xd7, 0xee,
    0xd7, 0xee, 0xd7, 0xee, 0xd7, 0xee, 0xd7, 0xee, 0xd7, 0xee, 0xd7, 0xee, 0xf8, 0xee, 0xf8, 0xee,
    0xf8, 0xee, 0xd7, 0xee, 0xd7, 0xee, 0xd7, 0xee, 0xf8, 0xee, 0xf8, 0xee, 0xd7, 0xee, 0xf8, 0xee,
    0xf8, 0xee, 0xf8, 0xee, 0xf8, 0xee, 0xd7, 0xee, 0xf8, 0xee, 0xf8, 0xee, 0xf8, 0xee, 0xf8, 0xee,
    0xf8, 0xee, 0xf8, 0xee, 0xf8, 0xee, 0xd7, 0xee, 0xd7, 0xee, 0xd7, 0xee, 0xd7, 0xee, 0xd7, 0xee,
    0xd7, 0xee, 0xd7, 0xee, 0xf8, 0xee, 0xd7, 0xee, 0xf8, 0xee, 0xf8, 0xee, 0xd7, 0xee, 0xd7, 0xee,
    0xd7, 0xee, 0xf8, 0xee, 0xd7, 0xee, 0xd7, 0xee, 0xd7, 0xee, 0xf8, 0xee, 0xf8, 0xee, 0xf8, 0xee,
    0xd7, 0xee, 0xf8, 0xee, 0xf8, 0xee, 0xf8, 0xee, 0xf8, 0xee, 0xd7, 0xee, 0xd7, 0xee, 0xd7, 0xee,
    0xd7, 0xee, 0xf8, 0xee, 0xd7, 0xee, 0xf8, 0xee, 0xf8, 0xee, 0xf8, 0xee, 0xf8, 0xee, 0xd7, 0xee,
    0xd7, 0xee, 0xd7, 0xee, 0xf8, 0xee, 0xd7, 0xee, 0xd7, 0xee, 0xd7, 0xee, 0xd7, 0xee, 0xd7, 0xee,
    0xf8, 0xee, 0xd7, 0xee, 0xd7, 0xee, 0xf8, 0xee, 0xd7, 0xee, 0xd7, 0xee, 0xf8, 0xee, 0xd7, 0xee,
    0xd7, 0xee, 0xd7, 0xee, 0xf8, 0xee, 0xf8, 0xee, 0xf8, 0xee, 0xf8, 0xee, 0xf8, 0xee, 0xf8, 0xee,
    0xf8, 0xee, 0xf8, 0xee, 0xd7, 0xee, 0xd7, 0xee, 0xd7, 0xee, 0xd7, 0xee, 0xf8, 0xee, 0xf8, 0xee,
    0xf8, 0xee, 0xf8, 0xee, 0xf8, 0xee, 0xf8, 0xee, 0xf8, 0xee, 0xf8, 0xee, 0xd7, 0xee, 0xf8, 0xee,
    0xf8, 0xee, 0xd7, 0xee, 0xd7, 0xee, 0xd7, 0xee, 0xd7, 0xee, 0xd7, 0xee, 0xd7, 0xee, 0xd7, 0xee,
    0xf8, 0xee, 0xf8, 0xee, 0xf8, 0xee, 0xd7, 0xee, 0xf8, 0xee, 0xf8, 0xee, 0xf8, 0xee, 0xf8, 0xee,
    0xf8, 0xee, 0xf8, 0xee, 0xf8, 0xee, 0xf8, 0xee, 0xd7, 0xee, 0xf8, 0xee, 0xf8, 0xee, 0xd7, 0xee,
    0xf8, 0xee, 0xf8, 0xee, 0xf8, 0xee, 0xf8, 0xee, 0xf8, 0xee, 0xf8, 0xee, 0xf8, 0xee, 0xf8, 0xee,
    0xf8, 0xee, 0xf8, 0xee, 0xf8, 0xee, 0xf8, 0xee, 0xd7, 0xee, 0xd7, 0xee, 0xd7, 0xee, 0xf8, 0xee,
    0xf8, 0xee, 0xf8, 0xee, 0xf8, 0xee, 0xf8, 0xee, 0xf8, 0xee, 0xf8, 0xee, 0xd7, 0xee, 0xd7, 0xee,
    0xd7, 0xee, 0xd7, 0xee, 0xd7, 0xee, 0xd7, 0xee, 0xf8, 0xee, 0xf8, 0xee, 0xd7, 0xee, 0xf8, 0xee,
    0xf8, 0xee, 0xd7, 0xee, 0xf8, 0xee, 0xf8, 0xee, 0xf8, 0xee, 0xf8, 0xee, 0xf8, 0xee, 0xf8, 0xee,
    0xf8, 0xee, 0xf8, 0xee, 0xf8, 0xee, 0xf8, 0xee, 0xf8, 0xee, 0xf8, 0xee, 0xf8, 0xee, 0xf8, 0xee,
    0xf8, 0xee, 0xf8, 0xee, 0xf8, 0xee, 0xf8, 0xee, 0xf8, 0xee, 0xf8, 0xee, 0xf8, 0xee, 0xf8, 0xee,
    0xf8, 0xee, 0xf8, 0xee, 0xf8, 0xee, 0xf8, 0xee, 0xd7, 0xee, 0xd7, 0xee, 0xf8, 0xee, 0xf8, 0xee,
    0xd7, 0xee, 0xf8, 0xee, 0xf8, 0xee, 0xf8, 0xee, 0xf8, 0xee, 0xf8, 0xee, 0xd7, 0xee, 0xf8, 0xee,
    0xf8, 0xee, 0xd7, 0xee, 0xd7, 0xee, 0xf8, 0xee, 0xf8, 0xee, 0xf8, 0xee, 0xf8, 0xee, 0xd7, 0xee,
    0xf8, 0xee, 0xf8, 0xee, 0xf8, 0xee, 0xf8, 0xee, 0xf8, 0xee, 0xd7, 0xee, 0xf8, 0xee, 0xf8, 0xee,
    0xf8, 0xee, 0xd7, 0xee, 0xd7, 0xee, 0xd7, 0xee, 0xd7, 0xee, 0xf8, 0xee, 0xd7, 0xee, 0xd7, 0xee,
    0xd7, 0xee, 0xd7, 0xee, 0xd7, 0xee, 0xf8, 0xee, 0xf8, 0xee, 0xd7, 0xee, 0xd7, 0xee, 0xd7, 0xee,
    0xf8, 0xee, 0xf8, 0xee, 0xf8, 0xee, 0xf8, 0xee, 0xf8, 0xee, 0xf8, 0xee, 0xf8, 0xee, 0xf8, 0xee,
    0xd7, 0xee, 0xd7, 0xee, 0xd7, 0xee, 0xd7, 0xee, 0xf8, 0xee, 0xd7, 0xee, 0xf8, 0xee, 0xf8, 0xee,
    0xf8, 0xee, 0xd7, 0xee, 0xd7, 0xee, 0xd7, 0xee, 0xf8, 0xee, 0xd7, 0xee, 0xd7, 0xee, 0xf8, 0xee,
    0xf8, 0xee, 0xf8, 0xee, 0xf8, 0xee, 0xd7, 0xee, 0xf8, 0xee, 0xd7, 0xee, 0xf8, 0xee, 0xf8, 0xee,
    0xf8, 0xee, 0xf8, 0xee, 0xf8, 0xee, 0xf8, 0xee, 0xd7, 0xee, 0xd7, 0xee, 0xd7, 0xee, 0xd7, 0xee,
    0xf8, 0xee, 0xf8, 0xee, 0xf8, 0xee, 0xf8, 0xee, 0xf8, 0xee, 0xd7, 0xee, 0xf8, 0xee, 0xf8, 0xee,
    0xd7, 0xee, 0xd7, 0xee, 0xd7, 0xee, 0xd7, 0xee, 0xd7, 0xee, 0xd7, 0xee, 0xf8, 0xee, 0xd7, 0xee,
    0xd7, 0xee, 0xd7, 0xee, 0xf8, 0xee, 0xd7, 0xee, 0xf8, 0xee, 0xf8, 0xee, 0xf8, 0xee, 0xd7, 0xee,
    0xf8, 0xee, 0xf8, 0xee, 0xd7, 0xee, 0xf8, 0xee, 0xf8, 0xee, 0xf8, 0xee, 0xf8, 0xee, 0xd7, 0xee,
    0xd7, 0xee, 0xf8, 0xee, 0xd7, 0xee, 0xf8, 0xee, 0xd7, 0xee, 0xd7, 0xee, 0xd7, 0xee, 0xf8, 0xee,
    0xd7, 0xee, 0xd7, 0xee, 0xf8, 0xee, 0xd7, 0xee, 0xd7, 0xee, 0xd7, 0xee, 0xd7, 0xee, 0xd7, 0xee,
    0xd7, 0xee, 0xd7, 0xee, 0xd7, 0xee, 0xd7, 0xee, 0xd7, 0xee, 0xd7, 0xee, 0xd7, 0xee, 0xf8, 0xee,
    0xf8, 0xee, 0xf8, 0xee, 0xd7, 0xee, 0xd7, 0xee, 0xd7, 0xee, 0xd7, 0xee, 0xf8, 0xee, 0xf8, 0xee,
    0xf8, 0xee, 0xf8, 0xee, 0xd7, 0xee, 0xf8, 0xee, 0xf8, 0xee, 0xd7, 0xee, 0xf8, 0xee, 0xf8, 0xee,
    0xd7, 0xee, 0xd7, 0xee, 0xd7, 0xee, 0xd7, 0xee, 0xf8, 0xee, 0xd7, 0xee, 0xd7, 0xee, 0xd7, 0xee,
    0xd7, 0xee, 0xd7, 0xee, 0xf8, 0xee, 0xf8, 0xee, 0xf8, 0xee, 0xd7, 0xee, 0xf8, 0xee, 0xf8, 0xee,
    0xf8, 0xee, 0xf8, 0xee, 0xf8, 0xee, 0xf8, 0xee, 0xf8, 0xee, 0xf8, 0xee, 0xf8, 0xee, 0xf8, 0xee,
    0xf8, 0xee, 0xf8, 0xee, 0xd7, 0xee, 0xf8, 0xee, 0xf8, 0xee, 0xf8, 0xee, 0xf8, 0xee, 0xd7, 0xee,
    0xf8, 0xee, 0xf8, 0xee, 0xd7, 0xee, 0xd7, 0xee, 0xf8, 0xee, 0xd7, 0xee, 0xf8, 0xee, 0xd7, 0xee,
    0xf8, 0xee, 0xf8, 0xee, 0xf8, 0xee, 0xf8, 0xee, 0xd7, 0xee, 0xf8, 0xee, 0xf8, 0xee, 0xf8, 0xee,
    0xf8, 0xee, 0xf8, 0xee, 0xd7, 0xee, 0xd7, 0xee, 0xf8, 0xee, 0xf8, 0xee, 0xf8, 0xee, 0xf8, 0xee,
    0xf8, 0xee, 0xd7, 0xee, 0xf8, 0xee, 0xf8, 0xee, 0xd7, 0xee, 0xd7, 0xee, 0xf8, 0xee, 0xf8, 0xee,
    0xf8, 0xee, 0xf8, 0xee, 0xd7, 0xee, 0xf8, 0xee, 0xd7, 0xee, 0xd7, 0xee, 0xd7, 0xee, 0xf8, 0xee,
    0xd7, 0xee, 0xd7, 0xee, 0xf8, 0xee, 0xf8, 0xee, 0xf8, 0xee, 0xf8, 0xee, 0xf8, 0xee, 0xf8, 0xee,
    0xf8, 0xee, 0xf8, 0xee, 0xf8, 0xee, 0xd7, 0xee, 0xd7, 0xee, 0xf8, 0xee, 0xf8, 0xee, 0xf8, 0xee,
    0xd7, 0xee, 0xf8, 0xee, 0xf8, 0xee, 0xf8, 0xee, 0xf8, 0xee, 0xd7, 0xee, 0xd7, 0xee, 0xf8, 0xee,
    0xd7, 0xee, 0xd7, 0xee, 0xf8, 0xee, 0xd7, 0xee, 0xd7, 0xee, 0xf8, 0xee, 0xd7, 0xee, 0xf8, 0xee,
    0xf8, 0xee, 0xf8, 0xee, 0xf8, 0xee, 0xf8, 0xee, 0xf8, 0xee, 0xf8, 0xee, 0xd7, 0xee, 0xf8, 0xee,
    0xf8, 0xee, 0xd7, 0xee, 0xd7, 0xee, 0xf8, 0xee, 0xd7, 0xee, 0xd7, 0xee, 0xf8, 0xee, 0xd7, 0xee,
    0xd7, 0xee, 0xd7, 0xee, 0xd7, 0xee, 0xd7, 0xee, 0xf8, 0xee, 0xd7, 0xee, 0xd7, 0xee, 0xd7, 0xee,
    0xd7, 0xee, 0xf8, 0xee, 0xf8, 0xee, 0xf8, 0xee, 0xf8, 0xee, 0xf8, 0xee, 0xf8, 0xee, 0xf8, 0xee,
    0xf8, 0xee, 0xf8, 0xee, 0xd7, 0xee, 0xd7, 0xee, 0xf8, 0xee, 0xf8, 0xee, 0xf8, 0xee, 0xd7, 0xee,
    0xd7, 0xee, 0xb6, 0xe6, 0xd7, 0xee, 0xd7, 0xee, 0xf8, 0xee, 0xf8, 0xee, 0xf8, 0xee, 0xf8, 0xee,
    0xd7, 0xee, 0xd7, 0xee, 0xd7, 0xee, 0xd7, 0xee, 0xd7, 0xee, 0xf8, 0xee, 0xf8, 0xee, 0xf8, 0xee,
    0xf8, 0xee, 0xf8, 0xee, 0xf8, 0xee, 0xf8, 0xee, 0xf8, 0xee, 0xd7, 0xee, 0xd7, 0xee, 0xf8, 0xee,
    0xf8, 0xee, 0xd7, 0xee, 0xf8, 0xee, 0xf8, 0xee, 0xd7, 0xee, 0xf8, 0xee, 0xd7, 0xee, 0xf8, 0xee,
    0xf8, 0xee, 0xd7, 0xee, 0xd7, 0xee, 0xd7, 0xee, 0xd7, 0xee, 0xd7, 0xee, 0xd7, 0xee, 0xd7, 0xee,
    0xd7, 0xee, 0xf8, 0xee, 0xf8, 0xee, 0xd7, 0xee, 0xd7, 0xee, 0xf8, 0xee, 0xf8, 0xee, 0xd7, 0xee,
    0xf8, 0xee, 0xf8, 0xee, 0xd7, 0xee, 0xf8, 0xee, 0xf8, 0xee, 0xf8, 0xee, 0xd7, 0xee, 0xd7, 0xee,
    0xd7, 0xee, 0xf8, 0xee, 0xd7, 0xee, 0xf8, 0xee, 0xf8, 0xee, 0xd7, 0xee, 0xd7, 0xee, 0xf8, 0xee,
    0xd7, 0xee, 0xd7, 0xee, 0xd7, 0xee, 0xd7, 0xee, 0xd7, 0xee, 0xd7, 0xee, 0xd7, 0xee, 0xd7, 0xee,
    0xd7, 0xee, 0xf8, 0xee, 0xd7, 0xee, 0xd7, 0xee, 0xd7, 0xee, 0xd7, 0xee, 0xf8, 0xee, 0xf8, 0xee,
    0xf8, 0xee, 0xf8, 0xee, 0xd7, 0xee, 0xd7, 0xee, 0xd7, 0xee, 0xd7, 0xee, 0xd7, 0xee, 0xf8, 0xee,
    0xd7, 0xee, 0xf8, 0xee, 0xd7, 0xee, 0xf8, 0xee, 0xf8, 0xee, 0xf8, 0xee, 0xf8, 0xee, 0xf8, 0xee,
    0xf8, 0xee, 0xd7, 0xee, 0xd7, 0xee, 0xd7, 0xee, 0xf8, 0xee, 0xf8, 0xee, 0xf8, 0xee, 0xd7, 0xee,
    0xd7, 0xee, 0xf8, 0xee, 0xf8, 0xee, 0xf8, 0xee, 0xf8, 0xee, 0xf8, 0xee, 0xd7, 0xee, 0xd7, 0xee,
    0xd7, 0xee, 0xf8, 0xee, 0xf8, 0xee, 0xf8, 0xee, 0xf8, 0xee, 0xf8, 0xee, 0xf8, 0xee, 0xf8, 0xee,
    0xf8, 0xee, 0xf8, 0xee, 0xf8, 0xee, 0xf8, 0xee, 0xd7, 0xee, 0xf8, 0xee, 0xf8, 0xee, 0xd7, 0xee,
    0xf8, 0xee, 0xf8, 0xee, 0xd7, 0xee, 0xd7, 0xee, 0xf8, 0xee, 0xf8, 0xee, 0xd7, 0xee, 0xf8, 0xee,
    0xf8, 0xee, 0xf8, 0xee, 0xf8, 0xee, 0xd7, 0xee, 0xd7, 0xee, 0xf8, 0xee, 0xf8, 0xee, 0xf8, 0xee,
    0xf8, 0xee, 0xf8, 0xee, 0xf8, 0xee, 0xf8, 0xee, 0xf8, 0xee, 0xf8, 0xee, 0xf8, 0xee, 0xf8, 0xee,
    0xf8, 0xee, 0xf8, 0xee, 0xf8, 0xee, 0xf8, 0xee, 0xf8, 0xee, 0xd7, 0xee, 0xd7, 0xee, 0xd7, 0xee,
    0xd7, 0xee, 0xd7, 0xee, 0xd7, 0xee, 0xd7, 0xee, 0xf8, 0xee, 0xd7, 0xee, 0xf8, 0xee, 0xf8, 0xee,
    0xf8, 0xee, 0xf8, 0xee, 0xf8, 0xee, 0xf8, 0xee, 0xf8, 0xee, 0xf8, 0xee, 0xd7, 0xee, 0xf8, 0xee,
    0xf8, 0xee, 0xf8, 0xee, 0xf8, 0xee, 0xf8, 0xee, 0xf8, 0xee, 0xf8, 0xee, 0xf8, 0xee, 0xf8, 0xee,
    0xf8, 0xee, 0xf8, 0xee, 0xf8, 0xee, 0xf8, 0xee, 0xf8, 0xee, 0xd7, 0xee, 0xd7, 0xee, 0xd7, 0xee,
    0xd7, 0xee, 0xd7, 0xee, 0xd7, 0xee, 0xd7, 0xee, 0xf8, 0xee, 0xd7, 0xee, 0xf8, 0xee, 0xf8, 0xee,
    0xf8, 0xee, 0xf8, 0xee, 0xf8, 0xee, 0xf8, 0xee, 0xf8, 0xee, 0xf8, 0xee, 0xf8, 0xee, 0xd7, 0xee,
    0xf8, 0xee, 0xd7, 0xee, 0xd7, 0xee, 0xd7, 0xee, 0xf8, 0xee, 0xd7, 0xee, 0xf8, 0xee, 0xf8, 0xee,
    0xd7, 0xee, 0xd7, 0xee, 0xd7, 0xee, 0xd7, 0xee, 0xf8, 0xee, 0xf8, 0xee, 0xd7, 0xee, 0xf8, 0xee,
    0xf8, 0xee, 0xf8, 0xee, 0xf8, 0xee, 0xf8, 0xee, 0xf8, 0xee, 0xf8, 0xee, 0xd7, 0xee, 0xf8, 0xee,
    0xf8, 0xee, 0xf8, 0xee, 0xd7, 0xee, 0xd7, 0xee, 0xf8, 0xee, 0xd7, 0xee, 0xd7, 0xee, 0xd7, 0xee,
    0xd7, 0xee, 0xd7, 0xee, 0xd7, 0xee, 0xd7, 0xee, 0xf8, 0xee, 0xf8, 0xee, 0xf8, 0xee, 0xf8, 0xee,
    0xd7, 0xee, 0xd7, 0xee, 0xd7, 0xee, 0xd7, 0xee, 0xd7, 0xee, 0xd7, 0xee, 0xf8, 0xee, 0xf8, 0xee,
    0xf8, 0xee, 0xf8, 0xee, 0xf8, 0xee, 0xf8, 0xee, 0xf8, 0xee, 0xf8, 0xee, 0xf8, 0xee, 0xf8, 0xee,
    0xd7, 0xee, 0xf8, 0xee, 0xf8, 0xee, 0xf8, 0xee, 0xd7, 0xee, 0xd7, 0xee, 0xf8, 0xee, 0xf8, 0xee,
    0xf8, 0xee, 0xf8, 0xee, 0xf8, 0xee, 0xd7, 0xee, 0xd7, 0xee, 0xd7, 0xee, 0xd7, 0xee, 0xd7, 0xee,
    0xd7, 0xee, 0xd7, 0xee, 0xd7, 0xee, 0xf8, 0xee, 0xd7, 0xee, 0xd7, 0xee, 0xd7, 0xee, 0xd7, 0xee,
    0xd7, 0xee, 0xd7, 0xee, 0xd7, 0xee, 0xf8, 0xee, 0xf8, 0xee, 0xf8, 0xee, 0xd7, 0xee, 0xd7, 0xee,
    0xd7, 0xee, 0xf8, 0xee, 0xf8, 0xee, 0xf8, 0xee, 0xf8, 0xee, 0xf8, 0xee, 0xd7, 0xee, 0xd7, 0xee,
    0xd7, 0xee, 0xd7, 0xee, 0xd7, 0xee, 0xd7, 0xee, 0xd7, 0xee, 0xd7, 0xee, 0xd7, 0xee, 0xd7, 0xee,
    0xd7, 0xee, 0xf8, 0xee, 0xd7, 0xee, 0xd7, 0xee, 0xd7, 0xee, 0xd7, 0xee, 0xf8, 0xee, 0xf8, 0xee,
    0xf8, 0xee, 0xf8, 0xee, 0xf8, 0xee, 0xd7, 0xee, 0xd7, 0xee, 0xf8, 0xee, 0xd7, 0xee, 0xf8, 0xee,
    0xd7, 0xee, 0xd7, 0xee, 0xd7, 0xee, 0xd7, 0xee, 0xf8, 0xee, 0xf8, 0xee, 0xf8, 0xee, 0xf8, 0xee,
    0xf8, 0xee, 0xf8, 0xee, 0xd7, 0xee, 0xd7, 0xee, 0xd7, 0xee, 0xd7, 0xee, 0xf8, 0xee, 0xd7, 0xee,
    0xd7, 0xee, 0xf8, 0xee, 0xd7, 0xee, 0xf8, 0xee, 0xf8, 0xee, 0xd7, 0xee, 0xd7, 0xee, 0xd7, 0xee,
    0xd7, 0xee, 0xd7, 0xee, 0xf8, 0xee, 0xf8, 0xee, 0xd7, 0xee, 0xf8, 0xee, 0xd7, 0xee, 0xf8, 0xee,
    0xf8, 0xee, 0xf8, 0xee, 0xf8, 0xee, 0xf8, 0xee, 0xd7, 0xee, 0xf8, 0xee, 0xf8, 0xee, 0xf8, 0xee,
    0xf8, 0xee, 0xd7, 0xee, 0xf8, 0xee, 0xf8, 0xee, 0xf8, 0xee, 0xf8, 0xee, 0xf8, 0xee, 0xd7, 0xee,
    0xd7, 0xee, 0xf8, 0xee, 0xf8, 0xee, 0xf8, 0xee, 0xf8, 0xee, 0xf8, 0xee, 0xf8, 0xee, 0xf8, 0xee,
    0xf8, 0xee, 0xf8, 0xee, 0xf8, 0xee, 0xf8, 0xee, 0xd7, 0xee, 0xd7, 0xee, 0xd7, 0xee, 0xf8, 0xee,
    0xf8, 0xee, 0xf8, 0xee, 0xf8, 0xee, 0xf8, 0xee, 0xf8, 0xee, 0xf8, 0xee, 0xf8, 0xee, 0xd7, 0xee,
    0xd7, 0xee, 0xf8, 0xee, 0xf8, 0xee, 0xd7, 0xee, 0xf8, 0xee, 0xf8, 0xee, 0xf8, 0xee, 0xf8, 0xee,
    0xf8, 0xee, 0xf8, 0xee, 0xf8, 0xee, 0xd7, 0xee, 0xf8, 0xee, 0xd7, 0xee, 0xf8, 0xee, 0xf8, 0xee,
    0xd7, 0xee, 0xf8, 0xee, 0xf8, 0xee, 0xf8, 0xee, 0xf8, 0xee, 0xd7, 0xee, 0xf8, 0xee, 0xf8, 0xee,
    0xf8, 0xee, 0xf8, 0xee, 0xd7, 0xee, 0xf8, 0xee, 0xd7, 0xee, 0xf8, 0xee, 0xd7, 0xee, 0xd7, 0xee,
    0xd7, 0xee, 0xd7, 0xee, 0xd7, 0xee, 0xd7, 0xee, 0xf8, 0xee, 0xf8, 0xee, 0xf8, 0xee, 0xf8, 0xee,
    0xf8, 0xee, 0xf8, 0xee, 0xf8, 0xee, 0xf8, 0xee, 0xf8, 0xee, 0xf8, 0xee, 0xf8, 0xee, 0xd7, 0xee,
    0xf8, 0xee, 0xd7, 0xee, 0xd7, 0xee, 0xb6, 0xee, 0xd7, 0xee, 0xf8, 0xee, 0xf8, 0xee, 0xd7, 0xee,
    0xd7, 0xee, 0xd7, 0xee, 0xd7, 0xee, 0xf8, 0xee, 0xf8, 0xee, 0xf8, 0xee, 0xf8, 0xee, 0xd7, 0xee,
    0xd7, 0xee, 0xd7, 0xee, 0xf8, 0xee, 0xf8, 0xee, 0xf8, 0xee, 0xf8, 0xee, 0xd7, 0xee, 0xf8, 0xee,
    0xf8, 0xee, 0xf8, 0xee, 0xf8, 0xee, 0xf8, 0xee, 0xf8, 0xee, 0xd7, 0xee, 0xf8, 0xee, 0xf8, 0xee,
    0xd7, 0xee, 0xd7, 0xee, 0xd7, 0xee, 0xd7, 0xee, 0xd7, 0xee, 0xf8, 0xee, 0xf8, 0xee, 0xf8, 0xee,
    0xf8, 0xee, 0xf8, 0xee, 0xf8, 0xee, 0xd7, 0xee, 0xf8, 0xee, 0xf8, 0xee, 0xf8, 0xee, 0xf8, 0xee,
    0xf8, 0xee, 0xd7, 0xee, 0xf8, 0xee, 0xf8, 0xee, 0xf8, 0xee, 0xf8, 0xee, 0xf8, 0xee, 0xd7, 0xee,
    0xd7, 0xee, 0xf8, 0xee, 0xd7, 0xee, 0xd7, 0xee, 0xf8, 0xee, 0xd7, 0xee, 0xf8, 0xee, 0xf8, 0xee,
    0xf8, 0xee, 0xf8, 0xee, 0xf8, 0xee, 0xf8, 0xee, 0xf8, 0xee, 0xf8, 0xee, 0xd7, 0xee, 0xd7, 0xee,
    0xf8, 0xee, 0xf8, 0xee, 0xf8, 0xee, 0xd7, 0xee, 0xf8, 0xee, 0xf8, 0xee, 0xd7, 0xee, 0xf8, 0xee,
    0xf8, 0xee, 0xd7, 0xee, 0xf8, 0xee, 0xd7, 0xee, 0xd7, 0xee, 0xf8, 0xee, 0xf8, 0xee, 0xd7, 0xee,
    0xf8, 0xee, 0xf8, 0xee, 0xf8, 0xee, 0xf8, 0xee, 0xd7, 0xee, 0xf8, 0xee, 0xf8, 0xee, 0xf8, 0xee,
    0xd7, 0xee, 0xd7, 0xee, 0xf8, 0xee, 0xf8, 0xee, 0xd7, 0xee, 0xf8, 0xee, 0xf8, 0xee, 0xf8, 0xee,
    0xf8, 0xee, 0xf8, 0xee, 0xf8, 0xee, 0xd7, 0xee, 0xd7, 0xee, 0xd7, 0xee, 0xf8, 0xee, 0xf8, 0xee,
    0xf8, 0xee, 0xf8, 0xee, 0xf8, 0xee, 0xd7, 0xee, 0xf8, 0xee, 0xd7, 0xee, 0xf8, 0xee, 0xd7, 0xee,
    0xd7, 0xee, 0xd7, 0xee, 0xd7, 0xee, 0xd7, 0xee, 0xd7, 0xee, 0xd7, 0xee, 0xd7, 0xee, 0xf8, 0xee,
    0xf8, 0xee, 0xd7, 0xee, 0xd7, 0xee, 0xd7, 0xee, 0xd7, 0xee, 0xf8, 0xee, 0xd7, 0xee, 0xd7, 0xee,
    0xd7, 0xee, 0xf8, 0xee, 0xd7, 0xee, 0xd7, 0xee, 0xd7, 0xee, 0xd7, 0xee, 0xd7, 0xee, 0xd7, 0xee,
    0xd7, 0xee, 0xd7, 0xee, 0xf8, 0xee, 0xd7, 0xee, 0xd7, 0xee, 0xd7, 0xee, 0xd7, 0xee, 0xf8, 0xee,
    0xf8, 0xee, 0xd7, 0xee, 0xf8, 0xee, 0xd7, 0xee, 0xd7, 0xee, 0xd7, 0xee, 0xd7, 0xee, 0xf8, 0xee,
    0xf8, 0xee, 0xd7, 0xee, 0xf8, 0xee, 0xf8, 0xee, 0xf8, 0xee, 0xf8, 0xee, 0xf8, 0xee, 0xf8, 0xee,
    0xd7, 0xee, 0xd7, 0xee, 0xf8, 0xee, 0xf8, 0xee, 0xd7, 0xee, 0xf8, 0xee, 0xf8, 0xee, 0xf8, 0xee,
    0xf8, 0xee, 0xf8, 0xee, 0xf8, 0xee, 0xd7, 0xee, 0xd7, 0xee, 0xd7, 0xee, 0xf8, 0xee, 0xf8, 0xee,
    0xf8, 0xee, 0xf8, 0xee, 0xf8, 0xee, 0xd7, 0xee, 0xd7, 0xee, 0xd7, 0xee, 0xd7, 0xee, 0xf8, 0xee,
    0xd7, 0xee, 0xd7, 0xee, 0xf8, 0xee, 0xf8, 0xee, 0xf8, 0xee, 0xf8, 0xee, 0xf8, 0xee, 0xf8, 0xee,
    0xf8, 0xee, 0xf8, 0xee, 0xd7, 0xee, 0xd7, 0xee, 0xd7, 0xee, 0xd7, 0xee, 0xf8, 0xee, 0xd7, 0xee,
    0xd7, 0xee, 0xd7, 0xee, 0xd7, 0xee, 0xf8, 0xee, 0xf8, 0xee, 0xf8, 0xee, 0xf8, 0xee, 0xd7, 0xee,
    0xd7, 0xee, 0xf8, 0xee, 0xd7, 0xee, 0xd7, 0xee, 0xd7, 0xee, 0xf8, 0xee, 0xd7, 0xee, 0xf8, 0xee,
    0xf8, 0xee, 0xd7, 0xee, 0xd7, 0xee, 0xd7, 0xee, 0xf8, 0xee, 0xf8, 0xee, 0xf8, 0xee, 0xf8, 0xee,
    0xf8, 0xee, 0xf8, 0xee, 0xf8, 0xee, 0xf8, 0xee, 0xf8, 0xee, 0xd7, 0xee, 0xd7, 0xee, 0xf8, 0xee,
    0xf8, 0xee, 0xd7, 0xee, 0xd7, 0xee, 0xd7, 0xee, 0xd7, 0xee, 0xf8, 0xee, 0xf8, 0xee, 0xf8, 0xee,
    0xd7, 0xee, 0xd7, 0xee, 0xf8, 0xee, 0xd7, 0xee, 0xd7, 0xee, 0xd7, 0xee, 0xf8, 0xee, 0xd7, 0xee,
    0xd7, 0xee, 0xd7, 0xee, 0xd7, 0xee, 0xf8, 0xee, 0xf8, 0xee, 0xf8, 0xee, 0xf8, 0xee, 0xf8, 0xee,
    0xf8, 0xee, 0xf8, 0xee, 0xf8, 0xee, 0xf8, 0xee, 0xd7, 0xee, 0xd7, 0xee, 0xf8, 0xee, 0xf8, 0xee,
    0xf8, 0xee, 0xf8, 0xee, 0xd7, 0xee, 0xd7, 0xee, 0xd7, 0xee, 0xf8, 0xee, 0xf8, 0xee, 0xf8, 0xee,
    0xf8, 0xee, 0xf8, 0xee, 0xf8, 0xee, 0xd7, 0xee, 0xd7, 0xee, 0xd7, 0xee, 0xf8, 0xee, 0xd7, 0xee,
    0xd7, 0xee, 0xf8, 0xee, 0xf8, 0xee, 0xf8, 0xee, 0xf8, 0xee, 0xf8, 0xee, 0xf8, 0xee, 0xf8, 0xee,
    0xf8, 0xee, 0xf8, 0xee, 0xd7, 0xee, 0xd7, 0xee, 0xf8, 0xee, 0xf8, 0xee, 0xf8, 0xee, 0xf8, 0xee,
    0xf8, 0xee, 0xd7, 0xee, 0xd7, 0xee, 0xf8, 0xee, 0xf8, 0xee, 0xf8, 0xee, 0xf8, 0xee, 0xf8, 0xee,
    0xf8, 0xee, 0xd7, 0xee, 0xd7, 0xee, 0xd7, 0xee, 0xd7, 0xee, 0xf8, 0xee, 0xf8, 0xee, 0xf8, 0xee,
    0xf8, 0xee, 0xd7, 0xee, 0xd7, 0xee, 0x75, 0xe6, 0x75, 0xe6, 0xd7, 0xee, 0xd7, 0xee, 0xd7, 0xee,
    0xd7, 0xee, 0xd7, 0xee, 0xf8, 0xee, 0xf8, 0xee, 0xd7, 0xee, 0xd7, 0xee, 0xd7, 0xee, 0xd7, 0xee,
    0xf8, 0xee, 0xf8, 0xee, 0xf8, 0xee, 0xf8, 0xee, 0xf8, 0xee, 0xf8, 0xee, 0xf8, 0xee, 0xf8, 0xee,
    0xf8, 0xee, 0xf8, 0xee, 0xf8, 0xee, 0xf8, 0xee, 0xd7, 0xee, 0xf8, 0xee, 0xf8, 0xee, 0xf8, 0xee,
    0xf8, 0xee, 0xf8, 0xee, 0xf8, 0xee, 0xf8, 0xee, 0xf8, 0xee, 0xd7, 0xee, 0xd7, 0xee, 0xd7, 0xee,
    0xf8, 0xee, 0xf8, 0xee, 0xd7, 0xee, 0xd7, 0xee, 0xd7, 0xee, 0xd7, 0xee, 0xd7, 0xee, 0xd7, 0xee,
    0xd7, 0xee, 0xd7, 0xee, 0xd7, 0xee, 0xf8, 0xee, 0xf8, 0xee, 0xf8, 0xee, 0xd7, 0xee, 0xf8, 0xee,
    0xf8, 0xee, 0xd7, 0xee, 0xd7, 0xee, 0xd7, 0xee, 0xd7, 0xee, 0xd7, 0xee, 0xd7, 0xee, 0xd7, 0xee,
    0xd7, 0xee, 0xd7, 0xee, 0xd7, 0xee, 0xd7, 0xee, 0xd7, 0xee, 0xd7, 0xee, 0xd7, 0xee, 0xf8, 0xee,
    0xd7, 0xee, 0xf8, 0xee, 0xd7, 0xee, 0xd7, 0xee, 0xf8, 0xee, 0xd7, 0xee, 0xf8, 0xee, 0xf8, 0xee,
    0xf8, 0xee, 0xf8, 0xee, 0xf8, 0xee, 0xf8, 0xee, 0xf8, 0xee, 0xf8, 0xee, 0xf8, 0xee, 0xf8, 0xee,
    0xf8, 0xee, 0xd7, 0xee, 0xd7, 0xee, 0xf8, 0xee, 0xd7, 0xee, 0xf8, 0xee, 0xf8, 0xee, 0xf8, 0xee,
    0xf8, 0xee, 0xf8, 0xee, 0xf8, 0xee, 0xd7, 0xee, 0xd7, 0xee, 0xd7, 0xee, 0xf8, 0xee, 0xf8, 0xee,
    0xf8, 0xee, 0xf8, 0xee, 0xf8, 0xee, 0xd7, 0xee, 0xd7, 0xee, 0xd7, 0xee, 0xf8, 0xee, 0xf8, 0xee,
    0xf8, 0xee, 0xd7, 0xee, 0xd7, 0xee, 0xf8, 0xee, 0xf8, 0xee, 0xf8, 0xee, 0xf8, 0xee, 0xf8, 0xee,
    0xf8, 0xee, 0xd7, 0xee, 0xf8, 0xee, 0xd7, 0xee, 0xd7, 0xee, 0xd7, 0xee, 0xf8, 0xee, 0xf8, 0xee,
    0xd7, 0xee, 0xd7, 0xee, 0xd7, 0xee, 0xf8, 0xee, 0xf8, 0xee, 0xf8, 0xee, 0xf8, 0xee, 0xd7, 0xee,
    0xf8, 0xee, 0xd7, 0xee, 0xd7, 0xee, 0xd7, 0xee, 0xd7, 0xee, 0xf8, 0xee, 0xf8, 0xee, 0xf8, 0xee,
    0xf8, 0xee, 0xd7, 0xee, 0xd7, 0xee, 0xd7, 0xee, 0xd7, 0xee, 0xd7, 0xee, 0xf8, 0xee, 0xd7, 0xee,
    0xf8, 0xee, 0xf8, 0xee, 0xf8, 0xee, 0xf8, 0xee, 0xd7, 0xee, 0xd7, 0xee, 0xf8, 0xee, 0xf8, 0xee,
    0xd7, 0xee, 0xd7, 0xee, 0xf8, 0xee, 0xd7, 0xee, 0xd7, 0xee, 0xf8, 0xee, 0xf8, 0xee, 0xd7, 0xee,
    0xd7, 0xee, 0xd7, 0xee, 0xd7, 0xee, 0xd7, 0xee, 0xd7, 0xee, 0xd7, 0xee, 0xf8, 0xee, 0xd7, 0xee,
    0xd7, 0xee, 0xd7, 0xee, 0xd7, 0xee, 0xd7, 0xee, 0xf8, 0xee, 0xf8, 0xee, 0xf8, 0xee, 0xf8, 0xee,
    0xf8, 0xee, 0xf8, 0xee, 0xd7, 0xee, 0xd7, 0xee, 0xf8, 0xee, 0xf8, 0xee, 0xf8, 0xee, 0xf8, 0xee,
    0xf8, 0xee, 0xf8, 0xee, 0xf8, 0xee, 0xf8, 0xee, 0xf8, 0xee, 0xd7, 0xee, 0xd7, 0xee, 0xd7, 0xee,
    0xf8, 0xee, 0xf8, 0xee, 0xd7, 0xee, 0xd7, 0xee, 0xd7, 0xee, 0xd7, 0xee, 0xf8, 0xee, 0xf8, 0xee,
    0xf8, 0xee, 0xf8, 0xee, 0xf8, 0xee, 0xd7, 0xee, 0xf8, 0xee, 0xf8, 0xee, 0xf8, 0xee, 0xf8, 0xee,
    0xf8, 0xee, 0xd7, 0xee, 0xd7, 0xee, 0xd7, 0xee, 0xd7, 0xee, 0xf8, 0xee, 0xf8, 0xee, 0xf8, 0xee,
    0xf8, 0xee, 0xf8, 0xee, 0xd7, 0xee, 0xd7, 0xee, 0xf8, 0xee, 0xf8, 0xee, 0xf8, 0xee, 0xf8, 0xee,
    0xd7, 0xee, 0xd7, 0xee, 0xf8, 0xee, 0xd7, 0xee, 0xd7, 0xee, 0xd7, 0xee, 0xf8, 0xee, 0xd7, 0xee,
    0xd7, 0xee, 0xd7, 0xee, 0xd7, 0xee, 0x75, 0xe6, 0x74, 0xe6, 0xb6, 0xee, 0xf8, 0xee, 0xd7, 0xee,
    0xd7, 0xee, 0xf8, 0xee, 0xf8, 0xee, 0xf8, 0xee, 0xf8, 0xee, 0xd7, 0xee, 0xd7, 0xee, 0xd7, 0xee,
    0xd7, 0xee, 0xf8, 0xee, 0xf8, 0xee, 0xf8, 0xee, 0xf8, 0xee, 0xf8, 0xee, 0xf8, 0xee, 0xf8, 0xee,
    0xf8, 0xee, 0xf8, 0xee, 0xf8, 0xee, 0xf8, 0xee, 0xd7, 0xee, 0xf8, 0xee, 0xf8, 0xee, 0xf8, 0xee,
    0xf8, 0xee, 0xf8, 0xee, 0xf8, 0xee, 0xf8, 0xee, 0xd7, 0xee, 0xd7, 0xee, 0xd7, 0xee, 0xd7, 0xee,
    0xd7, 0xee, 0xf8, 0xee, 0xf8, 0xee, 0xf8, 0xee, 0xd7, 0xee, 0xf8, 0xee, 0xd7, 0xee, 0xd7, 0xee,
    0xd7, 0xee, 0xd7, 0xee, 0xf8, 0xee, 0xd7, 0xee, 0xf8, 0xee, 0xf8, 0xee, 0xf8, 0xee, 0xf8, 0xee,
    0xf8, 0xee, 0xf8, 0xee, 0xf8, 0xee, 0xf8, 0xee, 0xd7, 0xee, 0xd7, 0xee, 0xf8, 0xee, 0xd7, 0xee,
    0xd7, 0xee, 0xd7, 0xee, 0xd7, 0xee, 0xd7, 0xee, 0xd7, 0xee, 0xd7, 0xee, 0xd7, 0xee, 0xd7, 0xee,
    0xf8, 0xee, 0xd7, 0xee, 0xf8, 0xee, 0xf8, 0xee, 0xf8, 0xee, 0xf8, 0xee, 0xf8, 0xee, 0xf8, 0xee,
    0xd7, 0xee, 0xf8, 0xee, 0xf8, 0xee, 0xd7, 0xee, 0xd7, 0xee, 0xf8, 0xee, 0xf8, 0xee, 0xd7, 0xee,
    0xd7, 0xee, 0xf8, 0xee, 0xf8, 0xee, 0xf8, 0xee, 0xf8, 0xee, 0xf8, 0xee, 0xf8, 0xee, 0xf8, 0xee,
    0xf8, 0xee, 0xf8, 0xee, 0xf8, 0xee, 0xd7, 0xee, 0xd7, 0xee, 0xd7, 0xee, 0xd7, 0xee, 0xd7, 0xee,
    0xd7, 0xee, 0xf8, 0xee, 0xf8, 0xee, 0xd7, 0xee, 0xf8, 0xee, 0xf8, 0xee, 0xf8, 0xee, 0xf8, 0xee,
    0xf8, 0xee, 0xf8, 0xee, 0xf8, 0xee, 0xf8, 0xee, 0xd7, 0xee, 0xd7, 0xee, 0xf8, 0xee, 0xd7, 0xee,
    0xd7, 0xee, 0xd7, 0xee, 0xf8, 0xee, 0xd7, 0xee, 0xd7, 0xee, 0xd7, 0xee, 0xd7, 0xee, 0xf8, 0xee,
    0xf8, 0xee, 0xd7, 0xee, 0xf8, 0xee, 0xf8, 0xee, 0xd7, 0xee, 0xf8, 0xee, 0xd7, 0xee, 0xd7, 0xee,
    0xd7, 0xee, 0xd7, 0xee, 0xd7, 0xee, 0xd7, 0xee, 0xd7, 0xee, 0xd7, 0xee, 0xf8, 0xee, 0xf8, 0xee,
    0xf8, 0xee, 0xd7, 0xee, 0xd7, 0xee, 0xd7, 0xee, 0xf8, 0xee, 0xd7, 0xee, 0xf8, 0xee, 0xf8, 0xee,
    0xd7, 0xee, 0xd7, 0xee, 0xd7, 0xee, 0xf8, 0xee, 0xf8, 0xee, 0xf8, 0xee, 0xf8, 0xee, 0xf8, 0xee,
    0xf8, 0xee, 0xf8, 0xee, 0xf8, 0xee, 0xf8, 0xee, 0xd7, 0xee, 0xf8, 0xee, 0xf8, 0xee, 0xd7, 0xee,
    0xd7, 0xee, 0xf8, 0xee, 0xf8, 0xee, 0xd7, 0xee, 0xd7, 0xee, 0xd7, 0xee, 0xf8, 0xee, 0xd7, 0xee,
    0xd7, 0xee, 0xf8, 0xee, 0xf8, 0xee, 0xd7, 0xee, 0xd7, 0xee, 0xf8, 0xee, 0xd7, 0xee, 0xf8, 0xee,
    0xd7, 0xee, 0xd7, 0xee, 0xd7, 0xee, 0xd7, 0xee, 0xd7, 0xee, 0xf8, 0xee, 0xf8, 0xee, 0xf8, 0xee,
    0xd7, 0xee, 0xf8, 0xee, 0xf8, 0xee, 0xd7, 0xee, 0xd7, 0xee, 0xd7, 0xee, 0xd7, 0xee, 0xd7, 0xee,
    0xf8, 0xee, 0xf8, 0xee, 0xf8, 0xee, 0xd7, 0xee, 0xd7, 0xee, 0xd7, 0xee, 0xf8, 0xee, 0xf8, 0xee,
    0xf8, 0xee, 0xf8, 0xee, 0xf8, 0xee, 0xd7, 0xee, 0xd7, 0xee, 0xf8, 0xee, 0xf8, 0xee, 0xf8, 0xee,
    0xf8, 0xee, 0xf8, 0xee, 0xd7, 0xee, 0xd7, 0xee, 0xd7, 0xee, 0xf8, 0xee, 0xd7, 0xee, 0xf8, 0xee,
    0xf8, 0xee, 0xf8, 0xee, 0xd7, 0xee, 0xf8, 0xee, 0xd7, 0xee, 0xf8, 0xee, 0xf8, 0xee, 0xd7, 0xee,
    0xd7, 0xee, 0xd7, 0xee, 0xd7, 0xee, 0xf8, 0xee, 0xf8, 0xee, 0xd7, 0xee, 0xd7, 0xee, 0xd7, 0xee,
    0xd7, 0xee, 0xd7, 0xee, 0xf8, 0xee, 0xb6, 0xee, 0x75, 0xe6, 0xd7, 0xee, 0xf8, 0xee, 0xf8, 0xee,
    0xf8, 0xee, 0xf8, 0xee, 0xf8, 0xee, 0xd7, 0xee, 0xd7, 0xee, 0xd7, 0xee, 0xd7, 0xee, 0xf8, 0xee,
    0xf8, 0xee, 0xf8, 0xee, 0xf8, 0xee, 0xf8, 0xee, 0xf8, 0xee, 0xf8, 0xee, 0xf8, 0xee, 0xf8, 0xee,
    0xd7, 0xee, 0xd7, 0xee, 0xf8, 0xee, 0xf8, 0xee, 0xd7, 0xee, 0xf8, 0xee, 0xf8, 0xee, 0xf8, 0xee,
    0xf8, 0xee, 0xf8, 0xee, 0xf8, 0xee, 0xf8, 0xee, 0xd7, 0xee, 0xf8, 0xee, 0xf8, 0xee, 0xd7, 0xee,
    0xd7, 0xee, 0xf8, 0xee, 0xf8, 0xee, 0xf8, 0xee, 0xf8, 0xee, 0xf8, 0xee, 0xf8, 0xee, 0xd7, 0xee,
    0xd7, 0xee, 0xd7, 0xee, 0xd7, 0xee, 0xf8, 0xee, 0xf8, 0xee, 0xf8, 0xee, 0xf8, 0xee, 0xf8, 0xee,
    0xf8, 0xee, 0xf8, 0xee, 0xf8, 0xee, 0xd7, 0xee, 0xf8, 0xee, 0xf8, 0xee, 0xf8, 0xee, 0xf8, 0xee,
    0xf8, 0xee, 0xf8, 0xee, 0xd7, 0xee, 0xd7, 0xee, 0xd7, 0xee, 0xf8, 0xee, 0xd7, 0xee, 0xd7, 0xee,
    0xf8, 0xee, 0xf8, 0xee, 0xf8, 0xee, 0xf8, 0xee, 0xf8, 0xee, 0xf8, 0xee, 0xf8, 0xee, 0xf8, 0xee,
    0xd7, 0xee, 0xf8, 0xee, 0xf8, 0xee, 0xd7, 0xee, 0xd7, 0xee, 0xf8, 0xee, 0xf8, 0xee, 0xd7, 0xee,
    0xd7, 0xee, 0xf8, 0xee, 0xf8, 0xee, 0xf8, 0xee, 0xf8, 0xee, 0xf8, 0xee, 0xf8, 0xee, 0xf8, 0xee,
    0xd7, 0xee, 0xf8, 0xee, 0xd7, 0xee, 0xd7, 0xee, 0xf8, 0xee, 0xf8, 0xee, 0xf8, 0xee, 0xd7, 0xee,
    0xd7, 0xee, 0xf8, 0xee, 0xf8, 0xee, 0xd7, 0xee, 0xd7, 0xee, 0xf8, 0xee, 0xf8, 0xee, 0xf8, 0xee,
    0xf8, 0xee, 0xf8, 0xee, 0xf8, 0xee, 0xf8, 0xee, 0xd7, 0xee, 0xf8, 0xee, 0xd7, 0xee, 0xd7, 0xee,
    0xd7, 0xee, 0xd7, 0xee, 0xf8, 0xee, 0xf8, 0xee, 0xf8, 0xee, 0xf8, 0xee, 0xf8, 0xee, 0xf8, 0xee,
    0xf8, 0xee, 0xd7, 0xee, 0xd7, 0xee, 0xf8, 0xee, 0xf8, 0xee, 0xd7, 0xee, 0xd7, 0xee, 0xd7, 0xee,
    0xd7, 0xee, 0xd7, 0xee, 0xd7, 0xee, 0xd7, 0xee, 0xd7, 0xee, 0xf8, 0xee, 0xf8, 0xee, 0xd7, 0xee,
    0xf8, 0xee, 0xd7, 0xee, 0xd7, 0xee, 0xf8, 0xee, 0xf8, 0xee, 0xd7, 0xee, 0xd7, 0xee, 0xd7, 0xee,
    0xd7, 0xee, 0xd7, 0xee, 0xd7, 0xee, 0xf8, 0xee, 0xf8, 0xee, 0xf8, 0xee, 0xf8, 0xee, 0xf8, 0xee,
    0xf8, 0xee, 0xf8, 0xee, 0xf8, 0xee, 0xf8, 0xee, 0xd7, 0xee, 0xf8, 0xee, 0xf8, 0xee, 0xd7, 0xee,
    0xd7, 0xee, 0xd7, 0xee, 0xf8, 0xee, 0xd7, 0xee, 0xd7, 0xee, 0xd7, 0xee, 0xd7, 0xee, 0xd7, 0xee,
    0xd7, 0xee, 0xf8, 0xee, 0xd7, 0xee, 0xd7, 0xee, 0xd7, 0xee, 0xd7, 0xee, 0xf8, 0xee, 0xf8, 0xee,
    0xf8, 0xee, 0xd7, 0xee, 0xd7, 0xee, 0xf8, 0xee, 0xf8, 0xee, 0xf8, 0xee, 0xd7, 0xee, 0xf8, 0xee,
    0xf8, 0xee, 0xf8, 0xee, 0xf8, 0xee, 0xf8, 0xee, 0xf8, 0xee, 0xf8, 0xee, 0xd7, 0xee, 0xd7, 0xee,
    0xf8, 0xee, 0xf8, 0xee, 0xd7, 0xee, 0xd7, 0xee, 0xf8, 0xee, 0xd7, 0xee, 0xd7, 0xee, 0xf8, 0xee,
    0xf8, 0xee, 0xf8, 0xee, 0xf8, 0xee, 0xf8, 0xee, 0xf8, 0xee, 0xf8, 0xee, 0xf8, 0xee, 0xf8, 0xee,
    0xf8, 0xee, 0xf8, 0xee, 0xd7, 0xee, 0xd7, 0xee, 0xd7, 0xee, 0xd7, 0xee, 0xd7, 0xee, 0xd7, 0xee,
    0xd7, 0xee, 0xd7, 0xee, 0xd7, 0xee, 0xf8, 0xee, 0xd7, 0xee, 0xd7, 0xee, 0xd7, 0xee, 0xd7, 0xee,
    0xd7, 0xee, 0xf8, 0xee, 0xf8, 0xee, 0xf8, 0xee, 0xf8, 0xee, 0xf8, 0xee, 0xd7, 0xee, 0xd7, 0xee,
    0xd7, 0xee, 0xf8, 0xee, 0xd7, 0xee, 0xf8, 0xee, 0xd7, 0xee, 0xd7, 0xee, 0xd7, 0xee, 0xd7, 0xee,
    0xf8, 0xee, 0xf8, 0xee, 0xd7, 0xee, 0xd7, 0xee, 0xd7, 0xee, 0xd7, 0xee, 0xd7, 0xee, 0xd7, 0xee,
    0xf8, 0xee, 0xf8, 0xee, 0xf8, 0xee, 0xf8, 0xee, 0xf8, 0xee, 0xf8, 0xee, 0xf8, 0xee, 0xf8, 0xee,
    0xd7, 0xee, 0xd7, 0xee, 0xd7, 0xee, 0xd7, 0xee, 0xd7, 0xee, 0xd7, 0xee, 0xf8, 0xee, 0xf8, 0xee,
    0xd7, 0xee, 0xd7, 0xee, 0xf8, 0xee, 0xd7, 0xee, 0xf8, 0xee, 0xf8, 0xee, 0xf8, 0xee, 0xd7, 0xee,
    0xd7, 0xee, 0xf8, 0xee, 0xd7, 0xee, 0xd7, 0xee, 0xf8, 0xee, 0xf8, 0xee, 0xf8, 0xee, 0xf8, 0xee,
    0xf8, 0xee, 0xf8, 0xee, 0xd7, 0xee, 0xf8, 0xee, 0xf8, 0xee, 0xd7, 0xee, 0xd7, 0xee, 0xf8, 0xee,
    0xf8, 0xee, 0xd7, 0xee, 0xf8, 0xee, 0xf8, 0xee, 0xf8, 0xee, 0xf8, 0xee, 0xf8, 0xee, 0xf8, 0xee,
    0xf8, 0xee, 0xf8, 0xee, 0xd7, 0xee, 0xd7, 0xee, 0xf8, 0xee, 0xd7, 0xee, 0xd7, 0xee, 0xd7, 0xee,
    0xf8, 0xee, 0xf8, 0xee, 0xf8, 0xee, 0xf8, 0xee, 0xf8, 0xee, 0xf8, 0xee, 0xf8, 0xee, 0xf8, 0xee,
    0xf8, 0xee, 0xf8, 0xee, 0xf8, 0xee, 0xd7, 0xee, 0xf8, 0xee, 0xf8, 0xee, 0xd7, 0xee, 0xd7, 0xee,
    0xf8, 0xee, 0xf8, 0xee, 0xf8, 0xee, 0xf8, 0xee, 0xf8, 0xee, 0xf8, 0xee, 0xf8, 0xee, 0xf8, 0xee,
    0xd7, 0xee, 0xd7, 0xee, 0xd7, 0xee, 0xf8, 0xee, 0xf8, 0xee, 0xf8, 0xee, 0xf8, 0xee, 0xf8, 0xee,
    0xd7, 0xee, 0xf8, 0xee, 0xf8, 0xee, 0xf8, 0xee, 0xf8, 0xee, 0xf8, 0xee, 0xd7, 0xee, 0xf8, 0xee,
    0xf8, 0xee, 0xd7, 0xee, 0xf8, 0xee, 0xd7, 0xee, 0xd7, 0xee, 0xd7, 0xee, 0xd7, 0xee, 0xf8, 0xee,
    0xf8, 0xee, 0xf8, 0xee, 0xf8, 0xee, 0xf8, 0xee, 0xf8, 0xee, 0xf8, 0xee, 0xd7, 0xee, 0xd7, 0xee,
    0xf8, 0xee, 0xf8, 0xee, 0xf8, 0xee, 0xf8, 0xee, 0xf8, 0xee, 0xd7, 0xee, 0xd7, 0xee, 0xf8, 0xee,
    0xd7, 0xee, 0xf8, 0xee, 0xf8, 0xee, 0xf8, 0xee, 0xf8, 0xee, 0xf8, 0xee, 0xd7, 0xee, 0xf8, 0xee,
    0xf8, 0xee, 0xf8, 0xee, 0xd7, 0xee, 0xf8, 0xee, 0xf8, 0xee, 0xf8, 0xee, 0xf8, 0xee, 0xf8, 0xee,
    0xf8, 0xee, 0xf8, 0xee, 0xd7, 0xee, 0xd7, 0xee, 0xd7, 0xee, 0xf8, 0xee, 0xf8, 0xee, 0xf8, 0xee,
    0xf8, 0xee, 0xf8, 0xee, 0xf8, 0xee, 0xf8, 0xee, 0xd7, 0xee, 0xd7, 0xee, 0xf8, 0xee, 0xd7, 0xee,
    0xd7, 0xee, 0xd7, 0xee, 0xd7, 0xee, 0xf8, 0xee, 0xd7, 0xee, 0xf8, 0xee, 0xf8, 0xee, 0xf8, 0xee,
    0xd7, 0xee, 0xd7, 0xee, 0xf8, 0xee, 0xd7, 0xee, 0xd7, 0xee, 0xd7, 0xee, 0xf8, 0xee, 0xd7, 0xee,
    0xf8, 0xee, 0xd7, 0xee, 0xd7, 0xee, 0xf8, 0xee, 0xf8, 0xee, 0xf8, 0xee, 0xf8, 0xee, 0xd7, 0xee,
    0xd7, 0xee, 0xd7, 0xee, 0xf8, 0xee, 0xd7, 0xee, 0xf8, 0xee, 0xf8, 0xee, 0xd7, 0xee, 0xd7, 0xee,
    0xd7, 0xee, 0xf8, 0xee, 0xf8, 0xee, 0xf8, 0xee, 0xf8, 0xee, 0xd7, 0xee, 0xf8, 0xee, 0xf8, 0xee,
    0xf8, 0xee, 0xf8, 0xee, 0xf8, 0xee, 0xf8, 0xee, 0xf8, 0xee, 0xd7, 0xee, 0xd7, 0xee, 0xd7, 0xee,
    0xd7, 0xee, 0xf8, 0xee, 0xf8, 0xee, 0xf8, 0xee, 0xd7, 0xee, 0xd7, 0xee, 0xd7, 0xee, 0xd7, 0xee,
    0xd7, 0xee, 0xd7, 0xee, 0xd7, 0xee, 0xf8, 0xee, 0xf8, 0xee, 0xd7, 0xee, 0xd7, 0xee, 0xd7, 0xee,
    0xf8, 0xee, 0xf8, 0xee, 0xf8, 0xee, 0xd7, 0xee, 0xf8, 0xee, 0xd7, 0xee, 0xf8, 0xee, 0xf8, 0xee,
    0xd7, 0xee, 0xf8, 0xee, 0xf8, 0xee, 0xf8, 0xee, 0xd7, 0xee, 0xd7, 0xee, 0xd7, 0xee, 0xd7, 0xee,
    0xd7, 0xee, 0xf8, 0xee, 0xf8, 0xee, 0xf8, 0xee, 0xd7, 0xee, 0xf8, 0xee, 0xf8, 0xee, 0xf8, 0xee,
    0xf8, 0xee, 0xf8, 0xee, 0xf8, 0xee, 0xf8, 0xee, 0xd7, 0xee, 0xd7, 0xee, 0xf8, 0xee, 0xf8, 0xee,
    0xf8, 0xee, 0xf8, 0xee, 0xf8, 0xee, 0xf8, 0xee, 0xd7, 0xee, 0xd7, 0xee, 0xd7, 0xee, 0xf8, 0xee,
    0xd7, 0xee, 0xd7, 0xee, 0xf8, 0xee, 0xd7, 0xee, 0xf8, 0xee, 0xd7, 0xee, 0xd7, 0xee, 0xd7, 0xee,
    0xf8, 0xee, 0xf8, 0xee, 0xd7, 0xee, 0xf8, 0xee, 0xf8, 0xee, 0xf8, 0xee, 0xf8, 0xee, 0xd7, 0xee,
    0xf8, 0xee, 0xf8, 0xee, 0xd7, 0xee, 0xd7, 0xee, 0xd7, 0xee, 0xd7, 0xee, 0xd7, 0xee, 0xd7, 0xee,
    0xf8, 0xee, 0xd7, 0xee, 0xf8, 0xee, 0xf8, 0xee, 0xd7, 0xee, 0xf8, 0xee, 0xf8, 0xee, 0xd7, 0xee,
    0xd7, 0xee, 0xd7, 0xee, 0xd7, 0xee, 0xd7, 0xee, 0xf8, 0xee, 0xd7, 0xee, 0xd7, 0xee, 0xd7, 0xee,
    0xd7, 0xee, 0xd7, 0xee, 0xd7, 0xee, 0xf8, 0xee, 0xf8, 0xee, 0xf8, 0xee, 0xf8, 0xee, 0xf8, 0xee,
    0xf8, 0xee, 0xf8, 0xee, 0xf8, 0xee, 0xf8, 0xee, 0xd7, 0xee, 0xb6, 0xe6, 0xd7, 0xee, 0xd7, 0xee,
    0xf8, 0xee, 0xf8, 0xee, 0xf8, 0xee, 0xf8, 0xee, 0xf8, 0xee, 0xf8, 0xee, 0xf8, 0xee, 0xf8, 0xee,
    0xd7, 0xee, 0xd7, 0xee, 0xf8, 0xee, 0xf8, 0xee, 0xf8, 0xee, 0xf8, 0xee, 0xd7, 0xee, 0xf8, 0xee,
    0xd7, 0xee, 0xd7, 0xee, 0xd7, 0xee, 0xf8, 0xee, 0xf8, 0xee, 0xf8, 0xee, 0xf8, 0xee, 0xd7, 0xee,
    0xf8, 0xee, 0xf8, 0xee, 0xd7, 0xee, 0xd7, 0xee, 0xd7, 0xee, 0xd7, 0xee, 0xd7, 0xee, 0xd7, 0xee,
    0xf8, 0xee, 0xd7, 0xee, 0xf8, 0xee, 0xf8, 0xee, 0xf8, 0xee, 0xf8, 0xee, 0xf8, 0xee, 0xf8, 0xee,
    0xf8, 0xee, 0xf8, 0xee, 0xf8, 0xee, 0xd7, 0xee, 0xf8, 0xee, 0xd7, 0xee, 0xf8, 0xee, 0xf8, 0xee,
    0xf8, 0xee, 0xd7, 0xee, 0xf8, 0xee, 0xf8, 0xee, 0xf8, 0xee, 0xf8, 0xee, 0xf8, 0xee, 0xd7, 0xee,
    0xf8, 0xee, 0xd7, 0xee, 0xf8, 0xee, 0xf8, 0xee, 0xf8, 0xee, 0xf8, 0xee, 0xf8, 0xee, 0xf8, 0xee,
    0xf8, 0xee, 0xf8, 0xee, 0xf8, 0xee, 0xf8, 0xee, 0xf8, 0xee, 0xf8, 0xee, 0xf8, 0xee, 0xf8, 0xee,
    0xf8, 0xee, 0xf8, 0xee, 0xf8, 0xee, 0xf8, 0xee, 0xf8, 0xee, 0xd7, 0xee, 0xd7, 0xee, 0xd7, 0xee,
    0xd7, 0xee, 0xf8, 0xee, 0xf8, 0xee, 0xf8, 0xee, 0xf8, 0xee, 0xf8, 0xee, 0xf8, 0xee, 0xf8, 0xee,
    0xf8, 0xee, 0xf8, 0xee, 0xf8, 0xee, 0xf8, 0xee, 0xd7, 0xee, 0xd7, 0xee, 0xd7, 0xee, 0xf8, 0xee,
    0xd7, 0xee, 0xd7, 0xee, 0xf8, 0xee, 0xf8, 0xee, 0xd7, 0xee, 0xd7, 0xee, 0xd7, 0xee, 0xd7, 0xee,
    0xf8, 0xee, 0xf8, 0xee, 0xf8, 0xee, 0xf8, 0xee, 0xf8, 0xee, 0xd7, 0xee, 0xd7, 0xee, 0xd7, 0xee,
    0xd7, 0xee, 0xd7, 0xee, 0xf8, 0xee, 0xf8, 0xee, 0xf8, 0xee, 0xd7, 0xee, 0xf8, 0xee, 0xf8, 0xee,
    0xf8, 0xee, 0xf8, 0xee, 0xd7, 0xee, 0xf8, 0xee, 0xf8, 0xee, 0xd7, 0xee, 0xd7, 0xee, 0xd7, 0xee,
    0xf8, 0xee, 0xd7, 0xee, 0xf8, 0xee, 0xf8, 0xee, 0xf8, 0xee, 0xd7, 0xee, 0xd7, 0xee, 0xd7, 0xee,
    0xd7, 0xee, 0xd7, 0xee, 0xd7, 0xee, 0xd7, 0xee, 0xf8, 0xee, 0xf8, 0xee, 0xd7, 0xee, 0xd7, 0xee,
    0xd7, 0xee, 0xd7, 0xee, 0xf8, 0xee, 0xf8, 0xee, 0xd7, 0xee, 0xd7, 0xee, 0xd7, 0xee, 0xd7, 0xee,
    0xd7, 0xee, 0xf8, 0xee, 0xf8, 0xee, 0xd7, 0xee, 0xd7, 0xee, 0xf8, 0xee, 0xd7, 0xee, 0xd7, 0xee,
    0xd7, 0xee, 0xf8, 0xee, 0xf8, 0xee, 0xf8, 0xee, 0xd7, 0xee, 0xf8, 0xee, 0xd7, 0xee, 0xf8, 0xee,
    0xd7, 0xee, 0xf8, 0xee, 0xf8, 0xee, 0xd7, 0xee, 0xd7, 0xee, 0xf8, 0xee, 0xf8, 0xee, 0xf8, 0xee,
    0xf8, 0xee, 0xf8, 0xee, 0xf8, 0xee, 0xf8, 0xee, 0xf8, 0xee, 0xd7, 0xee, 0xf8, 0xee, 0xf8, 0xee,
    0xd7, 0xee, 0xf8, 0xee, 0xf8, 0xee, 0xd7, 0xee, 0xd7, 0xee, 0xd7, 0xee, 0xd7, 0xee, 0xd7, 0xee,
    0xd7, 0xee, 0xd7, 0xee, 0xd7, 0xee, 0xf8, 0xee, 0xf8, 0xee, 0xf8, 0xee, 0xf8, 0xee, 0xf8, 0xee,
    0xf8, 0xee, 0xf8, 0xee, 0xd7, 0xee, 0xf8, 0xee, 0xd7, 0xee, 0xf8, 0xee, 0xd7, 0xee, 0xd7, 0xee,
    0xf8, 0xee, 0xf8, 0xee, 0xf8, 0xee, 0xf8, 0xee, 0xf8, 0xee, 0xf8, 0xee, 0xf8, 0xee, 0xd7, 0xee,
    0xd7, 0xee, 0xd7, 0xee, 0xd7, 0xee, 0xd7, 0xee, 0xd7, 0xee, 0xd7, 0xee, 0xd7, 0xee, 0xd7, 0xee,
    0xd7, 0xee, 0xd7, 0xee, 0xd7, 0xee, 0xd7, 0xee, 0xf8, 0xee, 0xf8, 0xee, 0xd7, 0xee, 0xd7, 0xee,
    0xd7, 0xee, 0xf8, 0xee, 0xf8, 0xee, 0xd7, 0xee, 0xb6, 0xe6, 0xd7, 0xee, 0xf8, 0xee, 0xf8, 0xee,
    0xf8, 0xee, 0xf8, 0xee, 0xd7, 0xee, 0xd7, 0xee, 0xf8, 0xee, 0xf8, 0xee, 0xf8, 0xee, 0xf8, 0xee,
    0xd7, 0xee, 0xf8, 0xee, 0xf8, 0xee, 0xf8, 0xee, 0xf8, 0xee, 0xf8, 0xee, 0xd7, 0xee, 0xd7, 0xee,
    0xf8, 0xee, 0xf8, 0xee, 0xd7, 0xee, 0xd7, 0xee, 0xf8, 0xee, 0xf8, 0xee, 0xd7, 0xee, 0xf8, 0xee,
    0xf8, 0xee, 0xf8, 0xee, 0xd7, 0xee, 0xf8, 0xee, 0xd7, 0xee, 0xd7, 0xee, 0xd7, 0xee, 0xd7, 0xee,
    0xf8, 0xee, 0xf8, 0xee, 0xf8, 0xee, 0xf8, 0xee, 0xf8, 0xee, 0xf8, 0xee, 0xf8, 0xee, 0xf8, 0xee,
    0xf8, 0xee, 0xf8, 0xee, 0xd7, 0xee, 0xd7, 0xee, 0xd7, 0xee, 0xd7, 0xee, 0xd7, 0xee, 0xf8, 0xee,
    0xd7, 0xee, 0xf8, 0xee, 0xf8, 0xee, 0xf8, 0xee, 0xf8, 0xee, 0xf8, 0xee, 0xf8, 0xee, 0xf8, 0xee,
    0xf8, 0xee, 0xf8, 0xee, 0xd7, 0xee, 0xf8, 0xee, 0xf8, 0xee, 0xf8, 0xee, 0xf8, 0xee, 0xf8, 0xee,
    0xd7, 0xee, 0xd7, 0xee, 0xf8, 0xee, 0xf8, 0xee, 0xf8, 0xee, 0xf8, 0xee, 0xf8, 0xee, 0xf8, 0xee,
    0xf8, 0xee, 0xf8, 0xee, 0xd7, 0xee, 0xf8, 0xee, 0xf8, 0xee, 0xd7, 0xee, 0xd7, 0xee, 0xd7, 0xee,
    0xf8, 0xee, 0xf8, 0xee, 0xf8, 0xee, 0xf8, 0xee, 0xf8, 0xee, 0xf8, 0xee, 0xf8, 0xee, 0xf8, 0xee,
    0xf8, 0xee, 0xf8, 0xee, 0xf8, 0xee, 0xd7, 0xee, 0xf8, 0xee, 0xf8, 0xee, 0xd7, 0xee, 0xf8, 0xee,
    0xf8, 0xee, 0xd7, 0xee, 0xd7, 0xee, 0xf8, 0xee, 0xf8, 0xee, 0xd7, 0xee, 0xd7, 0xee, 0xd7, 0xee,
    0xf8, 0xee, 0xf8, 0xee, 0xf8, 0xee, 0xf8, 0xee, 0xf8, 0xee, 0xd7, 0xee, 0xd7, 0xee, 0xd7, 0xee,
    0xf8, 0xee, 0xf8, 0xee, 0xf8, 0xee, 0xf8, 0xee, 0xf8, 0xee, 0xd7, 0xee, 0xd7, 0xee, 0xf8, 0xee,
    0xf8, 0xee, 0xf8, 0xee, 0xf8, 0xee, 0xf8, 0xee, 0xd7, 0xee, 0xd7, 0xee, 0xd7, 0xee, 0xf8, 0xee,
    0xf8, 0xee, 0xf8, 0xee, 0xd7, 0xee, 0xf8, 0xee, 0xf8, 0xee, 0xf8, 0xee, 0xd7, 0xee, 0xd7, 0xee,
    0xd7, 0xee, 0xd7, 0xee, 0xf8, 0xee, 0xf8, 0xee, 0xd7, 0xee, 0xf8, 0xee, 0xf8, 0xee, 0xd7, 0xee,
    0xd7, 0xee, 0xf8, 0xee, 0xd7, 0xee, 0xf8, 0xee, 0xf8, 0xee, 0xd7, 0xee, 0xd7, 0xee, 0xd7, 0xee,
    0xf8, 0xee, 0xf8, 0xee, 0xf8, 0xee, 0xf8, 0xee, 0xf8, 0xee, 0xd7, 0xee, 0xd7, 0xee, 0xd7, 0xee,
    0xd7, 0xee, 0xd7, 0xee, 0xf8, 0xee, 0xf8, 0xee, 0xf8, 0xee, 0xf8, 0xee, 0xf8, 0xee, 0xf8, 0xee,
    0xd7, 0xee, 0xf8, 0xee, 0xf8, 0xee, 0xf8, 0xee, 0xf8, 0xee, 0xf8, 0xee, 0xf8, 0xee, 0xf8, 0xee,
    0xf8, 0xee, 0xf8, 0xee, 0xd7, 0xee, 0xd7, 0xee, 0xf8, 0xee, 0xf8, 0xee, 0xf8, 0xee, 0xf8, 0xee,
    0xf8, 0xee, 0xf8, 0xee, 0xf8, 0xee, 0xd7, 0xee, 0xd7, 0xee, 0xd7, 0xee, 0xd7, 0xee, 0xd7, 0xee,
    0xd7, 0xee, 0xb6, 0xe6, 0xd7, 0xee, 0xd7, 0xee, 0xf8, 0xee, 0xd7, 0xee, 0xf8, 0xee, 0xf8, 0xee,
    0xf8, 0xee, 0xd7, 0xee, 0xf8, 0xee, 0xd7, 0xee, 0xd7, 0xee, 0xf8, 0xee, 0xd7, 0xee, 0xd7, 0xee,
    0xf8, 0xee, 0xf8, 0xee, 0xd7, 0xee, 0xd7, 0xee, 0xf8, 0xee, 0xf8, 0xee, 0xd7, 0xee, 0xf8, 0xee,
    0xf8, 0xee, 0xd7, 0xee, 0xf8, 0xee, 0xd7, 0xee, 0xd7, 0xee, 0xd7, 0xee, 0xd7, 0xee, 0xd7, 0xee,
    0xd7, 0xee, 0xf8, 0xee, 0xf8, 0xee, 0xd7, 0xee, 0xf8, 0xee, 0xd7, 0xee, 0xd7, 0xee, 0xd7, 0xee,
    0xf8, 0xee, 0xf8, 0xee, 0xd7, 0xee, 0xd7, 0xee, 0xd7, 0xee, 0xd7, 0xee, 0xd7, 0xee, 0xf8, 0xee,
    0xf8, 0xee, 0xf8, 0xee, 0xf8, 0xee, 0xd7, 0xee, 0xf8, 0xee, 0xd7, 0xee, 0xd7, 0xee, 0xd7, 0xee,
    0xf8, 0xee, 0xf8, 0xee, 0xf8, 0xee, 0xf8, 0xee, 0xf8, 0xee, 0xf8, 0xee, 0xd7, 0xee, 0xf8, 0xee,
    0xf8, 0xee, 0xd7, 0xee, 0xd7, 0xee, 0xf8, 0xee, 0xf8, 0xee, 0xf8, 0xee, 0xd7, 0xee, 0xd7, 0xee,
    0xf8, 0xee, 0xf8, 0xee, 0xf8, 0xee, 0xf8, 0xee, 0xf8, 0xee, 0xd7, 0xee, 0xd7, 0xee, 0xd7, 0xee,
    0xd7, 0xee, 0xf8, 0xee, 0xf8, 0xee, 0xf8, 0xee, 0xf8, 0xee, 0xf8, 0xee, 0xd7, 0xee, 0xf8, 0xee,
    0xf8, 0xee, 0xd7, 0xee, 0xf8, 0xee, 0xf8, 0xee, 0xf8, 0xee, 0xf8, 0xee, 0xf8, 0xee, 0xd7, 0xee,
    0xd7, 0xee, 0xf8, 0xee, 0xf8, 0xee, 0xd7, 0xee, 0xd7, 0xee, 0xf8, 0xee, 0xf8, 0xee, 0xf8, 0xee,
    0xf8, 0xee, 0xf8, 0xee, 0xf8, 0xee, 0xf8, 0xee, 0xd7, 0xee, 0xf8, 0xee, 0xd7, 0xee, 0xf8, 0xee,
    0xf8, 0xee, 0xf8, 0xee, 0xf8, 0xee, 0xf8, 0xee, 0xd7, 0xee, 0xf8, 0xee, 0xf8, 0xee, 0xd7, 0xee,
    0xd7, 0xee, 0xd7, 0xee, 0xd7, 0xee, 0xd7, 0xee, 0xd7, 0xee, 0xf8, 0xee, 0xd7, 0xee, 0xd7, 0xee,
    0xf8, 0xee, 0xf8, 0xee, 0xf8, 0xee, 0xf8, 0xee, 0xf8, 0xee, 0xf8, 0xee, 0xf8, 0xee, 0xf8, 0xee,
    0xf8, 0xee, 0xf8, 0xee, 0xd7, 0xee, 0xf8, 0xee, 0xf8, 0xee, 0xf8, 0xee, 0xd7, 0xee, 0xf8, 0xee,
    0xf8, 0xee, 0xf8, 0xee, 0xf8, 0xee, 0xf8, 0xee, 0xf8, 0xee, 0xf8, 0xee, 0xd7, 0xee, 0xd7, 0xee,
    0xf8, 0xee, 0xf8, 0xee, 0xf8, 0xee, 0xf8, 0xee, 0xf8, 0xee, 0xd7, 0xee, 0xd7, 0xee, 0xd7, 0xee,
    0xf8, 0xee, 0xf8, 0xee, 0xf8, 0xee, 0xf8, 0xee, 0xd7, 0xee, 0xd7, 0xee, 0xd7, 0xee, 0xf8, 0xee,
    0xf8, 0xee, 0xf8, 0xee, 0xd7, 0xee, 0xd7, 0xee, 0xf8, 0xee, 0xd7, 0xee, 0xf8, 0xee, 0xf8, 0xee,
    0xf8, 0xee, 0xf8, 0xee, 0xd7, 0xee, 0xd7, 0xee, 0xf8, 0xee, 0xf8, 0xee, 0xd7, 0xee, 0xd7, 0xee,
    0xd7, 0xee, 0xf8, 0xee, 0xf8, 0xee, 0xf8, 0xee, 0xd7, 0xee, 0xd7, 0xee, 0xf8, 0xee, 0xd7, 0xee,
    0xf8, 0xee, 0xf8, 0xee, 0xf8, 0xee, 0xf8, 0xee, 0xd7, 0xee, 0xd7, 0xee, 0xd7, 0xee, 0xd7, 0xee,
    0xf8, 0xee, 0xf8, 0xee, 0xf8, 0xee, 0xd7, 0xee, 0xd7, 0xee, 0xd7, 0xee, 0xd7, 0xee, 0xd7, 0xee,
    0xd7, 0xee, 0xd7, 0xee, 0xf8, 0xee, 0xf8, 0xee, 0xf8, 0xee, 0xf8, 0xee, 0xf8, 0xee, 0xf8, 0xee,
    0xd7, 0xee, 0xf8, 0xee, 0xf8, 0xee, 0xf8, 0xee, 0xf8, 0xee, 0xf8, 0xee, 0xf8, 0xee, 0xf8, 0xee,
    0xf8, 0xee, 0xf8, 0xee, 0xd7, 0xee, 0xd7, 0xee, 0xd7, 0xee, 0xd7, 0xee, 0xd7, 0xee, 0xf8, 0xee,
    0xf8, 0xee, 0xf8, 0xee, 0xd7, 0xee, 0xd7, 0xee, 0xd7, 0xee, 0xd7, 0xee, 0xf8, 0xee, 0xd7, 0xee,
    0xd7, 0xee, 0xd7, 0xee, 0xd7, 0xee, 0xd7, 0xee, 0xd7, 0xee, 0xd7, 0xee, 0xf8, 0xee, 0xd7, 0xee,
    0xd7, 0xee, 0xd7, 0xee, 0xd7, 0xee, 0xd7, 0xee, 0xf8, 0xee, 0xf8, 0xee, 0xf8, 0xee, 0xf8, 0xee,
    0xf8, 0xee, 0xd7, 0xee, 0xd7, 0xee, 0xd7, 0xee, 0xf8, 0xee, 0xd7, 0xee, 0xd7, 0xee, 0xf8, 0xee,
    0xf8, 0xee, 0xf8, 0xee, 0xd7, 0xee, 0xd7, 0xee, 0xd7, 0xee, 0xd7, 0xee, 0xd7, 0xee, 0xd7, 0xee,
    0xd7, 0xee, 0xf8, 0xee, 0xf8, 0xee, 0xd7, 0xee, 0xd7, 0xee, 0xf8, 0xee, 0xd7, 0xee, 0xd7, 0xee,
    0xd7, 0xee, 0xd7, 0xee, 0xd7, 0xee, 0xf8, 0xee, 0xf8, 0xee, 0xf8, 0xee, 0xf8, 0xee, 0xd7, 0xee,
    0xd7, 0xee, 0xf8, 0xee, 0xd7, 0xee, 0xf8, 0xee, 0xf8, 0xee, 0xd7, 0xee, 0xd7, 0xee, 0xd7, 0xee,
    0xd7, 0xee, 0xd7, 0xee, 0xf8, 0xee, 0xf8, 0xee, 0xf8, 0xee, 0xf8, 0xee, 0xd7, 0xee, 0xf8, 0xee,
    0xd7, 0xee, 0xd7, 0xee, 0xf8, 0xee, 0xf8, 0xee, 0xf8, 0xee, 0xf8, 0xee, 0xd7, 0xee, 0xd7, 0xee,
    0xf8, 0xee, 0xf8, 0xee, 0xf8, 0xee, 0xf8, 0xee, 0xf8, 0xee, 0xf8, 0xee, 0xd7, 0xee, 0xf8, 0xee,
    0xd7, 0xee, 0xd7, 0xee, 0xf8, 0xee, 0xf8, 0xee, 0xf8, 0xee, 0xd7, 0xee, 0xf8, 0xee, 0xf8, 0xee,
    0xd7, 0xee, 0xf8, 0xee, 0xf8, 0xee, 0xf8, 0xee, 0xf8, 0xee, 0xf8, 0xee, 0xf8, 0xee, 0xf8, 0xee,
    0xf8, 0xee, 0xd7, 0xee, 0xd7, 0xee, 0xf8, 0xee, 0xd7, 0xee, 0xd7, 0xee, 0xf8, 0xee, 0xf8, 0xee,
    0xf8, 0xee, 0xf8, 0xee, 0xf8, 0xee, 0xf8, 0xee, 0xd7, 0xee, 0xd7, 0xee, 0xd7, 0xee, 0xf8, 0xee,
    0xf8, 0xee, 0xf8, 0xee, 0xf8, 0xee, 0xf8, 0xee, 0xf8, 0xee, 0xf8, 0xee, 0xf8, 0xee, 0xd7, 0xee,
    0xd7, 0xee, 0xd7, 0xee, 0xd7, 0xee, 0xd7, 0xee, 0xf8, 0xee, 0xf8, 0xee, 0xf8, 0xee, 0xd7, 0xee,
    0xd7, 0xee, 0xf8, 0xee, 0xf8, 0xee, 0xf8, 0xee, 0xd7, 0xee, 0xd7, 0xee, 0xf8, 0xee, 0xf8, 0xee,
    0xf8, 0xee, 0xf8, 0xee, 0xd7, 0xee, 0xf8, 0xee, 0xd7, 0xee, 0xf8, 0xee, 0xf8, 0xee, 0xd7, 0xee,
    0xf8, 0xee, 0xf8, 0xee, 0xd7, 0xee, 0xd7, 0xee, 0xf8, 0xee, 0xd7, 0xee, 0xd7, 0xee, 0xd7, 0xee,
    0xf8, 0xee, 0xf8, 0xee, 0xf8, 0xee, 0xf8, 0xee, 0xd7, 0xee, 0xf8, 0xee, 0xd7, 0xee, 0xf8, 0xee,
    0xf8, 0xee, 0xf8, 0xee, 0xf8, 0xee, 0xd7, 0xee, 0xd7, 0xee, 0xd7, 0xee, 0xf8, 0xee, 0xd7, 0xee,
    0xf8, 0xee, 0xf8, 0xee, 0xd7, 0xee, 0xd7, 0xee, 0xf8, 0xee, 0xf8, 0xee, 0xd7, 0xee, 0xf8, 0xee,
    0xf8, 0xee, 0xf8, 0xee, 0xd7, 0xee, 0xf8, 0xee, 0xf8, 0xee, 0xf8, 0xee, 0xf8, 0xee, 0xd7, 0xee,
    0xf8, 0xee, 0xf8, 0xee, 0xf8, 0xee, 0xf8, 0xee, 0xd7, 0xee, 0xd7, 0xee, 0xd7, 0xee, 0xd7, 0xee,
    0xf8, 0xee, 0xf8, 0xee, 0xf8, 0xee, 0xd7, 0xee, 0xd7, 0xee, 0xf8, 0xee, 0xf8, 0xee, 0xd7, 0xee,
    0xd7, 0xee, 0xf8, 0xee, 0xf8, 0xee, 0xd7, 0xee, 0xd7, 0xee, 0xd7, 0xee, 0xd7, 0xee, 0xd7, 0xee,
    0xd7, 0xee, 0xd7, 0xee, 0xf8, 0xee, 0xf8, 0xee, 0xf8, 0xee, 0xf8, 0xee, 0xf8, 0xee, 0xf8, 0xee,
    0xd7, 0xee, 0xf8, 0xee, 0xf8, 0xee, 0xd7, 0xee, 0xd7, 0xee, 0xf8, 0xee, 0xf8, 0xee, 0xf8, 0xee,
    0xf8, 0xee, 0xf8, 0xee, 0xf8, 0xee, 0xd7, 0xee, 0xf8, 0xee, 0xd7, 0xee, 0xd7, 0xee, 0xd7, 0xee,
    0xf8, 0xee, 0xf8, 0xee, 0xd7, 0xee, 0xf8, 0xee, 0xd7, 0xee, 0xd7, 0xee, 0xf8, 0xee, 0xf8, 0xee,
    0xd7, 0xee, 0xf8, 0xee, 0xd7, 0xee, 0xd7, 0xee, 0xd7, 0xee, 0xf8, 0xee, 0xf8, 0xee, 0xd7, 0xee,
    0xd7, 0xee, 0xf8, 0xee, 0xd7, 0xee, 0xd7, 0xee, 0xd7, 0xee, 0xf8, 0xee, 0xf8, 0xee, 0xf8, 0xee,
    0xf8, 0xee, 0xf8, 0xee, 0xd7, 0xee, 0xd7, 0xee, 0xd7, 0xee, 0xd7, 0xee, 0xf8, 0xee, 0xd7, 0xee,
    0xd7, 0xee, 0xd7, 0xee, 0xd7, 0xee, 0xd7, 0xee, 0xd7, 0xee, 0xd7, 0xee, 0xd7, 0xee, 0xd7, 0xee,
    0xd7, 0xee, 0xf8, 0xee, 0xf8, 0xee, 0xd7, 0xee, 0xd7, 0xee, 0xf8, 0xee, 0xd7, 0xee, 0xd7, 0xee,
    0xd7, 0xee, 0xf8, 0xee, 0xf8, 0xee, 0xf8, 0xee, 0xf8, 0xee, 0xf8, 0xee, 0xf8, 0xee, 0xd7, 0xee,
    0xf8, 0xee, 0xf8, 0xee, 0xd7, 0xee, 0xf8, 0xee, 0xf8, 0xee, 0xf8, 0xee, 0xf8, 0xee, 0xf8, 0xee,
    0xf8, 0xee, 0xd7, 0xee, 0xd7, 0xee, 0xf8, 0xee, 0xf8, 0xee, 0xf8, 0xee, 0xf8, 0xee, 0xd7, 0xee,
    0xd7, 0xee, 0xd7, 0xee, 0xd7, 0xee, 0xf8, 0xee, 0xd7, 0xee, 0xf8, 0xee, 0xf8, 0xee, 0xf8, 0xee,
    0xf8, 0xee, 0xf8, 0xee, 0xf8, 0xee, 0xf8, 0xee, 0xf8, 0xee, 0xf8, 0xee, 0xf8, 0xee, 0xf8, 0xee,
    0xf8, 0xee, 0xf8, 0xee, 0xd7, 0xee, 0xf8, 0xee, 0xf8, 0xee, 0xd7, 0xee, 0xf8, 0xee, 0xd7, 0xee,
    0xd7, 0xee, 0xf8, 0xee, 0xf8, 0xee, 0xf8, 0xee, 0xd7, 0xee, 0xd7, 0xee, 0xf8, 0xee, 0xd7, 0xee,
    0xf8, 0xee, 0xd7, 0xee, 0xf8, 0xee, 0xd7, 0xee, 0xd7, 0xee, 0xf8, 0xee, 0xd7, 0xee, 0xf8, 0xee,
    0xd7, 0xee, 0xd7, 0xee, 0xf8, 0xee, 0xd7, 0xee, 0xd7, 0xee, 0xf8, 0xee, 0xf8, 0xee, 0xd7, 0xee,
    0xf8, 0xee, 0xf8, 0xee, 0xf8, 0xee, 0xf8, 0xee, 0xf8, 0xee, 0xd7, 0xee, 0xf8, 0xee, 0xf8, 0xee,
    0xd7, 0xee, 0xd7, 0xee, 0xd7, 0xee, 0xd7, 0xee, 0xf8, 0xee, 0xf8, 0xee, 0xf8, 0xee, 0xf8, 0xee,
    0xd7, 0xee, 0xd7, 0xee, 0xf8, 0xee, 0xd7, 0xee, 0xd7, 0xee, 0xd7, 0xee, 0xd7, 0xee, 0xd7, 0xee,
    0xf8, 0xee, 0xd7, 0xee, 0xd7, 0xee, 0xd7, 0xee, 0xf8, 0xee, 0xf8, 0xee, 0xf8, 0xee, 0xd7, 0xee,
    0xf8, 0xee, 0xf8, 0xee, 0xf8, 0xee, 0xf8, 0xee, 0xf8, 0xee, 0xf8, 0xee, 0xf8, 0xee, 0xf8, 0xee,
    0xd7, 0xee, 0xf8, 0xee, 0xf8, 0xee, 0xf8, 0xee, 0xf8, 0xee, 0xf8, 0xee, 0xd7, 0xee, 0xd7, 0xee,
    0xd7, 0xee, 0xd7, 0xee, 0xf8, 0xee, 0xd7, 0xee, 0xd7, 0xee, 0xf8, 0xee, 0xf8, 0xee, 0xd7, 0xee,
    0xd7, 0xee, 0xf8, 0xee, 0xf8, 0xee, 0xd7, 0xee, 0xf8, 0xee, 0xf8, 0xee, 0xf8, 0xee, 0xf8, 0xee,
    0xf8, 0xee, 0xf8, 0xee, 0xf8, 0xee, 0xd7, 0xee, 0xf8, 0xee, 0xf8, 0xee, 0xd7, 0xee, 0xd7, 0xee,
    0xf8, 0xee, 0xd7, 0xee, 0xd7, 0xee, 0xd7, 0xee, 0xd7, 0xee, 0xd7, 0xee, 0xf8, 0xee, 0xf8, 0xee,
    0xf8, 0xee, 0xd7, 0xee, 0xd7, 0xee, 0xd7, 0xee, 0xf8, 0xee, 0xd7, 0xee, 0xf8, 0xee, 0xd7, 0xee,
    0xf8, 0xee, 0xf8, 0xee, 0xf8, 0xee, 0xd7, 0xee, 0xf8, 0xee, 0xf8, 0xee, 0xf8, 0xee, 0xf8, 0xee,
    0xd7, 0xee, 0xd7, 0xee, 0xd7, 0xee, 0xd7, 0xee, 0xd7, 0xee, 0xf8, 0xee, 0xf8, 0xee, 0xf8, 0xee,
    0xd7, 0xee, 0xf8, 0xee, 0xf8, 0xee, 0xf8, 0xee, 0xd7, 0xee, 0xd7, 0xee, 0xf8, 0xee, 0xf8, 0xee,
    0xf8, 0xee, 0xf8, 0xee, 0xf8, 0xee, 0xd7, 0xee, 0xf8, 0xee, 0xf8, 0xee, 0xf8, 0xee, 0xf8, 0xee,
    0xd7, 0xee, 0xd7, 0xee, 0xd7, 0xee, 0xd7, 0xee, 0xd7, 0xee, 0xd7, 0xee, 0xf8, 0xee, 0xd7, 0xee,
    0xd7, 0xee, 0xd7, 0xee, 0xf8, 0xee, 0xf8, 0xee, 0xf8, 0xee, 0xd7, 0xee, 0xf8, 0xee, 0xd7, 0xee,
    0xd7, 0xee, 0xd7, 0xee, 0xd7, 0xee, 0xd7, 0xee, 0xf8, 0xee, 0xd7, 0xee, 0xd7, 0xee, 0xf8, 0xee,
    0xf8, 0xee, 0xf8, 0xee, 0xf8, 0xee, 0xf8, 0xee, 0xf8, 0xee, 0xd7, 0xee, 0xd7, 0xee, 0xd7, 0xee,
    0xd7, 0xee, 0xd7, 0xee, 0xf8, 0xee, 0xf8, 0xee, 0xf8, 0xee, 0xd7, 0xee, 0xd7, 0xee, 0xd7, 0xee,
    0xd7, 0xee, 0xd7, 0xee, 0xd7, 0xee, 0xd7, 0xee, 0xd7, 0xee, 0xd7, 0xee, 0xd7, 0xee, 0xd7, 0xee,
    0xd7, 0xee, 0xd7, 0xee, 0xd7, 0xee, 0xd7, 0xee, 0xd7, 0xee, 0xf8, 0xee, 0xd7, 0xee, 0xf8, 0xee,
    0xd7, 0xee, 0xf8, 0xee, 0xd7, 0xee, 0xf8, 0xee, 0xf8, 0xee, 0xf8, 0xee, 0xf8, 0xee, 0xf8, 0xee,
    0xf8, 0xee, 0xd7, 0xee, 0xd7, 0xee, 0xf8, 0xee, 0xf8, 0xee, 0xd7, 0xee, 0xd7, 0xee, 0xf8, 0xee,
    0xf8, 0xee, 0xd7, 0xee, 0xd7, 0xee, 0xf8, 0xee, 0xf8, 0xee, 0xf8, 0xee, 0xf8, 0xee, 0xf8, 0xee,
    0xf8, 0xee, 0xd7, 0xee, 0xd7, 0xee, 0xf8, 0xee, 0xf8, 0xee, 0xf8, 0xee, 0xf8, 0xee, 0xf8, 0xee,
    0xf8, 0xee, 0xf8, 0xee, 0xf8, 0xee, 0xd7, 0xee, 0xf8, 0xee, 0xf8, 0xee, 0xf8, 0xee, 0xf8, 0xee,
    0xd7, 0xee, 0xd7, 0xee, 0xd7, 0xee, 0xf8, 0xee, 0xd7, 0xee, 0xd7, 0xee, 0xf8, 0xee, 0xd7, 0xee,
    0xf8, 0xee, 0xf8, 0xee, 0xf8, 0xee, 0xf8, 0xee, 0xd7, 0xee, 0xf8, 0xee, 0xd7, 0xee, 0xf8, 0xee,
    0xd7, 0xee, 0xd7, 0xee, 0xf8, 0xee, 0xd7, 0xee, 0xd7, 0xee, 0xd7, 0xee, 0xf8, 0xee, 0xf8, 0xee,
    0xf8, 0xee, 0xf8, 0xee, 0xf8, 0xee, 0xf8, 0xee, 0xf8, 0xee, 0xf8, 0xee, 0xf8, 0xee, 0xf8, 0xee,
    0xd7, 0xee, 0xf8, 0xee, 0xd7, 0xee, 0xd7, 0xee, 0xf8, 0xee, 0xf8, 0xee, 0xf8, 0xee, 0xf8, 0xee,
    0xf8, 0xee, 0xd7, 0xee, 0xd7, 0xee, 0xd7, 0xee, 0xd7, 0xee, 0xd7, 0xee, 0xd7, 0xee, 0xd7, 0xee,
    0xd7, 0xee, 0xd7, 0xee, 0xd7, 0xee, 0xf8, 0xee, 0xd7, 0xee, 0xf8, 0xee, 0xf8, 0xee, 0xf8, 0xee,
    0xf8, 0xee, 0xf8, 0xee, 0xf8, 0xee, 0xf8, 0xee, 0xf8, 0xee, 0xf8, 0xee, 0xf8, 0xee, 0xf8, 0xee,
    0xf8, 0xee, 0xf8, 0xee, 0xd7, 0xee, 0xf8, 0xee, 0xf8, 0xee, 0xf8, 0xee, 0xf8, 0xee, 0xd7, 0xee,
    0xd7, 0xee, 0xd7, 0xee, 0xd7, 0xee, 0xd7, 0xee, 0xf8, 0xee, 0xf8, 0xee, 0xd7, 0xee, 0xd7, 0xee,
    0xd7, 0xee, 0xd7, 0xee, 0xd7, 0xee, 0xd7, 0xee, 0xf8, 0xee, 0xd7, 0xee, 0xf8, 0xee, 0xf8, 0xee,
    0xf8, 0xee, 0xf8, 0xee, 0xf8, 0xee, 0xf8, 0xee, 0xd7, 0xee, 0xf8, 0xee, 0xd7, 0xee, 0xd7, 0xee,
    0xf8, 0xee, 0xf8, 0xee, 0xf8, 0xee, 0xd7, 0xee, 0xd7, 0xee, 0xf8, 0xee, 0xf8, 0xee, 0xf8, 0xee,
    0xd7, 0xee, 0xd7, 0xee, 0xd7, 0xee, 0xd7, 0xee, 0xf8, 0xee, 0xd7, 0xee, 0xd7, 0xee, 0xd7, 0xee,
    0xd7, 0xee, 0xf8, 0xee, 0xf8, 0xee, 0xf8, 0xee, 0xf8, 0xee, 0xf8, 0xee, 0xf8, 0xee, 0xf8, 0xee,
    0xf8, 0xee, 0xd7, 0xee, 0xd7, 0xee, 0xd7, 0xee, 0xf8, 0xee, 0xf8, 0xee, 0xf8, 0xee, 0xf8, 0xee,
    0xf8, 0xee, 0xf8, 0xee, 0xf8, 0xee, 0xf8, 0xee, 0xd7, 0xee, 0xd7, 0xee, 0xd7, 0xee, 0xf8, 0xee,
    0xf8, 0xee, 0xf8, 0xee, 0xf8, 0xee, 0xd7, 0xee, 0xf8, 0xee, 0xf8, 0xee, 0xd7, 0xee, 0xf8, 0xee,
    0xd7, 0xee, 0xd7, 0xee, 0xf8, 0xee, 0xd7, 0xee, 0xd7, 0xee, 0xd7, 0xee, 0xf8, 0xee, 0xf8, 0xee,
    0xd7, 0xee, 0xd7, 0xee, 0xd7, 0xee, 0xd7, 0xee, 0xd7, 0xee, 0xd7, 0xee, 0xf8, 0xee, 0xf8, 0xee,
    0xd7, 0xee, 0xf8, 0xee, 0xf8, 0xee, 0xd7, 0xee, 0xd7, 0xee, 0xd7, 0xee, 0xd7, 0xee, 0xf8, 0xee,
    0xd7, 0xee, 0xf8, 0xee, 0xf8, 0xee, 0xf8, 0xee, 0xf8, 0xee, 0xd7, 0xee, 0xd7, 0xee, 0xd7, 0xee,
    0xd7, 0xee, 0xd7, 0xee, 0xf8, 0xee, 0xd7, 0xee, 0xd7, 0xee, 0xd7, 0xee, 0xf8, 0xee, 0xf8, 0xee,
    0xd7, 0xee, 0xd7, 0xee, 0xd7, 0xee, 0xb6, 0xe6, 0xd7, 0xee, 0xd7, 0xee, 0xd7, 0xee, 0xd7, 0xee,
    0xd7, 0xee, 0xd7, 0xee, 0xd7, 0xee, 0xd7, 0xee, 0xd7, 0xee, 0xf8, 0xee, 0xf8, 0xee, 0xd7, 0xee,
    0xd7, 0xee, 0xd7, 0xee, 0xf8, 0xee, 0xd7, 0xee, 0xf8, 0xee, 0xf8, 0xee, 0xf8, 0xee, 0xf8, 0xee,
    0xf8, 0xee, 0xf8, 0xee, 0xf8, 0xee, 0xf8, 0xee, 0xf8, 0xee, 0xd7, 0xee, 0xd7, 0xee, 0xf8, 0xee,
    0xd7, 0xee, 0xf8, 0xee, 0xf8, 0xee, 0xf8, 0xee, 0xd7, 0xee, 0xf8, 0xee, 0xf8, 0xee, 0xf8, 0xee,
    0xf8, 0xee, 0xd7, 0xee, 0xd7, 0xee, 0xd7, 0xee, 0xf8, 0xee, 0xf8, 0xee, 0xf8, 0xee, 0xf8, 0xee,
    0xf8, 0xee, 0xf8, 0xee, 0xf8, 0xee, 0xd7, 0xee, 0xf8, 0xee, 0xf8, 0xee, 0xf8, 0xee, 0xf8, 0xee,
    0xf8, 0xee, 0xd7, 0xee, 0xf8, 0xee, 0xf8, 0xee, 0xd7, 0xee, 0xd7, 0xee, 0xd7, 0xee, 0xd7, 0xee,
    0xf8, 0xee, 0xf8, 0xee, 0xf8, 0xee, 0xd7, 0xee, 0xf8, 0xee, 0xf8, 0xee, 0xf8, 0xee, 0xf8, 0xee,
    0xf8, 0xee, 0xf8, 0xee, 0xf8, 0xee, 0xf8, 0xee, 0xf8, 0xee, 0xf8, 0xee, 0xf8, 0xee, 0xf8, 0xee,
    0xf8, 0xee, 0xf8, 0xee, 0xf8, 0xee, 0xf8, 0xee, 0xf8, 0xee, 0xd7, 0xee, 0xf8, 0xee, 0xf8, 0xee,
    0xd7, 0xee, 0xf8, 0xee, 0xf8, 0xee, 0xd7, 0xee, 0xd7, 0xee, 0xf8, 0xee, 0xf8, 0xee, 0xf8, 0xee,
    0xf8, 0xee, 0xf8, 0xee, 0xd7, 0xee, 0xd7, 0xee, 0xb6, 0xe6, 0xd7, 0xee, 0xf8, 0xee, 0xd7, 0xee,
    0xf8, 0xee, 0xf8, 0xee, 0xf8, 0xee, 0xf8, 0xee, 0xd7, 0xee, 0xd7, 0xee, 0xd7, 0xee, 0xd7, 0xee,
    0xd7, 0xee, 0xf8, 0xee, 0xf8, 0xee, 0xf8, 0xee, 0xf8, 0xee, 0xf8, 0xee, 0xd7, 0xee, 0xf8, 0xee,
    0xd7, 0xee, 0xd7, 0xee, 0xd7, 0xee, 0xf8, 0xee, 0xd7, 0xee, 0xf8, 0xee, 0xf8, 0xee, 0xf8, 0xee,
    0xf8, 0xee, 0xd7, 0xee, 0xf8, 0xee, 0xd7, 0xee, 0xd7, 0xee, 0xf8, 0xee, 0xd7, 0xee, 0xd7, 0xee,
    0xd7, 0xee, 0xd7, 0xee, 0xd7, 0xee, 0xd7, 0xee, 0xd7, 0xee, 0xd7, 0xee, 0xd7, 0xee, 0xf8, 0xee,
    0xf8, 0xee, 0xf8, 0xee, 0xf8, 0xee, 0xf8, 0xee, 0xd7, 0xee, 0xd7, 0xee, 0xd7, 0xee, 0xd7, 0xee,
    0xd7, 0xee, 0xf8, 0xee, 0xf8, 0xee, 0xd7, 0xee, 0xf8, 0xee, 0xd7, 0xee, 0xf8, 0xee, 0xd7, 0xee,
    0xd7, 0xee, 0xd7, 0xee, 0xd7, 0xee, 0xd7, 0xee, 0xf8, 0xee, 0xd7, 0xee, 0xd7, 0xee, 0xd7, 0xee,
    0xd7, 0xee, 0xd7, 0xee, 0xf8, 0xee, 0xf8, 0xee, 0xf8, 0xee, 0xf8, 0xee, 0xf8, 0xee, 0xf8, 0xee,
    0xf8, 0xee, 0xd7, 0xee, 0xd7, 0xee, 0xd7, 0xee, 0xf8, 0xee, 0xf8, 0xee, 0xf8, 0xee, 0xf8, 0xee,
    0xd7, 0xee, 0xf8, 0xee, 0xf8, 0xee, 0xd7, 0xee, 0xd7, 0xee, 0xd7, 0xee, 0xd7, 0xee, 0xd7, 0xee,
    0xd7, 0xee, 0xd7, 0xee, 0xf8, 0xee, 0xd7, 0xee, 0xd7, 0xee, 0xd7, 0xee, 0xf8, 0xee, 0xf8, 0xee,
    0xf8, 0xee, 0xf8, 0xee, 0xd7, 0xee, 0xd7, 0xee, 0xd7, 0xee, 0xd7, 0xee, 0xf8, 0xee, 0xf8, 0xee,
    0xd7, 0xee, 0xf8, 0xee, 0xf8, 0xee, 0xf8, 0xee, 0xd7, 0xee, 0xf8, 0xee, 0xd7, 0xee, 0xd7, 0xee,
    0xd7, 0xee, 0xf8, 0xee, 0xd7, 0xee, 0xf8, 0xee, 0xf8, 0xee, 0xd7, 0xee, 0xf8, 0xee, 0xd7, 0xee,
    0xd7, 0xee, 0xf8, 0xee, 0xf8, 0xee, 0xd7, 0xee, 0xf8, 0xee, 0xf8, 0xee, 0xd7, 0xee, 0xf8, 0xee,
    0xd7, 0xee, 0xf8, 0xee, 0xd7, 0xee, 0xd7, 0xee, 0xd7, 0xee, 0xd7, 0xee, 0xf8, 0xee, 0xf8, 0xee,
    0xf8, 0xee, 0xd7, 0xee, 0xb6, 0xe6, 0xd7, 0xee, 0xd7, 0xee, 0xd7, 0xee, 0xd7, 0xee, 0xd7, 0xee,
    0xd7, 0xee, 0xd7, 0xee, 0xf8, 0xee, 0xd7, 0xee, 0xd7, 0xee, 0xf8, 0xee, 0xf8, 0xee, 0xf8, 0xee,
    0xd7, 0xee, 0xd7, 0xee, 0xd7, 0xee, 0xd7, 0xee, 0xd7, 0xee, 0xf8, 0xee, 0xf8, 0xee, 0xf8, 0xee,
    0xd7, 0xee, 0xf8, 0xee, 0xf8, 0xee, 0xd7, 0xee, 0xf8, 0xee, 0xd7, 0xee, 0xd7, 0xee, 0xd7, 0xee,
    0xf8, 0xee, 0xf8, 0xee, 0xf8, 0xee, 0xf8, 0xee, 0xf8, 0xee, 0xd7, 0xee, 0xf8, 0xee, 0xf8, 0xee,
    0xf8, 0xee, 0xd7, 0xee, 0xf8, 0xee, 0xf8, 0xee, 0xf8, 0xee, 0xf8, 0xee, 0xf8, 0xee, 0xd7, 0xee,
    0xf8, 0xee, 0xf8, 0xee, 0xf8, 0xee, 0xf8, 0xee, 0xd7, 0xee, 0xd7, 0xee, 0xf8, 0xee, 0xf8, 0xee,
    0xd7, 0xee, 0xf8, 0xee, 0xf8, 0xee, 0xf8, 0xee, 0xd7, 0xee, 0xd7, 0xee, 0xf8, 0xee, 0xf8, 0xee,
    0xd7, 0xee, 0xf8, 0xee, 0xf8, 0xee, 0xf8, 0xee, 0xf8, 0xee, 0xf8, 0xee, 0xd7, 0xee, 0xd7, 0xee,
    0xd7, 0xee, 0xd7, 0xee, 0xd7, 0xee, 0xf8, 0xee, 0xf8, 0xee, 0xf8, 0xee, 0xf8, 0xee, 0xd7, 0xee,
    0xd7, 0xee, 0xf8, 0xee, 0xd7, 0xee, 0xd7, 0xee, 0xf8, 0xee, 0xf8, 0xee, 0xf8, 0xee, 0xf8, 0xee,
    0xf8, 0xee, 0xf8, 0xee, 0xf8, 0xee, 0xf8, 0xee, 0xd7, 0xee, 0xd7, 0xee, 0xf8, 0xee, 0xf8, 0xee,
    0xf8, 0xee, 0xf8, 0xee, 0xf8, 0xee, 0xd7, 0xee, 0xd7, 0xee, 0xd7, 0xee, 0xd7, 0xee, 0xd7, 0xee,
    0xf8, 0xee, 0xf8, 0xee, 0xf8, 0xee, 0xf8, 0xee, 0xf8, 0xee, 0xf8, 0xee, 0xf8, 0xee, 0xf8, 0xee,
    0xd7, 0xee, 0xf8, 0xee, 0xf8, 0xee, 0xf8, 0xee, 0xf8, 0xee, 0xf8, 0xee, 0xf8, 0xee, 0xf8, 0xee,
    0xf8, 0xee, 0xf8, 0xee, 0xf8, 0xee, 0xd7, 0xee, 0xf8, 0xee, 0xf8, 0xee, 0xd7, 0xee, 0xf8, 0xee,
    0xf8, 0xee, 0xd7, 0xee, 0xd7, 0xee, 0xd7, 0xee, 0xf8, 0xee, 0xf8, 0xee, 0xd7, 0xee, 0xd7, 0xee,
    0xd7, 0xee, 0xf8, 0xee, 0xf8, 0xee, 0xd7, 0xee, 0xd7, 0xee, 0xd7, 0xee, 0xd7, 0xee, 0xd7, 0xee,
    0xf8, 0xee, 0xf8, 0xee, 0xf8, 0xee, 0xf8, 0xee, 0xf8, 0xee, 0xd7, 0xee, 0xf8, 0xee, 0xd7, 0xee,
    0xd7, 0xee, 0xf8, 0xee, 0xf8, 0xee, 0xd7, 0xee, 0xf8, 0xee, 0xd7, 0xee, 0xd7, 0xee, 0xd7, 0xee,
    0xd7, 0xee, 0xd7, 0xee, 0xd7, 0xee, 0xd7, 0xee, 0xf8, 0xee, 0xf8, 0xee, 0xf8, 0xee, 0xf8, 0xee,
    0xd7, 0xee, 0xf8, 0xee, 0xf8, 0xee, 0xf8, 0xee, 0xf8, 0xee, 0xd7, 0xee, 0xf8, 0xee, 0xf8, 0xee,
    0xf8, 0xee, 0xf8, 0xee, 0xf8, 0xee, 0xd7, 0xee, 0xd7, 0xee, 0xd7, 0xee, 0xf8, 0xee, 0xf8, 0xee,
    0xd7, 0xee, 0xf8, 0xee, 0xf8, 0xee, 0xd7, 0xee, 0xd7, 0xee, 0xd7, 0xee, 0xd7, 0xee, 0xd7, 0xee,
    0xd7, 0xee, 0xd7, 0xee, 0xf8, 0xee, 0xd7, 0xee, 0xd7, 0xee, 0xd7, 0xee, 0xd7, 0xee, 0xd7, 0xee,
    0xf8, 0xee, 0xd7, 0xee, 0xd7, 0xee, 0xf8, 0xee, 0xd7, 0xee, 0xd7, 0xee, 0xd7, 0xee, 0xd7, 0xee,
    0xd7, 0xee, 0xf8, 0xee, 0xf8, 0xee, 0xf8, 0xee, 0xf8, 0xee, 0xf8, 0xee, 0xd7, 0xee, 0xd7, 0xee,
    0xf8, 0xee, 0xf8, 0xee, 0xd7, 0xee, 0xd7, 0xee, 0xd7, 0xee, 0xd7, 0xee, 0xf8, 0xee, 0xd7, 0xee,
    0xf8, 0xee, 0xf8, 0xee, 0xd7, 0xee, 0xd7, 0xee, 0xf8, 0xee, 0xd7, 0xee, 0xd7, 0xee, 0xf8, 0xee,
    0xd7, 0xee, 0xf8, 0xee, 0xf8, 0xee, 0xd7, 0xee, 0xd7, 0xee, 0xd7, 0xee, 0xf8, 0xee, 0xf8, 0xee,
    0xd7, 0xee, 0xb6, 0xe6, 0xb6, 0xe6, 0xd7, 0xee, 0xd7, 0xee, 0xd7, 0xee, 0xd7, 0xee, 0xd7, 0xee,
    0xd7, 0xee, 0xf8, 0xee, 0xf8, 0xee, 0xf8, 0xee, 0xf8, 0xee, 0xd7, 0xee, 0xf8, 0xee, 0xf8, 0xee,
    0xf8, 0xee, 0xd7, 0xee, 0xd7, 0xee, 0xd7, 0xee, 0xd7, 0xee, 0xf8, 0xee, 0xf8, 0xee, 0xd7, 0xee,
    0xf8, 0xee, 0xf8, 0xee, 0xf8, 0xee, 0xf8, 0xee, 0xf8, 0xee, 0xd7, 0xee, 0xf8, 0xee, 0xd7, 0xee,
    0xf8, 0xee, 0xf8, 0xee, 0xf8, 0xee, 0xf8, 0xee, 0xf8, 0xee, 0xd7, 0xee, 0xf8, 0xee, 0xf8, 0xee,
    0xd7, 0xee, 0xf8, 0xee, 0xf8, 0xee, 0xf8, 0xee, 0xf8, 0xee, 0xf8, 0xee, 0xf8, 0xee, 0xf8, 0xee,
    0xf8, 0xee, 0xf8, 0xee, 0xf8, 0xee, 0xf8, 0xee, 0xf8, 0xee, 0xd7, 0xee, 0xd7, 0xee, 0xf8, 0xee,
    0xf8, 0xee, 0xf8, 0xee, 0xf8, 0xee, 0xf8, 0xee, 0xf8, 0xee, 0xd7, 0xee, 0xd7, 0xee, 0xf8, 0xee,
    0xf8, 0xee, 0xf8, 0xee, 0xf8, 0xee, 0xd7, 0xee, 0xd7, 0xee, 0xd7, 0xee, 0xd7, 0xee, 0xd7, 0xee,
    0xd7, 0xee, 0xd7, 0xee, 0xd7, 0xee, 0xd7, 0xee, 0xd7, 0xee, 0xd7, 0xee, 0xd7, 0xee, 0xd7, 0xee,
    0xf8, 0xee, 0xd7, 0xee, 0xd7, 0xee, 0xd7, 0xee, 0xd7, 0xee, 0xf8, 0xee, 0xf8, 0xee, 0xf8, 0xee,
    0xf8, 0xee, 0xd7, 0xee, 0xf8, 0xee, 0xf8, 0xee, 0xf8, 0xee, 0xd7, 0xee, 0xd7, 0xee, 0xd7, 0xee,
    0xf8, 0xee, 0xf8, 0xee, 0xf8, 0xee, 0xf8, 0xee, 0xd7, 0xee, 0xd7, 0xee, 0xd7, 0xee, 0xf8, 0xee,
    0xf8, 0xee, 0xf8, 0xee, 0xf8, 0xee, 0xf8, 0xee, 0xf8, 0xee, 0xf8, 0xee, 0xf8, 0xee, 0xf8, 0xee,
    0xd7, 0xee, 0xd7, 0xee, 0xf8, 0xee, 0xf8, 0xee, 0xf8, 0xee, 0xf8, 0xee, 0xf8, 0xee, 0xf8, 0xee,
    0xf8, 0xee, 0xf8, 0xee, 0xf8, 0xee, 0xf8, 0xee, 0xd7, 0xee, 0xf8, 0xee, 0xf8, 0xee, 0xf8, 0xee,
    0xf8, 0xee, 0xd7, 0xee, 0xd7, 0xee, 0xd7, 0xee, 0xf8, 0xee, 0xd7, 0xee, 0xd7, 0xee, 0xd7, 0xee,
    0xd7, 0xee, 0xf8, 0xee, 0xf8, 0xee, 0xd7, 0xee, 0xd7, 0xee, 0xd7, 0xee, 0xd7, 0xee, 0xd7, 0xee,
    0xf8, 0xee, 0xf8, 0xee, 0xf8, 0xee, 0xf8, 0xee, 0xd7, 0xee, 0xf8, 0xee, 0xf8, 0xee, 0xf8, 0xee,
    0xf8, 0xee, 0xd7, 0xee, 0xf8, 0xee, 0xf8, 0xee, 0xf8, 0xee, 0xd7, 0xee, 0xd7, 0xee, 0xd7, 0xee,
    0xf8, 0xee, 0xf8, 0xee, 0xd7, 0xee, 0xd7, 0xee, 0xf8, 0xee, 0xd7, 0xee, 0xd7, 0xee, 0xd7, 0xee,
    0xd7, 0xee, 0xf8, 0xee, 0xf8, 0xee, 0xf8, 0xee, 0xf8, 0xee, 0xd7, 0xee, 0xf8, 0xee, 0xf8, 0xee,
    0xf8, 0xee, 0xf8, 0xee, 0xf8, 0xee, 0xf8, 0xee, 0xd7, 0xee, 0xd7, 0xee, 0xd7, 0xee, 0xd7, 0xee,
    0xd7, 0xee, 0xd7, 0xee, 0xd7, 0xee, 0xd7, 0xee, 0xd7, 0xee, 0xd7, 0xee, 0xf8, 0xee, 0xd7, 0xee,
    0xf8, 0xee, 0xd7, 0xee, 0xd7, 0xee, 0xd7, 0xee, 0xd7, 0xee, 0xd7, 0xee, 0xd7, 0xee, 0xf8, 0xee,
    0xd7, 0xee, 0xd7, 0xee, 0xd7, 0xee, 0xf8, 0xee, 0xf8, 0xee, 0xd7, 0xee, 0xd7, 0xee, 0xd7, 0xee,
    0xd7, 0xee, 0xd7, 0xee, 0xd7, 0xee, 0xf8, 0xee, 0xf8, 0xee, 0xd7, 0xee, 0xd7, 0xee, 0xd7, 0xee,
    0xd7, 0xee, 0xd7, 0xee, 0xd7, 0xee, 0xd7, 0xee, 0xd7, 0xee, 0xf8, 0xee, 0xd7, 0xee, 0xd7, 0xee,
    0xd7, 0xee, 0xd7, 0xee, 0xd7, 0xee, 0xf8, 0xee, 0xd7, 0xee, 0xd7, 0xee, 0xf8, 0xee, 0xf8, 0xee,
    0xf8, 0xee, 0xd7, 0xee, 0xf8, 0xee, 0xf8, 0xee, 0xf8, 0xee, 0xf8, 0xee, 0xf8, 0xee, 0xf8, 0xee,
    0xb6, 0xe6, 0xd7, 0xee, 0xd7, 0xee, 0xd7, 0xee, 0xd7, 0xee, 0xd7, 0xee, 0xd7, 0xee, 0xf8, 0xee,
    0xd7, 0xee, 0xf8, 0xee, 0xd7, 0xee, 0xd7, 0xee, 0xd7, 0xee, 0xd7, 0xee, 0xd7, 0xee, 0xf8, 0xee,
    0xd7, 0xee, 0xf8, 0xee, 0xd7, 0xee, 0xd7, 0xee, 0xd7, 0xee, 0xd7, 0xee, 0xd7, 0xee, 0xd7, 0xee,
    0xf8, 0xee, 0xf8, 0xee, 0xf8, 0xee, 0xf8, 0xee, 0xf8, 0xee, 0xf8, 0xee, 0xd7, 0xee, 0xd7, 0xee,
    0xf8, 0xee, 0xd7, 0xee, 0xd7, 0xee, 0xf8, 0xee, 0xf8, 0xee, 0xf8, 0xee, 0xd7, 0xee, 0xd7, 0xee,
    0xf8, 0xee, 0xd7, 0xee, 0xf8, 0xee, 0xf8, 0xee, 0xf8, 0xee, 0xf8, 0xee, 0xf8, 0xee, 0xf8, 0xee,
    0xd7, 0xee, 0xf8, 0xee, 0xf8, 0xee, 0xf8, 0xee, 0xf8, 0xee, 0xf8, 0xee, 0xd7, 0xee, 0xd7, 0xee,
    0xf8, 0xee, 0xd7, 0xee, 0xf8, 0xee, 0xf8, 0xee, 0xf8, 0xee, 0xf8, 0xee, 0xf8, 0xee, 0xf8, 0xee,
    0xd7, 0xee, 0xd7, 0xee, 0xf8, 0xee, 0xd7, 0xee, 0xd7, 0xee, 0xd7, 0xee, 0xd7, 0xee, 0xd7, 0xee,
    0xd7, 0xee, 0xf8, 0xee, 0xf8, 0xee, 0xd7, 0xee, 0xd7, 0xee, 0xd7, 0xee, 0xf8, 0xee, 0xf8, 0xee,
    0xf8, 0xee, 0xf8, 0xee, 0xf8, 0xee, 0xd7, 0xee, 0xd7, 0xee, 0xd7, 0xee, 0xf8, 0xee, 0xd7, 0xee,
    0xf8, 0xee, 0xd7, 0xee, 0xd7, 0xee, 0xf8, 0xee, 0xf8, 0xee, 0xf8, 0xee, 0xf8, 0xee, 0xf8, 0xee,
    0xf8, 0xee, 0xf8, 0xee, 0xf8, 0xee, 0xd7, 0xee, 0xf8, 0xee, 0xb6, 0xe6, 0xb6, 0xe6, 0xd7, 0xee,
    0xf8, 0xee, 0xf8, 0xee, 0xd7, 0xee, 0xf8, 0xee, 0xf8, 0xee, 0xd7, 0xee, 0xf8, 0xee, 0xf8, 0xee,
    0xf8, 0xee, 0xd7, 0xee, 0xf8, 0xee, 0xf8, 0xee, 0xd7, 0xee, 0xd7, 0xee, 0xf8, 0xee, 0xf8, 0xee,
    0xd7, 0xee, 0xf8, 0xee, 0xf8, 0xee, 0xf8, 0xee, 0xf8, 0xee, 0xf8, 0xee, 0xf8, 0xee, 0xf8, 0xee,
    0xf8, 0xee, 0xd7, 0xee, 0xd7, 0xee, 0xf8, 0xee, 0xd7, 0xee, 0xd7, 0xee, 0xd7, 0xee, 0xf8, 0xee,
    0xf8, 0xee, 0xd7, 0xee, 0xd7, 0xee, 0xd7, 0xee, 0xd7, 0xee, 0xd7, 0xee, 0xd7, 0xee, 0xd7, 0xee,
    0xf8, 0xee, 0xf8, 0xee, 0xf8, 0xee, 0xf8, 0xee, 0xd7, 0xee, 0xd7, 0xee, 0xf8, 0xee, 0xd7, 0xee,
    0xf8, 0xee, 0xf8, 0xee, 0xd7, 0xee, 0xd7, 0xee, 0xd7, 0xee, 0xd7, 0xee, 0xd7, 0xee, 0xf8, 0xee,
    0xd7, 0xee, 0xd7, 0xee, 0xd7, 0xee, 0xf8, 0xee, 0xd7, 0xee, 0xf8, 0xee, 0xf8, 0xee, 0xf8, 0xee,
    0xd7, 0xee, 0xf8, 0xee, 0xd7, 0xee, 0xd7, 0xee, 0xd7, 0xee, 0xf8, 0xee, 0xd7, 0xee, 0xd7, 0xee,
    0xf8, 0xee, 0xf8, 0xee, 0xf8, 0xee, 0xf8, 0xee, 0xf8, 0xee, 0xf8, 0xee, 0xd7, 0xee, 0xf8, 0xee,
    0xd7, 0xee, 0xd7, 0xee, 0xd7, 0xee, 0xd7, 0xee, 0xf8, 0xee, 0xf8, 0xee, 0xd7, 0xee, 0xd7, 0xee,
    0xd7, 0xee, 0xd7, 0xee, 0xd7, 0xee, 0xd7, 0xee, 0xd7, 0xee, 0xd7, 0xee, 0xd7, 0xee, 0xf8, 0xee,
    0xd7, 0xee, 0xd7, 0xee, 0xd7, 0xee, 0xd7, 0xee, 0xd7, 0xee, 0xd7, 0xee, 0xd7, 0xee, 0xd7, 0xee,
    0xf8, 0xee, 0xf8, 0xee, 0xd7, 0xee, 0xd7, 0xee, 0xd7, 0xee, 0xf8, 0xee, 0xd7, 0xee, 0xd7, 0xee,
    0xd7, 0xee, 0xd7, 0xee, 0xd7, 0xee, 0xd7, 0xee, 0xd7, 0xee, 0xd7, 0xee, 0xd7, 0xee, 0xf8, 0xee,
    0xd7, 0xee, 0xd7, 0xee, 0xd7, 0xee, 0xf8, 0xee, 0xd7, 0xee, 0xd7, 0xee, 0xd7, 0xee, 0xf8, 0xee,
    0xf8, 0xee, 0xf8, 0xee, 0xf8, 0xee, 0xf8, 0xee, 0xf8, 0xee, 0xf8, 0xee, 0xd7, 0xee, 0xd7, 0xee,
    0xd7, 0xee, 0xf8, 0xee, 0xf8, 0xee, 0xd7, 0xee, 0xd7, 0xee, 0xd7, 0xee, 0xd7, 0xee, 0xd7, 0xee,
    0xd7, 0xee, 0xd7, 0xee, 0xf8, 0xee, 0xd7, 0xee, 0xf8, 0xee, 0xd7, 0xee, 0xd7, 0xee, 0xf8, 0xee,
    0xf8, 0xee, 0xd7, 0xee, 0xf8, 0xee, 0xd7, 0xee, 0xf8, 0xee, 0xd7, 0xee, 0xd7, 0xee, 0xd7, 0xee,
    0xf8, 0xee, 0xf8, 0xee, 0xf8, 0xee, 0xf8, 0xee, 0xd7, 0xee, 0xd7, 0xee, 0xd7, 0xee, 0xd7, 0xee,
    0xd7, 0xee, 0xf8, 0xee, 0xd7, 0xee, 0xd7, 0xee, 0xd7, 0xee, 0xf8, 0xee, 0xf8, 0xee, 0xf8, 0xee,
    0xf8, 0xee, 0xf8, 0xee, 0xf8, 0xee, 0xd7, 0xee, 0xf8, 0xee, 0xd7, 0xee, 0xf8, 0xee, 0xf8, 0xee,
    0xd7, 0xee, 0xd7, 0xee, 0xf8, 0xee, 0xf8, 0xee, 0xf8, 0xee, 0xf8, 0xee, 0xd7, 0xee, 0xd7, 0xee,
    0xf8, 0xee, 0xd7, 0xee, 0xf8, 0xee, 0xf8, 0xee, 0xf8, 0xee, 0xf8, 0xee, 0xf8, 0xee, 0xf8, 0xee,
    0xd7, 0xee, 0xd7, 0xee, 0xd7, 0xee, 0xd7, 0xee, 0xd7, 0xee, 0xd7, 0xee, 0xd7, 0xee, 0xf8, 0xee,
    0xf8, 0xee, 0xd7, 0xee, 0xf8, 0xee, 0xf8, 0xee, 0xf8, 0xee, 0xf8, 0xee, 0xd7, 0xee, 0xd7, 0xee,
    0xd7, 0xee, 0xd7, 0xee, 0xd7, 0xee, 0xd7, 0xee, 0xd7, 0xee, 0xd7, 0xee, 0xd7, 0xee, 0xd7, 0xee,
    0xd7, 0xee, 0xd7, 0xee, 0xf8, 0xee, 0xf8, 0xee, 0xf8, 0xee, 0xf8, 0xee, 0xf8, 0xee, 0xd7, 0xee,
    0xd7, 0xee, 0xd7, 0xee, 0xd7, 0xee, 0xd7, 0xee, 0xf8, 0xee, 0xb6, 0xe6, 0xd7, 0xee, 0xd7, 0xee,
    0xd7, 0xee, 0xd7, 0xee, 0xd7, 0xee, 0xd7, 0xee, 0xd7, 0xee, 0xd7, 0xee, 0xf8, 0xee, 0xd7, 0xee,
    0xd7, 0xee, 0xd7, 0xee, 0xf8, 0xee, 0xf8, 0xee, 0xd7, 0xee, 0xd7, 0xee, 0xf8, 0xee, 0xf8, 0xee,
    0xf8, 0xee, 0xf8, 0xee, 0xf8, 0xee, 0xf8, 0xee, 0xf8, 0xee, 0xf8, 0xee, 0xf8, 0xee, 0xd7, 0xee,
    0xd7, 0xee, 0xd7, 0xee, 0xd7, 0xee, 0xd7, 0xee, 0xd7, 0xee, 0xd7, 0xee, 0xd7, 0xee, 0xd7, 0xee,
    0xf8, 0xee, 0xd7, 0xee, 0xd7, 0xee, 0xd7, 0xee, 0xd7, 0xee, 0xd7, 0xee, 0xd7, 0xee, 0xf8, 0xee,
    0xd7, 0xee, 0xf8, 0xee, 0xf8, 0xee, 0xf8, 0xee, 0xd7, 0xee, 0xd7, 0xee, 0xf8, 0xee, 0xd7, 0xee,
    0xf8, 0xee, 0xf8, 0xee, 0xd7, 0xee, 0xd7, 0xee, 0xd7, 0xee, 0xf8, 0xee, 0xf8, 0xee, 0xf8, 0xee,
    0xf8, 0xee, 0xf8, 0xee, 0xf8, 0xee, 0xd7, 0xee, 0xd7, 0xee, 0xd7, 0xee, 0xf8, 0xee, 0xf8, 0xee,
    0xd7, 0xee, 0xd7, 0xee, 0xd7, 0xee, 0xd7, 0xee, 0xf8, 0xee, 0xd7, 0xee, 0xd7, 0xee, 0xf8, 0xee,
    0xd7, 0xee, 0xd7, 0xee, 0xd7, 0xee, 0xf8, 0xee, 0xf8, 0xee, 0xf8, 0xee, 0xf8, 0xee, 0xd7, 0xee,
    0xf8, 0xee, 0xd7, 0xee, 0xf8, 0xee, 0xd7, 0xee, 0xd7, 0xee, 0xf8, 0xee, 0xf8, 0xee, 0xf8, 0xee,
    0xd7, 0xee, 0xf8, 0xee, 0xd7, 0xee, 0xd7, 0xee, 0xd7, 0xee, 0xf8, 0xee, 0xf8, 0xee, 0xf8, 0xee,
    0xd7, 0xee, 0xd7, 0xee, 0xd7, 0xee, 0xd7, 0xee, 0xd7, 0xee, 0xd7, 0xee, 0xd7, 0xee, 0xf8, 0xee,
    0xd7, 0xee, 0xf8, 0xee, 0xd7, 0xee, 0xd7, 0xee, 0xf8, 0xee, 0xd7, 0xee, 0xd7, 0xee, 0xd7, 0xee,
    0xd7, 0xee, 0xd7, 0xee, 0xd7, 0xee, 0xd7, 0xee, 0xd7, 0xee, 0xd7, 0xee, 0xd7, 0xee, 0xd7, 0xee,
    0xf8, 0xee, 0xd7, 0xee, 0xd7, 0xee, 0xd7, 0xee, 0xf8, 0xee, 0xd7, 0xee, 0xd7, 0xee, 0xf8, 0xee,
    0xf8, 0xee, 0xd7, 0xee, 0xf8, 0xee, 0xf8, 0xee, 0xf8, 0xee, 0xd7, 0xee, 0xd7, 0xee, 0xd7, 0xee,
    0xd7, 0xee, 0xd7, 0xee, 0xf8, 0xee, 0xf8, 0xee, 0xd7, 0xee, 0xf8, 0xee, 0xd7, 0xee, 0xd7, 0xee,
    0xd7, 0xee, 0xd7, 0xee, 0xd7, 0xee, 0xd7, 0xee, 0xd7, 0xee, 0xd7, 0xee, 0xd7, 0xee, 0xf8, 0xee,
    0xd7, 0xee, 0xd7, 0xee, 0xf8, 0xee, 0xd7, 0xee, 0xd7, 0xee, 0xd7, 0xee, 0xd7, 0xee, 0xd7, 0xee,
    0xf8, 0xee, 0xf8, 0xee, 0xd7, 0xee, 0xd7, 0xee, 0xd7, 0xee, 0xf8, 0xee, 0xd7, 0xee, 0xd7, 0xee,
    0xd7, 0xee, 0xf8, 0xee, 0xd7, 0xee, 0xd7, 0xee, 0xd7, 0xee, 0xd7, 0xee, 0xf8, 0xee, 0xf8, 0xee,
    0xf8, 0xee, 0xf8, 0xee, 0xf8, 0xee, 0xf8, 0xee, 0xf8, 0xee, 0xd7, 0xee, 0xf8, 0xee, 0xf8, 0xee,
    0xd7, 0xee, 0xd7, 0xee, 0xf8, 0xee, 0xf8, 0xee, 0xd7, 0xee, 0xd7, 0xee, 0xf8, 0xee, 0xd7, 0xee,
    0xb6, 0xe6, 0xf8, 0xee, 0xf8, 0xee, 0xf8, 0xee, 0xf8, 0xee, 0xf8, 0xee, 0xf8, 0xee, 0xd7, 0xee,
    0xd7, 0xee, 0xd7, 0xee, 0xd7, 0xee, 0xd7, 0xee, 0xd7, 0xee, 0xd7, 0xee, 0xd7, 0xee, 0xd7, 0xee,
    0xd7, 0xee, 0xd7, 0xee, 0xd7, 0xee, 0xf8, 0xee, 0xf8, 0xee, 0xf8, 0xee, 0xd7, 0xee, 0xd7, 0xee,
    0xd7, 0xee, 0xd7, 0xee, 0xd7, 0xee, 0xd7, 0xee, 0xf8, 0xee, 0xf8, 0xee, 0xd7, 0xee, 0xd7, 0xee,
    0xf8, 0xee, 0xd7, 0xee, 0xd7, 0xee, 0xd7, 0xee, 0xd7, 0xee, 0xf8, 0xee, 0xd7, 0xee, 0xd7, 0xee,
    0xd7, 0xee, 0xd7, 0xee, 0xd7, 0xee, 0xf8, 0xee, 0xf8, 0xee, 0xd7, 0xee, 0xd7, 0xee, 0xd7, 0xee,
    0xd7, 0xee, 0xf8, 0xee, 0xd7, 0xee, 0xd7, 0xee, 0xd7, 0xee, 0xd7, 0xee, 0xd7, 0xee, 0xd7, 0xee,
    0xd7, 0xee, 0xd7, 0xee, 0xf8, 0xee, 0xf8, 0xee, 0xd7, 0xee, 0xd7, 0xee, 0xf8, 0xee, 0xf8, 0xee,
    0xf8, 0xee, 0xf8, 0xee, 0xf8, 0xee, 0xf8, 0xee, 0xd7, 0xee, 0xd7, 0xee, 0xf8, 0xee, 0xf8, 0xee,
    0xd7, 0xee, 0xd7, 0xee, 0xd7, 0xee, 0xd7, 0xee, 0xd7, 0xee, 0xd7, 0xee, 0xd7, 0xee, 0xd7, 0xee,
    0xd7, 0xee, 0xd7, 0xee, 0xd7, 0xee, 0xf8, 0xee, 0xd7, 0xee, 0xf8, 0xee, 0xf8, 0xee, 0xf8, 0xee,
    0xd7, 0xee, 0xd7, 0xee, 0xf8, 0xee, 0xd7, 0xee, 0xd7, 0xee, 0xd7, 0xee, 0xd7, 0xee, 0xd7, 0xee,
    0xf8, 0xee, 0xf8, 0xee, 0xf8, 0xee, 0xf8, 0xee, 0xf8, 0xee, 0xd7, 0xee, 0xf8, 0xee, 0xf8, 0xee,
    0xd7, 0xee, 0xf8, 0xee, 0xd7, 0xee, 0xd7, 0xee, 0xd7, 0xee, 0xd7, 0xee, 0xd7, 0xee, 0xd7, 0xee,
    0xd7, 0xee, 0xd7, 0xee, 0xf8, 0xee, 0xd7, 0xee, 0xf8, 0xee, 0xd7, 0xee, 0xd7, 0xee, 0xf8, 0xee,
    0xd7, 0xee, 0xd7, 0xee, 0xf8, 0xee, 0xf8, 0xee, 0xf8, 0xee, 0xf8, 0xee, 0xf8, 0xee, 0xd7, 0xee,
    0xd7, 0xee, 0xd7, 0xee, 0xf8, 0xee, 0xf8, 0xee, 0xf8, 0xee, 0xd7, 0xee, 0xd7, 0xee, 0xd7, 0xee,
    0xf8, 0xee, 0xf8, 0xee, 0xd7, 0xee, 0xd7, 0xee, 0xf8, 0xee, 0xd7, 0xee, 0xd7, 0xee, 0xf8, 0xee,
    0xf8, 0xee, 0xd7, 0xee, 0xf8, 0xee, 0xd7, 0xee, 0xd7, 0xee, 0xd7, 0xee, 0xd7, 0xee, 0xd7, 0xee,
    0xf8, 0xee, 0xd7, 0xee, 0xf8, 0xee, 0xf8, 0xee, 0xf8, 0xee, 0xf8, 0xee, 0xf8, 0xee, 0xf8, 0xee,
    0xd7, 0xee, 0xd7, 0xee, 0xd7, 0xee, 0xd7, 0xee, 0xd7, 0xee, 0xd7, 0xee, 0xd7, 0xee, 0xd7, 0xee,
    0xd7, 0xee, 0xf8, 0xee, 0xd7, 0xee, 0xd7, 0xee, 0xd7, 0xee, 0xd7, 0xee, 0xd7, 0xee, 0xf8, 0xee,
    0xf8, 0xee, 0xf8, 0xee, 0xf8, 0xee, 0xf8, 0xee, 0xf8, 0xee, 0xf8, 0xee, 0xf8, 0xee, 0xf8, 0xee,
    0xf8, 0xee, 0xd7, 0xee, 0xd7, 0xee, 0xd7, 0xee, 0xd7, 0xee, 0xb6, 0xe6, 0xb6, 0xe6, 0xd7, 0xee,
    0xd7, 0xee, 0xf8, 0xee, 0xd7, 0xee, 0xd7, 0xee, 0xd7, 0xee, 0xd7, 0xee, 0xd7, 0xee, 0xd7, 0xee,
    0xd7, 0xee, 0xd7, 0xee, 0xf8, 0xee, 0xd7, 0xee, 0xd7, 0xee, 0xd7, 0xee, 0xd7, 0xee, 0xd7, 0xee,
    0xf8, 0xee, 0xf8, 0xee, 0xf8, 0xee, 0xf8, 0xee, 0xf8, 0xee, 0xf8, 0xee, 0xf8, 0xee, 0xd7, 0xee,
    0xd7, 0xee, 0xf8, 0xee, 0xd7, 0xee, 0xd7, 0xee, 0xd7, 0xee, 0xd7, 0xee, 0xd7, 0xee, 0xf8, 0xee,
    0xf8, 0xee, 0xf8, 0xee, 0xf8, 0xee, 0xf8, 0xee, 0xf8, 0xee, 0xf8, 0xee, 0xf8, 0xee, 0xf8, 0xee,
    0xd7, 0xee, 0xf8, 0xee, 0xd7, 0xee, 0xd7, 0xee, 0xd7, 0xee, 0xd7, 0xee, 0xd7, 0xee, 0xd7, 0xee,
    0x95, 0xe6, 0xd7, 0xee, 0xd7, 0xee, 0xd7, 0xee, 0xf8, 0xee, 0xd7, 0xee, 0xd7, 0xee, 0xd7, 0xee,
    0xd7, 0xee, 0xd7, 0xee, 0xd7, 0xee, 0xd7, 0xee, 0xf8, 0xee, 0xf8, 0xee, 0xf8, 0xee, 0xf8, 0xee,
    0xd7, 0xee, 0xd7, 0xee, 0xd7, 0xee, 0xf8, 0xee, 0xf8, 0xee, 0xf8, 0xee, 0xd7, 0xee, 0xd7, 0xee,
    0xd7, 0xee, 0xd7, 0xee, 0xd7, 0xee, 0xd7, 0xee, 0xd7, 0xee, 0xf8, 0xee, 0xd7, 0xee, 0xf8, 0xee,
    0xf8, 0xee, 0xd7, 0xee, 0xd7, 0xee, 0xd7, 0xee, 0xd7, 0xee, 0xd7, 0xee, 0xd7, 0xee, 0xd7, 0xee,
    0xd7, 0xee, 0xd7, 0xee, 0xd7, 0xee, 0xf8, 0xee, 0xf8, 0xee, 0xd7, 0xee, 0xd7, 0xee, 0xf8, 0xee,
    0xd7, 0xee, 0xf8, 0xee, 0xf8, 0xee, 0xd7, 0xee, 0xd7, 0xee, 0xd7, 0xee, 0xf8, 0xee, 0xd7, 0xee,
    0xd7, 0xee, 0xf8, 0xee, 0xf8, 0xee, 0xf8, 0xee, 0xd7, 0xee, 0xd7, 0xee, 0xf8, 0xee, 0xf8, 0xee,
    0xf8, 0xee, 0xf8, 0xee, 0xd7, 0xee, 0xd7, 0xee, 0xf8, 0xee, 0xd7, 0xee, 0xf8, 0xee, 0xf8, 0xee,
    0xd7, 0xee, 0xd7, 0xee, 0xd7, 0xee, 0xd7, 0xee, 0xd7, 0xee, 0xd7, 0xee, 0xd7, 0xee, 0xf8, 0xee,
    0xf8, 0xee, 0xd7, 0xee, 0xd7, 0xee, 0xf8, 0xee, 0xf8, 0xee, 0xd7, 0xee, 0xd7, 0xee, 0xf8, 0xee,
    0xd7, 0xee, 0xd7, 0xee, 0xd7, 0xee, 0xd7, 0xee, 0xd7, 0xee, 0xd7, 0xee, 0xd7, 0xee, 0xd7, 0xee,
    0xd7, 0xee, 0xf8, 0xee, 0xd7, 0xee, 0xf8, 0xee, 0xf8, 0xee, 0xd7, 0xee, 0xd7, 0xee, 0xf8, 0xee,
    0xd7, 0xee, 0xd7, 0xee, 0xd7, 0xee, 0xd7, 0xee, 0xd7, 0xee, 0xf8, 0xee, 0xf8, 0xee, 0xd7, 0xee,
    0xd7, 0xee, 0xd7, 0xee, 0xd7, 0xee, 0xd7, 0xee, 0xd7, 0xee, 0xd7, 0xee, 0xd7, 0xee, 0xf8, 0xee,
    0xf8, 0xee, 0xd7, 0xee, 0xd7, 0xee, 0xd7, 0xee, 0xd7, 0xee, 0xf8, 0xee, 0xf8, 0xee, 0xd7, 0xee,
    0xd7, 0xee, 0xd7, 0xee, 0xd7, 0xee, 0xf8, 0xee, 0xf8, 0xee, 0xd7, 0xee, 0xd7, 0xee, 0xd7, 0xee,
    0xf8, 0xee, 0xf8, 0xee, 0xd7, 0xee, 0xd7, 0xee, 0xf8, 0xee, 0xf8, 0xee, 0xd7, 0xee, 0xf8, 0xee,
    0xf8, 0xee, 0xf8, 0xee, 0xf8, 0xee, 0xd7, 0xee, 0xd7, 0xee, 0xd7, 0xee, 0xd7, 0xee, 0xd7, 0xee,
    0xd7, 0xee, 0xf8, 0xee, 0xf8, 0xee, 0xf8, 0xee, 0xf8, 0xee, 0xf8, 0xee, 0xf8, 0xee, 0xf8, 0xee,
    0xf8, 0xee, 0xf8, 0xee, 0xd7, 0xee, 0xd7, 0xee, 0xd7, 0xee, 0xd7, 0xee, 0xf8, 0xee, 0xd7, 0xee,
    0xd7, 0xee, 0xf8, 0xee, 0xd7, 0xee, 0xd7, 0xee, 0xd7, 0xee, 0xd7, 0xee, 0xd7, 0xee, 0xf8, 0xee,
    0xd7, 0xee, 0xd7, 0xee, 0xd7, 0xee, 0xd7, 0xee, 0xd7, 0xee, 0xd7, 0xee, 0xd7, 0xee, 0xf8, 0xee,
    0xd7, 0xee, 0xf8, 0xee, 0xf8, 0xee, 0xf8, 0xee, 0xf8, 0xee, 0x95, 0xe6, 0x74, 0xe6, 0xb6, 0xe6,
    0xd7, 0xee, 0xf8, 0xee, 0xf8, 0xee, 0xf8, 0xee, 0xd7, 0xee, 0xf8, 0xee, 0xf8, 0xee, 0xd7, 0xee,
    0xd7, 0xee, 0xf8, 0xee, 0xf8, 0xee, 0xd7, 0xee, 0xd7, 0xee, 0xd7, 0xee, 0xd7, 0xee, 0xd7, 0xee,
    0xd7, 0xee, 0xf8, 0xee, 0xf8, 0xee, 0xd7, 0xee, 0xf8, 0xee, 0xf8, 0xee, 0xf8, 0xee, 0xd7, 0xee,
    0xd7, 0xee, 0xd7, 0xee, 0xd7, 0xee, 0xd7, 0xee, 0xf8, 0xee, 0xf8, 0xee, 0xd7, 0xee, 0xf8, 0xee,
    0xf8, 0xee, 0xf8, 0xee, 0xf8, 0xee, 0xd7, 0xee, 0xd7, 0xee, 0xf8, 0xee, 0xf8, 0xee, 0xf8, 0xee,
    0xf8, 0xee, 0xd7, 0xee, 0xd7, 0xee, 0xd7, 0xee, 0xd7, 0xee, 0xf8, 0xee, 0xd7, 0xee, 0xf8, 0xee,
    0xb6, 0xee, 0xb6, 0xe6, 0xd7, 0xee, 0xd7, 0xee, 0xf8, 0xee, 0xd7, 0xee, 0xd7, 0xee, 0xf8, 0xee,
    0xf8, 0xee, 0xd7, 0xee, 0xd7, 0xee, 0xd7, 0xee, 0xd7, 0xee, 0xf8, 0xee, 0xf8, 0xee, 0xf8, 0xee,
    0xf8, 0xee, 0xd7, 0xee, 0xd7, 0xee, 0xd7, 0xee, 0xd7, 0xee, 0xf8, 0xee, 0xd7, 0xee, 0xf8, 0xee,
    0xf8, 0xee, 0xd7, 0xee, 0xd7, 0xee, 0xd7, 0xee, 0xd7, 0xee, 0xf8, 0xee, 0xf8, 0xee, 0xd7, 0xee,
    0xf8, 0xee, 0xf8, 0xee, 0xd7, 0xee, 0xf8, 0xee, 0xd7, 0xee, 0xd7, 0xee, 0xf8, 0xee, 0xd7, 0xee,
    0xd7, 0xee, 0xd7, 0xee, 0xd7, 0xee, 0xd7, 0xee, 0xf8, 0xee, 0xd7, 0xee, 0xd7, 0xee, 0xd7, 0xee,
    0xf8, 0xee, 0xd7, 0xee, 0xf8, 0xee, 0xf8, 0xee, 0xf8, 0xee, 0xf8, 0xee, 0xd7, 0xee, 0xd7, 0xee,
    0xd7, 0xee, 0xd7, 0xee, 0xd7, 0xee, 0xd7, 0xee, 0xd7, 0xee, 0xd7, 0xee, 0xd7, 0xee, 0xf8, 0xee,
    0xf8, 0xee, 0xd7, 0xee, 0xd7, 0xee, 0xd7, 0xee, 0xd7, 0xee, 0xd7, 0xee, 0xd7, 0xee, 0xf8, 0xee,
    0xd7, 0xee, 0xd7, 0xee, 0xd7, 0xee, 0xd7, 0xee, 0xd7, 0xee, 0xf8, 0xee, 0xd7, 0xee, 0xf8, 0xee,
    0xf8, 0xee, 0xd7, 0xee, 0xd7, 0xee, 0xd7, 0xee, 0xf8, 0xee, 0xd7, 0xee, 0xd7, 0xee, 0xf8, 0xee,
    0xd7, 0xee, 0xf8, 0xee, 0xb6, 0xee, 0xb6, 0xee, 0xd7, 0xee, 0xd7, 0xee, 0xd7, 0xee, 0xd7, 0xee,
    0xd7, 0xee, 0xf8, 0xee, 0xd7, 0xee, 0xf8, 0xee, 0xf8, 0xee, 0xf8, 0xee, 0xd7, 0xee, 0xf8, 0xee,
    0xd7, 0xee, 0xd7, 0xee, 0xd7, 0xee, 0xd7, 0xee, 0xd7, 0xee, 0xf8, 0xee, 0xf8, 0xee, 0xd7, 0xee,
    0xd7, 0xee, 0xd7, 0xee, 0xd7, 0xee, 0xd7, 0xee, 0xd7, 0xee, 0xd7, 0xee, 0xf8, 0xee, 0xf8, 0xee,
    0xd7, 0xee, 0xd7, 0xee, 0xd7, 0xee, 0xf8, 0xee, 0xf8, 0xee, 0xf8, 0xee, 0xf8, 0xee, 0xd7, 0xee,
    0xd7, 0xee, 0xd7, 0xee, 0xd7, 0xee, 0xd7, 0xee, 0xf8, 0xee, 0xf8, 0xee, 0xf8, 0xee, 0xd7, 0xee,
    0xd7, 0xee, 0xf8, 0xee, 0xd7, 0xee, 0xd7, 0xee, 0xd7, 0xee, 0xf8, 0xee, 0xd7, 0xee, 0xd7, 0xee,
    0xf8, 0xee, 0xf8, 0xee, 0xf8, 0xee, 0xd7, 0xee, 0xd7, 0xee, 0xd7, 0xee, 0xd7, 0xee, 0xf8, 0xee,
    0xf8, 0xee, 0xf8, 0xee, 0xf8, 0xee, 0xd7, 0xee, 0xd7, 0xee, 0xf8, 0xee, 0xf8, 0xee, 0xf8, 0xee,
    0xf8, 0xee, 0xf8, 0xee, 0xd7, 0xee, 0xd7, 0xee, 0xd7, 0xee, 0xd7, 0xee, 0xd7, 0xee, 0xf8, 0xee,
    0xf8, 0xee, 0xf8, 0xee, 0xf8, 0xee, 0xd7, 0xee, 0xf8, 0xee, 0xf8, 0xee, 0xd7, 0xee, 0xd7, 0xee,
    0xd7, 0xee, 0xd7, 0xee, 0xf8, 0xee, 0xd7, 0xee, 0xd7, 0xee, 0xf8, 0xee, 0xd7, 0xee, 0xf8, 0xee,
    0xf8, 0xee, 0xf8, 0xee, 0xf8, 0xee, 0xd7, 0xee, 0xd7, 0xee, 0xd7, 0xee, 0x75, 0xe6, 0x95, 0xe6,
    0xd7, 0xee, 0xd7, 0xee, 0xd7, 0xee, 0xf8, 0xee, 0xf8, 0xee, 0xf8, 0xee, 0xf8, 0xee, 0xd7, 0xee,
    0xf8, 0xee, 0xd7, 0xee, 0xd7, 0xee, 0xd7, 0xee, 0xf8, 0xee, 0xf8, 0xee, 0xf8, 0xee, 0xf8, 0xee,
    0xf8, 0xee, 0xf8, 0xee, 0xf8, 0xee, 0xf8, 0xee, 0xf8, 0xee, 0xf8, 0xee, 0xf8, 0xee, 0xd7, 0xee,
    0xf8, 0xee, 0xd7, 0xee, 0xd7, 0xee, 0xd7, 0xee, 0xd7, 0xee, 0xf8, 0xee, 0xd7, 0xee, 0xf8, 0xee,
    0xd7, 0xee, 0xd7, 0xee, 0xf8, 0xee, 0xf8, 0xee, 0xf8, 0xee, 0xf8, 0xee, 0xf8, 0xee, 0xf8, 0xee,
    0xf8, 0xee, 0xf8, 0xee, 0xf8, 0xee, 0xf8, 0xee, 0xf8, 0xee, 0xd7, 0xee, 0xd7, 0xee, 0xf8, 0xee,
    0xd7, 0xee, 0xd7, 0xee, 0xf8, 0xee, 0xf8, 0xee, 0xd7, 0xee, 0xd7, 0xee, 0xd7, 0xee, 0xf8, 0xee,
    0xf8, 0xee, 0xd7, 0xee, 0xf8, 0xee, 0xf8, 0xee, 0xd7, 0xee, 0xf8, 0xee, 0xf8, 0xee, 0xf8, 0xee,
    0xf8, 0xee, 0xf8, 0xee, 0xd7, 0xee, 0xf8, 0xee, 0xf8, 0xee, 0xd7, 0xee, 0xd7, 0xee, 0xd7, 0xee,
    0xf8, 0xee, 0xf8, 0xee, 0xd7, 0xee, 0xf8, 0xee, 0xf8, 0xee, 0xd7, 0xee, 0xd7, 0xee, 0xd7, 0xee,
    0xf8, 0xee, 0xf8, 0xee, 0xf8, 0xee, 0xd7, 0xee, 0xd7, 0xee, 0xd7, 0xee, 0xd7, 0xee, 0xd7, 0xee,
    0xf8, 0xee, 0xd7, 0xee, 0xd7, 0xee, 0xd7, 0xee, 0xd7, 0xee, 0xd7, 0xee, 0xf8, 0xee, 0xd7, 0xee,
    0xf8, 0xee, 0xf8, 0xee, 0xf8, 0xee, 0xf8, 0xee, 0xf8, 0xee, 0xf8, 0xee, 0xd7, 0xee, 0xd7, 0xee,
    0xd7, 0xee, 0xd7, 0xee, 0xd7, 0xee, 0xd7, 0xee, 0xd7, 0xee, 0xd7, 0xee, 0xd7, 0xee, 0xd7, 0xee,
    0xf8, 0xee, 0xd7, 0xee, 0xd7, 0xee, 0xd7, 0xee, 0xd7, 0xee, 0xd7, 0xee, 0xd7, 0xee, 0xf8, 0xee,
    0xd7, 0xee, 0xd7, 0xee, 0xd7, 0xee, 0xd7, 0xee, 0xf8, 0xee, 0xd7, 0xee, 0xd7, 0xee, 0xf8, 0xee,
    0xf8, 0xee, 0xf8, 0xee, 0xf8, 0xee, 0xf8, 0xee, 0xf8, 0xee, 0xd7, 0xee, 0xd7, 0xee, 0xd7, 0xee,
    0xd7, 0xee, 0xd7, 0xee, 0xd7, 0xee, 0xb6, 0xe6, 0xd7, 0xee, 0xf8, 0xee, 0xd7, 0xee, 0xd7, 0xee,
    0xd7, 0xee, 0xd7, 0xee, 0xf8, 0xee, 0xf8, 0xee, 0xf8, 0xee, 0xf8, 0xee, 0xf8, 0xee, 0xd7, 0xee,
    0xf8, 0xee, 0xd7, 0xee, 0xd7, 0xee, 0xd7, 0xee, 0xd7, 0xee, 0xd7, 0xee, 0xf8, 0xee, 0xd7, 0xee,
    0xf8, 0xee, 0xd7, 0xee, 0xd7, 0xee, 0xd7, 0xee, 0xd7, 0xee, 0xd7, 0xee, 0xd7, 0xee, 0xf8, 0xee,
    0xf8, 0xee, 0xd7, 0xee, 0xf8, 0xee, 0xd7, 0xee, 0xb6, 0xe6, 0xd7, 0xee, 0xf8, 0xee, 0xd7, 0xee,
    0xd7, 0xee, 0xd7, 0xee, 0xf8, 0xee, 0xd7, 0xee, 0xf8, 0xee, 0xd7, 0xee, 0xd7, 0xee, 0xd7, 0xee,
    0xd7, 0xee, 0xd7, 0xee, 0xd7, 0xee, 0xd7, 0xee, 0xd7, 0xee, 0xd7, 0xee, 0xd7, 0xee, 0xd7, 0xee,
    0xf8, 0xee, 0xf8, 0xee, 0xf8, 0xee, 0xd7, 0xee, 0xd7, 0xee, 0xd7, 0xee, 0xf8, 0xee, 0xf8, 0xee,
    0xd7, 0xee, 0xf8, 0xee, 0xf8, 0xee, 0xf8, 0xee, 0xf8, 0xee, 0xf8, 0xee, 0xf8, 0xee, 0xf8, 0xee,
    0xf8, 0xee, 0xd7, 0xee, 0xd7, 0xee, 0xd7, 0xee, 0xd7, 0xee, 0xd7, 0xee, 0xd7, 0xee, 0xf8, 0xee,
    0xf8, 0xee, 0xf8, 0xee, 0xf8, 0xee, 0xf8, 0xee, 0xd7, 0xee, 0xd7, 0xee, 0xd7, 0xee, 0xd7, 0xee,
    0xd7, 0xee, 0xd7, 0xee, 0xd7, 0xee, 0xd7, 0xee, 0xf8, 0xee, 0xd7, 0xee, 0xd7, 0xee, 0xf8, 0xee,
    0xf8, 0xee, 0xf8, 0xee, 0xf8, 0xee, 0xd7, 0xee, 0xd7, 0xee, 0xd7, 0xee, 0xf8, 0xee, 0xf8, 0xee,
    0xf8, 0xee, 0xd7, 0xee, 0xd7, 0xee, 0xd7, 0xee, 0xf8, 0xee, 0xf8, 0xee, 0xf8, 0xee, 0xf8, 0xee,
    0xd7, 0xee, 0xd7, 0xee, 0xd7, 0xee, 0xf8, 0xee, 0xf8, 0xee, 0xf8, 0xee, 0xf8, 0xee, 0xf8, 0xee,
    0xf8, 0xee, 0xf8, 0xee, 0xf8, 0xee, 0xf8, 0xee, 0xf8, 0xee, 0xf8, 0xee, 0xf8, 0xee, 0xf8, 0xee,
    0xf8, 0xee, 0xf8, 0xee, 0xd7, 0xee, 0xd7, 0xee, 0xd7, 0xee, 0xd7, 0xee, 0xd7, 0xee, 0xd7, 0xee,
    0xf8, 0xee, 0xd7, 0xee, 0xf8, 0xee, 0xf8, 0xee, 0xf8, 0xee, 0xf8, 0xee, 0xf8, 0xee, 0xd7, 0xee,
    0xf8, 0xee, 0xf8, 0xee, 0xf8, 0xee, 0xf8, 0xee, 0xf8, 0xee, 0xf8, 0xee, 0xf8, 0xee, 0xf8, 0xee,
    0xf8, 0xee, 0xd7, 0xee, 0xd7, 0xee, 0xd7, 0xee, 0xd7, 0xee, 0xd7, 0xee, 0xd7, 0xee, 0xf8, 0xee,
    0xd7, 0xee, 0xd7, 0xee, 0xd7, 0xee, 0xd7, 0xee, 0xd7, 0xee, 0xd7, 0xee, 0xd7, 0xee, 0xd7, 0xee,
    0xd7, 0xee, 0xd7, 0xee, 0xd7, 0xee, 0xf8, 0xee, 0xf8, 0xee, 0xf8, 0xee, 0xd7, 0xee, 0xf8, 0xee,
    0xd7, 0xee, 0xd7, 0xee, 0xf8, 0xee, 0xf8, 0xee, 0xf8, 0xee, 0xd7, 0xee, 0xd7, 0xee, 0xd7, 0xee,
    0xd7, 0xee, 0xd7, 0xee, 0xf8, 0xee, 0xd7, 0xee, 0xd7, 0xee, 0xd7, 0xee, 0xd7, 0xee, 0xd7, 0xee,
    0xf8, 0xee, 0xf8, 0xee, 0xf8, 0xee, 0xf8, 0xee, 0xf8, 0xee, 0xf8, 0xee, 0xf8, 0xee, 0xd7, 0xee,
    0xf8, 0xee, 0xf8, 0xee, 0xf8, 0xee, 0xf8, 0xee, 0xf8, 0xee, 0xf8, 0xee, 0xd7, 0xee, 0xd7, 0xee,
    0xf8, 0xee, 0xd7, 0xee, 0xf8, 0xee, 0xf8, 0xee, 0xf8, 0xee, 0xf8, 0xee, 0xf8, 0xee, 0xd7, 0xee,
    0xf8, 0xee, 0xf8, 0xee, 0xf8, 0xee, 0xd7, 0xee, 0xf8, 0xee, 0xd7, 0xee, 0xd7, 0xee, 0xf8, 0xee,
    0xd7, 0xee, 0xd7, 0xee, 0xd7, 0xee, 0xd7, 0xee, 0xf8, 0xee, 0xf8, 0xee, 0xd7, 0xee, 0xf8, 0xee,
    0xf8, 0xee, 0xf8, 0xee, 0xf8, 0xee, 0xf8, 0xee, 0xf8, 0xee, 0xf8, 0xee, 0xd7, 0xee, 0xd7, 0xee,
    0xd7, 0xee, 0xd7, 0xee, 0xd7, 0xee, 0xd7, 0xee, 0xb6, 0xe6, 0xd7, 0xee, 0xd7, 0xee, 0xd7, 0xee,
    0xd7, 0xee, 0xf8, 0xee, 0xd7, 0xee, 0xf8, 0xee, 0xf8, 0xee, 0xf8, 0xee, 0xd7, 0xee, 0xf8, 0xee,
    0xd7, 0xee, 0xd7, 0xee, 0xd7, 0xee, 0xd7, 0xee, 0xf8, 0xee, 0xd7, 0xee, 0xf8, 0xee, 0xf8, 0xee,
    0xf8, 0xee, 0xd7, 0xee, 0xf8, 0xee, 0xf8, 0xee, 0xf8, 0xee, 0xd7, 0xee, 0xd7, 0xee, 0xd7, 0xee,
    0xf8, 0xee, 0xf8, 0xee, 0xd7, 0xee, 0xd7, 0xee, 0xd7, 0xee, 0xd7, 0xee, 0xf8, 0xee, 0xf8, 0xee,
    0xd7, 0xee, 0xd7, 0xee, 0xd7, 0xee, 0xf8, 0xee, 0xf8, 0xee, 0xd7, 0xee, 0xd7, 0xee, 0xd7, 0xee,
    0xf8, 0xee, 0xf8, 0xee, 0xd7, 0xee, 0xd7, 0xee, 0xd7, 0xee, 0xd7, 0xee, 0xd7, 0xee, 0xd7, 0xee,
    0xf8, 0xee, 0xf8, 0xee, 0xf8, 0xee, 0xd7, 0xee, 0xf8, 0xee, 0xd7, 0xee, 0xf8, 0xee, 0xf8, 0xee,
    0xf8, 0xee, 0xd7, 0xee, 0xd7, 0xee, 0xf8, 0xee, 0xf8, 0xee, 0xd7, 0xee, 0xf8, 0xee, 0xf8, 0xee,
    0xd7, 0xee, 0xd7, 0xee, 0xd7, 0xee, 0xd7, 0xee, 0xd7, 0xee, 0xf8, 0xee, 0xf8, 0xee, 0xd7, 0xee,
    0xf8, 0xee, 0xf8, 0xee, 0xf8, 0xee, 0xf8, 0xee, 0xd7, 0xee, 0xd7, 0xee, 0xd7, 0xee, 0xd7, 0xee,
    0xd7, 0xee, 0xd7, 0xee, 0xd7, 0xee, 0xf8, 0xee, 0xd7, 0xee, 0xd7, 0xee, 0xf8, 0xee, 0xf8, 0xee,
    0xf8, 0xee, 0xd7, 0xee, 0xd7, 0xee, 0xd7, 0xee, 0xd7, 0xee, 0xf8, 0xee, 0xf8, 0xee, 0xf8, 0xee,
    0xf8, 0xee, 0xd7, 0xee, 0xd7, 0xee, 0xd7, 0xee, 0xd7, 0xee, 0xd7, 0xee, 0xd7, 0xee, 0xd7, 0xee,
    0xd7, 0xee, 0xd7, 0xee, 0xd7, 0xee, 0xd7, 0xee, 0xf8, 0xee, 0xf8, 0xee, 0xf8, 0xee, 0xf8, 0xee,
    0xf8, 0xee, 0xf8, 0xee, 0xf8, 0xee, 0xf8, 0xee, 0xf8, 0xee, 0xf8, 0xee, 0xf8, 0xee, 0xf8, 0xee,
    0xf8, 0xee, 0xf8, 0xee, 0xf8, 0xee, 0xf8, 0xee, 0xd7, 0xee, 0xd7, 0xee, 0xd7, 0xee, 0xd7, 0xee,
    0xd7, 0xee, 0xd7, 0xee, 0xf8, 0xee, 0xf8, 0xee, 0xf8, 0xee, 0xf8, 0xee, 0xf8, 0xee, 0xd7, 0xee,
    0xf8, 0xee, 0xf8, 0xee, 0xd7, 0xee, 0xf8, 0xee, 0xf8, 0xee, 0xf8, 0xee, 0xf8, 0xee, 0xf8, 0xee,
    0xd7, 0xee, 0xd7, 0xee, 0xd7, 0xee, 0xd7, 0xee, 0xd7, 0xee, 0xd7, 0xee, 0xf8, 0xee, 0xd7, 0xee,
    0xd7, 0xee, 0xd7, 0xee, 0xd7, 0xee, 0xf8, 0xee, 0xd7, 0xee, 0xd7, 0xee, 0xd7, 0xee, 0xd7, 0xee,
    0xd7, 0xee, 0xd7, 0xee, 0xd7, 0xee, 0xd7, 0xee, 0xd7, 0xee, 0xd7, 0xee, 0xf8, 0xee, 0xd7, 0xee,
    0xd7, 0xee, 0xd7, 0xee, 0xf8, 0xee, 0xd7, 0xee, 0xd7, 0xee, 0xf8, 0xee, 0xf8, 0xee, 0xf8, 0xee,
    0xd7, 0xee, 0xd7, 0xee, 0xf8, 0xee, 0xf8, 0xee, 0xd7, 0xee, 0xf8, 0xee, 0xf8, 0xee, 0xd7, 0xee,
    0xd7, 0xee, 0xd7, 0xee, 0xf8, 0xee, 0xf8, 0xee, 0xf8, 0xee, 0xf8, 0xee, 0xf8, 0xee, 0xf8, 0xee,
    0xd7, 0xee, 0xf8, 0xee, 0xf8, 0xee, 0xf8, 0xee, 0xf8, 0xee, 0xf8, 0xee, 0xd7, 0xee, 0xf8, 0xee,
    0xf8, 0xee, 0xf8, 0xee, 0xf8, 0xee, 0xf8, 0xee, 0xf8, 0xee, 0xf8, 0xee, 0xf8, 0xee, 0xf8, 0xee,
    0xf8, 0xee, 0xf8, 0xee, 0xd7, 0xee, 0xf8, 0xee, 0xf8, 0xee, 0xd7, 0xee, 0xf8, 0xee, 0xf8, 0xee,
    0xd7, 0xee, 0xd7, 0xee, 0xd7, 0xee, 0xf8, 0xee, 0xd7, 0xee, 0xf8, 0xee, 0xf8, 0xee, 0xf8, 0xee,
    0xf8, 0xee, 0xf8, 0xee, 0xd7, 0xee, 0xf8, 0xee, 0xd7, 0xee, 0xd7, 0xee, 0xf8, 0xee, 0xd7, 0xee,
    0xf8, 0xee, 0xd7, 0xee, 0xd7, 0xee, 0xd7, 0xee, 0xd7, 0xee, 0xb6, 0xe6, 0xd7, 0xee, 0xd7, 0xee,
    0xd7, 0xee, 0xd7, 0xee, 0xd7, 0xee, 0xf8, 0xee, 0xf8, 0xee, 0xf8, 0xee, 0xf8, 0xee, 0xf8, 0xee,
    0xf8, 0xee, 0xd7, 0xee, 0xd7, 0xee, 0xf8, 0xee, 0xf8, 0xee, 0xd7, 0xee, 0xd7, 0xee, 0xf8, 0xee,
    0xf8, 0xee, 0xd7, 0xee, 0xd7, 0xee, 0xf8, 0xee, 0xf8, 0xee, 0xf8, 0xee, 0xf8, 0xee, 0xf8, 0xee,
    0xf8, 0xee, 0xd7, 0xee, 0xd7, 0xee, 0xf8, 0xee, 0xd7, 0xee, 0xd7, 0xee, 0xf8, 0xee, 0xf8, 0xee,
    0xd7, 0xee, 0xd7, 0xee, 0xd7, 0xee, 0xd7, 0xee, 0xd7, 0xee, 0xf8, 0xee, 0xd7, 0xee, 0xd7, 0xee,
    0xf8, 0xee, 0xd7, 0xee, 0xf8, 0xee, 0xf8, 0xee, 0xd7, 0xee, 0xd7, 0xee, 0xd7, 0xee, 0xd7, 0xee,
    0xd7, 0xee, 0xf8, 0xee, 0xd7, 0xee, 0xd7, 0xee, 0xd7, 0xee, 0xd7, 0xee, 0xd7, 0xee, 0xd7, 0xee,
    0xd7, 0xee, 0xd7, 0xee, 0xd7, 0xee, 0xf8, 0xee, 0xd7, 0xee, 0xd7, 0xee, 0xd7, 0xee, 0xf8, 0xee,
    0xd7, 0xee, 0xd7, 0xee, 0xd7, 0xee, 0xd7, 0xee, 0xf8, 0xee, 0xf8, 0xee, 0xf8, 0xee, 0xf8, 0xee,
    0xd7, 0xee, 0xf8, 0xee, 0xf8, 0xee, 0xf8, 0xee, 0xd7, 0xee, 0xd7, 0xee, 0xd7, 0xee, 0xd7, 0xee,
    0xf8, 0xee, 0xd7, 0xee, 0xd7, 0xee, 0xf8, 0xee, 0xd7, 0xee, 0xf8, 0xee, 0xf8, 0xee, 0xf8, 0xee,
    0xf8, 0xee, 0xd7, 0xee, 0xd7, 0xee, 0xd7, 0xee, 0xf8, 0xee, 0xf8, 0xee, 0xf8, 0xee, 0xf8, 0xee,
    0xd7, 0xee, 0xf8, 0xee, 0xd7, 0xee, 0xd7, 0xee, 0xd7, 0xee, 0xd7, 0xee, 0xd7, 0xee, 0xf8, 0xee,
    0xf8, 0xee, 0xf8, 0xee, 0xf8, 0xee, 0xf8, 0xee, 0xf8, 0xee, 0xf8, 0xee, 0xf8, 0xee, 0xf8, 0xee,
    0xf8, 0xee, 0xf8, 0xee, 0xf8, 0xee, 0xf8, 0xee, 0xd7, 0xee, 0xf8, 0xee, 0xf8, 0xee, 0xf8, 0xee,
    0xf8, 0xee, 0xf8, 0xee, 0xf8, 0xee, 0xd7, 0xee, 0xf8, 0xee, 0xd7, 0xee, 0xd7, 0xee, 0xf8, 0xee,
    0xd7, 0xee, 0xd7, 0xee, 0xd7, 0xee, 0xd7, 0xee, 0xd7, 0xee, 0xf8, 0xee, 0xf8, 0xee, 0xf8, 0xee,
    0xd7, 0xee, 0xf8, 0xee, 0xf8, 0xee, 0xf8, 0xee, 0xf8, 0xee, 0xf8, 0xee, 0xf8, 0xee, 0xf8, 0xee,
    0xd7, 0xee, 0xf8, 0xee, 0xd7, 0xee, 0xd7, 0xee, 0xd7, 0xee, 0xf8, 0xee, 0xd7, 0xee, 0xd7, 0xee,
    0xd7, 0xee, 0xf8, 0xee, 0xf8, 0xee, 0xd7, 0xee, 0xd7, 0xee, 0xd7, 0xee, 0xd7, 0xee, 0xd7, 0xee,
    0xd7, 0xee, 0xd7, 0xee, 0xf8, 0xee, 0xd7, 0xee, 0xd7, 0xee, 0xd7, 0xee, 0xd7, 0xee, 0xd7, 0xee,
    0xf8, 0xee, 0xf8, 0xee, 0xd7, 0xee, 0xd7, 0xee, 0xd7, 0xee, 0xf8, 0xee, 0xd7, 0xee, 0xd7, 0xee,
    0xd7, 0xee, 0xd7, 0xee, 0xd7, 0xee, 0xf8, 0xee, 0xf8, 0xee, 0xf8, 0xee, 0xf8, 0xee, 0xd7, 0xee,
    0xd7, 0xee, 0xd7, 0xee, 0xd7, 0xee, 0xd7, 0xee, 0xd7, 0xee, 0xf8, 0xee, 0xf8, 0xee, 0xf8, 0xee,
    0xf8, 0xee, 0xf8, 0xee, 0xf8, 0xee, 0xf8, 0xee, 0xf8, 0xee, 0xf8, 0xee, 0xf8, 0xee, 0xf8, 0xee,
    0xd7, 0xee, 0xf8, 0xee, 0xf8, 0xee, 0xf8, 0xee, 0xf8, 0xee, 0xf8, 0xee, 0xf8, 0xee, 0xf8, 0xee,
    0xf8, 0xee, 0xd7, 0xee, 0xd7, 0xee, 0xf8, 0xee, 0xf8, 0xee, 0xf8, 0xee, 0xf8, 0xee, 0xf8, 0xee,
    0xf8, 0xee, 0xd7, 0xee, 0xd7, 0xee, 0xd7, 0xee, 0xd7, 0xee, 0xf8, 0xee, 0xf8, 0xee, 0xd7, 0xee,
    0xf8, 0xee, 0xf8, 0xee, 0xf8, 0xee, 0xf8, 0xee, 0xd7, 0xee, 0xd7, 0xee, 0xd7, 0xee, 0xf8, 0xee,
    0xd7, 0xee, 0xf8, 0xee, 0xd7, 0xee, 0xd7, 0xee, 0xd7, 0xee, 0xb6, 0xe6, 0xd7, 0xee, 0xd7, 0xee,
    0xd7, 0xee, 0xd7, 0xee, 0xd7, 0xee, 0xd7, 0xee, 0xd7, 0xee, 0xf8, 0xee, 0xf8, 0xee, 0xd7, 0xee,
    0xf8, 0xee, 0xd7, 0xee, 0xd7, 0xee, 0xd7, 0xee, 0xd7, 0xee, 0xd7, 0xee, 0xf8, 0xee, 0xd7, 0xee,
    0xd7, 0xee, 0xf8, 0xee, 0xd7, 0xee, 0xf8, 0xee, 0xf8, 0xee, 0xf8, 0xee, 0xf8, 0xee, 0xf8, 0xee,
    0xd7, 0xee, 0xd7, 0xee, 0xf8, 0xee, 0xd7, 0xee, 0xf8, 0xee, 0xd7, 0xee, 0xd7, 0xee, 0xd7, 0xee,
    0xd7, 0xee, 0xf8, 0xee, 0xd7, 0xee, 0xd7, 0xee, 0xd7, 0xee, 0xd7, 0xee, 0xd7, 0xee, 0xf8, 0xee,
    0xd7, 0xee, 0xd7, 0xee, 0xf8, 0xee, 0xf8, 0xee, 0xf8, 0xee, 0xd7, 0xee, 0xd7, 0xee, 0xd7, 0xee,
    0xd7, 0xee, 0xf8, 0xee, 0xf8, 0xee, 0xd7, 0xee, 0xd7, 0xee, 0xd7, 0xee, 0xd7, 0xee, 0xd7, 0xee,
    0xd7, 0xee, 0xf8, 0xee, 0xf8, 0xee, 0xf8, 0xee, 0xd7, 0xee, 0xd7, 0xee, 0xd7, 0xee, 0xd7, 0xee,
    0xd7, 0xee, 0xd7, 0xee, 0xd7, 0xee, 0xd7, 0xee, 0xd7, 0xee, 0xf8, 0xee, 0xf8, 0xee, 0xf8, 0xee,
    0xd7, 0xee, 0xd7, 0xee, 0xd7, 0xee, 0xd7, 0xee, 0xd7, 0xee, 0xd7, 0xee, 0xd7, 0xee, 0xd7, 0xee,
    0xf8, 0xee, 0xf8, 0xee, 0xf8, 0xee, 0xd7, 0xee, 0xd7, 0xee, 0xf8, 0xee, 0xf8, 0xee, 0xf8, 0xee,
    0xd7, 0xee, 0xd7, 0xee, 0xd7, 0xee, 0xd7, 0xee, 0xd7, 0xee, 0xf8, 0xee, 0xf8, 0xee, 0xd7, 0xee,
    0xf8, 0xee, 0xf8, 0xee, 0xd7, 0xee, 0xd7, 0xee, 0xd7, 0xee, 0xd7, 0xee, 0xf8, 0xee, 0xf8, 0xee,
    0xd7, 0xee, 0xf8, 0xee, 0xd7, 0xee, 0xf8, 0xee, 0xd7, 0xee, 0xf8, 0xee, 0xf8, 0xee, 0xf8, 0xee,
    0xf8, 0xee, 0xf8, 0xee, 0xf8, 0xee, 0xf8, 0xee, 0xd7, 0xee, 0xd7, 0xee, 0xf8, 0xee, 0xf8, 0xee,
    0xf8, 0xee, 0xf8, 0xee, 0xf8, 0xee, 0xd7, 0xee, 0xd7, 0xee, 0xf8, 0xee, 0xd7, 0xee, 0xf8, 0xee,
    0xd7, 0xee, 0xf8, 0xee, 0xd7, 0xee, 0xd7, 0xee, 0xd7, 0xee, 0xd7, 0xee, 0xf8, 0xee, 0xf8, 0xee,
    0xd7, 0xee, 0xd7, 0xee, 0xf8, 0xee, 0xf8, 0xee, 0xf8, 0xee, 0xf8, 0xee, 0xf8, 0xee, 0xd7, 0xee,
    0xd7, 0xee, 0xd7, 0xee, 0xd7, 0xee, 0xd7, 0xee, 0xd7, 0xee, 0xd7, 0xee, 0xd7, 0xee, 0xd7, 0xee,
    0xd7, 0xee, 0xd7, 0xee, 0xf8, 0xee, 0xd7, 0xee, 0xd7, 0xee, 0xd7, 0xee, 0xd7, 0xee, 0xd7, 0xee,
    0xd7, 0xee, 0xf8, 0xee, 0xf8, 0xee, 0xd7, 0xee, 0xd7, 0xee, 0xd7, 0xee, 0xd7, 0xee, 0xf8, 0xee,
    0xf8, 0xee, 0xd7, 0xee, 0xd7, 0xee, 0xd7, 0xee, 0xd7, 0xee, 0xd7, 0xee, 0xd7, 0xee, 0xd7, 0xee,
    0xd7, 0xee, 0xd7, 0xee, 0xd7, 0xee, 0xf8, 0xee, 0xf8, 0xee, 0xf8, 0xee, 0xf8, 0xee, 0xf8, 0xee,
    0xf8, 0xee, 0xd7, 0xee, 0xd7, 0xee, 0xd7, 0xee, 0xd7, 0xee, 0xd7, 0xee, 0xf8, 0xee, 0xd7, 0xee,
    0xf8, 0xee, 0xf8, 0xee, 0xf8, 0xee, 0xf8, 0xee, 0xd7, 0xee, 0xf8, 0xee, 0xf8, 0xee, 0xf8, 0xee,
    0xf8, 0xee, 0xf8, 0xee, 0xf8, 0xee, 0xf8, 0xee, 0xf8, 0xee, 0xf8, 0xee, 0xf8, 0xee, 0xf8, 0xee,
    0xf8, 0xee, 0xd7, 0xee, 0xd7, 0xee, 0xf8, 0xee, 0xf8, 0xee, 0xf8, 0xee, 0xf8, 0xee, 0xf8, 0xee,
    0xf8, 0xee, 0xf8, 0xee, 0xd7, 0xee, 0xd7, 0xee, 0xd7, 0xee, 0xd7, 0xee, 0xd7, 0xee, 0xd7, 0xee,
    0xd7, 0xee, 0xd7, 0xee, 0xf8, 0xee, 0xd7, 0xee, 0xf8, 0xee, 0xd7, 0xee, 0xd7, 0xee, 0xf8, 0xee,
    0xd7, 0xee, 0xf8, 0xee, 0xd7, 0xee, 0xd7, 0xee, 0xd7, 0xee, 0xd7, 0xee, 0xb6, 0xe6, 0xd7, 0xee,
    0xd7, 0xee, 0xd7, 0xee, 0xd7, 0xee, 0xd7, 0xee, 0xd7, 0xee, 0xf8, 0xee, 0xf8, 0xee, 0xf8, 0xee,
    0xd7, 0xee, 0xf8, 0xee, 0xf8, 0xee, 0xf8, 0xee, 0xf8, 0xee, 0xf8, 0xee, 0xf8, 0xee, 0xf8, 0xee,
    0xd7, 0xee, 0xd7, 0xee, 0xf8, 0xee, 0xf8, 0xee, 0xf8, 0xee, 0xf8, 0xee, 0xf8, 0xee, 0xd7, 0xee,
    0xd7, 0xee, 0xd7, 0xee, 0xf8, 0xee, 0xd7, 0xee, 0xf8, 0xee, 0xf8, 0xee, 0xf8, 0xee, 0xf8, 0xee,
    0xf8, 0xee, 0xf8, 0xee, 0xf8, 0xee, 0xd7, 0xee, 0xd7, 0xee, 0xd7, 0xee, 0xd7, 0xee, 0xd7, 0xee,
    0xd7, 0xee, 0xd7, 0xee, 0xd7, 0xee, 0xf8, 0xee, 0xf8, 0xee, 0xd7, 0xee, 0xd7, 0xee, 0xd7, 0xee,
    0xd7, 0xee, 0xd7, 0xee, 0xf8, 0xee, 0xd7, 0xee, 0xd7, 0xee, 0xd7, 0xee, 0xd7, 0xee, 0xd7, 0xee,
    0xf8, 0xee, 0xd7, 0xee, 0xf8, 0xee, 0xf8, 0xee, 0xd7, 0xee, 0xd7, 0xee, 0xf8, 0xee, 0xd7, 0xee,
    0xd7, 0xee, 0xd7, 0xee, 0xd7, 0xee, 0xd7, 0xee, 0xd7, 0xee, 0xd7, 0xee, 0xf8, 0xee, 0xf8, 0xee,
    0xf8, 0xee, 0xd7, 0xee, 0xd7, 0xee, 0xd7, 0xee, 0xd7, 0xee, 0xd7, 0xee, 0xd7, 0xee, 0xd7, 0xee,
    0xf8, 0xee, 0xf8, 0xee, 0xd7, 0xee, 0xd7, 0xee, 0xd7, 0xee, 0xd7, 0xee, 0xd7, 0xee, 0xd7, 0xee,
    0xd7, 0xee, 0xd7, 0xee, 0xd7, 0xee, 0xd7, 0xee, 0xf8, 0xee, 0xd7, 0xee, 0xf8, 0xee, 0xd7, 0xee,
    0xd7, 0xee, 0xd7, 0xee, 0xf8, 0xee, 0xf8, 0xee, 0xd7, 0xee, 0xd7, 0xee, 0xd7, 0xee, 0xd7, 0xee,
    0xd7, 0xee, 0xf8, 0xee, 0xf8, 0xee, 0xf8, 0xee, 0xd7, 0xee, 0xd7, 0xee, 0xf8, 0xee, 0xf8, 0xee,
    0xf8, 0xee, 0xd7, 0xee, 0xf8, 0xee, 0xd7, 0xee, 0xd7, 0xee, 0xd7, 0xee, 0xf8, 0xee, 0xf8, 0xee,
    0xf8, 0xee, 0xf8, 0xee, 0xf8, 0xee, 0xd7, 0xee, 0xd7, 0xee, 0xd7, 0xee, 0xd7, 0xee, 0xd7, 0xee,
    0xd7, 0xee, 0xd7, 0xee, 0xd7, 0xee, 0xd7, 0xee, 0xd7, 0xee, 0xd7, 0xee, 0xf8, 0xee, 0xf8, 0xee,
    0xd7, 0xee, 0xf8, 0xee, 0xf8, 0xee, 0xf8, 0xee, 0xf8, 0xee, 0xf8, 0xee, 0xf8, 0xee, 0xd7, 0xee,
    0xd7, 0xee, 0xf8, 0xee, 0xd7, 0xee, 0xd7, 0xee, 0xd7, 0xee, 0xf8, 0xee, 0xd7, 0xee, 0xf8, 0xee,
    0xf8, 0xee, 0xd7, 0xee, 0xf8, 0xee, 0xd7, 0xee, 0xd7, 0xee, 0xd7, 0xee, 0xf8, 0xee, 0xd7, 0xee,
    0xd7, 0xee, 0xd7, 0xee, 0xf8, 0xee, 0xf8, 0xee, 0xf8, 0xee, 0xf8, 0xee, 0xf8, 0xee, 0xf8, 0xee,
    0xf8, 0xee, 0xd7, 0xee, 0xd7, 0xee, 0xd7, 0xee, 0xd7, 0xee, 0xd7, 0xee, 0xd7, 0xee, 0xf8, 0xee,
    0xf8, 0xee, 0xd7, 0xee, 0xd7, 0xee, 0xf8, 0xee, 0xf8, 0xee, 0xd7, 0xee, 0xf8, 0xee, 0xf8, 0xee,
    0xf8, 0xee, 0xf8, 0xee, 0xf8, 0xee, 0xf8, 0xee, 0xf8, 0xee, 0xf8, 0xee, 0xf8, 0xee, 0xf8, 0xee,
    0xd7, 0xee, 0xf8, 0xee, 0xf8, 0xee, 0xf8, 0xee, 0xf8, 0xee, 0xf8, 0xee, 0xf8, 0xee, 0xf8, 0xee,
    0xf8, 0xee, 0xf8, 0xee, 0xf8, 0xee, 0xd7, 0xee, 0xf8, 0xee, 0xf8, 0xee, 0xf8, 0xee, 0xd7, 0xee,
    0xf8, 0xee, 0xd7, 0xee, 0xf8, 0xee, 0xf8, 0xee, 0xf8, 0xee, 0xf8, 0xee, 0xf8, 0xee, 0xf8, 0xee,
    0xf8, 0xee, 0xf8, 0xee, 0xd7, 0xee, 0xf8, 0xee, 0xd7, 0xee, 0xd7, 0xee, 0xd7, 0xee, 0xd7, 0xee,
    0xf8, 0xee, 0xf8, 0xee, 0xd7, 0xee, 0xd7, 0xee, 0xd7, 0xee, 0xf8, 0xee, 0xf8, 0xee, 0xf8, 0xee,
    0xf8, 0xee, 0xd7, 0xee, 0xd7, 0xee, 0xd7, 0xee, 0xd7, 0xee, 0xd7, 0xee, 0xd7, 0xee, 0xd7, 0xee,
    0xd7, 0xee, 0xd7, 0xee, 0xd7, 0xee, 0xf8, 0xee, 0xf8, 0xee, 0xf8, 0xee, 0xf8, 0xee, 0xf8, 0xee,
    0xd7, 0xee, 0xd7, 0xee, 0xf8, 0xee, 0xf8, 0xee, 0xf8, 0xee, 0xd7, 0xee, 0xf8, 0xee, 0xf8, 0xee,
    0xd7, 0xee, 0xd7, 0xee, 0xf8, 0xee, 0xf8, 0xee, 0xf8, 0xee, 0xf8, 0xee, 0xd7, 0xee, 0xd7, 0xee,
    0xd7, 0xee, 0xd7, 0xee, 0xd7, 0xee, 0xd7, 0xee, 0xd7, 0xee, 0xf8, 0xee, 0xf8, 0xee, 0xf8, 0xee,
    0xf8, 0xee, 0xf8, 0xee, 0xf8, 0xee, 0xf8, 0xee, 0xd7, 0xee, 0xd7, 0xee, 0xd7, 0xee, 0xd7, 0xee,
    0xd7, 0xee, 0xd7, 0xee, 0xf8, 0xee, 0xf8, 0xee, 0xf8, 0xee, 0xd7, 0xee, 0xd7, 0xee, 0xf8, 0xee,
    0xd7, 0xee, 0xd7, 0xee, 0xd7, 0xee, 0xd7, 0xee, 0xd7, 0xee, 0xd7, 0xee, 0xd7, 0xee, 0xd7, 0xee,
    0xd7, 0xee, 0xd7, 0xee, 0xd7, 0xee, 0xd7, 0xee, 0xf8, 0xee, 0xf8, 0xee, 0xd7, 0xee, 0xd7, 0xee,
    0xd7, 0xee, 0xd7, 0xee, 0xd7, 0xee, 0xd7, 0xee, 0xd7, 0xee, 0xd7, 0xee, 0xd7, 0xee, 0xd7, 0xee,
    0xd7, 0xee, 0xd7, 0xee, 0xd7, 0xee, 0xd7, 0xee, 0xd7, 0xee, 0xd7, 0xee, 0xf8, 0xee, 0xd7, 0xee,
    0xd7, 0xee, 0xd7, 0xee, 0xd7, 0xee, 0xd7, 0xee, 0xd7, 0xee, 0xd7, 0xee, 0xd7, 0xee, 0xd7, 0xee,
    0xd7, 0xee, 0xd7, 0xee, 0xd7, 0xee, 0xd7, 0xee, 0xf8, 0xee, 0xd7, 0xee, 0xf8, 0xee, 0xf8, 0xee,
    0xd7, 0xee, 0xd7, 0xee, 0xd7, 0xee, 0xd7, 0xee, 0xf8, 0xee, 0xd7, 0xee, 0xd7, 0xee, 0xd7, 0xee,
    0xd7, 0xee, 0xd7, 0xee, 0xf8, 0xee, 0xf8, 0xee, 0xd7, 0xee, 0xd7, 0xee, 0xd7, 0xee, 0xd7, 0xee,
    0xf8, 0xee, 0xf8, 0xee, 0xf8, 0xee, 0xd7, 0xee, 0xd7, 0xee, 0xd7, 0xee, 0xf8, 0xee, 0xf8, 0xee,
    0xf8, 0xee, 0xf8, 0xee, 0xf8, 0xee, 0xd7, 0xee, 0xd7, 0xee, 0xf8, 0xee, 0xd7, 0xee, 0xd7, 0xee,
    0xd7, 0xee, 0xd7, 0xee, 0xf8, 0xee, 0xf8, 0xee, 0xd7, 0xee, 0xd7, 0xee, 0xf8, 0xee, 0xd7, 0xee,
    0xd7, 0xee, 0xf8, 0xee, 0xf8, 0xee, 0xf8, 0xee, 0xf8, 0xee, 0xf8, 0xee, 0xd7, 0xee, 0xd7, 0xee,
    0xd7, 0xee, 0xf8, 0xee, 0xd7, 0xee, 0xd7, 0xee, 0xf8, 0xee, 0xd7, 0xee, 0xf8, 0xee, 0xd7, 0xee,
    0xd7, 0xee, 0xd7, 0xee, 0xf8, 0xee, 0xd7, 0xee, 0xd7, 0xee, 0xf8, 0xee, 0xd7, 0xee, 0xf8, 0xee,
    0xf8, 0xee, 0xd7, 0xee, 0xf8, 0xee, 0xf8, 0xee, 0xf8, 0xee, 0xf8, 0xee, 0xf8, 0xee, 0xf8, 0xee,
    0xd7, 0xee, 0xf8, 0xee, 0xd7, 0xee, 0xd7, 0xee, 0xd7, 0xee, 0xb6, 0xe6, 0xd7, 0xee, 0xf8, 0xee,
    0xf8, 0xee, 0xf8, 0xee, 0xf8, 0xee, 0xf8, 0xee, 0xf8, 0xee, 0xd7, 0xee, 0xf8, 0xee, 0xf8, 0xee,
    0xf8, 0xee, 0xf8, 0xee, 0xf8, 0xee, 0xf8, 0xee, 0xf8, 0xee, 0xf8, 0xee, 0xf8, 0xee, 0xf8, 0xee,
    0xd7, 0xee, 0xd7, 0xee, 0xf8, 0xee, 0xf8, 0xee, 0xf8, 0xee, 0xf8, 0xee, 0xf8, 0xee, 0xf8, 0xee,
    0xf8, 0xee, 0xf8, 0xee, 0xf8, 0xee, 0xd7, 0xee, 0xf8, 0xee, 0xd7, 0xee, 0xd7, 0xee, 0xd7, 0xee,
    0xd7, 0xee, 0xd7, 0xee, 0xf8, 0xee, 0xf8, 0xee, 0xf8, 0xee, 0xf8, 0xee, 0xf8, 0xee, 0xf8, 0xee,
    0xf8, 0xee, 0xf8, 0xee, 0xd7, 0xee, 0xd7, 0xee, 0xf8, 0xee, 0xf8, 0xee, 0xd7, 0xee, 0xf8, 0xee,
    0xf8, 0xee, 0xd7, 0xee, 0xd7, 0xee, 0xd7, 0xee, 0xd7, 0xee, 0xd7, 0xee, 0xf8, 0xee, 0xf8, 0xee,
    0xd7, 0xee, 0xd7, 0xee, 0xd7, 0xee, 0xd7, 0xee, 0xd7, 0xee, 0xd7, 0xee, 0xd7, 0xee, 0xd7, 0xee,
    0xd7, 0xee, 0xd7, 0xee, 0xd7, 0xee, 0xd7, 0xee, 0xf8, 0xee, 0xf8, 0xee, 0xf8, 0xee, 0xd7, 0xee,
    0xd7, 0xee, 0xf8, 0xee, 0xf8, 0xee, 0xf8, 0xee, 0xf8, 0xee, 0xf8, 0xee, 0xf8, 0xee, 0xf8, 0xee,
    0xd7, 0xee, 0xd7, 0xee, 0xd7, 0xee, 0xd7, 0xee, 0xd7, 0xee, 0xd7, 0xee, 0xd7, 0xee, 0xf8, 0xee,
    0xd7, 0xee, 0xd7, 0xee, 0xd7, 0xee, 0xd7, 0xee, 0xd7, 0xee, 0xf8, 0xee, 0xf8, 0xee, 0xd7, 0xee,
    0xf8, 0xee, 0xf8, 0xee, 0xf8, 0xee, 0xf8, 0xee, 0xd7, 0xee, 0xd7, 0xee, 0xd7, 0xee, 0xd7, 0xee,
    0xd7, 0xee, 0xd7, 0xee, 0xd7, 0xee, 0xf8, 0xee, 0xf8, 0xee, 0xd7, 0xee, 0xd7, 0xee, 0xd7, 0xee,
    0xd7, 0xee, 0xd7, 0xee, 0xd7, 0xee, 0xd7, 0xee, 0xf8, 0xee, 0xd7, 0xee, 0xd7, 0xee, 0xd7, 0xee,
    0xd7, 0xee, 0xf8, 0xee, 0xf8, 0xee, 0xf8, 0xee, 0xf8, 0xee, 0xf8, 0xee, 0xd7, 0xee, 0xd7, 0xee,
    0xd7, 0xee, 0xd7, 0xee, 0xd7, 0xee, 0xd7, 0xee, 0xf8, 0xee, 0xd7, 0xee, 0xd7, 0xee, 0xf8, 0xee,
    0xd7, 0xee, 0xd7, 0xee, 0xd7, 0xee, 0xd7, 0xee, 0xf8, 0xee, 0xd7, 0xee, 0xd7, 0xee, 0xd7, 0xee,
    0xd7, 0xee, 0xd7, 0xee, 0xd7, 0xee, 0xf8, 0xee, 0xf8, 0xee, 0xf8, 0xee, 0xd7, 0xee, 0xd7, 0xee,
    0xd7, 0xee, 0xd7, 0xee, 0xd7, 0xee, 0xd7, 0xee, 0xd7, 0xee, 0xd7, 0xee, 0xd7, 0xee, 0xd7, 0xee,
    0xd7, 0xee, 0xd7, 0xee, 0xd7, 0xee, 0xd7, 0xee, 0xd7, 0xee, 0xd7, 0xee, 0xd7, 0xee, 0xd7, 0xee,
    0xd7, 0xee, 0xd7, 0xee, 0xf8, 0xee, 0xf8, 0xee, 0xd7, 0xee, 0xd7, 0xee, 0xd7, 0xee, 0xf8, 0xee,
    0xf8, 0xee, 0xf8, 0xee, 0xf8, 0xee, 0xf8, 0xee, 0xd7, 0xee, 0xd7, 0xee, 0xf8, 0xee, 0xf8, 0xee,
    0xf8, 0xee, 0xf8, 0xee, 0xf8, 0xee, 0xd7, 0xee, 0xd7, 0xee, 0xd7, 0xee, 0xd7, 0xee, 0xd7, 0xee,
    0xf8, 0xee, 0xf8, 0xee, 0xf8, 0xee, 0xf8, 0xee, 0xf8, 0xee, 0xd7, 0xee, 0xd7, 0xee, 0xd7, 0xee,
    0xd7, 0xee, 0xf8, 0xee, 0xf8, 0xee, 0xf8, 0xee, 0xf8, 0xee, 0xf8, 0xee, 0xd7, 0xee, 0xd7, 0xee,
    0xf8, 0xee, 0xf8, 0xee, 0xf8, 0xee, 0xd7, 0xee, 0xf8, 0xee, 0xf8, 0xee, 0xf8, 0xee, 0xd7, 0xee,
    0xd7, 0xee, 0xd7, 0xee, 0xf8, 0xee, 0xf8, 0xee, 0xd7, 0xee, 0xf8, 0xee, 0xf8, 0xee, 0xf8, 0xee,
    0xd7, 0xee, 0xd7, 0xee, 0xf8, 0xee, 0xf8, 0xee, 0xf8, 0xee, 0xf8, 0xee, 0xf8, 0xee, 0xf8, 0xee,
    0xf8, 0xee, 0xd7, 0xee, 0xf8, 0xee, 0xf8, 0xee, 0xf8, 0xee, 0xb6, 0xe6, 0xd7, 0xee, 0xd7, 0xee,
    0xf8, 0xee, 0xf8, 0xee, 0xf8, 0xee, 0xf8, 0xee, 0xf8, 0xee, 0xd7, 0xee, 0xf8, 0xee, 0xf8, 0xee,
    0xd7, 0xee, 0xd7, 0xee, 0xd7, 0xee, 0xf8, 0xee, 0xf8, 0xee, 0xf8, 0xee, 0xf8, 0xee, 0xd7, 0xee,
    0xd7, 0xee, 0xd7, 0xee, 0xf8, 0xee, 0xf8, 0xee, 0xf8, 0xee, 0xf8, 0xee, 0xf8, 0xee, 0xd7, 0xee,
    0xf8, 0xee, 0xf8, 0xee, 0xd7, 0xee, 0xd7, 0xee, 0xf8, 0xee, 0xf8, 0xee, 0xf8, 0xee, 0xf8, 0xee,
    0xd7, 0xee, 0xd7, 0xee, 0xd7, 0xee, 0xd7, 0xee, 0xf8, 0xee, 0xf8, 0xee, 0xf8, 0xee, 0xf8, 0xee,
    0xf8, 0xee, 0xf8, 0xee, 0xd7, 0xee, 0xf8, 0xee, 0xd7, 0xee, 0xd7, 0xee, 0xd7, 0xee, 0xd7, 0xee,
    0xd7, 0xee, 0xf8, 0xee, 0xf8, 0xee, 0xf8, 0xee, 0xf8, 0xee, 0xd7, 0xee, 0xf8, 0xee, 0xd7, 0xee,
    0xd7, 0xee, 0xd7, 0xee, 0xd7, 0xee, 0xd7, 0xee, 0xd7, 0xee, 0xd7, 0xee, 0xd7, 0xee, 0xf8, 0xee,
    0xf8, 0xee, 0xd7, 0xee, 0xd7, 0xee, 0xd7, 0xee, 0xf8, 0xee, 0xf8, 0xee, 0xf8, 0xee, 0xd7, 0xee,
    0xf8, 0xee, 0xd7, 0xee, 0xf8, 0xee, 0xf8, 0xee, 0xf8, 0xee, 0xf8, 0xee, 0xf8, 0xee, 0xf8, 0xee,
    0xd7, 0xee, 0xd7, 0xee, 0xd7, 0xee, 0xd7, 0xee, 0xd7, 0xee, 0xd7, 0xee, 0xf8, 0xee, 0xf8, 0xee,
    0xf8, 0xee, 0xf8, 0xee, 0xf8, 0xee, 0xf8, 0xee, 0xd7, 0xee, 0xd7, 0xee, 0xd7, 0xee, 0xf8, 0xee,
    0xf8, 0xee, 0xf8, 0xee, 0xf8, 0xee, 0xf8, 0xee, 0xf8, 0xee, 0xd7, 0xee, 0xd7, 0xee, 0xd7, 0xee,
    0xd7, 0xee, 0xd7, 0xee, 0xd7, 0xee, 0xf8, 0xee, 0xf8, 0xee, 0xf8, 0xee, 0xd7, 0xee, 0xd7, 0xee,
    0xd7, 0xee, 0xd7, 0xee, 0xd7, 0xee, 0xb6, 0xe6, 0xd7, 0xee, 0xd7, 0xee, 0xd7, 0xee, 0xd7, 0xee,
    0xf8, 0xee, 0xf8, 0xee, 0xf8, 0xee, 0xd7, 0xee, 0xf8, 0xee, 0xd7, 0xee, 0xd7, 0xee, 0xd7, 0xee,
    0xd7, 0xee, 0xd7, 0xee, 0xd7, 0xee, 0xd7, 0xee, 0xd7, 0xee, 0xd7, 0xee, 0xd7, 0xee, 0xf8, 0xee,
    0xf8, 0xee, 0xd7, 0xee, 0xd7, 0xee, 0xf8, 0xee, 0xf8, 0xee, 0xd7, 0xee, 0xd7, 0xee, 0xb6, 0xee,
    0xd7, 0xee, 0xd7, 0xee, 0xd7, 0xee, 0xf8, 0xee, 0xf8, 0xee, 0xf8, 0xee, 0xf8, 0xee, 0xd7, 0xee,
    0xf8, 0xee, 0xd7, 0xee, 0xd7, 0xee, 0xd7, 0xee, 0xd7, 0xee, 0xd7, 0xee, 0xd7, 0xee, 0xd7, 0xee,
    0xf8, 0xee, 0xf8, 0xee, 0xd7, 0xee, 0xd7, 0xee, 0xd7, 0xee, 0xd7, 0xee, 0xd7, 0xee, 0xd7, 0xee,
    0xd7, 0xee, 0xf8, 0xee, 0xf8, 0xee, 0xf8, 0xee, 0xd7, 0xee, 0xd7, 0xee, 0xd7, 0xee, 0xf8, 0xee,
    0xf8, 0xee, 0xd7, 0xee, 0xd7, 0xee, 0xf8, 0xee, 0xf8, 0xee, 0xd7, 0xee, 0xd7, 0xee, 0xf8, 0xee,
    0xd7, 0xee, 0xd7, 0xee, 0xf8, 0xee, 0xd7, 0xee, 0xd7, 0xee, 0xd7, 0xee, 0xd7, 0xee, 0xf8, 0xee,
    0xf8, 0xee, 0xf8, 0xee, 0xf8, 0xee, 0xf8, 0xee, 0xf8, 0xee, 0xf8, 0xee, 0xd7, 0xee, 0xf8, 0xee,
    0xd7, 0xee, 0xd7, 0xee, 0xd7, 0xee, 0xf8, 0xee, 0xf8, 0xee, 0xd7, 0xee, 0xd7, 0xee, 0xf8, 0xee,
    0xf8, 0xee, 0xf8, 0xee, 0xd7, 0xee, 0xd7, 0xee, 0xd7, 0xee, 0xf8, 0xee, 0xd7, 0xee, 0xd7, 0xee,
    0xd7, 0xee, 0xd7, 0xee, 0xd7, 0xee, 0xd7, 0xee, 0xd7, 0xee, 0xf8, 0xee, 0xf8, 0xee, 0xf8, 0xee,
    0xf8, 0xee, 0xf8, 0xee, 0xf8, 0xee, 0xf8, 0xee, 0xf8, 0xee, 0xf8, 0xee, 0xf8, 0xee, 0xf8, 0xee,
    0xd7, 0xee, 0xf8, 0xee, 0xf8, 0xee, 0xf8, 0xee, 0xf8, 0xee, 0xb6, 0xe6, 0xd7, 0xee, 0xd7, 0xee,
    0xd7, 0xee, 0xf8, 0xee, 0xd7, 0xee, 0xf8, 0xee, 0xf8, 0xee, 0xf8, 0xee, 0xf8, 0xee, 0xf8, 0xee,
    0xd7, 0xee, 0xd7, 0xee, 0xf8, 0xee, 0xd7, 0xee, 0xf8, 0xee, 0xf8, 0xee, 0xf8, 0xee, 0xd7, 0xee,
    0xd7, 0xee, 0xd7, 0xee, 0xd7, 0xee, 0xf8, 0xee, 0xf8, 0xee, 0xf8, 0xee, 0xf8, 0xee, 0xf8, 0xee,
    0xf8, 0xee, 0xf8, 0xee, 0xd7, 0xee, 0xf8, 0xee, 0xf8, 0xee, 0xd7, 0xee, 0xf8, 0xee, 0xd7, 0xee,
    0xd7, 0xee, 0xf8, 0xee, 0xd7, 0xee, 0xd7, 0xee, 0xf8, 0xee, 0xf8, 0xee, 0xf8, 0xee, 0xf8, 0xee,
    0xf8, 0xee, 0xd7, 0xee, 0xf8, 0xee, 0xf8, 0xee, 0xd7, 0xee, 0xd7, 0xee, 0xd7, 0xee, 0xd7, 0xee,
    0xd7, 0xee, 0xf8, 0xee, 0xf8, 0xee, 0xf8, 0xee, 0xf8, 0xee, 0xf8, 0xee, 0xf8, 0xee, 0xd7, 0xee,
    0xd7, 0xee, 0xd7, 0xee, 0xd7, 0xee, 0xd7, 0xee, 0xd7, 0xee, 0xd7, 0xee, 0xd7, 0xee, 0xf8, 0xee,
    0xf8, 0xee, 0xf8, 0xee, 0xd7, 0xee, 0xd7, 0xee, 0xd7, 0xee, 0xd7, 0xee, 0xd7, 0xee, 0xf8, 0xee,
    0xf8, 0xee, 0xd7, 0xee, 0xd7, 0xee, 0xf8, 0xee, 0xf8, 0xee, 0xd7, 0xee, 0xd7, 0xee, 0xd7, 0xee,
    0xd7, 0xee, 0xd7, 0xee, 0xd7, 0xee, 0xd7, 0xee, 0xd7, 0xee, 0xf8, 0xee, 0xf8, 0xee, 0xf8, 0xee,
    0xf8, 0xee, 0xf8, 0xee, 0xf8, 0xee, 0xf8, 0xee, 0xf8, 0xee, 0xf8, 0xee, 0xf8, 0xee, 0xf8, 0xee,
    0xd7, 0xee, 0xf8, 0xee, 0xd7, 0xee, 0xd7, 0xee, 0xf8, 0xee, 0xf8, 0xee, 0xf8, 0xee, 0xd7, 0xee,
    0xd7, 0xee, 0xd7, 0xee, 0xd7, 0xee, 0xd7, 0xee, 0xf8, 0xee, 0xd7, 0xee, 0xf8, 0xee, 0xf8, 0xee,
    0xf8, 0xee, 0xd7, 0xee, 0xd7, 0xee, 0xb6, 0xe6, 0xd7, 0xee, 0xd7, 0xee, 0xd7, 0xee, 0xd7, 0xee,
    0xf8, 0xee, 0xd7, 0xee, 0xd7, 0xee, 0xd7, 0xee, 0xf8, 0xee, 0xf8, 0xee, 0xf8, 0xee, 0xf8, 0xee,
    0xd7, 0xee, 0xd7, 0xee, 0xd7, 0xee, 0xd7, 0xee, 0xf8, 0xee, 0xd7, 0xee, 0xd7, 0xee, 0xd7, 0xee,
    0xf8, 0xee, 0xd7, 0xee, 0xf8, 0xee, 0xf8, 0xee, 0xf8, 0xee, 0xd7, 0xee, 0xd7, 0xee, 0xf8, 0xee,
    0xd7, 0xee, 0xd7, 0xee, 0xd7, 0xee, 0xf8, 0xee, 0xf8, 0xee, 0xf8, 0xee, 0xd7, 0xee, 0xd7, 0xee,
    0xd7, 0xee, 0xd7, 0xee, 0xd7, 0xee, 0xd7, 0xee, 0xd7, 0xee, 0xd7, 0xee, 0xf8, 0xee, 0xf8, 0xee,
    0xd7, 0xee, 0xd7, 0xee, 0xf8, 0xee, 0xf8, 0xee, 0xd7, 0xee, 0xd7, 0xee, 0xd7, 0xee, 0xf8, 0xee,
    0xf8, 0xee, 0xf8, 0xee, 0xf8, 0xee, 0xf8, 0xee, 0xd7, 0xee, 0xd7, 0xee, 0xf8, 0xee, 0xd7, 0xee,
    0xf8, 0xee, 0xf8, 0xee, 0xd7, 0xee, 0xf8, 0xee, 0xf8, 0xee, 0xd7, 0xee, 0xf8, 0xee, 0xd7, 0xee,
    0xd7, 0xee, 0xd7, 0xee, 0xd7, 0xee, 0xd7, 0xee, 0xf8, 0xee, 0xd7, 0xee, 0xd7, 0xee, 0xf8, 0xee,
    0xf8, 0xee, 0xf8, 0xee, 0xf8, 0xee, 0xf8, 0xee, 0xd7, 0xee, 0xf8, 0xee, 0xd7, 0xee, 0xf8, 0xee,
    0xf8, 0xee, 0xf8, 0xee, 0xd7, 0xee, 0xd7, 0xee, 0xf8, 0xee, 0xf8, 0xee, 0xd7, 0xee, 0xf8, 0xee,
    0xf8, 0xee, 0xf8, 0xee, 0xf8, 0xee, 0xf8, 0xee, 0xf8, 0xee, 0xf8, 0xee, 0xd7, 0xee, 0xf8, 0xee,
    0xd7, 0xee, 0xd7, 0xee, 0xd7, 0xee, 0xd7, 0xee, 0xf8, 0xee, 0xf8, 0xee, 0xf8, 0xee, 0xf8, 0xee,
    0xd7, 0xee, 0xd7, 0xee, 0xf8, 0xee, 0xf8, 0xee, 0xd7, 0xee, 0xf8, 0xee, 0xf8, 0xee, 0xf8, 0xee,
    0xf8, 0xee, 0xf8, 0xee, 0xf8, 0xee, 0xd7, 0xee, 0xd7, 0xee, 0xb6, 0xee, 0xd7, 0xee, 0xd7, 0xee,
    0xd7, 0xee, 0xf8, 0xee, 0xf8, 0xee, 0xd7, 0xee, 0xf8, 0xee, 0xf8, 0xee, 0xf8, 0xee, 0xf8, 0xee,
    0xf8, 0xee, 0xf8, 0xee, 0xd7, 0xee, 0xd7, 0xee, 0xf8, 0xee, 0xd7, 0xee, 0xd7, 0xee, 0xf8, 0xee,
    0xd7, 0xee, 0xd7, 0xee, 0xd7, 0xee, 0xd7, 0xee, 0xf8, 0xee, 0xf8, 0xee, 0xf8, 0xee, 0xf8, 0xee,
    0xf8, 0xee, 0xf8, 0xee, 0xf8, 0xee, 0xf8, 0xee, 0xd7, 0xee, 0xd7, 0xee, 0xd7, 0xee, 0xd7, 0xee,
    0xd7, 0xee, 0xf8, 0xee, 0xf8, 0xee, 0xd7, 0xee, 0xf8, 0xee, 0xf8, 0xee, 0xf8, 0xee, 0xf8, 0xee,
    0xf8, 0xee, 0xf8, 0xee, 0xf8, 0xee, 0xf8, 0xee, 0xf8, 0xee, 0xd7, 0xee, 0xd7, 0xee, 0xd7, 0xee,
    0xd7, 0xee, 0xd7, 0xee, 0xf8, 0xee, 0xf8, 0xee, 0xf8, 0xee, 0xf8, 0xee, 0xd7, 0xee, 0xd7, 0xee,
    0xd7, 0xee, 0xd7, 0xee, 0xf8, 0xee, 0xd7, 0xee, 0xd7, 0xee, 0xd7, 0xee, 0xd7, 0xee, 0xf8, 0xee,
    0xf8, 0xee, 0xd7, 0xee, 0xd7, 0xee, 0xd7, 0xee, 0xd7, 0xee, 0xd7, 0xee, 0xd7, 0xee, 0xd7, 0xee,
    0xd7, 0xee, 0xd7, 0xee, 0xd7, 0xee, 0xd7, 0xee, 0xd7, 0xee, 0xd7, 0xee, 0xd7, 0xee, 0xd7, 0xee,
    0xd7, 0xee, 0xf8, 0xee, 0xf8, 0xee, 0xd7, 0xee, 0xd7, 0xee, 0xf8, 0xee, 0xf8, 0xee, 0xf8, 0xee,
    0xf8, 0xee, 0xf8, 0xee, 0xf8, 0xee, 0xf8, 0xee, 0xf8, 0xee, 0xf8, 0xee, 0xf8, 0xee, 0xf8, 0xee,
    0xd7, 0xee, 0xd7, 0xee, 0xf8, 0xee, 0xd7, 0xee, 0xd7, 0xee, 0xf8, 0xee, 0xf8, 0xee, 0xf8, 0xee,
    0xf8, 0xee, 0xf8, 0xee, 0xd7, 0xee, 0xd7, 0xee, 0xf8, 0xee, 0xd7, 0xee, 0xd7, 0xee, 0xf8, 0xee,
    0xd7, 0xee, 0xd7, 0xee, 0xd7, 0xee, 0xd7, 0xee, 0xd7, 0xee, 0xf8, 0xee, 0xd7, 0xee, 0xf8, 0xee,
    0xf8, 0xee, 0xf8, 0xee, 0xd7, 0xee, 0xf8, 0xee, 0xf8, 0xee, 0xd7, 0xee, 0xd7, 0xee, 0xf8, 0xee,
    0xd7, 0xee, 0xd7, 0xee, 0xd7, 0xee, 0xf8, 0xee, 0xd7, 0xee, 0xd7, 0xee, 0xd7, 0xee, 0xd7, 0xee,
    0xd7, 0xee, 0xd7, 0xee, 0xf8, 0xee, 0xf8, 0xee, 0xd7, 0xee, 0xd7, 0xee, 0xf8, 0xee, 0xf8, 0xee,
    0xf8, 0xee, 0xf8, 0xee, 0xf8, 0xee, 0xf8, 0xee, 0xd7, 0xee, 0xf8, 0xee, 0xd7, 0xee, 0xd7, 0xee,
    0xf8, 0xee, 0xf8, 0xee, 0xf8, 0xee, 0xd7, 0xee, 0xd7, 0xee, 0xd7, 0xee, 0xd7, 0xee, 0xd7, 0xee,
    0xf8, 0xee, 0xd7, 0xee, 0xd7, 0xee, 0xf8, 0xee, 0xd7, 0xee, 0xd7, 0xee, 0xf8, 0xee, 0xf8, 0xee,
    0xd7, 0xee, 0xd7, 0xee, 0xd7, 0xee, 0xf8, 0xee, 0xd7, 0xee, 0xd7, 0xee, 0xf8, 0xee, 0xf8, 0xee,
    0xf8, 0xee, 0xf8, 0xee, 0xd7, 0xee, 0xd7, 0xee, 0xf8, 0xee, 0xf8, 0xee, 0xd7, 0xee, 0xf8, 0xee,
    0xd7, 0xee, 0xf8, 0xee, 0xd7, 0xee, 0xf8, 0xee, 0xf8, 0xee, 0xf8, 0xee, 0xf8, 0xee, 0xf8, 0xee,
    0xf8, 0xee, 0xf8, 0xee, 0xf8, 0xee, 0xf8, 0xee, 0xf8, 0xee, 0xd7, 0xee, 0xf8, 0xee, 0xf8, 0xee,
    0xd7, 0xee, 0xd7, 0xee, 0xd7, 0xee, 0xd7, 0xee, 0xf8, 0xee, 0xf8, 0xee, 0xd7, 0xee, 0xf8, 0xee,
    0xf8, 0xee, 0xf8, 0xee, 0xf8, 0xee, 0xf8, 0xee, 0xd7, 0xee, 0xd7, 0xee, 0xd7, 0xee, 0xd7, 0xee,
    0xf8, 0xee, 0xf8, 0xee, 0xd7, 0xee, 0xd7, 0xee, 0xf8, 0xee, 0xf8, 0xee, 0xd7, 0xee, 0xf8, 0xee,
    0xf8, 0xee, 0xf8, 0xee, 0xf8, 0xee, 0xd7, 0xee, 0xd7, 0xee, 0xf8, 0xee, 0xf8, 0xee, 0xf8, 0xee,
    0xf8, 0xee, 0xf8, 0xee, 0xf8, 0xee, 0xd7, 0xee, 0xd7, 0xee, 0xd7, 0xee, 0xf8, 0xee, 0xf8, 0xee,
    0xf8, 0xee, 0xf8, 0xee, 0xf8, 0xee, 0xf8, 0xee, 0xf8, 0xee, 0xf8, 0xee, 0xd7, 0xee, 0xf8, 0xee,
    0xf8, 0xee, 0xf8, 0xee, 0xf8, 0xee, 0xd7, 0xee, 0xd7, 0xee, 0xd7, 0xee, 0xd7, 0xee, 0xd7, 0xee,
    0xd7, 0xee, 0xf8, 0xee, 0xf8, 0xee, 0xd7, 0xee, 0xd7, 0xee, 0xf8, 0xee, 0xf8, 0xee, 0xd7, 0xee,
    0xf8, 0xee, 0xd7, 0xee, 0xd7, 0xee, 0xd7, 0xee, 0xd7, 0xee, 0xd7, 0xee, 0xd7, 0xee, 0xd7, 0xee,
    0xd7, 0xee, 0xf8, 0xee, 0xf8, 0xee, 0xd7, 0xee, 0xd7, 0xee, 0xf8, 0xee, 0xf8, 0xee, 0xd7, 0xee,
    0xf8, 0xee, 0xf8, 0xee, 0xf8, 0xee, 0xf8, 0xee, 0xf8, 0xee, 0xf8, 0xee, 0xf8, 0xee, 0xd7, 0xee,
    0xf8, 0xee, 0xd7, 0xee, 0xf8, 0xee, 0xf8, 0xee, 0xd7, 0xee, 0xd7, 0xee, 0xd7, 0xee, 0xd7, 0xee,
    0xf8, 0xee, 0xf8, 0xee, 0xf8, 0xee, 0xd7, 0xee, 0xd7, 0xee, 0xd7, 0xee, 0xd7, 0xee, 0xf8, 0xee,
    0xf8, 0xee, 0xf8, 0xee, 0xf8, 0xee, 0xd7, 0xee, 0xf8, 0xee, 0xd7, 0xee, 0xd7, 0xee, 0xd7, 0xee,
    0xf8, 0xee, 0xf8, 0xee, 0xd7, 0xee, 0xf8, 0xee, 0xd7, 0xee, 0xf8, 0xee, 0xf8, 0xee, 0xd7, 0xee,
    0xd7, 0xee, 0xf8, 0xee, 0xd7, 0xee, 0xf8, 0xee, 0xf8, 0xee, 0xf8, 0xee, 0xf8, 0xee, 0xf8, 0xee,
    0xf8, 0xee, 0xf8, 0xee, 0xf8, 0xee, 0xf8, 0xee, 0xf8, 0xee, 0xf8, 0xee, 0xf8, 0xee, 0xf8, 0xee,
    0xd7, 0xee, 0xd7, 0xee, 0xf8, 0xee, 0xf8, 0xee, 0xf8, 0xee, 0xf8, 0xee, 0xf8, 0xee, 0xf8, 0xee,
    0xf8, 0xee, 0xf8, 0xee, 0xf8, 0xee, 0xd7, 0xee, 0xf8, 0xee, 0xd7, 0xee, 0xf8, 0xee, 0xf8, 0xee,
    0xd7, 0xee, 0xd7, 0xee, 0xd7, 0xee, 0xd7, 0xee, 0xb6, 0xe6, 0xd7, 0xee, 0xd7, 0xee, 0xf8, 0xee,
    0xf8, 0xee, 0xd7, 0xee, 0xd7, 0xee, 0xf8, 0xee, 0xf8, 0xee, 0xd7, 0xee, 0xf8, 0xee, 0xd7, 0xee,
    0xd7, 0xee, 0xf8, 0xee, 0xf8, 0xee, 0xf8, 0xee, 0xd7, 0xee, 0xf8, 0xee, 0xd7, 0xee, 0xf8, 0xee,
    0xd7, 0xee, 0xd7, 0xee, 0xd7, 0xee, 0xd7, 0xee, 0xf8, 0xee, 0xf8, 0xee, 0xf8, 0xee, 0xf8, 0xee,
    0xf8, 0xee, 0xf8, 0xee, 0xf8, 0xee, 0xf8, 0xee, 0xf8, 0xee, 0xf8, 0xee, 0xd7, 0xee, 0xd7, 0xee,
    0xf8, 0xee, 0xf8, 0xee, 0xd7, 0xee, 0xd7, 0xee, 0xd7, 0xee, 0xd7, 0xee, 0xd7, 0xee, 0xd7, 0xee,
    0xf8, 0xee, 0xd7, 0xee, 0xd7, 0xee, 0xd7, 0xee, 0xd7, 0xee, 0xd7, 0xee, 0xf8, 0xee, 0xd7, 0xee,
    0xd7, 0xee, 0xd7, 0xee, 0xd7, 0xee, 0xd7, 0xee, 0xf8, 0xee, 0xf8, 0xee, 0xd7, 0xee, 0xf8, 0xee,
    0xd7, 0xee, 0xf8, 0xee, 0xd7, 0xee, 0xd7, 0xee, 0xf8, 0xee, 0xf8, 0xee, 0xd7, 0xee, 0xf8, 0xee,
    0xf8, 0xee, 0xd7, 0xee, 0xd7, 0xee, 0xf8, 0xee, 0xf8, 0xee, 0xf8, 0xee, 0xf8, 0xee, 0xf8, 0xee,
    0xf8, 0xee, 0xf8, 0xee, 0xf8, 0xee, 0xf8, 0xee, 0xf8, 0xee, 0xf8, 0xee, 0xf8, 0xee, 0xf8, 0xee,
    0xf8, 0xee, 0xd7, 0xee, 0xd7, 0xee, 0xd7, 0xee, 0xd7, 0xee, 0xd7, 0xee, 0xd7, 0xee, 0xf8, 0xee,
    0xf8, 0xee, 0xf8, 0xee, 0xf8, 0xee, 0xd7, 0xee, 0xd7, 0xee, 0xd7, 0xee, 0xd7, 0xee, 0xd7, 0xee,
    0xf8, 0xee, 0xf8, 0xee, 0xf8, 0xee, 0xf8, 0xee, 0xf8, 0xee, 0xd7, 0xee, 0xf8, 0xee, 0xf8, 0xee,
    0xd7, 0xee, 0xf8, 0xee, 0xf8, 0xee, 0xf8, 0xee, 0xf8, 0xee, 0xf8, 0xee, 0xf8, 0xee, 0xf8, 0xee,
    0xf8, 0xee, 0xf8, 0xee, 0xd7, 0xee, 0xf8, 0xee, 0xf8, 0xee, 0xb6, 0xee, 0xf8, 0xee, 0xf8, 0xee,
    0xf8, 0xee, 0xf8, 0xee, 0xf8, 0xee, 0xf8, 0xee, 0xf8, 0xee, 0xf8, 0xee, 0xf8, 0xee, 0xd7, 0xee,
    0xf8, 0xee, 0xf8, 0xee, 0xf8, 0xee, 0xf8, 0xee, 0xd7, 0xee, 0xd7, 0xee, 0xd7, 0xee, 0xd7, 0xee,
    0xd7, 0xee, 0xf8, 0xee, 0xd7, 0xee, 0xd7, 0xee, 0xd7, 0xee, 0xd7, 0xee, 0xd7, 0xee, 0xf8, 0xee,
    0xf8, 0xee, 0xd7, 0xee, 0xd7, 0xee, 0xd7, 0xee, 0xd7, 0xee, 0xd7, 0xee, 0xd7, 0xee, 0xd7, 0xee,
    0xf8, 0xee, 0xd7, 0xee, 0xd7, 0xee, 0xf8, 0xee, 0xf8, 0xee, 0xf8, 0xee, 0xf8, 0xee, 0xf8, 0xee,
    0xf8, 0xee, 0xf8, 0xee, 0xf8, 0xee, 0xd7, 0xee, 0xf8, 0xee, 0xd7, 0xee, 0xf8, 0xee, 0xf8, 0xee,
    0xf8, 0xee, 0xf8, 0xee, 0xd7, 0xee, 0xf8, 0xee, 0xf8, 0xee, 0xd7, 0xee, 0xd7, 0xee, 0xf8, 0xee,
    0xf8, 0xee, 0xf8, 0xee, 0xd7, 0xee, 0xd7, 0xee, 0xf8, 0xee, 0xf8, 0xee, 0xd7, 0xee, 0xd7, 0xee,
    0xd7, 0xee, 0xd7, 0xee, 0xf8, 0xee, 0xd7, 0xee, 0xd7, 0xee, 0xf8, 0xee, 0xd7, 0xee, 0xd7, 0xee,
    0xf8, 0xee, 0xd7, 0xee, 0xd7, 0xee, 0xf8, 0xee, 0xf8, 0xee, 0xf8, 0xee, 0xf8, 0xee, 0xf8, 0xee,
    0xd7, 0xee, 0xf8, 0xee, 0xd7, 0xee, 0xd7, 0xee, 0xf8, 0xee, 0xd7, 0xee, 0xd7, 0xee, 0xf8, 0xee,
    0xf8, 0xee, 0xd7, 0xee, 0xf8, 0xee, 0xf8, 0xee, 0xf8, 0xee, 0xf8, 0xee, 0xf8, 0xee, 0xf8, 0xee,
    0xd7, 0xee, 0xd7, 0xee, 0xf8, 0xee, 0xf8, 0xee, 0xf8, 0xee, 0xd7, 0xee, 0xf8, 0xee, 0xd7, 0xee,
    0xd7, 0xee, 0xd7, 0xee, 0xf8, 0xee, 0xd7, 0xee, 0xf8, 0xee, 0xf8, 0xee, 0xf8, 0xee, 0xd7, 0xee,
    0xd7, 0xee, 0xd7, 0xee, 0xd7, 0xee, 0xd7, 0xee, 0xd7, 0xee, 0xd7, 0xee, 0xd7, 0xee, 0xd7, 0xee,
    0xf8, 0xee, 0xf8, 0xee, 0xd7, 0xee, 0xf8, 0xee, 0xd7, 0xee, 0xd7, 0xee, 0xf8, 0xee, 0xd7, 0xee,
    0xd7, 0xee, 0xf8, 0xee, 0xf8, 0xee, 0xf8, 0xee, 0xf8, 0xee, 0xf8, 0xee, 0xf8, 0xee, 0xf8, 0xee,
    0xd7, 0xee, 0xd7, 0xee, 0xd7, 0xee, 0xf8, 0xee, 0xf8, 0xee, 0xd7, 0xee, 0xf8, 0xee, 0xf8, 0xee,
    0xf8, 0xee, 0xf8, 0xee, 0xd7, 0xee, 0xf8, 0xee, 0xf8, 0xee, 0xd7, 0xee, 0xd7, 0xee, 0xd7, 0xee,
    0xd7, 0xee, 0xf8, 0xee, 0xd7, 0xee, 0xd7, 0xee, 0xf8, 0xee, 0xf8, 0xee, 0xf8, 0xee, 0xf8, 0xee,
    0xd7, 0xee, 0xd7, 0xee, 0xd7, 0xee, 0xd7, 0xee, 0xf8, 0xee, 0xf8, 0xee, 0xd7, 0xee, 0xd7, 0xee,
    0xd7, 0xee, 0xf8, 0xee, 0xd7, 0xee, 0xd7, 0xee, 0xf8, 0xee, 0xf8, 0xee, 0xd7, 0xee, 0xf8, 0xee,
    0xd7, 0xee, 0xd7, 0xee, 0xf8, 0xee, 0xd7, 0xee, 0xd7, 0xee, 0xf8, 0xee, 0xd7, 0xee, 0xd7, 0xee,
    0xf8, 0xee, 0xf8, 0xee, 0xd7, 0xee, 0xf8, 0xee, 0xf8, 0xee, 0xf8, 0xee, 0xf8, 0xee, 0xf8, 0xee,
    0xf8, 0xee, 0xf8, 0xee, 0xf8, 0xee, 0xf8, 0xee, 0xf8, 0xee, 0xd7, 0xee, 0xf8, 0xee, 0xd7, 0xee,
    0xd7, 0xee, 0xf8, 0xee, 0xd7, 0xee, 0xf8, 0xee, 0xf8, 0xee, 0xd7, 0xee, 0xd7, 0xee, 0xf8, 0xee,
    0xf8, 0xee, 0xf8, 0xee, 0xf8, 0xee, 0xf8, 0xee, 0xd7, 0xee, 0xd7, 0xee, 0xf8, 0xee, 0xd7, 0xee,
    0xd7, 0xee, 0xf8, 0xee, 0xf8, 0xee, 0xf8, 0xee, 0xf8, 0xee, 0xd7, 0xee, 0xf8, 0xee, 0xf8, 0xee,
    0xd7, 0xee, 0xd7, 0xee, 0xf8, 0xee, 0xf8, 0xee, 0xf8, 0xee, 0xf8, 0xee, 0xf8, 0xee, 0xf8, 0xee,
    0xf8, 0xee, 0xd7, 0xee, 0xd7, 0xee, 0xf8, 0xee, 0xf8, 0xee, 0xb6, 0xee, 0xf8, 0xee, 0xd7, 0xee,
    0xf8, 0xee, 0xf8, 0xee, 0xf8, 0xee, 0xf8, 0xee, 0xf8, 0xee, 0xf8, 0xee, 0xf8, 0xee, 0xd7, 0xee,
    0xd7, 0xee, 0xd7, 0xee, 0xf8, 0xee, 0xd7, 0xee, 0xd7, 0xee, 0xd7, 0xee, 0xd7, 0xee, 0xd7, 0xee,
    0xf8, 0xee, 0xf8, 0xee, 0xf8, 0xee, 0xf8, 0xee, 0xd7, 0xee, 0xd7, 0xee, 0xf8, 0xee, 0xd7, 0xee,
    0xf8, 0xee, 0xd7, 0xee, 0xd7, 0xee, 0xd7, 0xee, 0xf8, 0xee, 0xd7, 0xee, 0xd7, 0xee, 0xd7, 0xee,
    0xd7, 0xee, 0xd7, 0xee, 0xf8, 0xee, 0xd7, 0xee, 0xf8, 0xee, 0xf8, 0xee, 0xf8, 0xee, 0xf8, 0xee,
    0xf8, 0xee, 0xd7, 0xee, 0xf8, 0xee, 0xf8, 0xee, 0xf8, 0xee, 0xf8, 0xee, 0xd7, 0xee, 0xf8, 0xee,
    0xf8, 0xee, 0xf8, 0xee, 0xf8, 0xee, 0xd7, 0xee, 0xf8, 0xee, 0xd7, 0xee, 0xd7, 0xee, 0xd7, 0xee,
    0xd7, 0xee, 0xd7, 0xee, 0xd7, 0xee, 0xf8, 0xee, 0xf8, 0xee, 0xf8, 0xee, 0xf8, 0xee, 0xd7, 0xee,
    0xd7, 0xee, 0xf8, 0xee, 0xf8, 0xee, 0xd7, 0xee, 0xd7, 0xee, 0xf8, 0xee, 0xf8, 0xee, 0xf8, 0xee,
    0xf8, 0xee, 0xd7, 0xee, 0xd7, 0xee, 0xf8, 0xee, 0xf8, 0xee, 0xf8, 0xee, 0xf8, 0xee, 0xf8, 0xee,
    0xf8, 0xee, 0xf8, 0xee, 0xd7, 0xee, 0xf8, 0xee, 0xd7, 0xee, 0xd7, 0xee, 0xd7, 0xee, 0xf8, 0xee,
    0xd7, 0xee, 0xd7, 0xee, 0xf8, 0xee, 0xd7, 0xee, 0xf8, 0xee, 0xf8, 0xee, 0xf8, 0xee, 0xf8, 0xee,
    0xd7, 0xee, 0xf8, 0xee, 0xf8, 0xee, 0xd7, 0xee, 0xd7, 0xee, 0xf8, 0xee, 0xf8, 0xee, 0xd7, 0xee,
    0xd7, 0xee, 0xd7, 0xee, 0xd7, 0xee, 0xd7, 0xee, 0xd7, 0xee, 0xd7, 0xee, 0xf8, 0xee, 0xd7, 0xee,
    0xd7, 0xee, 0xd7, 0xee, 0xd7, 0xee, 0xd7, 0xee, 0xd7, 0xee, 0xd7, 0xee, 0xd7, 0xee, 0xd7, 0xee,
    0xd7, 0xee, 0xd7, 0xee, 0xd7, 0xee, 0xf8, 0xee, 0xd7, 0xee, 0xf8, 0xee, 0xf8, 0xee, 0xf8, 0xee,
    0xd7, 0xee, 0xd7, 0xee, 0xf8, 0xee, 0xf8, 0xee, 0xf8, 0xee, 0xf8, 0xee, 0xf8, 0xee, 0xd7, 0xee,
    0xd7, 0xee, 0xd7, 0xee, 0xf8, 0xee, 0xf8, 0xee, 0xf8, 0xee, 0xf8, 0xee, 0xf8, 0xee, 0xf8, 0xee,
    0xf8, 0xee, 0xf8, 0xee, 0xd7, 0xee, 0xd7, 0xee, 0xf8, 0xee, 0xd7, 0xee, 0xf8, 0xee, 0xf8, 0xee,
    0xd7, 0xee, 0xf8, 0xee, 0xd7, 0xee, 0xf8, 0xee, 0xf8, 0xee, 0xd7, 0xee, 0xf8, 0xee, 0xd7, 0xee,
    0xd7, 0xee, 0xd7, 0xee, 0xd7, 0xee, 0xf8, 0xee, 0xf8, 0xee, 0xf8, 0xee, 0xf8, 0xee, 0xd7, 0xee,
    0xf8, 0xee, 0xf8, 0xee, 0xf8, 0xee, 0xd7, 0xee, 0xf8, 0xee, 0xd7, 0xee, 0xf8, 0xee, 0xf8, 0xee,
    0xf8, 0xee, 0xf8, 0xee, 0xf8, 0xee, 0xd7, 0xee, 0xd7, 0xee, 0xd7, 0xee, 0xf8, 0xee, 0xd7, 0xee,
    0xd7, 0xee, 0xd7, 0xee, 0xd7, 0xee, 0xf8, 0xee, 0xf8, 0xee, 0xf8, 0xee, 0xf8, 0xee, 0xd7, 0xee,
    0xd7, 0xee, 0xd7, 0xee, 0xf8, 0xee, 0xf8, 0xee, 0xf8, 0xee, 0xd7, 0xee, 0xd7, 0xee, 0xd7, 0xee,
    0xf8, 0xee, 0xf8, 0xee, 0xf8, 0xee, 0xf8, 0xee, 0xd7, 0xee, 0xd7, 0xee, 0xf8, 0xee, 0xd7, 0xee,
    0xd7, 0xee, 0xf8, 0xee, 0xd7, 0xee, 0xf8, 0xee, 0xf8, 0xee, 0xf8, 0xee, 0xf8, 0xee, 0xd7, 0xee,
    0xd7, 0xee, 0xf8, 0xee, 0xf8, 0xee, 0xd7, 0xee, 0xf8, 0xee, 0xf8, 0xee, 0xf8, 0xee, 0xf8, 0xee,
    0xf8, 0xee, 0xd7, 0xee, 0xf8, 0xee, 0xf8, 0xee, 0xf8, 0xee, 0xf8, 0xee, 0xf8, 0xee, 0xf8, 0xee,
    0xd7, 0xee, 0xd7, 0xee, 0xf8, 0xee, 0xd7, 0xee, 0xf8, 0xee, 0xb6, 0xee, 0xf8, 0xee, 0xf8, 0xee,
    0xf8, 0xee, 0xf8, 0xee, 0xf8, 0xee, 0xf8, 0xee, 0xd7, 0xee, 0xf8, 0xee, 0xf8, 0xee, 0xd7, 0xee,
    0xd7, 0xee, 0xd7, 0xee, 0xf8, 0xee, 0xf8, 0xee, 0xf8, 0xee, 0xd7, 0xee, 0xd7, 0xee, 0xd7, 0xee,
    0xf8, 0xee, 0xf8, 0xee, 0xf8, 0xee, 0xf8, 0xee, 0xd7, 0xee, 0xf8, 0xee, 0xd7, 0xee, 0xd7, 0xee,
    0xd7, 0xee, 0xf8, 0xee, 0xd7, 0xee, 0xd7, 0xee, 0xf8, 0xee, 0xd7, 0xee, 0xd7, 0xee, 0xd7, 0xee,
    0xd7, 0xee, 0xd7, 0xee, 0xf8, 0xee, 0xf8, 0xee, 0xd7, 0xee, 0xf8, 0xee, 0xd7, 0xee, 0xf8, 0xee,
    0xf8, 0xee, 0xd7, 0xee, 0xf8, 0xee, 0xf8, 0xee, 0xf8, 0xee, 0xd7, 0xee, 0xd7, 0xee, 0xf8, 0xee,
    0xf8, 0xee, 0xf8, 0xee, 0xf8, 0xee, 0xf8, 0xee, 0xd7, 0xee, 0xf8, 0xee, 0xd7, 0xee, 0xd7, 0xee,
    0xd7, 0xee, 0xd7, 0xee, 0xd7, 0xee, 0xf8, 0xee, 0xf8, 0xee, 0xf8, 0xee, 0xf8, 0xee, 0xd7, 0xee,
    0xf8, 0xee, 0xd7, 0xee, 0xf8, 0xee, 0xf8, 0xee, 0xf8, 0xee, 0xd7, 0xee, 0xf8, 0xee, 0xd7, 0xee,
    0xf8, 0xee, 0xd7, 0xee, 0xf8, 0xee, 0xf8, 0xee, 0xf8, 0xee, 0xf8, 0xee, 0xd7, 0xee, 0xd7, 0xee,
    0xf8, 0xee, 0xf8, 0xee, 0xf8, 0xee, 0xf8, 0xee, 0xf8, 0xee, 0xd7, 0xee, 0xd7, 0xee, 0xd7, 0xee,
    0xf8, 0xee, 0xf8, 0xee, 0xd7, 0xee, 0xd7, 0xee, 0xd7, 0xee, 0xd7, 0xee, 0xf8, 0xee, 0xd7, 0xee,
    0xf8, 0xee, 0xd7, 0xee, 0xf8, 0xee, 0xd7, 0xee, 0xd7, 0xee, 0xf8, 0xee, 0xf8, 0xee, 0xd7, 0xee,
    0xd7, 0xee, 0xf8, 0xee, 0xd7, 0xee, 0xd7, 0xee, 0xd7, 0xee, 0xd7, 0xee, 0xf8, 0xee, 0xf8, 0xee,
    0xd7, 0xee, 0xd7, 0xee, 0xd7, 0xee, 0xd7, 0xee, 0xd7, 0xee, 0xd7, 0xee, 0xd7, 0xee, 0xd7, 0xee,
    0xd7, 0xee, 0xd7, 0xee, 0xf8, 0xee, 0xf8, 0xee, 0xf8, 0xee, 0xf8, 0xee, 0xf8, 0xee, 0xd7, 0xee,
    0xf8, 0xee, 0xf8, 0xee, 0xf8, 0xee, 0xf8, 0xee, 0xf8, 0xee, 0xf8, 0xee, 0xd7, 0xee, 0xd7, 0xee,
    0xd7, 0xee, 0xd7, 0xee, 0xf8, 0xee, 0xf8, 0xee, 0xf8, 0xee, 0xf8, 0xee, 0xf8, 0xee, 0xf8, 0xee,
    0xf8, 0xee, 0xd7, 0xee, 0xf8, 0xee, 0xd7, 0xee, 0xd7, 0xee, 0xd7, 0xee, 0xd7, 0xee, 0xf8, 0xee,
    0xf8, 0xee, 0xd7, 0xee, 0xd7, 0xee, 0xd7, 0xee, 0xd7, 0xee, 0xd7, 0xee, 0xd7, 0xee, 0xd7, 0xee,
    0xd7, 0xee, 0xd7, 0xee, 0xd7, 0xee, 0xf8, 0xee, 0xf8, 0xee, 0xf8, 0xee, 0xf8, 0xee, 0xf8, 0xee,
    0xf8, 0xee, 0xf8, 0xee, 0xf8, 0xee, 0xf8, 0xee, 0xf8, 0xee, 0xb6, 0xe6, 0xb6, 0xe6, 0xd7, 0xee,
    0xf8, 0xee, 0xd7, 0xee, 0xd7, 0xee, 0xd7, 0xee, 0xd7, 0xee, 0xd7, 0xee, 0xf8, 0xee, 0xf8, 0xee,
    0xf8, 0xee, 0xd7, 0xee, 0xd7, 0xee, 0xf8, 0xee, 0xf8, 0xee, 0xf8, 0xee, 0xf8, 0xee, 0xd7, 0xee,
    0xd7, 0xee, 0xd7, 0xee, 0xf8, 0xee, 0xf8, 0xee, 0xf8, 0xee, 0xf8, 0xee, 0xd7, 0xee, 0xf8, 0xee,
    0xf8, 0xee, 0xf8, 0xee, 0xf8, 0xee, 0xf8, 0xee, 0xd7, 0xee, 0xd7, 0xee, 0xd7, 0xee, 0xd7, 0xee,
    0xd7, 0xee, 0xf8, 0xee, 0xf8, 0xee, 0xf8, 0xee, 0xf8, 0xee, 0xf8, 0xee, 0xf8, 0xee, 0xd7, 0xee,
    0xf8, 0xee, 0xd7, 0xee, 0xd7, 0xee, 0xd7, 0xee, 0xf8, 0xee, 0xf8, 0xee, 0xf8, 0xee, 0xf8, 0xee,
    0xf8, 0xee, 0xd7, 0xee, 0xd7, 0xee, 0xf8, 0xee, 0xf8, 0xee, 0xf8, 0xee, 0xf8, 0xee, 0xf8, 0xee,
    0xd7, 0xee, 0xd7, 0xee, 0xf8, 0xee, 0xf8, 0xee, 0xf8, 0xee, 0xd7, 0xee, 0xd7, 0xee, 0xf8, 0xee,
    0xf8, 0xee, 0xf8, 0xee, 0xf8, 0xee, 0xf8, 0xee, 0xf8, 0xee, 0xf8, 0xee, 0xf8, 0xee, 0xf8, 0xee,
    0xd7, 0xee, 0xd7, 0xee, 0xf8, 0xee, 0xf8, 0xee, 0xf8, 0xee, 0xd7, 0xee, 0xd7, 0xee, 0xd7, 0xee,
    0xf8, 0xee, 0xf8, 0xee, 0xf8, 0xee, 0xf8, 0xee, 0xf8, 0xee, 0xd7, 0xee, 0xd7, 0xee, 0xd7, 0xee,
    0xd7, 0xee, 0xd7, 0xee, 0xd7, 0xee, 0xf8, 0xee, 0xf8, 0xee, 0xd7, 0xee, 0xd7, 0xee, 0xd7, 0xee,
    0xd7, 0xee, 0xd7, 0xee, 0xd7, 0xee, 0xf8, 0xee, 0xd7, 0xee, 0xf8, 0xee, 0xd7, 0xee, 0xd7, 0xee,
    0xf8, 0xee, 0xf8, 0xee, 0xf8, 0xee, 0xf8, 0xee, 0xd7, 0xee, 0xf8, 0xee, 0xd7, 0xee, 0xf8, 0xee,
    0xf8, 0xee, 0xf8, 0xee, 0xf8, 0xee, 0xf8, 0xee, 0xf8, 0xee, 0xf8, 0xee, 0xd7, 0xee, 0xd7, 0xee,
    0xd7, 0xee, 0xd7, 0xee, 0xf8, 0xee, 0xf8, 0xee, 0xd7, 0xee, 0xf8, 0xee, 0xd7, 0xee, 0xf8, 0xee,
    0xf8, 0xee, 0xf8, 0xee, 0xf8, 0xee, 0xf8, 0xee, 0xf8, 0xee, 0xf8, 0xee, 0xd7, 0xee, 0xf8, 0xee,
    0xd7, 0xee, 0xf8, 0xee, 0xf8, 0xee, 0xf8, 0xee, 0xf8, 0xee, 0xf8, 0xee, 0xf8, 0xee, 0xd7, 0xee,
    0xd7, 0xee, 0xd7, 0xee, 0xd7, 0xee, 0xd7, 0xee, 0xf8, 0xee, 0xd7, 0xee, 0xd7, 0xee, 0xd7, 0xee,
    0xf8, 0xee, 0xf8, 0xee, 0xd7, 0xee, 0xd7, 0xee, 0xd7, 0xee, 0xf8, 0xee, 0xf8, 0xee, 0xf8, 0xee,
    0xf8, 0xee, 0xd7, 0xee, 0xf8, 0xee, 0xf8, 0xee, 0xd7, 0xee, 0xd7, 0xee, 0xf8, 0xee, 0xd7, 0xee,
    0xd7, 0xee, 0xf8, 0xee, 0xf8, 0xee, 0xd7, 0xee, 0xd7, 0xee, 0xd7, 0xee, 0xf8, 0xee, 0xd7, 0xee,
    0xf8, 0xee, 0xf8, 0xee, 0xd7, 0xee, 0xd7, 0xee, 0xd7, 0xee, 0xd7, 0xee, 0xd7, 0xee, 0xd7, 0xee,
    0xd7, 0xee, 0xd7, 0xee, 0xd7, 0xee, 0xf8, 0xee, 0xf8, 0xee, 0xf8, 0xee, 0xf8, 0xee, 0xd7, 0xee,
    0xf8, 0xee, 0xf8, 0xee, 0xf8, 0xee, 0xf8, 0xee, 0xf8, 0xee, 0xf8, 0xee, 0xf8, 0xee, 0xf8, 0xee,
    0xd7, 0xee, 0xd7, 0xee, 0xf8, 0xee, 0xf8, 0xee, 0xf8, 0xee, 0xf8, 0xee, 0xd7, 0xee, 0xf8, 0xee,
    0xf8, 0xee, 0xf8, 0xee, 0xd7, 0xee, 0xf8, 0xee, 0xf8, 0xee, 0xd7, 0xee, 0xd7, 0xee, 0xf8, 0xee,
    0xd7, 0xee, 0xf8, 0xee, 0xd7, 0xee, 0xd7, 0xee, 0xd7, 0xee, 0xf8, 0xee, 0xd7, 0xee, 0xd7, 0xee,
    0xf8, 0xee, 0xf8, 0xee, 0xd7, 0xee, 0xf8, 0xee, 0xf8, 0xee, 0xd7, 0xee, 0xf8, 0xee, 0xf8, 0xee,
    0xf8, 0xee, 0xf8, 0xee, 0xf8, 0xee, 0xf8, 0xee, 0xf8, 0xee, 0x95, 0xe6, 0x75, 0xe6, 0xd7, 0xee,
    0xf8, 0xee, 0xd7, 0xee, 0xd7, 0xee, 0xd7, 0xee, 0xf8, 0xee, 0xf8, 0xee, 0xf8, 0xee, 0xf8, 0xee,
    0xf8, 0xee, 0xf8, 0xee, 0xd7, 0xee, 0xd7, 0xee, 0xd7, 0xee, 0xf8, 0xee, 0xd7, 0xee, 0xf8, 0xee,
    0xf8, 0xee, 0xd7, 0xee, 0xd7, 0xee, 0xd7, 0xee, 0xf8, 0xee, 0xd7, 0xee, 0xd7, 0xee, 0xd7, 0xee,
    0xf8, 0xee, 0xd7, 0xee, 0xf8, 0xee, 0xf8, 0xee, 0xf8, 0xee, 0xf8, 0xee, 0xf8, 0xee, 0xd7, 0xee,
    0xd7, 0xee, 0xd7, 0xee, 0xf8, 0xee, 0xf8, 0xee, 0xf8, 0xee, 0xf8, 0xee, 0xf8, 0xee, 0xf8, 0xee,
    0xf8, 0xee, 0xf8, 0xee, 0xd7, 0xee, 0xf8, 0xee, 0xf8, 0xee, 0xf8, 0xee, 0xd7, 0xee, 0xf8, 0xee,
    0xf8, 0xee, 0xf8, 0xee, 0xf8, 0xee, 0xd7, 0xee, 0xd7, 0xee, 0xd7, 0xee, 0xf8, 0xee, 0xd7, 0xee,
    0xd7, 0xee, 0xf8, 0xee, 0xf8, 0xee, 0xf8, 0xee, 0xf8, 0xee, 0xd7, 0xee, 0xd7, 0xee, 0xf8, 0xee,
    0xf8, 0xee, 0xd7, 0xee, 0xf8, 0xee, 0xf8, 0xee, 0xf8, 0xee, 0xf8, 0xee, 0xf8, 0xee, 0xf8, 0xee,
    0xf8, 0xee, 0xf8, 0xee, 0xd7, 0xee, 0xf8, 0xee, 0xf8, 0xee, 0xf8, 0xee, 0xf8, 0xee, 0xf8, 0xee,
    0xd7, 0xee, 0xf8, 0xee, 0xf8, 0xee, 0xf8, 0xee, 0xf8, 0xee, 0xd7, 0xee, 0xd7, 0xee, 0xf8, 0xee,
    0xf8, 0xee, 0xd7, 0xee, 0xf8, 0xee, 0xf8, 0xee, 0xf8, 0xee, 0xf8, 0xee, 0xd7, 0xee, 0xf8, 0xee,
    0xf8, 0xee, 0xf8, 0xee, 0xf8, 0xee, 0xd7, 0xee, 0xf8, 0xee, 0xf8, 0xee, 0xf8, 0xee, 0xf8, 0xee,
    0xf8, 0xee, 0xd7, 0xee, 0xf8, 0xee, 0xf8, 0xee, 0xd7, 0xee, 0xf8, 0xee, 0xf8, 0xee, 0xf8, 0xee,
    0xf8, 0xee, 0xf8, 0xee, 0xd7, 0xee, 0xf8, 0xee, 0xd7, 0xee, 0xf8, 0xee, 0xf8, 0xee, 0xd7, 0xee,
    0xd7, 0xee, 0xd7, 0xee, 0xf8, 0xee, 0xf8, 0xee, 0xf8, 0xee, 0xf8, 0xee, 0xd7, 0xee, 0xd7, 0xee,
    0xf8, 0xee, 0xf8, 0xee, 0xf8, 0xee, 0xf8, 0xee, 0xf8, 0xee, 0xf8, 0xee, 0xf8, 0xee, 0xf8, 0xee,
    0xd7, 0xee, 0xf8, 0xee, 0xf8, 0xee, 0xf8, 0xee, 0xf8, 0xee, 0xf8, 0xee, 0xf8, 0xee, 0xf8, 0xee,
    0xf8, 0xee, 0xd7, 0xee, 0xf8, 0xee, 0xf8, 0xee, 0xd7, 0xee, 0xd7, 0xee, 0xf8, 0xee, 0xd7, 0xee,
    0xd7, 0xee, 0xd7, 0xee, 0xd7, 0xee, 0xd7, 0xee, 0xd7, 0xee, 0xf8, 0xee, 0xf8, 0xee, 0xf8, 0xee,
    0xd7, 0xee, 0xd7, 0xee, 0xf8, 0xee, 0xf8, 0xee, 0xd7, 0xee, 0xd7, 0xee, 0xd7, 0xee, 0xd7, 0xee,
    0xd7, 0xee, 0xd7, 0xee, 0xf8, 0xee, 0xd7, 0xee, 0xf8, 0xee, 0xd7, 0xee, 0xd7, 0xee, 0xd7, 0xee,
    0xf8, 0xee, 0xf8, 0xee, 0xf8, 0xee, 0xd7, 0xee, 0xd7, 0xee, 0xd7, 0xee, 0xd7, 0xee, 0xd7, 0xee,
    0xd7, 0xee, 0xd7, 0xee, 0xf8, 0xee, 0xf8, 0xee, 0xf8, 0xee, 0xf8, 0xee, 0xf8, 0xee, 0xf8, 0xee,
    0xf8, 0xee, 0xf8, 0xee, 0xf8, 0xee, 0xf8, 0xee, 0xf8, 0xee, 0xd7, 0xee, 0xf8, 0xee, 0xd7, 0xee,
    0xd7, 0xee, 0xd7, 0xee, 0xf8, 0xee, 0xf8, 0xee, 0xf8, 0xee, 0xf8, 0xee, 0xf8, 0xee, 0xd7, 0xee,
    0xf8, 0xee, 0xf8, 0xee, 0xd7, 0xee, 0xf8, 0xee, 0xf8, 0xee, 0xf8, 0xee, 0xd7, 0xee, 0xd7, 0xee,
    0xf8, 0xee, 0xd7, 0xee, 0xd7, 0xee, 0xf8, 0xee, 0xd7, 0xee, 0xf8, 0xee, 0xf8, 0xee, 0xf8, 0xee,
    0xd7, 0xee, 0xd7, 0xee, 0xd7, 0xee, 0xd7, 0xee, 0xd7, 0xee, 0xd7, 0xee, 0xf8, 0xee, 0xf8, 0xee,
    0xd7, 0xee, 0xf8, 0xee, 0xf8, 0xee, 0xf8, 0xee, 0xd7, 0xee, 0xb6, 0xe6, 0xb6, 0xe6, 0xd7, 0xee,
    0xd7, 0xee, 0xf8, 0xee, 0xf8, 0xee, 0xf8, 0xee, 0xf8, 0xee, 0xf8, 0xee, 0xf8, 0xee, 0xf8, 0xee,
    0xf8, 0xee, 0xf8, 0xee, 0xf8, 0xee, 0xd7, 0xee, 0xd7, 0xee, 0xf8, 0xee, 0xf8, 0xee, 0xf8, 0xee,
    0xf8, 0xee, 0xd7, 0xee, 0xd7, 0xee, 0xf8, 0xee, 0xd7, 0xee, 0xd7, 0xee, 0xd7, 0xee, 0xf8, 0xee,
    0xf8, 0xee, 0xf8, 0xee, 0xf8, 0xee, 0xf8, 0xee, 0xd7, 0xee, 0xf8, 0xee, 0xf8, 0xee, 0xd7, 0xee,
    0xd7, 0xee, 0xd7, 0xee, 0xd7, 0xee, 0xd7, 0xee, 0xf8, 0xee, 0xf8, 0xee, 0xd7, 0xee, 0xf8, 0xee,
    0xf8, 0xee, 0xd7, 0xee, 0xd7, 0xee, 0xf8, 0xee, 0xf8, 0xee, 0xf8, 0xee, 0xf8, 0xee, 0xd7, 0xee,
    0xf8, 0xee, 0xf8, 0xee, 0xf8, 0xee, 0xd7, 0xee, 0xf8, 0xee, 0xf8, 0xee, 0xf8, 0xee, 0xd7, 0xee,
    0xf8, 0xee, 0xf8, 0xee, 0xf8, 0xee, 0xd7, 0xee, 0xf8, 0xee, 0xf8, 0xee, 0xd7, 0xee, 0xf8, 0xee,
    0xd7, 0xee, 0xd7, 0xee, 0xf8, 0xee, 0xf8, 0xee, 0xd7, 0xee, 0xd7, 0xee, 0xf8, 0xee, 0xd7, 0xee,
    0xf8, 0xee, 0xd7, 0xee, 0xd7, 0xee, 0xf8, 0xee, 0xf8, 0xee, 0xf8, 0xee, 0xf8, 0xee, 0xf8, 0xee,
    0xd7, 0xee, 0xd7, 0xee, 0xf8, 0xee, 0xd7, 0xee, 0xf8, 0xee, 0xf8, 0xee, 0xf8, 0xee, 0xf8, 0xee,
    0xf8, 0xee, 0xd7, 0xee, 0xf8, 0xee, 0xf8, 0xee, 0xf8, 0xee, 0xf8, 0xee, 0xd7, 0xee, 0xd7, 0xee,
    0xd7, 0xee, 0xf8, 0xee, 0xf8, 0xee, 0xf8, 0xee, 0xf8, 0xee, 0xf8, 0xee, 0xf8, 0xee, 0xf8, 0xee,
    0xd7, 0xee, 0xf8, 0xee, 0xd7, 0xee, 0xd7, 0xee, 0xf8, 0xee, 0xf8, 0xee, 0xf8, 0xee, 0xf8, 0xee,
    0xf8, 0xee, 0xd7, 0xee, 0xf8, 0xee, 0xf8, 0xee, 0xd7, 0xee, 0xf8, 0xee, 0xf8, 0xee, 0xf8, 0xee,
    0xf8, 0xee, 0xd7, 0xee, 0xd7, 0xee, 0xf8, 0xee, 0xf8, 0xee, 0xf8, 0xee, 0xd7, 0xee, 0xf8, 0xee,
    0xf8, 0xee, 0xd7, 0xee, 0xf8, 0xee, 0xf8, 0xee, 0xf8, 0xee, 0xf8, 0xee, 0xf8, 0xee, 0xf8, 0xee,
    0xf8, 0xee, 0xf8, 0xee, 0xf8, 0xee, 0xf8, 0xee, 0xd7, 0xee, 0xf8, 0xee, 0xf8, 0xee, 0xd7, 0xee,
    0xf8, 0xee, 0xd7, 0xee, 0xd7, 0xee, 0xf8, 0xee, 0xd7, 0xee, 0xf8, 0xee, 0xd7, 0xee, 0xd7, 0xee,
    0xd7, 0xee, 0xd7, 0xee, 0xd7, 0xee, 0xd7, 0xee, 0xf8, 0xee, 0xf8, 0xee, 0xf8, 0xee, 0xd7, 0xee,
    0xd7, 0xee, 0xd7, 0xee, 0xd7, 0xee, 0xf8, 0xee, 0xf8, 0xee, 0xf8, 0xee, 0xd7, 0xee, 0xd7, 0xee,
    0xd7, 0xee, 0xd7, 0xee, 0xf8, 0xee, 0xf8, 0xee, 0xd7, 0xee, 0xf8, 0xee, 0xf8, 0xee, 0xd7, 0xee,
    0xf8, 0xee, 0xf8, 0xee, 0xf8, 0xee, 0xd7, 0xee, 0xd7, 0xee, 0xf8, 0xee, 0xd7, 0xee, 0xd7, 0xee,
    0xd7, 0xee, 0xf8, 0xee, 0xf8, 0xee, 0xf8, 0xee, 0xf8, 0xee, 0xf8, 0xee, 0xf8, 0xee, 0xf8, 0xee,
    0xf8, 0xee, 0xf8, 0xee, 0xd7, 0xee, 0xd7, 0xee, 0xd7, 0xee, 0xd7, 0xee, 0xf8, 0xee, 0xd7, 0xee,
    0xf8, 0xee, 0xf8, 0xee, 0xf8, 0xee, 0xd7, 0xee, 0xf8, 0xee, 0xf8, 0xee, 0xf8, 0xee, 0xf8, 0xee,
    0xd7, 0xee, 0xf8, 0xee, 0xd7, 0xee, 0xf8, 0xee, 0xd7, 0xee, 0xd7, 0xee, 0xd7, 0xee, 0xd7, 0xee,
    0xd7, 0xee, 0xd7, 0xee, 0xd7, 0xee, 0xf8, 0xee, 0xd7, 0xee, 0xf8, 0xee, 0xf8, 0xee, 0xf8, 0xee,
    0xd7, 0xee, 0xd7, 0xee, 0xd7, 0xee, 0xd7, 0xee, 0xd7, 0xee, 0xd7, 0xee, 0xf8, 0xee, 0xf8, 0xee,
    0xf8, 0xee, 0xf8, 0xee, 0xf8, 0xee, 0xf8, 0xee, 0xd7, 0xee, 0xd7, 0xee, 0xd7, 0xee, 0xd7, 0xee,
    0xd7, 0xee, 0xf8, 0xee, 0xf8, 0xee, 0xf8, 0xee, 0xf8, 0xee, 0xf8, 0xee, 0xf8, 0xee, 0xf8, 0xee,
    0xf8, 0xee, 0xf8, 0xee, 0xd7, 0xee, 0xf8, 0xee, 0xf8, 0xee, 0xf8, 0xee, 0xf8, 0xee, 0xf8, 0xee,
    0xd7, 0xee, 0xd7, 0xee, 0xf8, 0xee, 0xd7, 0xee, 0xf8, 0xee, 0xf8, 0xee, 0xd7, 0xee, 0xf8, 0xee,
    0xf8, 0xee, 0xf8, 0xee, 0xf8, 0xee, 0xf8, 0xee, 0xf8, 0xee, 0xf8, 0xee, 0xf8, 0xee, 0xf8, 0xee,
    0xf8, 0xee, 0xf8, 0xee, 0xf8, 0xee, 0xd7, 0xee, 0xf8, 0xee, 0xf8, 0xee, 0xd7, 0xee, 0xf8, 0xee,
    0xf8, 0xee, 0xd7, 0xee, 0xd7, 0xee, 0xf8, 0xee, 0xd7, 0xee, 0xf8, 0xee, 0xf8, 0xee, 0xf8, 0xee,
    0xd7, 0xee, 0xd7, 0xee, 0xd7, 0xee, 0xd7, 0xee, 0xf8, 0xee, 0xd7, 0xee, 0xd7, 0xee, 0xf8, 0xee,
    0xf8, 0xee, 0xf8, 0xee, 0xf8, 0xee, 0xf8, 0xee, 0xf8, 0xee, 0xf8, 0xee, 0xd7, 0xee, 0xf8, 0xee,
    0xd7, 0xee, 0xd7, 0xee, 0xf8, 0xee, 0xf8, 0xee, 0xd7, 0xee, 0xd7, 0xee, 0xd7, 0xee, 0xd7, 0xee,
    0xd7, 0xee, 0xf8, 0xee, 0xf8, 0xee, 0xf8, 0xee, 0xf8, 0xee, 0xf8, 0xee, 0xf8, 0xee, 0xf8, 0xee,
    0xd7, 0xee, 0xd7, 0xee, 0xd7, 0xee, 0xd7, 0xee, 0xf8, 0xee, 0xf8, 0xee, 0xf8, 0xee, 0xf8, 0xee,
    0xf8, 0xee, 0xd7, 0xee, 0xd7, 0xee, 0xd7, 0xee, 0xf8, 0xee, 0xf8, 0xee, 0xf8, 0xee, 0xf8, 0xee,
    0xd7, 0xee, 0xd7, 0xee, 0xf8, 0xee, 0xd7, 0xee, 0xf8, 0xee, 0xf8, 0xee, 0xf8, 0xee, 0xf8, 0xee,
    0xf8, 0xee, 0xf8, 0xee, 0xf8, 0xee, 0xd7, 0xee, 0xf8, 0xee, 0xf8, 0xee, 0xf8, 0xee, 0xf8, 0xee,
    0xf8, 0xee, 0xf8, 0xee, 0xf8, 0xee, 0xd7, 0xee, 0xd7, 0xee, 0xf8, 0xee, 0xf8, 0xee, 0xd7, 0xee,
    0xf8, 0xee, 0xf8, 0xee, 0xd7, 0xee, 0xf8, 0xee, 0xf8, 0xee, 0xd7, 0xee, 0xf8, 0xee, 0xf8, 0xee,
    0xf8, 0xee, 0xd7, 0xee, 0xf8, 0xee, 0xd7, 0xee, 0xf8, 0xee, 0xf8, 0xee, 0xf8, 0xee, 0xf8, 0xee,
    0xf8, 0xee, 0xf8, 0xee, 0xf8, 0xee, 0xf8, 0xee, 0xf8, 0xee, 0xd7, 0xee, 0xd7, 0xee, 0xd7, 0xee,
    0xf8, 0xee, 0xd7, 0xee, 0xd7, 0xee, 0xd7, 0xee, 0xd7, 0xee, 0xf8, 0xee, 0xd7, 0xee, 0xd7, 0xee,
    0xf8, 0xee, 0xd7, 0xee, 0xd7, 0xee, 0xd7, 0xee, 0xd7, 0xee, 0xf8, 0xee, 0xf8, 0xee, 0xf8, 0xee,
    0xf8, 0xee, 0xd7, 0xee, 0xd7, 0xee, 0xd7, 0xee, 0xd7, 0xee, 0xf8, 0xee, 0xd7, 0xee, 0xf8, 0xee,
    0xf8, 0xee, 0xd7, 0xee, 0xd7, 0xee, 0xf8, 0xee, 0xf8, 0xee, 0xf8, 0xee, 0xf8, 0xee, 0xf8, 0xee,
    0xf8, 0xee, 0xf8, 0xee, 0xd7, 0xee, 0xd7, 0xee, 0xd7, 0xee, 0xf8, 0xee, 0xf8, 0xee, 0xd7, 0xee,
    0xf8, 0xee, 0xf8, 0xee, 0xd7, 0xee, 0xd7, 0xee, 0xf8, 0xee, 0xf8, 0xee, 0xf8, 0xee, 0xf8, 0xee,
    0xf8, 0xee, 0xf8, 0xee, 0xf8, 0xee, 0xd7, 0xee, 0xd7, 0xee, 0xd7, 0xee, 0xd7, 0xee, 0xf8, 0xee,
    0xf8, 0xee, 0xf8, 0xee, 0xd7, 0xee, 0xd7, 0xee, 0xf8, 0xee, 0xf8, 0xee, 0xd7, 0xee, 0xf8, 0xee,
    0xf8, 0xee, 0xd7, 0xee, 0xd7, 0xee, 0xf8, 0xee, 0xd7, 0xee, 0xd7, 0xee, 0xd7, 0xee, 0xd7, 0xee,
    0xd7, 0xee, 0xd7, 0xee, 0xd7, 0xee, 0xd7, 0xee, 0xd7, 0xee, 0xf8, 0xee, 0xf8, 0xee, 0xf8, 0xee,
    0xd7, 0xee, 0xd7, 0xee, 0xd7, 0xee, 0xf8, 0xee, 0xd7, 0xee, 0xd7, 0xee, 0xf8, 0xee, 0xf8, 0xee,
    0xf8, 0xee, 0xf8, 0xee, 0xf8, 0xee, 0xf8, 0xee, 0xf8, 0xee, 0xd7, 0xee, 0xd7, 0xee, 0xd7, 0xee,
    0xd7, 0xee, 0xf8, 0xee, 0xf8, 0xee, 0xf8, 0xee, 0xf8, 0xee, 0xf8, 0xee, 0xf8, 0xee, 0xf8, 0xee,
    0xf8, 0xee, 0xf8, 0xee, 0xd7, 0xee, 0xf8, 0xee, 0xf8, 0xee, 0xf8, 0xee, 0xf8, 0xee, 0xf8, 0xee,
    0xd7, 0xee, 0xd7, 0xee, 0xf8, 0xee, 0xf8, 0xee, 0xf8, 0xee, 0xf8, 0xee, 0xd7, 0xee, 0xf8, 0xee,
    0xf8, 0xee, 0xf8, 0xee, 0xf8, 0xee, 0xd7, 0xee, 0xf8, 0xee, 0xf8, 0xee, 0xf8, 0xee, 0xf8, 0xee,
    0xf8, 0xee, 0xf8, 0xee, 0xf8, 0xee, 0xd7, 0xee, 0xd7, 0xee, 0xf8, 0xee, 0xd7, 0xee, 0xd7, 0xee,
    0xf8, 0xee, 0xf8, 0xee, 0xf8, 0xee, 0xf8, 0xee, 0xf8, 0xee, 0xf8, 0xee, 0xf8, 0xee, 0xf8, 0xee,
    0xd7, 0xee, 0xf8, 0xee, 0xd7, 0xee, 0xd7, 0xee, 0xf8, 0xee, 0xd7, 0xee, 0xd7, 0xee, 0xf8, 0xee,
    0xf8, 0xee, 0xf8, 0xee, 0xf8, 0xee, 0xf8, 0xee, 0xf8, 0xee, 0xf8, 0xee, 0xd7, 0xee, 0xf8, 0xee,
    0xf8, 0xee, 0xd7, 0xee, 0xf8, 0xee, 0xf8, 0xee, 0xf8, 0xee, 0xd7, 0xee, 0xd7, 0xee, 0xd7, 0xee,
    0xd7, 0xee, 0xd7, 0xee, 0xf8, 0xee, 0xf8, 0xee, 0xf8, 0xee, 0xf8, 0xee, 0xf8, 0xee, 0xf8, 0xee,
    0xd7, 0xee, 0xf8, 0xee, 0xd7, 0xee, 0xd7, 0xee, 0xf8, 0xee, 0xf8, 0xee, 0xf8, 0xee, 0xf8, 0xee,
    0xf8, 0xee, 0xf8, 0xee, 0xd7, 0xee, 0xd7, 0xee, 0xd7, 0xee, 0xd7, 0xee, 0xd7, 0xee, 0xd7, 0xee,
    0xf8, 0xee, 0xf8, 0xee, 0xd7, 0xee, 0xd7, 0xee, 0xf8, 0xee, 0xf8, 0xee, 0xf8, 0xee, 0xf8, 0xee,
    0xf8, 0xee, 0xf8, 0xee, 0xf8, 0xee, 0xf8, 0xee, 0xd7, 0xee, 0xf8, 0xee, 0xd7, 0xee, 0xf8, 0xee,
    0xf8, 0xee, 0xf8, 0xee, 0xd7, 0xee, 0xd7, 0xee, 0xf8, 0xee, 0xf8, 0xee, 0xd7, 0xee, 0xf8, 0xee,
    0xf8, 0xee, 0xd7, 0xee, 0xd7, 0xee, 0xd7, 0xee, 0xf8, 0xee, 0xd7, 0xee, 0xd7, 0xee, 0xf8, 0xee,
    0xf8, 0xee, 0xd7, 0xee, 0xf8, 0xee, 0xf8, 0xee, 0xf8, 0xee, 0xf8, 0xee, 0xf8, 0xee, 0xd7, 0xee,
    0xd7, 0xee, 0xd7, 0xee, 0xf8, 0xee, 0xf8, 0xee, 0xd7, 0xee, 0xd7, 0xee, 0xd7, 0xee, 0xd7, 0xee,
    0xf8, 0xee, 0xf8, 0xee, 0xf8, 0xee, 0xd7, 0xee, 0xd7, 0xee, 0xf8, 0xee, 0xf8, 0xee, 0xf8, 0xee,
    0xd7, 0xee, 0xd7, 0xee, 0xf8, 0xee, 0xd7, 0xee, 0xd7, 0xee, 0xf8, 0xee, 0xf8, 0xee, 0xf8, 0xee,
    0xf8, 0xee, 0xf8, 0xee, 0xd7, 0xee, 0xd7, 0xee, 0xd7, 0xee, 0xd7, 0xee, 0xf8, 0xee, 0xf8, 0xee,
    0xf8, 0xee, 0xd7, 0xee, 0xd7, 0xee, 0xd7, 0xee, 0xd7, 0xee, 0xd7, 0xee, 0xd7, 0xee, 0xf8, 0xee,
    0xf8, 0xee, 0xf8, 0xee, 0xd7, 0xee, 0xd7, 0xee, 0xd7, 0xee, 0xf8, 0xee, 0xf8, 0xee, 0xf8, 0xee,
    0xf8, 0xee, 0xf8, 0xee, 0xf8, 0xee, 0xf8, 0xee, 0xf8, 0xee, 0xf8, 0xee, 0xd7, 0xee, 0xd7, 0xee,
    0xd7, 0xee, 0xd7, 0xee, 0xd7, 0xee, 0xd7, 0xee, 0xd7, 0xee, 0xd7, 0xee, 0xd7, 0xee, 0xf8, 0xee,
    0xf8, 0xee, 0xd7, 0xee, 0xd7, 0xee, 0xd7, 0xee, 0xf8, 0xee, 0xd7, 0xee, 0xd7, 0xee, 0xf8, 0xee,
    0xf8, 0xee, 0xd7, 0xee, 0xd7, 0xee, 0xf8, 0xee, 0xf8, 0xee, 0xd7, 0xee, 0xd7, 0xee, 0xd7, 0xee,
    0xd7, 0xee, 0xd7, 0xee, 0xd7, 0xee, 0xd7, 0xee, 0xd7, 0xee, 0xf8, 0xee, 0xf8, 0xee, 0xf8, 0xee,
    0xd7, 0xee, 0xd7, 0xee, 0xd7, 0xee, 0xd7, 0xee, 0xd7, 0xee, 0xd7, 0xee, 0xf8, 0xee, 0xf8, 0xee,
    0xf8, 0xee, 0xf8, 0xee, 0xf8, 0xee, 0xf8, 0xee, 0xf8, 0xee, 0xf8, 0xee, 0xd7, 0xee, 0xf8, 0xee,
    0xf8, 0xee, 0xd7, 0xee, 0xf8, 0xee, 0xf8, 0xee, 0xd7, 0xee, 0xf8, 0xee, 0xf8, 0xee, 0xf8, 0xee,
    0xf8, 0xee, 0xf8, 0xee, 0xf8, 0xee, 0xf8, 0xee, 0xf8, 0xee, 0xf8, 0xee, 0xf8, 0xee, 0xd7, 0xee,
    0xd7, 0xee, 0xd7, 0xee, 0xf8, 0xee, 0xf8, 0xee, 0xf8, 0xee, 0xf8, 0xee, 0xf8, 0xee, 0xf8, 0xee,
    0xf8, 0xee, 0xf8, 0xee, 0xd7, 0xee, 0xd7, 0xee, 0xf8, 0xee, 0xf8, 0xee, 0xf8, 0xee, 0xf8, 0xee,
    0xf8, 0xee, 0xf8, 0xee, 0xf8, 0xee, 0xd7, 0xee, 0xd7, 0xee, 0xd7, 0xee, 0xf8, 0xee, 0xd7, 0xee,
    0xf8, 0xee, 0xf8, 0xee, 0xf8, 0xee, 0xf8, 0xee, 0xf8, 0xee, 0xf8, 0xee, 0xf8, 0xee, 0xd7, 0xee,
    0xd7, 0xee, 0xf8, 0xee, 0xf8, 0xee, 0xd7, 0xee, 0xd7, 0xee, 0xd7, 0xee, 0xf8, 0xee, 0xd7, 0xee,
    0xf8, 0xee, 0xf8, 0xee, 0xf8, 0xee, 0xf8, 0xee, 0xf8, 0xee, 0xf8, 0xee, 0xd7, 0xee, 0xd7, 0xee,
    0xf8, 0xee, 0xf8, 0xee, 0xd7, 0xee, 0xd7, 0xee, 0xf8, 0xee, 0xd7, 0xee, 0xd7, 0xee, 0xd7, 0xee,
    0xd7, 0xee, 0xd7, 0xee, 0xd7, 0xee, 0xf8, 0xee, 0xf8, 0xee, 0xf8, 0xee, 0xf8, 0xee, 0xf8, 0xee,
    0xf8, 0xee, 0xd7, 0xee, 0xd7, 0xee, 0xd7, 0xee, 0xf8, 0xee, 0xf8, 0xee, 0xf8, 0xee, 0xf8, 0xee,
    0xf8, 0xee, 0xf8, 0xee, 0xd7, 0xee, 0xd7, 0xee, 0xd7, 0xee, 0xd7, 0xee, 0xd7, 0xee, 0xd7, 0xee,
    0xd7, 0xee, 0xf8, 0xee, 0xf8, 0xee, 0xf8, 0xee, 0xf8, 0xee, 0xd7, 0xee, 0xf8, 0xee, 0xf8, 0xee,
    0xf8, 0xee, 0xf8, 0xee, 0xf8, 0xee, 0xf8, 0xee, 0xd7, 0xee, 0xd7, 0xee, 0xf8, 0xee, 0xf8, 0xee,
    0xd7, 0xee, 0xd7, 0xee, 0xf8, 0xee, 0xd7, 0xee, 0xd7, 0xee, 0xf8, 0xee, 0xd7, 0xee, 0xf8, 0xee,
    0xf8, 0xee, 0xf8, 0xee, 0xd7, 0xee, 0xd7, 0xee, 0xd7, 0xee, 0xd7, 0xee, 0xf8, 0xee, 0xf8, 0xee,
    0xd7, 0xee, 0xd7, 0xee, 0xd7, 0xee, 0xf8, 0xee, 0xd7, 0xee, 0xd7, 0xee, 0xf8, 0xee, 0xd7, 0xee,
    0xd7, 0xee, 0xd7, 0xee, 0xf8, 0xee, 0xd7, 0xee, 0xd7, 0xee, 0xf8, 0xee, 0xf8, 0xee, 0xf8, 0xee,
    0xf8, 0xee, 0xd7, 0xee, 0xf8, 0xee, 0xd7, 0xee, 0x95, 0xe6, 0xd7, 0xee, 0xf8, 0xee, 0xf8, 0xee,
    0xf8, 0xee, 0xf8, 0xee, 0xf8, 0xee, 0xd7, 0xee, 0xd7, 0xee, 0xd7, 0xee, 0xd7, 0xee, 0xd7, 0xee,
    0xd7, 0xee, 0xf8, 0xee, 0xf8, 0xee, 0xf8, 0xee, 0xd7, 0xee, 0xd7, 0xee, 0xf8, 0xee, 0xf8, 0xee,
    0xd7, 0xee, 0xd7, 0xee, 0xd7, 0xee, 0xd7, 0xee, 0xd7, 0xee, 0xd7, 0xee, 0xf8, 0xee, 0xf8, 0xee,
    0xf8, 0xee, 0xf8, 0xee, 0xf8, 0xee, 0xd7, 0xee, 0xd7, 0xee, 0xf8, 0xee, 0xf8, 0xee, 0xf8, 0xee,
    0xd7, 0xee, 0xd7, 0xee, 0xf8, 0xee, 0xf8, 0xee, 0xf8, 0xee, 0xf8, 0xee, 0xd7, 0xee, 0xd7, 0xee,
    0xd7, 0xee, 0xd7, 0xee, 0xd7, 0xee, 0xd7, 0xee, 0xf8, 0xee, 0xf8, 0xee, 0xd7, 0xee, 0xf8, 0xee,
    0xf8, 0xee, 0xd7, 0xee, 0xd7, 0xee, 0xf8, 0xee, 0xf8, 0xee, 0xd7, 0xee, 0xd7, 0xee, 0xd7, 0xee,
    0xf8, 0xee, 0xd7, 0xee, 0xd7, 0xee, 0xf8, 0xee, 0xd7, 0xee, 0xd7, 0xee, 0xf8, 0xee, 0xd7, 0xee,
    0xd7, 0xee, 0xd7, 0xee, 0xd7, 0xee, 0xd7, 0xee, 0xf8, 0xee, 0xd7, 0xee, 0xf8, 0xee, 0xf8, 0xee,
    0xf8, 0xee, 0xf8, 0xee, 0xd7, 0xee, 0xf8, 0xee, 0xf8, 0xee, 0xf8, 0xee, 0xd7, 0xee, 0xf8, 0xee,
    0xf8, 0xee, 0xf8, 0xee, 0xf8, 0xee, 0xf8, 0xee, 0xd7, 0xee, 0xf8, 0xee, 0xd7, 0xee, 0xf8, 0xee,
    0xf8, 0xee, 0xd7, 0xee, 0xd7, 0xee, 0xd7, 0xee, 0xf8, 0xee, 0xf8, 0xee, 0xf8, 0xee, 0xd7, 0xee,
    0xf8, 0xee, 0xf8, 0xee, 0xf8, 0xee, 0xf8, 0xee, 0xf8, 0xee, 0xf8, 0xee, 0xd7, 0xee, 0xd7, 0xee,
    0xf8, 0xee, 0xd7, 0xee, 0xd7, 0xee, 0xd7, 0xee, 0xf8, 0xee, 0xf8, 0xee, 0xf8, 0xee, 0xf8, 0xee,
    0xf8, 0xee, 0xf8, 0xee, 0xd7, 0xee, 0xd7, 0xee, 0xd7, 0xee, 0xd7, 0xee, 0xd7, 0xee, 0xf8, 0xee,
    0xf8, 0xee, 0xf8, 0xee, 0xf8, 0xee, 0xf8, 0xee, 0xd7, 0xee, 0xd7, 0xee, 0xf8, 0xee, 0xd7, 0xee,
    0xd7, 0xee, 0xd7, 0xee, 0xd7, 0xee, 0xf8, 0xee, 0xf8, 0xee, 0xf8, 0xee, 0xf8, 0xee, 0xd7, 0xee,
    0xd7, 0xee, 0xf8, 0xee, 0xd7, 0xee, 0xd7, 0xee, 0xf8, 0xee, 0xf8, 0xee, 0xf8, 0xee, 0xf8, 0xee,
    0xf8, 0xee, 0xf8, 0xee, 0xf8, 0xee, 0xd7, 0xee, 0xf8, 0xee, 0xf8, 0xee, 0xf8, 0xee, 0xd7, 0xee,
    0xf8, 0xee, 0xf8, 0xee, 0xf8, 0xee, 0xd7, 0xee, 0xf8, 0xee, 0xd7, 0xee, 0xd7, 0xee, 0xd7, 0xee,
    0xf8, 0xee, 0xd7, 0xee, 0xd7, 0xee, 0xd7, 0xee, 0xf8, 0xee, 0xf8, 0xee, 0xf8, 0xee, 0xd7, 0xee,
    0xf8, 0xee, 0xd7, 0xee, 0xd7, 0xee, 0xf8, 0xee, 0xf8, 0xee, 0xf8, 0xee, 0xf8, 0xee, 0xf8, 0xee,
    0xf8, 0xee, 0xf8, 0xee, 0xf8, 0xee, 0xd7, 0xee, 0xd7, 0xee, 0xd7, 0xee, 0xd7, 0xee, 0xd7, 0xee,
    0xd7, 0xee, 0xd7, 0xee, 0xf8, 0xee, 0xd7, 0xee, 0xf8, 0xee, 0xd7, 0xee, 0xf8, 0xee, 0xf8, 0xee,
    0xf8, 0xee, 0xf8, 0xee, 0xd7, 0xee, 0xf8, 0xee, 0xd7, 0xee, 0xd7, 0xee, 0xf8, 0xee, 0xf8, 0xee,
    0xd7, 0xee, 0xf8, 0xee, 0xf8, 0xee, 0xd7, 0xee, 0xf8, 0xee, 0xf8, 0xee, 0xf8, 0xee, 0xf8, 0xee,
    0xf8, 0xee, 0xf8, 0xee, 0xd7, 0xee, 0xf8, 0xee, 0xd7, 0xee, 0xd7, 0xee, 0xd7, 0xee, 0xf8, 0xee,
    0xd7, 0xee, 0xd7, 0xee, 0xf8, 0xee, 0xf8, 0xee, 0xd7, 0xee, 0xd7, 0xee, 0xd7, 0xee, 0xd7, 0xee,
    0xd7, 0xee, 0xf8, 0xee, 0xf8, 0xee, 0xf8, 0xee, 0xf8, 0xee, 0xf8, 0xee, 0xd7, 0xee, 0xd7, 0xee,
    0xd7, 0xee, 0xd7, 0xee, 0xf8, 0xee, 0xf8, 0xee, 0x95, 0xe6, 0xd7, 0xee, 0xf8, 0xee, 0xf8, 0xee,
    0xf8, 0xee, 0xf8, 0xee, 0xf8, 0xee, 0xd7, 0xee, 0xd7, 0xee, 0xf8, 0xee, 0xd7, 0xee, 0xd7, 0xee,
    0xd7, 0xee, 0xd7, 0xee, 0xf8, 0xee, 0xf8, 0xee, 0xf8, 0xee, 0xd7, 0xee, 0xf8, 0xee, 0xf8, 0xee,
    0xd7, 0xee, 0xd7, 0xee, 0xd7, 0xee, 0xd7, 0xee, 0xd7, 0xee, 0xd7, 0xee, 0xf8, 0xee, 0xd7, 0xee,
    0xf8, 0xee, 0xf8, 0xee, 0xf8, 0xee, 0xd7, 0xee, 0xd7, 0xee, 0xd7, 0xee, 0xf8, 0xee, 0xf8, 0xee,
    0xd7, 0xee, 0xd7, 0xee, 0xd7, 0xee, 0xd7, 0xee, 0xf8, 0xee, 0xf8, 0xee, 0xf8, 0xee, 0xd7, 0xee,
    0xd7, 0xee, 0xd7, 0xee, 0xd7, 0xee, 0xf8, 0xee, 0xd7, 0xee, 0xf8, 0xee, 0xd7, 0xee, 0xd7, 0xee,
    0xf8, 0xee, 0xd7, 0xee, 0xf8, 0xee, 0xd7, 0xee, 0xf8, 0xee, 0xf8, 0xee, 0xf8, 0xee, 0xf8, 0xee,
    0xd7, 0xee, 0xd7, 0xee, 0xd7, 0xee, 0xd7, 0xee, 0xd7, 0xee, 0xd7, 0xee, 0xd7, 0xee, 0xf8, 0xee,
    0xd7, 0xee, 0xd7, 0xee, 0xd7, 0xee, 0xf8, 0xee, 0xf8, 0xee, 0xf8, 0xee, 0xf8, 0xee, 0xf8, 0xee,
    0xf8, 0xee, 0xf8, 0xee, 0xf8, 0xee, 0xf8, 0xee, 0xf8, 0xee, 0xf8, 0xee, 0xd7, 0xee, 0xd7, 0xee,
    0xf8, 0xee, 0xf8, 0xee, 0xf8, 0xee, 0xd7, 0xee, 0xd7, 0xee, 0xf8, 0xee, 0xd7, 0xee, 0xd7, 0xee,
    0xd7, 0xee, 0xf8, 0xee, 0xf8, 0xee, 0xf8, 0xee, 0xf8, 0xee, 0xf8, 0xee, 0xd7, 0xee, 0xf8, 0xee,
    0xf8, 0xee, 0xf8, 0xee, 0xf8, 0xee, 0xf8, 0xee, 0xf8, 0xee, 0xd7, 0xee, 0xb6, 0xee, 0xd7, 0xee,
    0xf8, 0xee, 0xd7, 0xee, 0xf8, 0xee, 0xd7, 0xee, 0xf8, 0xee, 0xf8, 0xee, 0xf8, 0xee, 0xd7, 0xee,
    0xd7, 0xee, 0xd7, 0xee, 0xf8, 0xee, 0xd7, 0xee, 0xd7, 0xee, 0xd7, 0xee, 0xd7, 0xee, 0xf8, 0xee,
    0xf8, 0xee, 0xf8, 0xee, 0xf8, 0xee, 0xf8, 0xee, 0xd7, 0xee, 0xd7, 0xee, 0xf8, 0xee, 0xd7, 0xee,
    0xd7, 0xee, 0xd7, 0xee, 0xf8, 0xee, 0xf8, 0xee, 0xf8, 0xee, 0xf8, 0xee, 0xf8, 0xee, 0xf8, 0xee,
    0xf8, 0xee, 0xd7, 0xee, 0xd7, 0xee, 0xf8, 0xee, 0xf8, 0xee, 0xf8, 0xee, 0xf8, 0xee, 0xf8, 0xee,
    0xd7, 0xee, 0xd7, 0xee, 0xd7, 0xee, 0xd7, 0xee, 0xf8, 0xee, 0xf8, 0xee, 0xf8, 0xee, 0xd7, 0xee,
    0xf8, 0xee, 0xf8, 0xee, 0xf8, 0xee, 0xf8, 0xee, 0xd7, 0xee, 0xf8, 0xee, 0xf8, 0xee, 0xf8, 0xee,
    0xd7, 0xee, 0xd7, 0xee, 0xd7, 0xee, 0xd7, 0xee, 0xd7, 0xee, 0xd7, 0xee, 0xd7, 0xee, 0xd7, 0xee,
    0xf8, 0xee, 0xf8, 0xee, 0xd7, 0xee, 0xd7, 0xee, 0xf8, 0xee, 0xd7, 0xee, 0xd7, 0xee, 0xf8, 0xee,
    0xf8, 0xee, 0xf8, 0xee, 0xf8, 0xee, 0xf8, 0xee, 0xf8, 0xee, 0xd7, 0xee, 0xd7, 0xee, 0xf8, 0xee,
    0xf8, 0xee, 0xd7, 0xee, 0xf8, 0xee, 0xf8, 0xee, 0xf8, 0xee, 0xd7, 0xee, 0xd7, 0xee, 0xd7, 0xee,
    0xd7, 0xee, 0xf8, 0xee, 0xf8, 0xee, 0xf8, 0xee, 0xf8, 0xee, 0xf8, 0xee, 0xf8, 0xee, 0xd7, 0xee,
    0xd7, 0xee, 0xf8, 0xee, 0xf8, 0xee, 0xd7, 0xee, 0xf8, 0xee, 0xd7, 0xee, 0xf8, 0xee, 0xd7, 0xee,
    0xd7, 0xee, 0xd7, 0xee, 0xf8, 0xee, 0xd7, 0xee, 0xd7, 0xee, 0xd7, 0xee, 0xd7, 0xee, 0xd7, 0xee,
    0xd7, 0xee, 0xd7, 0xee, 0xf8, 0xee, 0xd7, 0xee, 0xd7, 0xee, 0xd7, 0xee, 0xd7, 0xee, 0xf8, 0xee,
    0xf8, 0xee, 0xf8, 0xee, 0xf8, 0xee, 0xd7, 0xee, 0xd7, 0xee, 0xf8, 0xee, 0xd7, 0xee, 0xd7, 0xee,
    0xd7, 0xee, 0xd7, 0xee, 0xf8, 0xee, 0xf8, 0xee, 0xd7, 0xee, 0xd7, 0xee, 0xd7, 0xee, 0xf8, 0xee,
    0xf8, 0xee, 0xf8, 0xee, 0xd7, 0xee, 0xd7, 0xee, 0xd7, 0xee, 0xd7, 0xee, 0xd7, 0xee, 0xd7, 0xee,
    0xd7, 0xee, 0xd7, 0xee, 0xf8, 0xee, 0xf8, 0xee, 0xf8, 0xee, 0xf8, 0xee, 0xd7, 0xee, 0xf8, 0xee,
    0xf8, 0xee, 0xd7, 0xee, 0xf8, 0xee, 0xd7, 0xee, 0xd7, 0xee, 0xd7, 0xee, 0xd7, 0xee, 0xd7, 0xee,
    0xf8, 0xee, 0xf8, 0xee, 0xf8, 0xee, 0xd7, 0xee, 0xd7, 0xee, 0xd7, 0xee, 0xf8, 0xee, 0xd7, 0xee,
    0xd7, 0xee, 0xd7, 0xee, 0xd7, 0xee, 0xd7, 0xee, 0xf8, 0xee, 0xf8, 0xee, 0xf8, 0xee, 0xd7, 0xee,
    0xf8, 0xee, 0xf8, 0xee, 0xf8, 0xee, 0xf8, 0xee, 0xf8, 0xee, 0xf8, 0xee, 0xf8, 0xee, 0xf8, 0xee,
    0xd7, 0xee, 0xd7, 0xee, 0xf8, 0xee, 0xd7, 0xee, 0xf8, 0xee, 0xf8, 0xee, 0xd7, 0xee, 0xf8, 0xee,
    0xf8, 0xee, 0xd7, 0xee, 0xd7, 0xee, 0xd7, 0xee, 0xf8, 0xee, 0xd7, 0xee, 0xf8, 0xee, 0xf8, 0xee,
    0xf8, 0xee, 0xd7, 0xee, 0xd7, 0xee, 0xf8, 0xee, 0xd7, 0xee, 0xf8, 0xee, 0xf8, 0xee, 0xf8, 0xee,
    0xf8, 0xee, 0xf8, 0xee, 0xd7, 0xee, 0xf8, 0xee, 0xf8, 0xee, 0xf8, 0xee, 0xf8, 0xee, 0xf8, 0xee,
    0xf8, 0xee, 0xf8, 0xee, 0xf8, 0xee, 0xd7, 0xee, 0xd7, 0xee, 0xd7, 0xee, 0xd7, 0xee, 0xd7, 0xee,
    0xd7, 0xee, 0xf8, 0xee, 0xf8, 0xee, 0xf8, 0xee, 0xf8, 0xee, 0xf8, 0xee, 0xd7, 0xee, 0xf8, 0xee,
    0xf8, 0xee, 0xd7, 0xee, 0xf8, 0xee, 0xd7, 0xee, 0xd7, 0xee, 0xd7, 0xee, 0xb6, 0xe6, 0xd7, 0xee,
    0xf8, 0xee, 0xf8, 0xee, 0xf8, 0xee, 0xf8, 0xee, 0xf8, 0xee, 0xd7, 0xee, 0xd7, 0xee, 0xf8, 0xee,
    0xd7, 0xee, 0xf8, 0xee, 0xf8, 0xee, 0xd7, 0xee, 0xd7, 0xee, 0xd7, 0xee, 0xd7, 0xee, 0xd7, 0xee,
    0xf8, 0xee, 0xd7, 0xee, 0xf8, 0xee, 0xf8, 0xee, 0xf8, 0xee, 0xf8, 0xee, 0xf8, 0xee, 0xf8, 0xee,
    0xf8, 0xee, 0xd7, 0xee, 0xd7, 0xee, 0xf8, 0xee, 0xf8, 0xee, 0xd7, 0xee, 0xf8, 0xee, 0xf8, 0xee,
    0xf8, 0xee, 0xf8, 0xee, 0xd7, 0xee, 0xd7, 0xee, 0xf8, 0xee, 0xf8, 0xee, 0xf8, 0xee, 0xf8, 0xee,
    0xd7, 0xee, 0xd7, 0xee, 0xd7, 0xee, 0xd7, 0xee, 0xd7, 0xee, 0xf8, 0xee, 0xf8, 0xee, 0xd7, 0xee,
    0xd7, 0xee, 0xf8, 0xee, 0xf8, 0xee, 0xf8, 0xee, 0xf8, 0xee, 0xf8, 0xee, 0xf8, 0xee, 0xf8, 0xee,
    0xf8, 0xee, 0xf8, 0xee, 0xd7, 0xee, 0xd7, 0xee, 0xd7, 0xee, 0xd7, 0xee, 0xd7, 0xee, 0xd7, 0xee,
    0xf8, 0xee, 0xd7, 0xee, 0xd7, 0xee, 0xd7, 0xee, 0xd7, 0xee, 0xd7, 0xee, 0xf8, 0xee, 0xf8, 0xee,
    0xf8, 0xee, 0xf8, 0xee, 0xf8, 0xee, 0xd7, 0xee, 0xf8, 0xee, 0xf8, 0xee, 0xd7, 0xee, 0xf8, 0xee,
    0xd7, 0xee, 0xd7, 0xee, 0xf8, 0xee, 0xf8, 0xee, 0xf8, 0xee, 0xd7, 0xee, 0xf8, 0xee, 0xf8, 0xee,
    0xd7, 0xee, 0xf8, 0xee, 0xf8, 0xee, 0xf8, 0xee, 0xf8, 0xee, 0xf8, 0xee, 0xf8, 0xee, 0xd7, 0xee,
    0xd7, 0xee, 0xf8, 0xee, 0xd7, 0xee, 0xf8, 0xee, 0xf8, 0xee, 0xf8, 0xee, 0xf8, 0xee, 0xd7, 0xee,
    0xd7, 0xee, 0xf8, 0xee, 0xf8, 0xee, 0xd7, 0xee, 0xf8, 0xee, 0xf8, 0xee, 0xf8, 0xee, 0xd7, 0xee,
    0xd7, 0xee, 0xd7, 0xee, 0xd7, 0xee, 0xd7, 0xee, 0xd7, 0xee, 0xd7, 0xee, 0xf8, 0xee, 0xf8, 0xee,
    0xf8, 0xee, 0xf8, 0xee, 0xd7, 0xee, 0xd7, 0xee, 0xf8, 0xee, 0xd7, 0xee, 0xd7, 0xee, 0xd7, 0xee,
    0xf8, 0xee, 0xd7, 0xee, 0xf8, 0xee, 0xf8, 0xee, 0xf8, 0xee, 0xd7, 0xee, 0xd7, 0xee, 0xd7, 0xee,
    0xd7, 0xee, 0xf8, 0xee, 0xf8, 0xee, 0xd7, 0xee, 0xf8, 0xee, 0xd7, 0xee, 0xd7, 0xee, 0xd7, 0xee,
    0xd7, 0xee, 0xd7, 0xee, 0xd7, 0xee, 0xf8, 0xee, 0xf8, 0xee, 0xf8, 0xee, 0xf8, 0xee, 0xf8, 0xee,
    0xd7, 0xee, 0xf8, 0xee, 0xf8, 0xee, 0xd7, 0xee, 0xd7, 0xee, 0xd7, 0xee, 0xd7, 0xee, 0xd7, 0xee,
    0xd7, 0xee, 0xf8, 0xee, 0xd7, 0xee, 0xd7, 0xee, 0xd7, 0xee, 0xd7, 0xee, 0xd7, 0xee, 0xd7, 0xee,
    0xd7, 0xee, 0xd7, 0xee, 0xf8, 0xee, 0xd7, 0xee, 0xf8, 0xee, 0xd7, 0xee, 0xf8, 0xee, 0xd7, 0xee,
    0xf8, 0xee, 0xf8, 0xee, 0xf8, 0xee, 0xf8, 0xee, 0xf8, 0xee, 0xf8, 0xee, 0xd7, 0xee, 0xf8, 0xee,
    0xf8, 0xee, 0xd7, 0xee, 0xf8, 0xee, 0xd7, 0xee, 0xf8, 0xee, 0xf8, 0xee, 0xf8, 0xee, 0xf8, 0xee,
    0xd7, 0xee, 0xd7, 0xee, 0xd7, 0xee, 0xf8, 0xee, 0xf8, 0xee, 0xf8, 0xee, 0xf8, 0xee, 0xf8, 0xee,
    0xf8, 0xee, 0xd7, 0xee, 0xd7, 0xee, 0xf8, 0xee, 0xf8, 0xee, 0xf8, 0xee, 0xf8, 0xee, 0xd7, 0xee,
    0xd7, 0xee, 0xf8, 0xee, 0xd7, 0xee, 0xf8, 0xee, 0xf8, 0xee, 0xf8, 0xee, 0xd7, 0xee, 0xd7, 0xee,
    0xf8, 0xee, 0xd7, 0xee, 0xd7, 0xee, 0xd7, 0xee, 0xd7, 0xee, 0xd7, 0xee, 0xd7, 0xee, 0xf8, 0xee,
    0xf8, 0xee, 0xd7, 0xee, 0xf8, 0xee, 0xf8, 0xee, 0xf8, 0xee, 0xf8, 0xee, 0xf8, 0xee, 0xf8, 0xee,
    0xf8, 0xee, 0xf8, 0xee, 0xf8, 0xee, 0xf8, 0xee, 0xd7, 0xee, 0xd7, 0xee, 0xd7, 0xee, 0xf8, 0xee,
    0xf8, 0xee, 0xf8, 0xee, 0xf8, 0xee, 0xf8, 0xee, 0xf8, 0xee, 0xf8, 0xee, 0xf8, 0xee, 0xf8, 0xee,
    0xf8, 0xee, 0xd7, 0xee, 0xf8, 0xee, 0xd7, 0xee, 0xd7, 0xee, 0xd7, 0xee, 0xd7, 0xee, 0xf8, 0xee,
    0xf8, 0xee, 0xd7, 0xee, 0xd7, 0xee, 0xf8, 0xee, 0xf8, 0xee, 0xf8, 0xee, 0xf8, 0xee, 0xf8, 0xee,
    0xf8, 0xee, 0xd7, 0xee, 0xd7, 0xee, 0xd7, 0xee, 0xd7, 0xee, 0xd7, 0xee, 0xd7, 0xee, 0xf8, 0xee,
    0xd7, 0xee, 0xf8, 0xee, 0xd7, 0xee, 0xf8, 0xee, 0xf8, 0xee, 0xf8, 0xee, 0xd7, 0xee, 0xd7, 0xee,
    0xd7, 0xee, 0xd7, 0xee, 0xf8, 0xee, 0xd7, 0xee, 0xd7, 0xee, 0xf8, 0xee, 0xf8, 0xee, 0xf8, 0xee,
    0xd7, 0xee, 0xf8, 0xee, 0xf8, 0xee, 0xf8, 0xee, 0xd7, 0xee, 0xf8, 0xee, 0xf8, 0xee, 0xf8, 0xee,
    0xf8, 0xee, 0xd7, 0xee, 0xd7, 0xee, 0xd7, 0xee, 0xd7, 0xee, 0xd7, 0xee, 0xd7, 0xee, 0xd7, 0xee,
    0xf8, 0xee, 0xd7, 0xee, 0xd7, 0xee, 0xf8, 0xee, 0xf8, 0xee, 0xd7, 0xee, 0xf8, 0xee, 0xf8, 0xee,
    0xd7, 0xee, 0xd7, 0xee, 0xd7, 0xee, 0xd7, 0xee, 0xf8, 0xee, 0xd7, 0xee, 0xf8, 0xee, 0xf8, 0xee,
    0xd7, 0xee, 0xd7, 0xee, 0xd7, 0xee, 0xf8, 0xee, 0xd7, 0xee, 0xf8, 0xee, 0xf8, 0xee, 0xf8, 0xee,
    0xf8, 0xee, 0xd7, 0xee, 0xd7, 0xee, 0xd7, 0xee, 0xd7, 0xee, 0xd7, 0xee, 0xf8, 0xee, 0xf8, 0xee,
    0xf8, 0xee, 0xf8, 0xee, 0xf8, 0xee, 0xf8, 0xee, 0xf8, 0xee, 0xf8, 0xee, 0xf8, 0xee, 0xf8, 0xee,
    0xd7, 0xee, 0xf8, 0xee, 0xd7, 0xee, 0xf8, 0xee, 0xf8, 0xee, 0xf8, 0xee, 0xf8, 0xee, 0xf8, 0xee,
    0xd7, 0xee, 0xd7, 0xee, 0xd7, 0xee, 0xb6, 0xe6, 0xd7, 0xee, 0xf8, 0xee, 0xf8, 0xee, 0xf8, 0xee,
    0xf8, 0xee, 0xf8, 0xee, 0xd7, 0xee, 0xd7, 0xee, 0xf8, 0xee, 0xf8, 0xee, 0xd7, 0xee, 0xd7, 0xee,
    0xf8, 0xee, 0xf8, 0xee, 0xf8, 0xee, 0xf8, 0xee, 0xf8, 0xee, 0xf8, 0xee, 0xd7, 0xee, 0xd7, 0xee,
    0xd7, 0xee, 0xd7, 0xee, 0xd7, 0xee, 0xf8, 0xee, 0xf8, 0xee, 0xd7, 0xee, 0xd7, 0xee, 0xf8, 0xee,
    0xd7, 0xee, 0xd7, 0xee, 0xd7, 0xee, 0xd7, 0xee, 0xd7, 0xee, 0xf8, 0xee, 0xf8, 0xee, 0xf8, 0xee,
    0xf8, 0xee, 0xf8, 0xee, 0xf8, 0xee, 0xf8, 0xee, 0xd7, 0xee, 0xd7, 0xee, 0xd7, 0xee, 0xd7, 0xee,
    0xd7, 0xee, 0xf8, 0xee, 0xf8, 0xee, 0xd7, 0xee, 0xf8, 0xee, 0xd7, 0xee, 0xd7, 0xee, 0xf8, 0xee,
    0xd7, 0xee, 0xf8, 0xee, 0xf8, 0xee, 0xd7, 0xee, 0xd7, 0xee, 0xd7, 0xee, 0xf8, 0xee, 0xf8, 0xee,
    0xd7, 0xee, 0xd7, 0xee, 0xf8, 0xee, 0xf8, 0xee, 0xf8, 0xee, 0xf8, 0xee, 0xf8, 0xee, 0xf8, 0xee,
    0xf8, 0xee, 0xf8, 0xee, 0xd7, 0xee, 0xf8, 0xee, 0xd7, 0xee, 0xd7, 0xee, 0xd7, 0xee, 0xd7, 0xee,
    0xf8, 0xee, 0xd7, 0xee, 0xd7, 0xee, 0xf8, 0xee, 0xf8, 0xee, 0xf8, 0xee, 0xf8, 0xee, 0xd7, 0xee,
    0xf8, 0xee, 0xd7, 0xee, 0xd7, 0xee, 0xf8, 0xee, 0xf8, 0xee, 0xf8, 0xee, 0xf8, 0xee, 0xf8, 0xee,
    0xd7, 0xee, 0xf8, 0xee, 0xd7, 0xee, 0xf8, 0xee, 0xd7, 0xee, 0xd7, 0xee, 0xd7, 0xee, 0xd7, 0xee,
    0xd7, 0xee, 0xd7, 0xee, 0xf8, 0xee, 0xd7, 0xee, 0xd7, 0xee, 0xd7, 0xee, 0xd7, 0xee, 0xd7, 0xee,
    0xf8, 0xee, 0xd7, 0xee, 0xd7, 0xee, 0xd7, 0xee, 0xf8, 0xee, 0xf8, 0xee, 0xf8, 0xee, 0xf8, 0xee,
    0xf8, 0xee, 0xf8, 0xee, 0xf8, 0xee, 0xf8, 0xee, 0xd7, 0xee, 0xd7, 0xee, 0xd7, 0xee, 0xf8, 0xee,
    0xd7, 0xee, 0xf8, 0xee, 0xf8, 0xee, 0xf8, 0xee, 0xd7, 0xee, 0xd7, 0xee, 0xf8, 0xee, 0xf8, 0xee,
    0xf8, 0xee, 0xd7, 0xee, 0xd7, 0xee, 0xf8, 0xee, 0xf8, 0xee, 0xd7, 0xee, 0xf8, 0xee, 0xf8, 0xee,
    0xf8, 0xee, 0xd7, 0xee, 0xf8, 0xee, 0xd7, 0xee, 0xf8, 0xee, 0xd7, 0xee, 0xd7, 0xee, 0xd7, 0xee,
    0xd7, 0xee, 0xf8, 0xee, 0xd7, 0xee, 0xd7, 0xee, 0xd7, 0xee, 0xd7, 0xee, 0xd7, 0xee, 0xf8, 0xee,
    0xf8, 0xee, 0xd7, 0xee, 0xf8, 0xee, 0xf8, 0xee, 0xf8, 0xee, 0xf8, 0xee, 0xd7, 0xee, 0xd7, 0xee,
    0xd7, 0xee, 0xd7, 0xee, 0xf8, 0xee, 0xd7, 0xee, 0xd7, 0xee, 0xd7, 0xee, 0xf8, 0xee, 0xf8, 0xee,
    0xd7, 0xee, 0xd7, 0xee, 0xf8, 0xee, 0xf8, 0xee, 0xf8, 0xee, 0xf8, 0xee, 0xd7, 0xee, 0xd7, 0xee,
    0xd7, 0xee, 0xd7, 0xee, 0xd7, 0xee, 0xd7, 0xee, 0xd7, 0xee, 0xd7, 0xee, 0xd7, 0xee, 0xd7, 0xee,
    0xf8, 0xee, 0xf8, 0xee, 0xd7, 0xee, 0xf8, 0xee, 0xf8, 0xee, 0xd7, 0xee, 0xf8, 0xee, 0xf8, 0xee,
    0xd7, 0xee, 0xd7, 0xee, 0xd7, 0xee, 0xd7, 0xee, 0xf8, 0xee, 0xd7, 0xee, 0xd7, 0xee, 0xd7, 0xee,
    0xd7, 0xee, 0xd7, 0xee, 0xd7, 0xee, 0xf8, 0xee, 0xd7, 0xee, 0xf8, 0xee, 0xd7, 0xee, 0xd7, 0xee,
    0xd7, 0xee, 0xf8, 0xee, 0xf8, 0xee, 0xf8, 0xee, 0xf8, 0xee, 0xf8, 0xee, 0xf8, 0xee, 0xf8, 0xee,
    0xf8, 0xee, 0xf8, 0xee, 0xf8, 0xee, 0xd7, 0xee, 0xf8, 0xee, 0xf8, 0xee, 0xf8, 0xee, 0xf8, 0xee,
    0xf8, 0xee, 0xf8, 0xee, 0xf8, 0xee, 0xf8, 0xee, 0xf8, 0xee, 0xf8, 0xee, 0xf8, 0xee, 0xd7, 0xee,
    0xd7, 0xee, 0xd7, 0xee, 0xd7, 0xee, 0xd7, 0xee, 0xd7, 0xee, 0xf8, 0xee, 0xf8, 0xee, 0xf8, 0xee,
    0xf8, 0xee, 0xf8, 0xee, 0xf8, 0xee, 0xd7, 0xee, 0xd7, 0xee, 0xd7, 0xee, 0xd7, 0xee, 0xd7, 0xee,
    0xf8, 0xee, 0xf8, 0xee, 0xf8, 0xee, 0xf8, 0xee, 0xf8, 0xee, 0xf8, 0xee, 0xd7, 0xee, 0xd7, 0xee,
    0xd7, 0xee, 0xf8, 0xee, 0xd7, 0xee, 0xf8, 0xee, 0xf8, 0xee, 0xd7, 0xee, 0xd7, 0xee, 0xf8, 0xee,
    0xd7, 0xee, 0xd7, 0xee, 0xd7, 0xee, 0xd7, 0xee, 0xd7, 0xee, 0xd7, 0xee, 0xf8, 0xee, 0xf8, 0xee,
    0xf8, 0xee, 0xf8, 0xee, 0xf8, 0xee, 0xf8, 0xee, 0xf8, 0xee, 0xd7, 0xee, 0xd7, 0xee, 0xf8, 0xee,
    0xd7, 0xee, 0xf8, 0xee, 0xf8, 0xee, 0xf8, 0xee, 0xf8, 0xee, 0xd7, 0xee, 0xf8, 0xee, 0xd7, 0xee,
    0xf8, 0xee, 0xf8, 0xee, 0xf8, 0xee, 0xf8, 0xee, 0xd7, 0xee, 0xf8, 0xee, 0xf8, 0xee, 0xd7, 0xee,
    0xd7, 0xee, 0xf8, 0xee, 0xf8, 0xee, 0xf8, 0xee, 0xd7, 0xee, 0xf8, 0xee, 0xf8, 0xee, 0xd7, 0xee,
    0xf8, 0xee, 0xf8, 0xee, 0xd7, 0xee, 0xf8, 0xee, 0xd7, 0xee, 0xd7, 0xee, 0xf8, 0xee, 0xf8, 0xee,
    0xd7, 0xee, 0xd7, 0xee, 0xf8, 0xee, 0xf8, 0xee, 0xf8, 0xee, 0xf8, 0xee, 0xf8, 0xee, 0xf8, 0xee,
    0xf8, 0xee, 0xf8, 0xee, 0xf8, 0xee, 0xd7, 0xee, 0xf8, 0xee, 0xf8, 0xee, 0xf8, 0xee, 0xf8, 0xee,
    0xf8, 0xee, 0xf8, 0xee, 0xd7, 0xee, 0xd7, 0xee, 0xf8, 0xee, 0xd7, 0xee, 0xd7, 0xee, 0xf8, 0xee,
    0xf8, 0xee, 0xd7, 0xee, 0xf8, 0xee, 0xd7, 0xee, 0xd7, 0xee, 0xd7, 0xee, 0xf8, 0xee, 0xd7, 0xee,
    0xf8, 0xee, 0xd7, 0xee, 0xd7, 0xee, 0xd7, 0xee, 0xd7, 0xee, 0xd7, 0xee, 0xd7, 0xee, 0xd7, 0xee,
    0xf8, 0xee, 0xd7, 0xee, 0xd7, 0xee, 0xf8, 0xee, 0xd7, 0xee, 0xd7, 0xee, 0xf8, 0xee, 0xf8, 0xee,
    0xd7, 0xee, 0xd7, 0xee, 0xf8, 0xee, 0xf8, 0xee, 0xd7, 0xee, 0xf8, 0xee, 0xf8, 0xee, 0xf8, 0xee,
    0xf8, 0xee, 0xf8, 0xee, 0xf8, 0xee, 0xf8, 0xee, 0xf8, 0xee, 0xd7, 0xee, 0xd7, 0xee, 0xd7, 0xee,
    0xd7, 0xee, 0xf8, 0xee, 0xf8, 0xee, 0xd7, 0xee, 0xf8, 0xee, 0xd7, 0xee, 0xd7, 0xee, 0xd7, 0xee,
    0xd7, 0xee, 0xf8, 0xee, 0xd7, 0xee, 0xd7, 0xee, 0xf8, 0xee, 0xf8, 0xee, 0xf8, 0xee, 0xd7, 0xee,
    0xd7, 0xee, 0xd7, 0xee, 0xd7, 0xee, 0xf8, 0xee, 0xd7, 0xee, 0xf8, 0xee, 0xf8, 0xee, 0xd7, 0xee,
    0xd7, 0xee, 0xd7, 0xee, 0xd7, 0xee, 0xd7, 0xee, 0xd7, 0xee, 0xf8, 0xee, 0xf8, 0xee, 0xf8, 0xee,
    0xf8, 0xee, 0xd7, 0xee, 0xd7, 0xee, 0xf8, 0xee, 0xd7, 0xee, 0xf8, 0xee, 0xf8, 0xee, 0xf8, 0xee,
    0xd7, 0xee, 0xd7, 0xee, 0xd7, 0xee, 0xf8, 0xee, 0xd7, 0xee, 0xd7, 0xee, 0xd7, 0xee, 0xd7, 0xee,
    0xf8, 0xee, 0xf8, 0xee, 0xd7, 0xee, 0xf8, 0xee, 0xd7, 0xee, 0xd7, 0xee, 0xf8, 0xee, 0xf8, 0xee,
    0xd7, 0xee, 0xf8, 0xee, 0xd7, 0xee, 0xd7, 0xee, 0xf8, 0xee, 0xd7, 0xee, 0xd7, 0xee, 0xf8, 0xee,
    0xd7, 0xee, 0xd7, 0xee, 0xd7, 0xee, 0xf8, 0xee, 0xd7, 0xee, 0xf8, 0xee, 0xf8, 0xee, 0xf8, 0xee,
    0xf8, 0xee, 0xf8, 0xee, 0xf8, 0xee, 0xf8, 0xee, 0xf8, 0xee, 0xf8, 0xee, 0xf8, 0xee, 0xd7, 0xee,
    0xd7, 0xee, 0xf8, 0xee, 0xd7, 0xee, 0xd7, 0xee, 0xf8, 0xee, 0xf8, 0xee, 0xd7, 0xee, 0xd7, 0xee,
    0xf8, 0xee, 0xf8, 0xee, 0xf8, 0xee, 0xf8, 0xee, 0xf8, 0xee, 0xd7, 0xee, 0xf8, 0xee, 0xf8, 0xee,
    0xf8, 0xee, 0xf8, 0xee, 0xd7, 0xee, 0xf8, 0xee, 0xf8, 0xee, 0xf8, 0xee, 0xf8, 0xee, 0xf8, 0xee,
    0xd7, 0xee, 0xd7, 0xee, 0xf8, 0xee, 0xf8, 0xee, 0xf8, 0xee, 0xf8, 0xee, 0xd7, 0xee, 0xd7, 0xee,
    0xd7, 0xee, 0xd7, 0xee, 0xd7, 0xee, 0xd7, 0xee, 0xf8, 0xee, 0xf8, 0xee, 0xd7, 0xee, 0xd7, 0xee,
    0xd7, 0xee, 0xf8, 0xee, 0xd7, 0xee, 0xf8, 0xee, 0xf8, 0xee, 0xd7, 0xee, 0xd7, 0xee, 0xd7, 0xee,
    0xd7, 0xee, 0xd7, 0xee, 0xd7, 0xee, 0xd7, 0xee, 0xd7, 0xee, 0xd7, 0xee, 0xf8, 0xee, 0xf8, 0xee,
    0xf8, 0xee, 0xf8, 0xee, 0xf8, 0xee, 0xd7, 0xee, 0xd7, 0xee, 0xd7, 0xee, 0xd7, 0xee, 0xf8, 0xee,
    0xf8, 0xee, 0xf8, 0xee, 0xf8, 0xee, 0xf8, 0xee, 0xf8, 0xee, 0xd7, 0xee, 0xf8, 0xee, 0xd7, 0xee,
    0xd7, 0xee, 0xf8, 0xee, 0xf8, 0xee, 0xd7, 0xee, 0xd7, 0xee, 0xd7, 0xee, 0xd7, 0xee, 0xd7, 0xee,
    0xf8, 0xee, 0xf8, 0xee, 0xf8, 0xee, 0xf8, 0xee, 0xd7, 0xee, 0xf8, 0xee, 0xf8, 0xee, 0xf8, 0xee,
    0xf8, 0xee, 0xd7, 0xee, 0xd7, 0xee, 0xd7, 0xee, 0xd7, 0xee, 0xf8, 0xee, 0xd7, 0xee, 0xf8, 0xee,
    0xd7, 0xee, 0xf8, 0xee, 0xf8, 0xee, 0xf8, 0xee, 0xf8, 0xee, 0xf8, 0xee, 0xd7, 0xee, 0xf8, 0xee,
    0xf8, 0xee, 0xf8, 0xee, 0xf8, 0xee, 0xd7, 0xee, 0xf8, 0xee, 0xf8, 0xee, 0xd7, 0xee, 0xf8, 0xee,
    0xf8, 0xee, 0xf8, 0xee, 0xd7, 0xee, 0xd7, 0xee, 0xf8, 0xee, 0xd7, 0xee, 0xd7, 0xee, 0xf8, 0xee,
    0xf8, 0xee, 0xd7, 0xee, 0xf8, 0xee, 0xd7, 0xee, 0xd7, 0xee, 0xf8, 0xee, 0xf8, 0xee, 0xd7, 0xee,
    0xf8, 0xee, 0xf8, 0xee, 0xd7, 0xee, 0xd7, 0xee, 0xd7, 0xee, 0xf8, 0xee, 0xf8, 0xee, 0xd7, 0xee,
    0xd7, 0xee, 0xd7, 0xee, 0xd7, 0xee, 0xd7, 0xee, 0xd7, 0xee, 0xd7, 0xee, 0xf8, 0xee, 0xf8, 0xee,
    0xf8, 0xee, 0xd7, 0xee, 0xf8, 0xee, 0xd7, 0xee, 0xd7, 0xee, 0xd7, 0xee, 0xd7, 0xee, 0xf8, 0xee,
    0xf8, 0xee, 0xf8, 0xee, 0xf8, 0xee, 0xf8, 0xee, 0xf8, 0xee, 0xf8, 0xee, 0xf8, 0xee, 0xf8, 0xee,
    0xf8, 0xee, 0xf8, 0xee, 0xf8, 0xee, 0xd7, 0xee, 0xd7, 0xee, 0xf8, 0xee, 0xd7, 0xee, 0xf8, 0xee,
    0xf8, 0xee, 0xf8, 0xee, 0xd7, 0xee, 0xd7, 0xee, 0xf8, 0xee, 0xd7, 0xee, 0xf8, 0xee, 0xd7, 0xee,
    0xd7, 0xee, 0xf8, 0xee, 0xd7, 0xee, 0xd7, 0xee, 0xd7, 0xee, 0xd7, 0xee, 0xf8, 0xee, 0xd7, 0xee,
    0xd7, 0xee, 0xd7, 0xee, 0xd7, 0xee, 0xd7, 0xee, 0xd7, 0xee, 0xf8, 0xee, 0xf8, 0xee, 0xf8, 0xee,
    0xf8, 0xee, 0xd7, 0xee, 0xd7, 0xee, 0xf8, 0xee, 0xf8, 0xee, 0xd7, 0xee, 0xd7, 0xee, 0xf8, 0xee,
    0xd7, 0xee, 0xd7, 0xee, 0xf8, 0xee, 0xf8, 0xee, 0xd7, 0xee, 0xd7, 0xee, 0xd7, 0xee, 0xd7, 0xee,
    0xf8, 0xee, 0xf8, 0xee, 0xf8, 0xee, 0xf8, 0xee, 0xf8, 0xee, 0xd7, 0xee, 0xf8, 0xee, 0xf8, 0xee,
    0xf8, 0xee, 0xd7, 0xee, 0xf8, 0xee, 0xf8, 0xee, 0xf8, 0xee, 0xd7, 0xee, 0xd7, 0xee, 0xf8, 0xee,
    0xf8, 0xee, 0xf8, 0xee, 0xf8, 0xee, 0xf8, 0xee, 0xd7, 0xee, 0xf8, 0xee, 0xf8, 0xee, 0xf8, 0xee,
    0xf8, 0xee, 0xf8, 0xee, 0xf8, 0xee, 0xd7, 0xee, 0xf8, 0xee, 0xf8, 0xee, 0xf8, 0xee, 0xf8, 0xee,
    0xf8, 0xee, 0xf8, 0xee, 0xd7, 0xee, 0xf8, 0xee, 0xf8, 0xee, 0xd7, 0xee, 0xd7, 0xee, 0xd7, 0xee,
    0xf8, 0xee, 0xf8, 0xee, 0xf8, 0xee, 0xf8, 0xee, 0xf8, 0xee, 0xd7, 0xee, 0xf8, 0xee, 0xf8, 0xee,
    0xf8, 0xee, 0xd7, 0xee, 0xf8, 0xee, 0xd7, 0xee, 0xd7, 0xee, 0xf8, 0xee, 0xd7, 0xee, 0xd7, 0xee,
    0xd7, 0xee, 0xd7, 0xee, 0xf8, 0xee, 0xf8, 0xee, 0xf8, 0xee, 0xf8, 0xee, 0xf8, 0xee, 0xf8, 0xee,
    0xd7, 0xee, 0xd7, 0xee, 0xd7, 0xee, 0xd7, 0xee, 0xd7, 0xee, 0xd7, 0xee, 0xd7, 0xee, 0xd7, 0xee,
    0xd7, 0xee, 0xd7, 0xee, 0xd7, 0xee, 0xd7, 0xee, 0xf8, 0xee, 0xd7, 0xee, 0xd7, 0xee, 0xd7, 0xee,
    0xd7, 0xee, 0xd7, 0xee, 0xd7, 0xee, 0xd7, 0xee, 0xd7, 0xee, 0xd7, 0xee, 0xf8, 0xee, 0xf8, 0xee,
    0xf8, 0xee, 0xf8, 0xee, 0xf8, 0xee, 0xd7, 0xee, 0xd7, 0xee, 0xd7, 0xee, 0xd7, 0xee, 0xd7, 0xee,
    0xd7, 0xee, 0xf8, 0xee, 0xd7, 0xee, 0xd7, 0xee, 0xd7, 0xee, 0xd7, 0xee, 0xd7, 0xee, 0xf8, 0xee,
    0xd7, 0xee, 0xf8, 0xee, 0xf8, 0xee, 0xd7, 0xee, 0xd7, 0xee, 0xd7, 0xee, 0xd7, 0xee, 0xd7, 0xee,
    0xf8, 0xee, 0xd7, 0xee, 0xf8, 0xee, 0xd7, 0xee, 0xd7, 0xee, 0xd7, 0xee, 0xf8, 0xee, 0xf8, 0xee,
    0xf8, 0xee, 0xf8, 0xee, 0xf8, 0xee, 0xd7, 0xee, 0xd7, 0xee, 0xd7, 0xee, 0xd7, 0xee, 0xd7, 0xee,
    0xf8, 0xee, 0xf8, 0xee, 0xf8, 0xee, 0xf8, 0xee, 0xf8, 0xee, 0xd7, 0xee, 0xd7, 0xee, 0xd7, 0xee,
    0xf8, 0xee, 0xf8, 0xee, 0xf8, 0xee, 0xd7, 0xee, 0xf8, 0xee, 0xf8, 0xee, 0xf8, 0xee, 0xf8, 0xee,
    0xf8, 0xee, 0xf8, 0xee, 0xf8, 0xee, 0xf8, 0xee, 0xd7, 0xee, 0xf8, 0xee, 0xf8, 0xee, 0xf8, 0xee,
    0xf8, 0xee, 0xf8, 0xee, 0xd7, 0xee, 0xd7, 0xee, 0xd7, 0xee, 0xf8, 0xee, 0xf8, 0xee, 0xd7, 0xee,
    0xf8, 0xee, 0xf8, 0xee, 0xd7, 0xee, 0xf8, 0xee, 0xf8, 0xee, 0xd7, 0xee, 0xf8, 0xee, 0xd7, 0xee,
    0xd7, 0xee, 0xf8, 0xee, 0xf8, 0xee, 0xf8, 0xee, 0xf8, 0xee, 0xf8, 0xee, 0xf8, 0xee, 0xf8, 0xee,
    0xf8, 0xee, 0xf8, 0xee, 0xd7, 0xee, 0xd7, 0xee, 0xd7, 0xee, 0xd7, 0xee, 0xf8, 0xee, 0xf8, 0xee,
    0xf8, 0xee, 0xf8, 0xee, 0xf8, 0xee, 0xf8, 0xee, 0xf8, 0xee, 0xf8, 0xee, 0xf8, 0xee, 0xd7, 0xee,
    0xf8, 0xee, 0xf8, 0xee, 0xf8, 0xee, 0xd7, 0xee, 0xd7, 0xee, 0xd7, 0xee, 0xd7, 0xee, 0xf8, 0xee,
    0xf8, 0xee, 0xf8, 0xee, 0xd7, 0xee, 0xd7, 0xee, 0xd7, 0xee, 0xf8, 0xee, 0xd7, 0xee, 0xd7, 0xee,
    0xf8, 0xee, 0xf8, 0xee, 0xd7, 0xee, 0xd7, 0xee, 0xd7, 0xee, 0xd7, 0xee, 0xd7, 0xee, 0xf8, 0xee,
    0xf8, 0xee, 0xf8, 0xee, 0xf8, 0xee, 0xf8, 0xee, 0xf8, 0xee, 0xf8, 0xee, 0xf8, 0xee, 0xf8, 0xee,
    0xf8, 0xee, 0xd7, 0xee, 0xd7, 0xee, 0xd7, 0xee, 0xf8, 0xee, 0xd7, 0xee, 0xd7, 0xee, 0xd7, 0xee,
    0xd7, 0xee, 0xd7, 0xee, 0xd7, 0xee, 0xd7, 0xee, 0xd7, 0xee, 0xd7, 0xee, 0xd7, 0xee, 0xd7, 0xee,
    0xd7, 0xee, 0xf8, 0xee, 0xf8, 0xee, 0xf8, 0xee, 0xf8, 0xee, 0xf8, 0xee, 0xf8, 0xee, 0xf8, 0xee,
    0xd7, 0xee, 0xf8, 0xee, 0xf8, 0xee, 0xf8, 0xee, 0xf8, 0xee, 0xf8, 0xee, 0xf8, 0xee, 0xf8, 0xee,
    0xf8, 0xee, 0xf8, 0xee, 0xf8, 0xee, 0xf8, 0xee, 0xd7, 0xee, 0xf8, 0xee, 0xf8, 0xee, 0xf8, 0xee,
    0xf8, 0xee, 0xf8, 0xee, 0xf8, 0xee, 0xf8, 0xee, 0xd7, 0xee, 0xf8, 0xee, 0xf8, 0xee, 0xf8, 0xee,
    0xf8, 0xee, 0xf8, 0xee, 0xf8, 0xee, 0xf8, 0xee, 0xf8, 0xee, 0xd7, 0xee, 0xd7, 0xee, 0xf8, 0xee,
    0xf8, 0xee, 0xd7, 0xee, 0xf8, 0xee, 0xf8, 0xee, 0xd7, 0xee, 0xf8, 0xee, 0xd7, 0xee, 0xd7, 0xee,
    0xd7, 0xee, 0xf8, 0xee, 0xf8, 0xee, 0xd7, 0xee, 0xd7, 0xee, 0xd7, 0xee, 0xd7, 0xee, 0xd7, 0xee,
    0xf8, 0xee, 0xf8, 0xee, 0xf8, 0xee, 0xf8, 0xee, 0xd7, 0xee, 0xd7, 0xee, 0xf8, 0xee, 0xd7, 0xee,
    0xd7, 0xee, 0xd7, 0xee, 0xd7, 0xee, 0xd7, 0xee, 0xd7, 0xee, 0xf8, 0xee, 0xd7, 0xee, 0xd7, 0xee,
    0xd7, 0xee, 0xd7, 0xee, 0xd7, 0xee, 0xd7, 0xee, 0xf8, 0xee, 0xd7, 0xee, 0xd7, 0xee, 0xd7, 0xee,
    0xd7, 0xee, 0xd7, 0xee, 0xd7, 0xee, 0xd7, 0xee, 0xd7, 0xee, 0xd7, 0xee, 0xd7, 0xee, 0xf8, 0xee,
    0xd7, 0xee, 0xd7, 0xee, 0xf8, 0xee, 0xf8, 0xee, 0xf8, 0xee, 0xd7, 0xee, 0xf8, 0xee, 0xd7, 0xee,
    0xd7, 0xee, 0xd7, 0xee, 0xf8, 0xee, 0xd7, 0xee, 0xd7, 0xee, 0xd7, 0xee, 0xd7, 0xee, 0xd7, 0xee,
    0xf8, 0xee, 0xf8, 0xee, 0xd7, 0xee, 0xd7, 0xee, 0xf8, 0xee, 0xf8, 0xee, 0xd7, 0xee, 0xd7, 0xee,
    0xd7, 0xee, 0xd7, 0xee, 0xd7, 0xee, 0xd7, 0xee, 0xd7, 0xee, 0xd7, 0xee, 0xd7, 0xee, 0xf8, 0xee,
    0xf8, 0xee, 0xf8, 0xee, 0xf8, 0xee, 0xf8, 0xee, 0xf8, 0xee, 0xf8, 0xee, 0xd7, 0xee, 0xd7, 0xee,
    0xd7, 0xee, 0xd7, 0xee, 0xd7, 0xee, 0xf8, 0xee, 0xf8, 0xee, 0xf8, 0xee, 0xd7, 0xee, 0xd7, 0xee,
    0xf8, 0xee, 0xf8, 0xee, 0xf8, 0xee, 0xf8, 0xee, 0xf8, 0xee, 0xf8, 0xee, 0xf8, 0xee, 0xf8, 0xee,
    0xf8, 0xee, 0xf8, 0xee, 0xf8, 0xee, 0xd7, 0xee, 0xd7, 0xee, 0xf8, 0xee, 0xf8, 0xee, 0xf8, 0xee,
    0xf8, 0xee, 0xd7, 0xee, 0xd7, 0xee, 0xd7, 0xee, 0xd7, 0xee, 0xf8, 0xee, 0xf8, 0xee, 0xf8, 0xee,
    0xf8, 0xee, 0xd7, 0xee, 0xd7, 0xee, 0xd7, 0xee, 0xd7, 0xee, 0xf8, 0xee, 0xf8, 0xee, 0xd7, 0xee,
    0xf8, 0xee, 0xf8, 0xee, 0xf8, 0xee, 0xf8, 0xee, 0xf8, 0xee, 0xf8, 0xee, 0xf8, 0xee, 0xf8, 0xee,
    0xf8, 0xee, 0xf8, 0xee, 0xd7, 0xee, 0xb6, 0xe6, 0xd7, 0xee, 0xd7, 0xee, 0xd7, 0xee, 0xd7, 0xee,
    0xf8, 0xee, 0xf8, 0xee, 0xf8, 0xee, 0xd7, 0xee, 0xd7, 0xee, 0xf8, 0xee, 0xd7, 0xee, 0xd7, 0xee,
    0xd7, 0xee, 0xd7, 0xee, 0xf8, 0xee, 0xf8, 0xee, 0xd7, 0xee, 0xf8, 0xee, 0xf8, 0xee, 0xf8, 0xee,
    0xf8, 0xee, 0xd7, 0xee, 0xd7, 0xee, 0xd7, 0xee, 0xf8, 0xee, 0xf8, 0xee, 0xd7, 0xee, 0xf8, 0xee,
    0xf8, 0xee, 0xf8, 0xee, 0xf8, 0xee, 0xd7, 0xee, 0xd7, 0xee, 0xd7, 0xee, 0xf8, 0xee, 0xf8, 0xee,
    0xf8, 0xee, 0xf8, 0xee, 0xf8, 0xee, 0xf8, 0xee, 0xf8, 0xee, 0xd7, 0xee, 0xd7, 0xee, 0xd7, 0xee,
    0xf8, 0xee, 0xd7, 0xee, 0xf8, 0xee, 0xd7, 0xee, 0xd7, 0xee, 0xf8, 0xee, 0xf8, 0xee, 0xd7, 0xee,
    0xf8, 0xee, 0xd7, 0xee, 0xd7, 0xee, 0xd7, 0xee, 0xf8, 0xee, 0xf8, 0xee, 0xd7, 0xee, 0xd7, 0xee,
    0xd7, 0xee, 0xf8, 0xee, 0xd7, 0xee, 0xd7, 0xee, 0xd7, 0xee, 0xf8, 0xee, 0xf8, 0xee, 0xf8, 0xee,
    0xd7, 0xee, 0xd7, 0xee, 0xd7, 0xee, 0xf8, 0xee, 0xf8, 0xee, 0xf8, 0xee, 0xf8, 0xee, 0xf8, 0xee,
    0xd7, 0xee, 0xf8, 0xee, 0xd7, 0xee, 0xf8, 0xee, 0xd7, 0xee, 0xd7, 0xee, 0xd7, 0xee, 0xf8, 0xee,
    0xf8, 0xee, 0xf8, 0xee, 0xf8, 0xee, 0xf8, 0xee, 0xf8, 0xee, 0xf8, 0xee, 0xf8, 0xee, 0xf8, 0xee,
    0xd7, 0xee, 0xd7, 0xee, 0xf8, 0xee, 0xf8, 0xee, 0xf8, 0xee, 0xf8, 0xee, 0xf8, 0xee, 0xd7, 0xee,
    0xf8, 0xee, 0xd7, 0xee, 0xf8, 0xee, 0xd7, 0xee, 0xd7, 0xee, 0xd7, 0xee, 0xf8, 0xee, 0xd7, 0xee,
    0xd7, 0xee, 0xf8, 0xee, 0xf8, 0xee, 0xd7, 0xee, 0xd7, 0xee, 0xd7, 0xee, 0xd7, 0xee, 0xd7, 0xee,
    0xd7, 0xee, 0xd7, 0xee, 0xf8, 0xee, 0xf8, 0xee, 0xd7, 0xee, 0xd7, 0xee, 0xf8, 0xee, 0xd7, 0xee,
    0xd7, 0xee, 0xf8, 0xee, 0xd7, 0xee, 0xd7, 0xee, 0xd7, 0xee, 0xf8, 0xee, 0xf8, 0xee, 0xf8, 0xee,
    0xf8, 0xee, 0xd7, 0xee, 0xd7, 0xee, 0xd7, 0xee, 0xd7, 0xee, 0xd7, 0xee, 0xd7, 0xee, 0xd7, 0xee,
    0xd7, 0xee, 0xd7, 0xee, 0xd7, 0xee, 0xf8, 0xee, 0xd7, 0xee, 0xf8, 0xee, 0xd7, 0xee, 0xd7, 0xee,
    0xd7, 0xee, 0xd7, 0xee, 0xd7, 0xee, 0xf8, 0xee, 0xf8, 0xee, 0xd7, 0xee, 0xf8, 0xee, 0xf8, 0xee,
    0xd7, 0xee, 0xd7, 0xee, 0xd7, 0xee, 0xd7, 0xee, 0xd7, 0xee, 0xd7, 0xee, 0xd7, 0xee, 0xf8, 0xee,
    0xd7, 0xee, 0xf8, 0xee, 0xf8, 0xee, 0xf8, 0xee, 0xf8, 0xee, 0xd7, 0xee, 0xd7, 0xee, 0xd7, 0xee,
    0xd7, 0xee, 0xd7, 0xee, 0xd7, 0xee, 0xf8, 0xee, 0xf8, 0xee, 0xd7, 0xee, 0xf8, 0xee, 0xf8, 0xee,
    0xf8, 0xee, 0xd7, 0xee, 0xf8, 0xee, 0xd7, 0xee, 0xf8, 0xee, 0xf8, 0xee, 0xd7, 0xee, 0xf8, 0xee,
    0xf8, 0xee, 0xd7, 0xee, 0xd7, 0xee, 0xf8, 0xee, 0xf8, 0xee, 0xf8, 0xee, 0xd7, 0xee, 0xf8, 0xee,
    0xd7, 0xee, 0xd7, 0xee, 0xf8, 0xee, 0xf8, 0xee, 0xd7, 0xee, 0xf8, 0xee, 0xf8, 0xee, 0xf8, 0xee,
    0xf8, 0xee, 0xd7, 0xee, 0xd7, 0xee, 0xd7, 0xee, 0xd7, 0xee, 0xf8, 0xee, 0xf8, 0xee, 0xf8, 0xee,
    0xf8, 0xee, 0xf8, 0xee, 0xd7, 0xee, 0xd7, 0xee, 0xf8, 0xee, 0xf8, 0xee, 0xf8, 0xee, 0xf8, 0xee,
    0xf8, 0xee, 0xd7, 0xee, 0xf8, 0xee, 0xd7, 0xee, 0xd7, 0xee, 0xf8, 0xee, 0xf8, 0xee, 0xf8, 0xee,
    0xf8, 0xee, 0xf8, 0xee, 0xf8, 0xee, 0xf8, 0xee, 0xf8, 0xee, 0xf8, 0xee, 0xf8, 0xee, 0xf8, 0xee,
    0xf8, 0xee, 0xf8, 0xee, 0xd7, 0xee, 0xd7, 0xee, 0xf8, 0xee, 0xf8, 0xee, 0xd7, 0xee, 0xd7, 0xee,
    0xf8, 0xee, 0xf8, 0xee, 0xf8, 0xee, 0xd7, 0xee, 0xd7, 0xee, 0xf8, 0xee, 0xf8, 0xee, 0xd7, 0xee,
    0xf8, 0xee, 0xd7, 0xee, 0xd7, 0xee, 0xf8, 0xee, 0xf8, 0xee, 0xf8, 0xee, 0xf8, 0xee, 0xf8, 0xee,
    0xf8, 0xee, 0xf8, 0xee, 0xd7, 0xee, 0xd7, 0xee, 0xd7, 0xee, 0xd7, 0xee, 0xd7, 0xee, 0xd7, 0xee,
    0xf8, 0xee, 0xd7, 0xee, 0xd7, 0xee, 0xd7, 0xee, 0xf8, 0xee, 0xf8, 0xee, 0xf8, 0xee, 0xf8, 0xee,
    0xf8, 0xee, 0xf8, 0xee, 0xd7, 0xee, 0xd7, 0xee, 0xf8, 0xee, 0xd7, 0xee, 0xf8, 0xee, 0xd7, 0xee,
    0xf8, 0xee, 0xd7, 0xee, 0xf8, 0xee, 0xf8, 0xee, 0xd7, 0xee, 0xd7, 0xee, 0xf8, 0xee, 0xd7, 0xee,
    0xd7, 0xee, 0xf8, 0xee, 0xf8, 0xee, 0xf8, 0xee, 0xf8, 0xee, 0xd7, 0xee, 0xd7, 0xee, 0xd7, 0xee,
    0xd7, 0xee, 0xd7, 0xee, 0xd7, 0xee, 0xd7, 0xee, 0xd7, 0xee, 0xf8, 0xee, 0xf8, 0xee, 0xf8, 0xee,
    0xd7, 0xee, 0xd7, 0xee, 0xd7, 0xee, 0xd7, 0xee, 0xf8, 0xee, 0xf8, 0xee, 0xd7, 0xee, 0xd7, 0xee,
    0xd7, 0xee, 0xd7, 0xee, 0xd7, 0xee, 0xd7, 0xee, 0xf8, 0xee, 0xd7, 0xee, 0xb6, 0xe6, 0xd7, 0xee,
    0xf8, 0xee, 0xf8, 0xee, 0xf8, 0xee, 0xf8, 0xee, 0xf8, 0xee, 0xf8, 0xee, 0xf8, 0xee, 0xd7, 0xee,
    0xd7, 0xee, 0xf8, 0xee, 0xf8, 0xee, 0xd7, 0xee, 0xf8, 0xee, 0xf8, 0xee, 0xd7, 0xee, 0xd7, 0xee,
    0xd7, 0xee, 0xf8, 0xee, 0xd7, 0xee, 0xd7, 0xee, 0xf8, 0xee, 0xf8, 0xee, 0xf8, 0xee, 0xf8, 0xee,
    0xf8, 0xee, 0xf8, 0xee, 0xf8, 0xee, 0xd7, 0xee, 0xd7, 0xee, 0xf8, 0xee, 0xf8, 0xee, 0xd7, 0xee,
    0xd7, 0xee, 0xf8, 0xee, 0xf8, 0xee, 0xf8, 0xee, 0xf8, 0xee, 0xd7, 0xee, 0xd7, 0xee, 0xd7, 0xee,
    0xd7, 0xee, 0xf8, 0xee, 0xd7, 0xee, 0xd7, 0xee, 0xd7, 0xee, 0xd7, 0xee, 0xf8, 0xee, 0xf8, 0xee,
    0xf8, 0xee, 0xf8, 0xee, 0xf8, 0xee, 0xd7, 0xee, 0xf8, 0xee, 0xd7, 0xee, 0xd7, 0xee, 0xd7, 0xee,
    0xd7, 0xee, 0xd7, 0xee, 0xd7, 0xee, 0xd7, 0xee, 0xf8, 0xee, 0xf8, 0xee, 0xd7, 0xee, 0xd7, 0xee,
    0xd7, 0xee, 0xf8, 0xee, 0xf8, 0xee, 0xf8, 0xee, 0xf8, 0xee, 0xf8, 0xee, 0xf8, 0xee, 0xf8, 0xee,
    0xd7, 0xee, 0xd7, 0xee, 0xd7, 0xee, 0xd7, 0xee, 0xd7, 0xee, 0xd7, 0xee, 0xd7, 0xee, 0xf8, 0xee,
    0xf8, 0xee, 0xf8, 0xee, 0xf8, 0xee, 0xf8, 0xee, 0xd7, 0xee, 0xd7, 0xee, 0xd7, 0xee, 0xd7, 0xee,
    0xd7, 0xee, 0xd7, 0xee, 0xd7, 0xee, 0xd7, 0xee, 0xd7, 0xee, 0xf8, 0xee, 0xf8, 0xee, 0xf8, 0xee,
    0xf8, 0xee, 0xd7, 0xee, 0xf8, 0xee, 0xf8, 0xee, 0xf8, 0xee, 0xd7, 0xee, 0xf8, 0xee, 0xd7, 0xee,
    0xf8, 0xee, 0xd7, 0xee, 0xf8, 0xee, 0xd7, 0xee, 0xd7, 0xee, 0xf8, 0xee, 0xd7, 0xee, 0xd7, 0xee,
    0xf8, 0xee, 0xf8, 0xee, 0xf8, 0xee, 0xf8, 0xee, 0xf8, 0xee, 0xf8, 0xee, 0xf8, 0xee, 0xf8, 0xee,
    0xd7, 0xee, 0xf8, 0xee, 0xf8, 0xee, 0xf8, 0xee, 0xd7, 0xee, 0xf8, 0xee, 0xf8, 0xee, 0xf8, 0xee,
    0xf8, 0xee, 0xf8, 0xee, 0xd7, 0xee, 0xd7, 0xee, 0xf8, 0xee, 0xf8, 0xee, 0xf8, 0xee, 0xf8, 0xee,
    0xf8, 0xee, 0xf8, 0xee, 0xf8, 0xee, 0xf8, 0xee, 0xd7, 0xee, 0xd7, 0xee, 0xf8, 0xee, 0xf8, 0xee,
    0xf8, 0xee, 0xd7, 0xee, 0xf8, 0xee, 0xf8, 0xee, 0xf8, 0xee, 0xf8, 0xee, 0xf8, 0xee, 0xf8, 0xee,
    0xd7, 0xee, 0xd7, 0xee, 0xd7, 0xee, 0xd7, 0xee, 0xf8, 0xee, 0xd7, 0xee, 0xd7, 0xee, 0xf8, 0xee,
    0xf8, 0xee, 0xf8, 0xee, 0xf8, 0xee, 0xf8, 0xee, 0xf8, 0xee, 0xf8, 0xee, 0xd7, 0xee, 0xd7, 0xee,
    0xf8, 0xee, 0xf8, 0xee, 0xf8, 0xee, 0xf8, 0xee, 0xd7, 0xee, 0xf8, 0xee, 0xd7, 0xee, 0xf8, 0xee,
    0xf8, 0xee, 0xf8, 0xee, 0xf8, 0xee, 0xd7, 0xee, 0xd7, 0xee, 0xd7, 0xee, 0xd7, 0xee, 0xf8, 0xee,
    0xd7, 0xee, 0xd7, 0xee, 0xd7, 0xee, 0xf8, 0xee, 0xf8, 0xee, 0xf8, 0xee, 0xd7, 0xee, 0xf8, 0xee,
    0xf8, 0xee, 0xf8, 0xee, 0xd7, 0xee, 0xd7, 0xee, 0xf8, 0xee, 0xf8, 0xee, 0xf8, 0xee, 0xf8, 0xee,
    0xf8, 0xee, 0xd7, 0xee, 0xf8, 0xee, 0xf8, 0xee, 0xf8, 0xee, 0xd7, 0xee, 0xf8, 0xee, 0xd7, 0xee,
    0xd7, 0xee, 0xd7, 0xee, 0xf8, 0xee, 0xd7, 0xee, 0xd7, 0xee, 0xd7, 0xee, 0xd7, 0xee, 0xd7, 0xee,
    0xd7, 0xee, 0xd7, 0xee, 0xd7, 0xee, 0xb6, 0xe6, 0xd7, 0xee, 0xf8, 0xee, 0xf8, 0xee, 0xf8, 0xee,
    0xf8, 0xee, 0xf8, 0xee, 0xd7, 0xee, 0xd7, 0xee, 0xf8, 0xee, 0xf8, 0xee, 0xd7, 0xee, 0xd7, 0xee,
    0xf8, 0xee, 0xf8, 0xee, 0xf8, 0xee, 0xf8, 0xee, 0xf8, 0xee, 0xf8, 0xee, 0xd7, 0xee, 0xd7, 0xee,
    0xf8, 0xee, 0xf8, 0xee, 0xf8, 0xee, 0xf8, 0xee, 0xf8, 0xee, 0xd7, 0xee, 0xf8, 0xee, 0xd7, 0xee,
    0xd7, 0xee, 0xd7, 0xee, 0xf8, 0xee, 0xf8, 0xee, 0xf8, 0xee, 0xd7, 0xee, 0xd7, 0xee, 0xf8, 0xee,
    0xd7, 0xee, 0xd7, 0xee, 0xd7, 0xee, 0xd7, 0xee, 0xf8, 0xee, 0xd7, 0xee, 0xd7, 0xee, 0xd7, 0xee,
    0xd7, 0xee, 0xd7, 0xee, 0xf8, 0xee, 0xd7, 0xee, 0xd7, 0xee, 0xf8, 0xee, 0xf8, 0xee, 0xf8, 0xee,
    0xf8, 0xee, 0xf8, 0xee, 0xf8, 0xee, 0xf8, 0xee, 0xf8, 0xee, 0xf8, 0xee, 0xf8, 0xee, 0xf8, 0xee,
    0xd7, 0xee, 0xf8, 0xee, 0xd7, 0xee, 0xd7, 0xee, 0xd7, 0xee, 0xf8, 0xee, 0xd7, 0xee, 0xf8, 0xee,
    0xd7, 0xee, 0xd7, 0xee, 0xd7, 0xee, 0xf8, 0xee, 0xd7, 0xee, 0xd7, 0xee, 0xd7, 0xee, 0xd7, 0xee,
    0xd7, 0xee, 0xd7, 0xee, 0xd7, 0xee, 0xd7, 0xee, 0xd7, 0xee, 0xf8, 0xee, 0xd7, 0xee, 0xd7, 0xee,
    0xd7, 0xee, 0xd7, 0xee, 0xf8, 0xee, 0xf8, 0xee, 0xf8, 0xee, 0xf8, 0xee, 0xf8, 0xee, 0xf8, 0xee,
    0xd7, 0xee, 0xf8, 0xee, 0xd7, 0xee, 0xd7, 0xee, 0xd7, 0xee, 0xd7, 0xee, 0xf8, 0xee, 0xf8, 0xee,
    0xd7, 0xee, 0xd7, 0xee, 0xf8, 0xee, 0xd7, 0xee, 0xd7, 0xee, 0xf8, 0xee, 0xd7, 0xee, 0xd7, 0xee,
    0xd7, 0xee, 0xd7, 0xee, 0xb6, 0xe6, 0xd7, 0xee, 0xd7, 0xee, 0xd7, 0xee, 0xd7, 0xee, 0xf8, 0xee,
    0xf8, 0xee, 0xd7, 0xee, 0xf8, 0xee, 0xd7, 0xee, 0xf8, 0xee, 0xd7, 0xee, 0xf8, 0xee, 0xf8, 0xee,
    0xd7, 0xee, 0xd7, 0xee, 0xd7, 0xee, 0xd7, 0xee, 0xd7, 0xee, 0xd7, 0xee, 0xd7, 0xee, 0xd7, 0xee,
    0xf8, 0xee, 0xf8, 0xee, 0xf8, 0xee, 0xf8, 0xee, 0xf8, 0xee, 0xd7, 0xee, 0xf8, 0xee, 0xf8, 0xee,
    0xf8, 0xee, 0xf8, 0xee, 0xf8, 0xee, 0xf8, 0xee, 0xf8, 0xee, 0xd7, 0xee, 0xf8, 0xee, 0xf8, 0xee,
    0xf8, 0xee, 0xf8, 0xee, 0xd7, 0xee, 0xd7, 0xee, 0xd7, 0xee, 0xd7, 0xee, 0xf8, 0xee, 0xf8, 0xee,
    0xf8, 0xee, 0xf8, 0xee, 0xf8, 0xee, 0xf8, 0xee, 0xd7, 0xee, 0xd7, 0xee, 0xd7, 0xee, 0xf8, 0xee,
    0xf8, 0xee, 0xd7, 0xee, 0xf8, 0xee, 0xf8, 0xee, 0xd7, 0xee, 0xf8, 0xee, 0xf8, 0xee, 0xd7, 0xee,
    0xd7, 0xee, 0xd7, 0xee, 0xd7, 0xee, 0xd7, 0xee, 0xd7, 0xee, 0xd7, 0xee, 0xd7, 0xee, 0xd7, 0xee,
    0xf8, 0xee, 0xf8, 0xee, 0xf8, 0xee, 0xf8, 0xee, 0xf8, 0xee, 0xf8, 0xee, 0xd7, 0xee, 0xd7, 0xee,
    0xf8, 0xee, 0xf8, 0xee, 0xf8, 0xee, 0xf8, 0xee, 0xd7, 0xee, 0xd7, 0xee, 0xf8, 0xee, 0xf8, 0xee,
    0xf8, 0xee, 0xf8, 0xee, 0xf8, 0xee, 0xd7, 0xee, 0xb6, 0xe6, 0xd7, 0xee, 0xd7, 0xee, 0xd7, 0xee,
    0xd7, 0xee, 0xd7, 0xee, 0xd7, 0xee, 0xf8, 0xee, 0xf8, 0xee, 0xd7, 0xee, 0xf8, 0xee, 0xf8, 0xee,
    0xf8, 0xee, 0xf8, 0xee, 0xf8, 0xee, 0xf8, 0xee, 0xd7, 0xee, 0xd7, 0xee, 0xd7, 0xee, 0xd7, 0xee,
    0xd7, 0xee, 0xd7, 0xee, 0xd7, 0xee, 0xd7, 0xee, 0xf8, 0xee, 0xf8, 0xee, 0xd7, 0xee, 0xd7, 0xee,
    0xd7, 0xee, 0xd7, 0xee, 0xd7, 0xee, 0xd7, 0xee, 0xd7, 0xee, 0xd7, 0xee, 0xd7, 0xee, 0xd7, 0xee,
    0xd7, 0xee, 0xf8, 0xee, 0xd7, 0xee, 0xd7, 0xee, 0xd7, 0xee, 0xd7, 0xee, 0xf8, 0xee, 0xd7, 0xee,
    0xf8, 0xee, 0xf8, 0xee, 0xf8, 0xee, 0xd7, 0xee, 0xd7, 0xee, 0xd7, 0xee, 0xf8, 0xee, 0xd7, 0xee,
    0xf8, 0xee, 0xf8, 0xee, 0xf8, 0xee, 0xd7, 0xee, 0xf8, 0xee, 0xf8, 0xee, 0xf8, 0xee, 0xd7, 0xee,
    0xd7, 0xee, 0xf8, 0xee, 0xf8, 0xee, 0xf8, 0xee, 0xd7, 0xee, 0xd7, 0xee, 0xf8, 0xee, 0xd7, 0xee,
    0xf8, 0xee, 0xf8, 0xee, 0xd7, 0xee, 0xd7, 0xee, 0xd7, 0xee, 0xf8, 0xee, 0xf8, 0xee, 0xf8, 0xee,
    0xd7, 0xee, 0xf8, 0xee, 0xd7, 0xee, 0xd7, 0xee, 0xf8, 0xee, 0xd7, 0xee, 0xd7, 0xee, 0xd7, 0xee,
    0xd7, 0xee, 0xd7, 0xee, 0xd7, 0xee, 0xd7, 0xee, 0xf8, 0xee, 0xd7, 0xee, 0xd7, 0xee, 0xd7, 0xee,
    0xd7, 0xee, 0xd7, 0xee, 0xf8, 0xee, 0xf8, 0xee, 0xf8, 0xee, 0xd7, 0xee, 0xf8, 0xee, 0xf8, 0xee,
    0xd7, 0xee, 0xd7, 0xee, 0xf8, 0xee, 0xf8, 0xee, 0xf8, 0xee, 0xf8, 0xee, 0xf8, 0xee, 0xf8, 0xee,
    0xd7, 0xee, 0xd7, 0xee, 0xd7, 0xee, 0xf8, 0xee, 0xd7, 0xee, 0xd7, 0xee, 0xf8, 0xee, 0xd7, 0xee,
    0xd7, 0xee, 0xd7, 0xee, 0xd7, 0xee, 0xd7, 0xee, 0xd7, 0xee, 0xd7, 0xee, 0xd7, 0xee, 0xd7, 0xee,
    0xd7, 0xee, 0xd7, 0xee, 0xf8, 0xee, 0xf8, 0xee, 0xf8, 0xee, 0xd7, 0xee, 0xd7, 0xee, 0xf8, 0xee,
    0xd7, 0xee, 0xd7, 0xee, 0xd7, 0xee, 0xd7, 0xee, 0x95, 0xe6, 0xd7, 0xee, 0xf8, 0xee, 0xd7, 0xee,
    0xd7, 0xee, 0xf8, 0xee, 0xf8, 0xee, 0xd7, 0xee, 0xf8, 0xee, 0xd7, 0xee, 0xd7, 0xee, 0xd7, 0xee,
    0xd7, 0xee, 0xd7, 0xee, 0xd7, 0xee, 0xd7, 0xee, 0xd7, 0xee, 0xf8, 0xee, 0xd7, 0xee, 0xf8, 0xee,
    0xd7, 0xee, 0xd7, 0xee, 0xd7, 0xee, 0xf8, 0xee, 0xd7, 0xee, 0xd7, 0xee, 0xd7, 0xee, 0xf8, 0xee,
    0xd7, 0xee, 0xd7, 0xee, 0xd7, 0xee, 0xd7, 0xee, 0xd7, 0xee, 0xd7, 0xee, 0xd7, 0xee, 0xd7, 0xee,
    0xf8, 0xee, 0xf8, 0xee, 0xf8, 0xee, 0xf8, 0xee, 0xf8, 0xee, 0xf8, 0xee, 0xf8, 0xee, 0xd7, 0xee,
    0xd7, 0xee, 0xf8, 0xee, 0xf8, 0xee, 0xf8, 0xee, 0xf8, 0xee, 0xf8, 0xee, 0xf8, 0xee, 0xf8, 0xee,
    0xf8, 0xee, 0xf8, 0xee, 0xf8, 0xee, 0xf8, 0xee, 0xd7, 0xee, 0xd7, 0xee, 0xd7, 0xee, 0xd7, 0xee,
    0xd7, 0xee, 0xd7, 0xee, 0xd7, 0xee, 0xd7, 0xee, 0xd7, 0xee, 0xd7, 0xee, 0xd7, 0xee, 0xf8, 0xee,
    0xf8, 0xee, 0xf8, 0xee, 0xf8, 0xee, 0xf8, 0xee, 0xd7, 0xee, 0xd7, 0xee, 0xd7, 0xee, 0xd7, 0xee,
    0xf8, 0xee, 0xd7, 0xee, 0xf8, 0xee, 0xf8, 0xee, 0xd7, 0xee, 0xd7, 0xee, 0xd7, 0xee, 0xf8, 0xee,
    0xf8, 0xee, 0xf8, 0xee, 0xf8, 0xee, 0xf8, 0xee, 0xf8, 0xee, 0xf8, 0xee, 0xd7, 0xee, 0xf8, 0xee,
    0xf8, 0xee, 0xd7, 0xee, 0xf8, 0xee, 0xf8, 0xee, 0xf8, 0xee, 0xd7, 0xee, 0xf8, 0xee, 0xf8, 0xee,
    0xf8, 0xee, 0xf8, 0xee, 0xf8, 0xee, 0xd7, 0xee, 0xd7, 0xee, 0xf8, 0xee, 0xd7, 0xee, 0xf8, 0xee,
    0xf8, 0xee, 0xd7, 0xee, 0xd7, 0xee, 0xf8, 0xee, 0xf8, 0xee, 0xf8, 0xee, 0xd7, 0xee, 0xf8, 0xee,
    0xd7, 0xee, 0xf8, 0xee, 0xf8, 0xee, 0xd7, 0xee, 0xf8, 0xee, 0xd7, 0xee, 0xd7, 0xee, 0xf8, 0xee,
    0xf8, 0xee, 0xd7, 0xee, 0xd7, 0xee, 0xf8, 0xee, 0xf8, 0xee, 0xf8, 0xee, 0xd7, 0xee, 0xd7, 0xee,
    0xd7, 0xee, 0xd7, 0xee, 0xd7, 0xee, 0xd7, 0xee, 0xd7, 0xee, 0xd7, 0xee, 0xd7, 0xee, 0xd7, 0xee,
    0xd7, 0xee, 0xf8, 0xee, 0xd7, 0xee, 0xf8, 0xee, 0xd7, 0xee, 0xd7, 0xee, 0xd7, 0xee, 0xd7, 0xee,
    0xd7, 0xee, 0xd7, 0xee, 0xf8, 0xee, 0xd7, 0xee, 0xd7, 0xee, 0xd7, 0xee, 0xf8, 0xee, 0xf8, 0xee,
    0xf8, 0xee, 0xf8, 0xee, 0xd7, 0xee, 0xd7, 0xee, 0xf8, 0xee, 0xf8, 0xee, 0xf8, 0xee, 0xf8, 0xee,
    0xd7, 0xee, 0xd7, 0xee, 0xd7, 0xee, 0xd7, 0xee, 0xd7, 0xee, 0xf8, 0xee, 0xf8, 0xee, 0xd7, 0xee,
    0xd7, 0xee, 0xf8, 0xee, 0xd7, 0xee, 0xd7, 0xee, 0xd7, 0xee, 0xf8, 0xee, 0xd7, 0xee, 0xf8, 0xee,
    0xd7, 0xee, 0xf8, 0xee, 0xd7, 0xee, 0xd7, 0xee, 0xd7, 0xee, 0xd7, 0xee, 0xf8, 0xee, 0xd7, 0xee,
    0xf8, 0xee, 0xd7, 0xee, 0xd7, 0xee, 0xd7, 0xee, 0xd7, 0xee, 0xf8, 0xee, 0xd7, 0xee, 0xd7, 0xee,
    0xd7, 0xee, 0xd7, 0xee, 0xd7, 0xee, 0xd7, 0xee, 0xf8, 0xee, 0xf8, 0xee, 0xd7, 0xee, 0xf8, 0xee,
    0xf8, 0xee, 0xd7, 0xee, 0xd7, 0xee, 0xf8, 0xee, 0xf8, 0xee, 0xf8, 0xee, 0xf8, 0xee, 0xf8, 0xee,
    0xf8, 0xee, 0xd7, 0xee, 0xf8, 0xee, 0xd7, 0xee, 0xd7, 0xee, 0xd7, 0xee, 0xd7, 0xee, 0xf8, 0xee,
    0xd7, 0xee, 0xd7, 0xee, 0xd7, 0xee, 0xd7, 0xee, 0xd7, 0xee, 0xd7, 0xee, 0xd7, 0xee, 0xd7, 0xee,
    0xd7, 0xee, 0xf8, 0xee, 0xd7, 0xee, 0xf8, 0xee, 0xf8, 0xee, 0xd7, 0xee, 0xd7, 0xee, 0xd7, 0xee,
    0xd7, 0xee, 0xd7, 0xee, 0xd7, 0xee, 0xd7, 0xee, 0x95, 0xe6, 0xb6, 0xe6, 0xf8, 0xee, 0xd7, 0xee,
    0xd7, 0xee, 0xd7, 0xee, 0xd7, 0xee, 0xf8, 0xee, 0xf8, 0xee, 0xf8, 0xee, 0xf8, 0xee, 0xd7, 0xee,
    0xd7, 0xee, 0xd7, 0xee, 0xd7, 0xee, 0xd7, 0xee, 0xd7, 0xee, 0xf8, 0xee, 0xf8, 0xee, 0xd7, 0xee,
    0xd7, 0xee, 0xf8, 0xee, 0xf8, 0xee, 0xd7, 0xee, 0xd7, 0xee, 0xf8, 0xee, 0xf8, 0xee, 0xd7, 0xee,
    0xd7, 0xee, 0xd7, 0xee, 0xd7, 0xee, 0xd7, 0xee, 0xd7, 0xee, 0xd7, 0xee, 0xd7, 0xee, 0xd7, 0xee,
    0xd7, 0xee, 0xf8, 0xee, 0xf8, 0xee, 0xd7, 0xee, 0xd7, 0xee, 0xd7, 0xee, 0xd7, 0xee, 0xd7, 0xee,
    0xd7, 0xee, 0xf8, 0xee, 0xd7, 0xee, 0xd7, 0xee, 0xd7, 0xee, 0xf8, 0xee, 0xf8, 0xee, 0xf8, 0xee,
    0xf8, 0xee, 0xd7, 0xee, 0xf8, 0xee, 0xf8, 0xee, 0xd7, 0xee, 0xf8, 0xee, 0xf8, 0xee, 0xd7, 0xee,
    0xf8, 0xee, 0xd7, 0xee, 0xd7, 0xee, 0xd7, 0xee, 0xf8, 0xee, 0xf8, 0xee, 0xd7, 0xee, 0xf8, 0xee,
    0xf8, 0xee, 0xf8, 0xee, 0xf8, 0xee, 0xf8, 0xee, 0xf8, 0xee, 0xd7, 0xee, 0xf8, 0xee, 0xd7, 0xee,
    0xd7, 0xee, 0xd7, 0xee, 0xd7, 0xee, 0xf8, 0xee, 0xf8, 0xee, 0xd7, 0xee, 0xd7, 0xee, 0xf8, 0xee,
    0xf8, 0xee, 0xf8, 0xee, 0xd7, 0xee, 0xf8, 0xee, 0xf8, 0xee, 0xf8, 0xee, 0xf8, 0xee, 0xd7, 0xee,
    0xf8, 0xee, 0xd7, 0xee, 0xd7, 0xee, 0xf8, 0xee, 0xf8, 0xee, 0xd7, 0xee, 0xd7, 0xee, 0xf8, 0xee,
    0xf8, 0xee, 0xf8, 0xee, 0xd7, 0xee, 0xd7, 0xee, 0xf8, 0xee, 0xf8, 0xee, 0xd7, 0xee, 0xf8, 0xee,
    0xf8, 0xee, 0xd7, 0xee, 0xf8, 0xee, 0xd7, 0xee, 0xd7, 0xee, 0xd7, 0xee, 0xd7, 0xee, 0xf8, 0xee,
    0xf8, 0xee, 0xf8, 0xee, 0xd7, 0xee, 0xd7, 0xee, 0xf8, 0xee, 0xf8, 0xee, 0xf8, 0xee, 0xf8, 0xee,
    0xf8, 0xee, 0xd7, 0xee, 0xf8, 0xee, 0xd7, 0xee, 0xf8, 0xee, 0xf8, 0xee, 0xd7, 0xee, 0xf8, 0xee,
    0xd7, 0xee, 0xd7, 0xee, 0xf8, 0xee, 0xf8, 0xee, 0xf8, 0xee, 0xd7, 0xee, 0xf8, 0xee, 0xd7, 0xee,
    0xd7, 0xee, 0xd7, 0xee, 0xd7, 0xee, 0xd7, 0xee, 0xd7, 0xee, 0xd7, 0xee, 0xd7, 0xee, 0xd7, 0xee,
    0xd7, 0xee, 0xd7, 0xee, 0xf8, 0xee, 0xf8, 0xee, 0xd7, 0xee, 0xf8, 0xee, 0xf8, 0xee, 0xf8, 0xee,
    0xd7, 0xee, 0xf8, 0xee, 0xf8, 0xee, 0xf8, 0xee, 0xd7, 0xee, 0xf8, 0xee, 0xf8, 0xee, 0xf8, 0xee,
    0xf8, 0xee, 0xf8, 0xee, 0xd7, 0xee, 0xd7, 0xee, 0xf8, 0xee, 0xf8, 0xee, 0xf8, 0xee, 0xf8, 0xee,
    0xd7, 0xee, 0xd7, 0xee, 0xf8, 0xee, 0xf8, 0xee, 0xd7, 0xee, 0xf8, 0xee, 0xd7, 0xee, 0xd7, 0xee,
    0xd7, 0xee, 0xd7, 0xee, 0xf8, 0xee, 0xf8, 0xee, 0xd7, 0xee, 0xd7, 0xee, 0xd7, 0xee, 0xf8, 0xee,
    0xf8, 0xee, 0xd7, 0xee, 0xd7, 0xee, 0xd7, 0xee, 0xd7, 0xee, 0xf8, 0xee, 0xd7, 0xee, 0xd7, 0xee,
    0xd7, 0xee, 0xd7, 0xee, 0xf8, 0xee, 0xf8, 0xee, 0xf8, 0xee, 0xf8, 0xee, 0xd7, 0xee, 0xd7, 0xee,
    0xf8, 0xee, 0xf8, 0xee, 0xd7, 0xee, 0xd7, 0xee, 0xd7, 0xee, 0xd7, 0xee, 0xf8, 0xee, 0xf8, 0xee,
    0xf8, 0xee, 0xd7, 0xee, 0xf8, 0xee, 0xd7, 0xee, 0xd7, 0xee, 0xd7, 0xee, 0xd7, 0xee, 0xd7, 0xee,
    0xd7, 0xee, 0xd7, 0xee, 0xd7, 0xee, 0xd7, 0xee, 0xd7, 0xee, 0xd7, 0xee, 0xd7, 0xee, 0xf8, 0xee,
    0xd7, 0xee, 0xf8, 0xee, 0xf8, 0xee, 0xd7, 0xee, 0xf8, 0xee, 0xd7, 0xee, 0xf8, 0xee, 0xf8, 0xee,
    0xf8, 0xee, 0xd7, 0xee, 0xf8, 0xee, 0xf8, 0xee, 0x95, 0xe6, 0x95, 0xe6, 0xd7, 0xee, 0xf8, 0xee,
    0xd7, 0xee, 0xd7, 0xee, 0xf8, 0xee, 0xd7, 0xee, 0xd7, 0xee, 0xf8, 0xee, 0xd7, 0xee, 0xd7, 0xee,
    0xd7, 0xee, 0xd7, 0xee, 0xd7, 0xee, 0xd7, 0xee, 0xd7, 0xee, 0xf8, 0xee, 0xd7, 0xee, 0xd7, 0xee,
    0xd7, 0xee, 0xf8, 0xee, 0xf8, 0xee, 0xf8, 0xee, 0xf8, 0xee, 0xf8, 0xee, 0xd7, 0xee, 0xd7, 0xee,
    0xd7, 0xee, 0xd7, 0xee, 0xd7, 0xee, 0xd7, 0xee, 0xd7, 0xee, 0xd7, 0xee, 0xf8, 0xee, 0xd7, 0xee,
    0xf8, 0xee, 0xf8, 0xee, 0xd7, 0xee, 0xd7, 0xee, 0xf8, 0xee, 0xd7, 0xee, 0xd7, 0xee, 0xd7, 0xee,
    0xd7, 0xee, 0xd7, 0xee, 0xf8, 0xee, 0xd7, 0xee, 0xd7, 0xee, 0xd7, 0xee, 0xf8, 0xee, 0xf8, 0xee,
    0xf8, 0xee, 0xf8, 0xee, 0xf8, 0xee, 0xf8, 0xee, 0xf8, 0xee, 0xf8, 0xee, 0xf8, 0xee, 0xf8, 0xee,
    0xf8, 0xee, 0xd7, 0xee, 0xd7, 0xee, 0xd7, 0xee, 0xf8, 0xee, 0xd7, 0xee, 0xd7, 0xee, 0xd7, 0xee,
    0xf8, 0xee, 0xf8, 0xee, 0xf8, 0xee, 0xf8, 0xee, 0xd7, 0xee, 0xd7, 0xee, 0xd7, 0xee, 0xf8, 0xee,
    0xf8, 0xee, 0xf8, 0xee, 0xd7, 0xee, 0xf8, 0xee, 0xf8, 0xee, 0xd7, 0xee, 0xd7, 0xee, 0xf8, 0xee,
    0xf8, 0xee, 0xf8, 0xee, 0xf8, 0xee, 0xd7, 0xee, 0xf8, 0xee, 0xf8, 0xee, 0xf8, 0xee, 0xf8, 0xee,
    0xd7, 0xee, 0xf8, 0xee, 0xd7, 0xee, 0xd7, 0xee, 0xf8, 0xee, 0xd7, 0xee, 0xf8, 0xee, 0xf8, 0xee,
    0xf8, 0xee, 0xf8, 0xee, 0xd7, 0xee, 0xd7, 0xee, 0xd7, 0xee, 0xd7, 0xee, 0xf8, 0xee, 0xf8, 0xee,
    0xf8, 0xee, 0xf8, 0xee, 0xf8, 0xee, 0xd7, 0xee, 0xd7, 0xee, 0xd7, 0xee, 0xd7, 0xee, 0xf8, 0xee,
    0xf8, 0xee, 0xf8, 0xee, 0xd7, 0xee, 0xd7, 0xee, 0xf8, 0xee, 0xf8, 0xee, 0xf8, 0xee, 0xf8, 0xee,
    0xd7, 0xee, 0xd7, 0xee, 0xd7, 0xee, 0xd7, 0xee, 0xf8, 0xee, 0xd7, 0xee, 0xd7, 0xee, 0xf8, 0xee,
    0xf8, 0xee, 0xd7, 0xee, 0xd7, 0xee, 0xf8, 0xee, 0xf8, 0xee, 0xf8, 0xee, 0xf8, 0xee, 0xd7, 0xee,
    0xd7, 0xee, 0xd7, 0xee, 0xd7, 0xee, 0xf8, 0xee, 0xf8, 0xee, 0xd7, 0xee, 0xd7, 0xee, 0xd7, 0xee,
    0xd7, 0xee, 0xf8, 0xee, 0xf8, 0xee, 0xf8, 0xee, 0xf8, 0xee, 0xf8, 0xee, 0xd7, 0xee, 0xf8, 0xee,
    0xd7, 0xee, 0xf8, 0xee, 0xf8, 0xee, 0xf8, 0xee, 0xf8, 0xee, 0xf8, 0xee, 0xf8, 0xee, 0xf8, 0xee,
    0xd7, 0xee, 0xf8, 0xee, 0xd7, 0xee, 0xd7, 0xee, 0xf8, 0xee, 0xd7, 0xee, 0xd7, 0xee, 0xf8, 0xee,
    0xf8, 0xee, 0xd7, 0xee, 0xf8, 0xee, 0xf8, 0xee, 0xd7, 0xee, 0xd7, 0xee, 0xd7, 0xee, 0xd7, 0xee,
    0xd7, 0xee, 0xd7, 0xee, 0xf8, 0xee, 0xd7, 0xee, 0xd7, 0xee, 0xd7, 0xee, 0xf8, 0xee, 0xd7, 0xee,
    0xd7, 0xee, 0xd7, 0xee, 0xd7, 0xee, 0xd7, 0xee, 0xd7, 0xee, 0xd7, 0xee, 0xd7, 0xee, 0xd7, 0xee,
    0xd7, 0xee, 0xf8, 0xee, 0xf8, 0xee, 0xf8, 0xee, 0xf8, 0xee, 0xf8, 0xee, 0xf8, 0xee, 0xf8, 0xee,
    0xd7, 0xee, 0xf8, 0xee, 0xd7, 0xee, 0xf8, 0xee, 0xf8, 0xee, 0xd7, 0xee, 0xd7, 0xee, 0xf8, 0xee,
    0xf8, 0xee, 0xf8, 0xee, 0xf8, 0xee, 0xd7, 0xee, 0xf8, 0xee, 0xf8, 0xee, 0xd7, 0xee, 0xf8, 0xee,
    0xf8, 0xee, 0xd7, 0xee, 0xd7, 0xee, 0xd7, 0xee, 0xf8, 0xee, 0xd7, 0xee, 0xd7, 0xee, 0xf8, 0xee,
    0xf8, 0xee, 0xf8, 0xee, 0xf8, 0xee, 0xf8, 0xee, 0xf8, 0xee, 0xf8, 0xee, 0xf8, 0xee, 0xf8, 0xee,
    0xf8, 0xee, 0xd7, 0xee, 0xd7, 0xee, 0xf8, 0xee, 0xb6, 0xe6, 0xb6, 0xe6, 0xd7, 0xee, 0xf8, 0xee,
    0xf8, 0xee, 0xf8, 0xee, 0xf8, 0xee, 0xf8, 0xee, 0xf8, 0xee, 0xf8, 0xee, 0xd7, 0xee, 0xd7, 0xee,
    0xd7, 0xee, 0xd7, 0xee, 0xd7, 0xee, 0xd7, 0xee, 0xd7, 0xee, 0xd7, 0xee, 0xd7, 0xee, 0xd7, 0xee,
    0xf8, 0xee, 0xf8, 0xee, 0xf8, 0xee, 0xf8, 0xee, 0xf8, 0xee, 0xf8, 0xee, 0xf8, 0xee, 0xf8, 0xee,
    0xd7, 0xee, 0xf8, 0xee, 0xf8, 0xee, 0xd7, 0xee, 0xf8, 0xee, 0xd7, 0xee, 0xd7, 0xee, 0xd7, 0xee,
    0xd7, 0xee, 0xd7, 0xee, 0xf8, 0xee, 0xd7, 0xee, 0xd7, 0xee, 0xd7, 0xee, 0xd7, 0xee, 0xd7, 0xee,
    0xd7, 0xee, 0xd7, 0xee, 0xd7, 0xee, 0xd7, 0xee, 0xd7, 0xee, 0xf8, 0xee, 0xf8, 0xee, 0xf8, 0xee,
    0xf8, 0xee, 0xf8, 0xee, 0xf8, 0xee, 0xf8, 0xee, 0xf8, 0xee, 0xd7, 0xee, 0xd7, 0xee, 0xd7, 0xee,
    0xd7, 0xee, 0xd7, 0xee, 0xd7, 0xee, 0xf8, 0xee, 0xf8, 0xee, 0xf8, 0xee, 0xd7, 0xee, 0xf8, 0xee,
    0xf8, 0xee, 0xd7, 0xee, 0xd7, 0xee, 0xd7, 0xee, 0xd7, 0xee, 0xd7, 0xee, 0xf8, 0xee, 0xd7, 0xee,
    0xf8, 0xee, 0xf8, 0xee, 0xf8, 0xee, 0xf8, 0xee, 0xf8, 0xee, 0xf8, 0xee, 0xf8, 0xee, 0xf8, 0xee,
    0xf8, 0xee, 0xf8, 0xee, 0xf8, 0xee, 0xf8, 0xee, 0xf8, 0xee, 0xd7, 0xee, 0xd7, 0xee, 0xd7, 0xee,
    0xd7, 0xee, 0xd7, 0xee, 0xf8, 0xee, 0xd7, 0xee, 0xf8, 0xee, 0xf8, 0xee, 0xf8, 0xee, 0xf8, 0xee,
    0xf8, 0xee, 0xf8, 0xee, 0xf8, 0xee, 0xf8, 0xee, 0xd7, 0xee, 0xf8, 0xee, 0xd7, 0xee, 0xd7, 0xee,
    0xf8, 0xee, 0xd7, 0xee, 0xf8, 0xee, 0xf8, 0xee, 0xf8, 0xee, 0xf8, 0xee, 0xf8, 0xee, 0xf8, 0xee,
    0xf8, 0xee, 0xf8, 0xee, 0xf8, 0xee, 0xf8, 0xee, 0xd7, 0xee, 0xd7, 0xee, 0xd7, 0xee, 0xd7, 0xee,
    0xb6, 0xe6, 0xd7, 0xee, 0xd7, 0xee, 0xf8, 0xee, 0xf8, 0xee, 0xd7, 0xee, 0xf8, 0xee, 0xf8, 0xee,
    0xf8, 0xee, 0xf8, 0xee, 0xd7, 0xee, 0xd7, 0xee, 0xf8, 0xee, 0xf8, 0xee, 0xf8, 0xee, 0xd7, 0xee,
    0xd7, 0xee, 0xd7, 0xee, 0xd7, 0xee, 0xf8, 0xee, 0xd7, 0xee, 0xd7, 0xee, 0xd7, 0xee, 0xd7, 0xee,
    0xd7, 0xee, 0xf8, 0xee, 0xf8, 0xee, 0xd7, 0xee, 0xd7, 0xee, 0xd7, 0xee, 0xd7, 0xee, 0xd7, 0xee,
    0xd7, 0xee, 0xf8, 0xee, 0xf8, 0xee, 0xf8, 0xee, 0xf8, 0xee, 0xd7, 0xee, 0xf8, 0xee, 0xd7, 0xee,
    0xf8, 0xee, 0xd7, 0xee, 0xd7, 0xee, 0xd7, 0xee, 0xd7, 0xee, 0xd7, 0xee, 0xd7, 0xee, 0xf8, 0xee,
    0xf8, 0xee, 0xf8, 0xee, 0xf8, 0xee, 0xf8, 0xee, 0xd7, 0xee, 0xd7, 0xee, 0xd7, 0xee, 0xd7, 0xee,
    0xd7, 0xee, 0xd7, 0xee, 0xd7, 0xee, 0xd7, 0xee, 0xd7, 0xee, 0xd7, 0xee, 0xf8, 0xee, 0xd7, 0xee,
    0xd7, 0xee, 0xd7, 0xee, 0xd7, 0xee, 0xd7, 0xee, 0xd7, 0xee, 0xd7, 0xee, 0xd7, 0xee, 0xf8, 0xee,
    0xd7, 0xee, 0xd7, 0xee, 0xd7, 0xee, 0xf8, 0xee, 0xf8, 0xee, 0xf8, 0xee, 0xf8, 0xee, 0xf8, 0xee,
    0xd7, 0xee, 0xd7, 0xee, 0xf8, 0xee, 0xf8, 0xee, 0xf8, 0xee, 0xd7, 0xee, 0xd7, 0xee, 0xd7, 0xee,
    0xd7, 0xee, 0xf8, 0xee, 0xf8, 0xee, 0xd7, 0xee, 0xf8, 0xee, 0xf8, 0xee, 0xf8, 0xee, 0xf8, 0xee,
    0xf8, 0xee, 0xd7, 0xee, 0xd7, 0xee, 0xd7, 0xee, 0xd7, 0xee, 0xd7, 0xee, 0xd7, 0xee, 0xd7, 0xee,
    0xd7, 0xee, 0xd7, 0xee, 0xf8, 0xee, 0xf8, 0xee, 0xf8, 0xee, 0xf8, 0xee, 0xf8, 0xee, 0xf8, 0xee,
    0xd7, 0xee, 0xd7, 0xee, 0xf8, 0xee, 0xf8, 0xee, 0xd7, 0xee, 0xd7, 0xee, 0xf8, 0xee, 0xf8, 0xee,
    0xf8, 0xee, 0xd7, 0xee, 0xf8, 0xee, 0xf8, 0xee, 0xd7, 0xee, 0xd7, 0xee, 0xf8, 0xee, 0xf8, 0xee,
    0xd7, 0xee, 0xd7, 0xee, 0xd7, 0xee, 0xf8, 0xee, 0xd7, 0xee, 0xd7, 0xee, 0xd7, 0xee, 0xd7, 0xee,
    0xd7, 0xee, 0xf8, 0xee, 0xf8, 0xee, 0xf8, 0xee, 0xf8, 0xee, 0xf8, 0xee, 0xf8, 0xee, 0xf8, 0xee,
    0xf8, 0xee, 0xf8, 0xee, 0xf8, 0xee, 0xd7, 0xee, 0xd7, 0xee, 0xd7, 0xee, 0xd7, 0xee, 0xd7, 0xee,
    0xd7, 0xee, 0xd7, 0xee, 0xd7, 0xee, 0xd7, 0xee, 0xd7, 0xee, 0xd7, 0xee, 0xd7, 0xee, 0xd7, 0xee,
    0xd7, 0xee, 0xd7, 0xee, 0xd7, 0xee, 0xd7, 0xee, 0xf8, 0xee, 0xf8, 0xee, 0xf8, 0xee, 0xd7, 0xee,
    0xf8, 0xee, 0xf8, 0xee, 0xf8, 0xee, 0xf8, 0xee, 0xf8, 0xee, 0xd7, 0xee, 0xd7, 0xee, 0xd7, 0xee,
    0xd7, 0xee, 0xf8, 0xee, 0xf8, 0xee, 0xf8, 0xee, 0xf8, 0xee, 0xf8, 0xee, 0xf8, 0xee, 0xf8, 0xee,
    0xf8, 0xee, 0xd7, 0xee, 0xd7, 0xee, 0xd7, 0xee, 0xf8, 0xee, 0xd7, 0xee, 0xd7, 0xee, 0xf8, 0xee,
    0xd7, 0xee, 0xf8, 0xee, 0xf8, 0xee, 0xf8, 0xee, 0xf8, 0xee, 0xf8, 0xee, 0xd7, 0xee, 0xf8, 0xee,
    0xf8, 0xee, 0xf8, 0xee, 0xd7, 0xee, 0xf8, 0xee, 0xf8, 0xee, 0xd7, 0xee, 0xf8, 0xee, 0xd7, 0xee,
    0xb6, 0xe6, 0xd7, 0xee, 0xd7, 0xee, 0xd7, 0xee, 0xd7, 0xee, 0xd7, 0xee, 0xf8, 0xee, 0xf8, 0xee,
    0xf8, 0xee, 0xf8, 0xee, 0xf8, 0xee, 0xf8, 0xee, 0xd7, 0xee, 0xd7, 0xee, 0xd7, 0xee, 0xf8, 0xee,
    0xd7, 0xee, 0xd7, 0xee, 0xf8, 0xee, 0xf8, 0xee, 0xd7, 0xee, 0xd7, 0xee, 0xf8, 0xee, 0xd7, 0xee,
    0xf8, 0xee, 0xd7, 0xee, 0xf8, 0xee, 0xd7, 0xee, 0xb6, 0xe6, 0xd7, 0xee, 0xd7, 0xee, 0xd7, 0xee,
    0xd7, 0xee, 0xd7, 0xee, 0xd7, 0xee, 0xf8, 0xee, 0xd7, 0xee, 0xd7, 0xee, 0xf8, 0xee, 0xd7, 0xee,
    0xd7, 0xee, 0xd7, 0xee, 0xd7, 0xee, 0xf8, 0xee, 0xf8, 0xee, 0xd7, 0xee, 0xf8, 0xee, 0xf8, 0xee,
    0xd7, 0xee, 0xd7, 0xee, 0xf8, 0xee, 0xf8, 0xee, 0xd7, 0xee, 0xd7, 0xee, 0xd7, 0xee, 0xd7, 0xee,
    0xb6, 0xe6, 0xd7, 0xee, 0xd7, 0xee, 0xd7, 0xee, 0xd7, 0xee, 0xd7, 0xee, 0xd7, 0xee, 0xd7, 0xee,
    0xd7, 0xee, 0xd7, 0xee, 0xf8, 0xee, 0xf8, 0xee, 0xf8, 0xee, 0xf8, 0xee, 0xf8, 0xee, 0xd7, 0xee,
    0xd7, 0xee, 0xd7, 0xee, 0xd7, 0xee, 0xd7, 0xee, 0xd7, 0xee, 0xd7, 0xee, 0xd7, 0xee, 0xd7, 0xee,
    0xd7, 0xee, 0xd7, 0xee, 0xd7, 0xee, 0xd7, 0xee, 0xd7, 0xee, 0xd7, 0xee, 0xd7, 0xee, 0xd7, 0xee,
    0xd7, 0xee, 0xd7, 0xee, 0xf8, 0xee, 0xf8, 0xee, 0xd7, 0xee, 0xd7, 0xee, 0xd7, 0xee, 0xf8, 0xee,
    0xd7, 0xee, 0xd7, 0xee, 0xf8, 0xee, 0xd7, 0xee, 0xd7, 0xee, 0xd7, 0xee, 0xd7, 0xee, 0xf8, 0xee,
    0xf8, 0xee, 0xd7, 0xee, 0xd7, 0xee, 0xf8, 0xee, 0xd7, 0xee, 0xd7, 0xee, 0xf8, 0xee, 0xf8, 0xee,
    0xd7, 0xee, 0xf8, 0xee, 0xf8, 0xee, 0xf8, 0xee, 0xf8, 0xee, 0xf8, 0xee, 0xd7, 0xee, 0xd7, 0xee,
    0xd7, 0xee, 0xf8, 0xee, 0xf8, 0xee, 0xd7, 0xee, 0xf8, 0xee, 0xf8, 0xee, 0xf8, 0xee, 0xf8, 0xee,
    0xd7, 0xee, 0xf8, 0xee, 0xd7, 0xee, 0xd7, 0xee, 0xd7, 0xee, 0xd7, 0xee, 0xd7, 0xee, 0xf8, 0xee,
    0xd7, 0xee, 0xd7, 0xee, 0xd7, 0xee, 0xf8, 0xee, 0xd7, 0xee, 0xd7, 0xee, 0xd7, 0xee, 0xf8, 0xee,
    0xf8, 0xee, 0xd7, 0xee, 0xf8, 0xee, 0xf8, 0xee, 0xd7, 0xee, 0xf8, 0xee, 0xd7, 0xee, 0xd7, 0xee,
    0xd7, 0xee, 0xd7, 0xee, 0xf8, 0xee, 0xf8, 0xee, 0xd7, 0xee, 0xd7, 0xee, 0xf8, 0xee, 0xf8, 0xee,
    0xd7, 0xee, 0xd7, 0xee, 0xd7, 0xee, 0xd7, 0xee, 0xd7, 0xee, 0xd7, 0xee, 0xd7, 0xee, 0xd7, 0xee,
    0xd7, 0xee, 0xf8, 0xee, 0xf8, 0xee, 0xf8, 0xee, 0xd7, 0xee, 0xd7, 0xee, 0xf8, 0xee, 0xd7, 0xee,
    0xd7, 0xee, 0xf8, 0xee, 0xf8, 0xee, 0xd7, 0xee, 0xd7, 0xee, 0xf8, 0xee, 0xf8, 0xee, 0xd7, 0xee,
    0xf8, 0xee, 0xf8, 0xee, 0xf8, 0xee, 0xd7, 0xee, 0xd7, 0xee, 0xd7, 0xee, 0xd7, 0xee, 0xd7, 0xee,
    0xf8, 0xee, 0xd7, 0xee, 0xf8, 0xee, 0xd7, 0xee, 0xf8, 0xee, 0xd7, 0xee, 0xd7, 0xee, 0xf8, 0xee,
    0xf8, 0xee, 0xf8, 0xee, 0xf8, 0xee, 0xf8, 0xee, 0xf8, 0xee, 0xd7, 0xee, 0xd7, 0xee, 0xf8, 0xee,
    0xf8, 0xee, 0xd7, 0xee, 0xf8, 0xee, 0xf8, 0xee, 0xf8, 0xee, 0xd7, 0xee, 0xf8, 0xee, 0xf8, 0xee,
    0xf8, 0xee, 0xd7, 0xee, 0xf8, 0xee, 0xf8, 0xee, 0xf8, 0xee, 0xd7, 0xee, 0xd7, 0xee, 0xd7, 0xee,
    0xd7, 0xee, 0xf8, 0xee, 0xf8, 0xee, 0xf8, 0xee, 0xf8, 0xee, 0xf8, 0xee, 0xf8, 0xee, 0xf8, 0xee,
    0xf8, 0xee, 0xf8, 0xee, 0xd7, 0xee, 0xd7, 0xee, 0xd7, 0xee, 0xf8, 0xee, 0xf8, 0xee, 0xd7, 0xee,
    0xd7, 0xee, 0xf8, 0xee, 0xd7, 0xee, 0xd7, 0xee, 0xd7, 0xee, 0xd7, 0xee, 0xf8, 0xee, 0xf8, 0xee,
    0xd7, 0xee, 0xd7, 0xee, 0xf8, 0xee, 0xf8, 0xee, 0xf8, 0xee, 0xd7, 0xee, 0xd7, 0xee, 0xf8, 0xee,
    0xf8, 0xee, 0xd7, 0xee, 0xd7, 0xee, 0xd7, 0xee, 0xd7, 0xee, 0xd7, 0xee, 0xd7, 0xee, 0xd7, 0xee,
    0xd7, 0xee, 0xf8, 0xee, 0xd7, 0xee, 0xd7, 0xee, 0xd7, 0xee, 0xd7, 0xee, 0xb6, 0xe6, 0xd7, 0xee,
    0xd7, 0xee, 0xd7, 0xee, 0xd7, 0xee, 0xd7, 0xee, 0xd7, 0xee, 0xd7, 0xee, 0xd7, 0xee, 0xd7, 0xee,
    0xd7, 0xee, 0xd7, 0xee, 0xd7, 0xee, 0xd7, 0xee, 0xf8, 0xee, 0xf8, 0xee, 0xd7, 0xee, 0xd7, 0xee,
    0xf8, 0xee, 0xf8, 0xee, 0xf8, 0xee, 0xf8, 0xee, 0xd7, 0xee, 0xf8, 0xee, 0xd7, 0xee, 0xd7, 0xee,
    0xb6, 0xe6, 0xd7, 0xee, 0xd7, 0xee, 0xd7, 0xee, 0xd7, 0xee, 0xd7, 0xee, 0xd7, 0xee, 0xd7, 0xee,
    0xd7, 0xee, 0xf8, 0xee, 0xf8, 0xee, 0xd7, 0xee, 0xf8, 0xee, 0xd7, 0xee, 0xd7, 0xee, 0xd7, 0xee,
    0xd7, 0xee, 0xd7, 0xee, 0xf8, 0xee, 0xf8, 0xee, 0xd7, 0xee, 0xd7, 0xee, 0xd7, 0xee, 0xf8, 0xee,
    0xf8, 0xee, 0xf8, 0xee, 0xf8, 0xee, 0xf8, 0xee, 0xf8, 0xee, 0xd7, 0xee, 0xd7, 0xee, 0xd7, 0xee,
    0xf8, 0xee, 0xd7, 0xee, 0xf8, 0xee, 0xf8, 0xee, 0xf8, 0xee, 0xd7, 0xee, 0xf8, 0xee, 0xd7, 0xee,
    0xf8, 0xee, 0xf8, 0xee, 0xd7, 0xee, 0xf8, 0xee, 0xf8, 0xee, 0xd7, 0xee, 0xd7, 0xee, 0xf8, 0xee,
    0xd7, 0xee, 0xd7, 0xee, 0xd7, 0xee, 0xf8, 0xee, 0xd7, 0xee, 0xd7, 0xee, 0xf8, 0xee, 0xf8, 0xee,
    0xd7, 0xee, 0xf8, 0xee, 0xf8, 0xee, 0xd7, 0xee, 0xf8, 0xee, 0xd7, 0xee, 0xd7, 0xee, 0xd7, 0xee,
    0xf8, 0xee, 0xf8, 0xee, 0xd7, 0xee, 0xd7, 0xee, 0xd7, 0xee, 0xf8, 0xee, 0xf8, 0xee, 0xd7, 0xee,
    0xd7, 0xee, 0xd7, 0xee, 0xd7, 0xee, 0xd7, 0xee, 0xd7, 0xee, 0xd7, 0xee, 0xd7, 0xee, 0xf8, 0xee,
    0xd7, 0xee, 0xd7, 0xee, 0xd7, 0xee, 0xd7, 0xee, 0xd7, 0xee, 0xd7, 0xee, 0xf8, 0xee, 0xf8, 0xee,
    0xf8, 0xee, 0xd7, 0xee, 0xf8, 0xee, 0xf8, 0xee, 0xd7, 0xee, 0xd7, 0xee, 0xd7, 0xee, 0xd7, 0xee,
    0xd7, 0xee, 0xf8, 0xee, 0xf8, 0xee, 0xf8, 0xee, 0xd7, 0xee, 0xf8, 0xee, 0xd7, 0xee, 0xd7, 0xee,
    0xf8, 0xee, 0xd7, 0xee, 0xd7, 0xee, 0xd7, 0xee, 0xd7, 0xee, 0xd7, 0xee, 0xd7, 0xee, 0xd7, 0xee,
    0xf8, 0xee, 0xf8, 0xee, 0xf8, 0xee, 0xf8, 0xee, 0xd7, 0xee, 0xf8, 0xee, 0xd7, 0xee, 0xd7, 0xee,
    0xd7, 0xee, 0xf8, 0xee, 0xf8, 0xee, 0xd7, 0xee, 0xd7, 0xee, 0xf8, 0xee, 0xf8, 0xee, 0xf8, 0xee,
    0xf8, 0xee, 0xf8, 0xee, 0xf8, 0xee, 0xf8, 0xee, 0xd7, 0xee, 0xf8, 0xee, 0xd7, 0xee, 0xd7, 0xee,
    0xf8, 0xee, 0xf8, 0xee, 0xf8, 0xee, 0xd7, 0xee, 0xf8, 0xee, 0xd7, 0xee, 0xd7, 0xee, 0xf8, 0xee,
    0xf8, 0xee, 0xf8, 0xee, 0xf8, 0xee, 0xf8, 0xee, 0xf8, 0xee, 0xf8, 0xee, 0xf8, 0xee, 0xf8, 0xee,
    0xf8, 0xee, 0xd7, 0xee, 0xd7, 0xee, 0xd7, 0xee, 0xd7, 0xee, 0xd7, 0xee, 0xd7, 0xee, 0xf8, 0xee,
    0xf8, 0xee, 0xd7, 0xee, 0xd7, 0xee, 0xd7, 0xee, 0xf8, 0xee, 0xf8, 0xee, 0xf8, 0xee, 0xf8, 0xee,
    0xf8, 0xee, 0xf8, 0xee, 0xf8, 0xee, 0xf8, 0xee, 0xf8, 0xee, 0xf8, 0xee, 0xf8, 0xee, 0xf8, 0xee,
    0xf8, 0xee, 0xf8, 0xee, 0xf8, 0xee, 0xf8, 0xee, 0xd7, 0xee, 0xd7, 0xee, 0xf8, 0xee, 0xd7, 0xee,
    0xd7, 0xee, 0xf8, 0xee, 0xf8, 0xee, 0xd7, 0xee, 0xd7, 0xee, 0xf8, 0xee, 0xd7, 0xee, 0xd7, 0xee,
    0xd7, 0xee, 0xd7, 0xee, 0xf8, 0xee, 0xf8, 0xee, 0xf8, 0xee, 0xd7, 0xee, 0xf8, 0xee, 0xf8, 0xee,
    0xf8, 0xee, 0xf8, 0xee, 0xd7, 0xee, 0xd7, 0xee, 0xd7, 0xee, 0xd7, 0xee, 0xd7, 0xee, 0xd7, 0xee,
    0xd7, 0xee, 0xd7, 0xee, 0xd7, 0xee, 0xd7, 0xee, 0xd7, 0xee, 0xd7, 0xee, 0xb6, 0xe6, 0xd7, 0xee,
    0xd7, 0xee, 0xd7, 0xee, 0xd7, 0xee, 0xf8, 0xee, 0xf8, 0xee, 0xd7, 0xee, 0xf8, 0xee, 0xd7, 0xee,
    0xf8, 0xee, 0xd7, 0xee, 0xd7, 0xee, 0xd7, 0xee, 0xd7, 0xee, 0xf8, 0xee, 0xd7, 0xee, 0xd7, 0xee,
    0xd7, 0xee, 0xd7, 0xee, 0xf8, 0xee, 0xf8, 0xee, 0xd7, 0xee, 0xd7, 0xee, 0xd7, 0xee, 0xd7, 0xee,
    0xb6, 0xe6, 0xd7, 0xee, 0xd7, 0xee, 0xd7, 0xee, 0xd7, 0xee, 0xf8, 0xee, 0xf8, 0xee, 0xd7, 0xee,
    0xd7, 0xee, 0xd7, 0xee, 0xd7, 0xee, 0xd7, 0xee, 0xf8, 0xee, 0xd7, 0xee, 0xd7, 0xee, 0xd7, 0xee,
    0xd7, 0xee, 0xd7, 0xee, 0xd7, 0xee, 0xf8, 0xee, 0xd7, 0xee, 0xd7, 0xee, 0xf8, 0xee, 0xf8, 0xee,
    0xf8, 0xee, 0xf8, 0xee, 0xf8, 0xee, 0xf8, 0xee, 0xd7, 0xee, 0xf8, 0xee, 0xd7, 0xee, 0xf8, 0xee,
    0xf8, 0xee, 0xf8, 0xee, 0xd7, 0xee, 0xd7, 0xee, 0xd7, 0xee, 0xd7, 0xee, 0xf8, 0xee, 0xf8, 0xee,
    0xd7, 0xee, 0xf8, 0xee, 0xf8, 0xee, 0xd7, 0xee, 0xd7, 0xee, 0x95, 0xe6, 0xd7, 0xee, 0xf8, 0xee,
    0xd7, 0xee, 0xd7, 0xee, 0xd7, 0xee, 0xf8, 0xee, 0xd7, 0xee, 0xf8, 0xee, 0xd7, 0xee, 0xf8, 0xee,
    0xd7, 0xee, 0xf8, 0xee, 0xf8, 0xee, 0xd7, 0xee, 0xd7, 0xee, 0xd7, 0xee, 0xd7, 0xee, 0xf8, 0xee,
    0xd7, 0xee, 0xd7, 0xee, 0xd7, 0xee, 0xd7, 0xee, 0xf8, 0xee, 0xf8, 0xee, 0xd7, 0xee, 0xd7, 0xee,
    0xd7, 0xee, 0xf8, 0xee, 0xd7, 0xee, 0xd7, 0xee, 0xd7, 0xee, 0xd7, 0xee, 0xd7, 0xee, 0xd7, 0xee,
    0xd7, 0xee, 0xd7, 0xee, 0xf8, 0xee, 0xf8, 0xee, 0xd7, 0xee, 0xd7, 0xee, 0xd7, 0xee, 0xd7, 0xee,
    0xd7, 0xee, 0xd7, 0xee, 0xd7, 0xee, 0xd7, 0xee, 0xd7, 0xee, 0xd7, 0xee, 0xd7, 0xee, 0xd7, 0xee,
    0xd7, 0xee, 0xf8, 0xee, 0xf8, 0xee, 0xf8, 0xee, 0xf8, 0xee, 0xf8, 0xee, 0xf8, 0xee, 0xd7, 0xee,
    0xf8, 0xee, 0xd7, 0xee, 0xd7, 0xee, 0xf8, 0xee, 0xf8, 0xee, 0xd7, 0xee, 0xd7, 0xee, 0xd7, 0xee,
    0xf8, 0xee, 0xf8, 0xee, 0xd7, 0xee, 0xf8, 0xee, 0xf8, 0xee, 0xf8, 0xee, 0xf8, 0xee, 0xd7, 0xee,
    0xf8, 0xee, 0xf8, 0xee, 0xd7, 0xee, 0xd7, 0xee, 0xf8, 0xee, 0xf8, 0xee, 0xf8, 0xee, 0xf8, 0xee,
    0xd7, 0xee, 0xf8, 0xee, 0xf8, 0xee, 0xd7, 0xee, 0xd7, 0xee, 0xd7, 0xee, 0xd7, 0xee, 0xd7, 0xee,
    0xd7, 0xee, 0xd7, 0xee, 0xf8, 0xee, 0xd7, 0xee, 0xd7, 0xee, 0xf8, 0xee, 0xd7, 0xee, 0xf8, 0xee,
    0xf8, 0xee, 0xf8, 0xee, 0xf8, 0xee, 0xf8, 0xee, 0xf8, 0xee, 0xf8, 0xee, 0xf8, 0xee, 0xd7, 0xee,
    0xd7, 0xee, 0xd7, 0xee, 0xf8, 0xee, 0xf8, 0xee, 0xf8, 0xee, 0xd7, 0xee, 0xd7, 0xee, 0xf8, 0xee,
    0xd7, 0xee, 0xd7, 0xee, 0xd7, 0xee, 0xf8, 0xee, 0xd7, 0xee, 0xd7, 0xee, 0xf8, 0xee, 0xf8, 0xee,
    0xf8, 0xee, 0xf8, 0xee, 0xf8, 0xee, 0xd7, 0xee, 0xf8, 0xee, 0xf8, 0xee, 0xf8, 0xee, 0xd7, 0xee,
    0xf8, 0xee, 0xf8, 0xee, 0xf8, 0xee, 0xf8, 0xee, 0xd7, 0xee, 0xd7, 0xee, 0xf8, 0xee, 0xd7, 0xee,
    0xd7, 0xee, 0xd7, 0xee, 0xf8, 0xee, 0xd7, 0xee, 0xd7, 0xee, 0xf8, 0xee, 0xf8, 0xee, 0xd7, 0xee,
    0xd7, 0xee, 0xf8, 0xee, 0xf8, 0xee, 0xf8, 0xee, 0xd7, 0xee, 0xf8, 0xee, 0xf8, 0xee, 0xd7, 0xee,
    0xf8, 0xee, 0xf8, 0xee, 0xd7, 0xee, 0xd7, 0xee, 0xd7, 0xee, 0xf8, 0xee, 0xd7, 0xee, 0xd7, 0xee,
    0xd7, 0xee, 0xd7, 0xee, 0xd7, 0xee, 0xd7, 0xee, 0xf8, 0xee, 0xd7, 0xee, 0xb6, 0xe6, 0xd7, 0xee,
    0xd7, 0xee, 0xd7, 0xee, 0xd7, 0xee, 0xf8, 0xee, 0xd7, 0xee, 0xf8, 0xee, 0xf8, 0xee, 0xd7, 0xee,
    0xd7, 0xee, 0xd7, 0xee, 0xd7, 0xee, 0xd7, 0xee, 0xd7, 0xee, 0xf8, 0xee, 0xd7, 0xee, 0xd7, 0xee,
    0xd7, 0xee, 0xd7, 0xee, 0xf8, 0xee, 0xf8, 0xee, 0xd7, 0xee, 0xf8, 0xee, 0xf8, 0xee, 0xd7, 0xee,
    0xd7, 0xee, 0xf8, 0xee, 0xd7, 0xee, 0xd7, 0xee, 0xf8, 0xee, 0xf8, 0xee, 0xf8, 0xee, 0xd7, 0xee,
    0xd7, 0xee, 0xd7, 0xee, 0xd7, 0xee, 0xd7, 0xee, 0xf8, 0xee, 0xf8, 0xee, 0xf8, 0xee, 0xf8, 0xee,
    0xd7, 0xee, 0xd7, 0xee, 0xf8, 0xee, 0xf8, 0xee, 0xf8, 0xee, 0xf8, 0xee, 0xd7, 0xee, 0xf8, 0xee,
    0xf8, 0xee, 0xf8, 0xee, 0xf8, 0xee, 0xf8, 0xee, 0xf8, 0xee, 0xf8, 0xee, 0xd7, 0xee, 0xf8, 0xee,
    0xf8, 0xee, 0xd7, 0xee, 0xd7, 0xee, 0xd7, 0xee, 0xd7, 0xee, 0xd7, 0xee, 0xd7, 0xee, 0xd7, 0xee,
    0xd7, 0xee, 0xd7, 0xee, 0xd7, 0xee, 0xf8, 0xee, 0xb6, 0xe6, 0x74, 0xe6, 0xb6, 0xe6, 0xf8, 0xee,
    0xd7, 0xee, 0xf8, 0xee, 0xd7, 0xee, 0xf8, 0xee, 0xf8, 0xee, 0xf8, 0xee, 0xd7, 0xee, 0xf8, 0xee,
    0xd7, 0xee, 0xd7, 0xee, 0xf8, 0xee, 0xd7, 0xee, 0xf8, 0xee, 0xd7, 0xee, 0xd7, 0xee, 0xd7, 0xee,
    0xd7, 0xee, 0xf8, 0xee, 0xd7, 0xee, 0xd7, 0xee, 0xd7, 0xee, 0xd7, 0xee, 0xd7, 0xee, 0xd7, 0xee,
    0xd7, 0xee, 0xd7, 0xee, 0xd7, 0xee, 0xd7, 0xee, 0xf8, 0xee, 0xd7, 0xee, 0xd7, 0xee, 0xd7, 0xee,
    0xd7, 0xee, 0xd7, 0xee, 0xd7, 0xee, 0xd7, 0xee, 0xd7, 0xee, 0xd7, 0xee, 0xd7, 0xee, 0xd7, 0xee,
    0xd7, 0xee, 0xf8, 0xee, 0xd7, 0xee, 0xd7, 0xee, 0xd7, 0xee, 0xd7, 0xee, 0xf8, 0xee, 0xd7, 0xee,
    0xd7, 0xee, 0xf8, 0xee, 0xf8, 0xee, 0xf8, 0xee, 0xf8, 0xee, 0xf8, 0xee, 0xf8, 0xee, 0xf8, 0xee,
    0xf8, 0xee, 0xf8, 0xee, 0xf8, 0xee, 0xf8, 0xee, 0xd7, 0xee, 0xd7, 0xee, 0xd7, 0xee, 0xd7, 0xee,
    0xd7, 0xee, 0xd7, 0xee, 0xd7, 0xee, 0xf8, 0xee, 0xf8, 0xee, 0xf8, 0xee, 0xf8, 0xee, 0xf8, 0xee,
    0xf8, 0xee, 0xd7, 0xee, 0xd7, 0xee, 0xf8, 0xee, 0xf8, 0xee, 0xf8, 0xee, 0xf8, 0xee, 0xf8, 0xee,
    0xf8, 0xee, 0xf8, 0xee, 0xf8, 0xee, 0xf8, 0xee, 0xd7, 0xee, 0xf8, 0xee, 0xd7, 0xee, 0xd7, 0xee,
    0xd7, 0xee, 0xd7, 0xee, 0xf8, 0xee, 0xd7, 0xee, 0xd7, 0xee, 0xd7, 0xee, 0xd7, 0xee, 0xf8, 0xee,
    0xf8, 0xee, 0xf8, 0xee, 0xf8, 0xee, 0xf8, 0xee, 0xf8, 0xee, 0xf8, 0xee, 0xd7, 0xee, 0xd7, 0xee,
    0xd7, 0xee, 0xf8, 0xee, 0xf8, 0xee, 0xf8, 0xee, 0xf8, 0xee, 0xd7, 0xee, 0xf8, 0xee, 0xf8, 0xee,
    0xf8, 0xee, 0xd7, 0xee, 0xd7, 0xee, 0xf8, 0xee, 0xf8, 0xee, 0xf8, 0xee, 0xf8, 0xee, 0xf8, 0xee,
    0xf8, 0xee, 0xf8, 0xee, 0xf8, 0xee, 0xf8, 0xee, 0xf8, 0xee, 0xd7, 0xee, 0xd7, 0xee, 0xd7, 0xee,
    0xf8, 0xee, 0xf8, 0xee, 0xf8, 0xee, 0xf8, 0xee, 0xd7, 0xee, 0xf8, 0xee, 0xd7, 0xee, 0xd7, 0xee,
    0xd7, 0xee, 0xd7, 0xee, 0xd7, 0xee, 0xd7, 0xee, 0xd7, 0xee, 0xd7, 0xee, 0xf8, 0xee, 0xd7, 0xee,
    0xf8, 0xee, 0xf8, 0xee, 0xd7, 0xee, 0xd7, 0xee, 0xd7, 0xee, 0xd7, 0xee, 0xf8, 0xee, 0xf8, 0xee,
    0xd7, 0xee, 0xd7, 0xee, 0xd7, 0xee, 0xd7, 0xee, 0xd7, 0xee, 0xd7, 0xee, 0xf8, 0xee, 0xf8, 0xee,
    0xd7, 0xee, 0xd7, 0xee, 0xd7, 0xee, 0xd7, 0xee, 0xd7, 0xee, 0xd7, 0xee, 0xd7, 0xee, 0xd7, 0xee,
    0xf8, 0xee, 0xd7, 0xee, 0xd7, 0xee, 0xd7, 0xee, 0xd7, 0xee, 0xd7, 0xee, 0xd7, 0xee, 0xd7, 0xee,
    0xd7, 0xee, 0xd7, 0xee, 0xd7, 0xee, 0xd7, 0xee, 0xd7, 0xee, 0xd7, 0xee, 0xf8, 0xee, 0xd7, 0xee,
    0xd7, 0xee, 0xd7, 0xee, 0xf8, 0xee, 0xf8, 0xee, 0xf8, 0xee, 0xf8, 0xee, 0xd7, 0xee, 0xd7, 0xee,
    0xd7, 0xee, 0xf8, 0xee, 0xd7, 0xee, 0xd7, 0xee, 0xd7, 0xee, 0xd7, 0xee, 0xf8, 0xee, 0xf8, 0xee,
    0xf8, 0xee, 0xf8, 0xee, 0xd7, 0xee, 0xf8, 0xee, 0xf8, 0xee, 0xf8, 0xee, 0xf8, 0xee, 0xf8, 0xee,
    0xd7, 0xee, 0xd7, 0xee, 0xf8, 0xee, 0xf8, 0xee, 0xf8, 0xee, 0xf8, 0xee, 0xf8, 0xee, 0xd7, 0xee,
    0xf8, 0xee, 0xd7, 0xee, 0xd7, 0xee, 0xf8, 0xee, 0xd7, 0xee, 0xd7, 0xee, 0xf8, 0xee, 0xf8, 0xee,
    0xd7, 0xee, 0xf8, 0xee, 0xf8, 0xee, 0xf8, 0xee, 0xf8, 0xee, 0xf8, 0xee, 0xd7, 0xee, 0xd7, 0xee,
    0xd7, 0xee, 0xf8, 0xee, 0xf8, 0xee, 0xd7, 0xee, 0xd7, 0xee, 0xd7, 0xee, 0xd7, 0xee, 0xf8, 0xee,
    0xf8, 0xee, 0xf8, 0xee, 0xf8, 0xee, 0xf8, 0xee, 0xf8, 0xee, 0xf8, 0xee, 0xd7, 0xee, 0xf8, 0xee,
    0xf8, 0xee, 0xf8, 0xee, 0xd7, 0xee, 0xf8, 0xee, 0xd7, 0xee, 0xf8, 0xee, 0xd7, 0xee, 0xd7, 0xee,
    0xd7, 0xee, 0xd7, 0xee, 0xd7, 0xee, 0xf8, 0xee, 0xd7, 0xee, 0xf8, 0xee, 0xf8, 0xee, 0xd7, 0xee,
    0xd7, 0xee, 0xd7, 0xee, 0xd7, 0xee, 0xd7, 0xee, 0xd7, 0xee, 0xd7, 0xee, 0xd7, 0xee, 0xd7, 0xee,
    0xd7, 0xee, 0xd7, 0xee, 0xd7, 0xee, 0xd7, 0xee, 0xf8, 0xee, 0xd7, 0xee, 0xd7, 0xee, 0xd7, 0xee,
    0xf8, 0xee, 0xf8, 0xee, 0xf8, 0xee, 0xf8, 0xee, 0xd7, 0xee, 0xd7, 0xee, 0xf8, 0xee, 0xf8, 0xee,
    0xd7, 0xee, 0xd7, 0xee, 0xf8, 0xee, 0xd7, 0xee, 0xf8, 0xee, 0xf8, 0xee, 0xf8, 0xee, 0xf8, 0xee,
    0xf8, 0xee, 0xf8, 0xee, 0xf8, 0xee, 0xf8, 0xee, 0xd7, 0xee, 0xd7, 0xee, 0xd7, 0xee, 0xd7, 0xee,
    0xd7, 0xee, 0xd7, 0xee, 0xd7, 0xee, 0xd7, 0xee, 0xd7, 0xee, 0xd7, 0xee, 0xd7, 0xee, 0xf8, 0xee,
    0xd7, 0xee, 0xd7, 0xee, 0xd7, 0xee, 0xd7, 0xee, 0xf8, 0xee, 0xf8, 0xee, 0xf8, 0xee, 0xf8, 0xee,
    0xf8, 0xee, 0xf8, 0xee, 0xf8, 0xee, 0xf8, 0xee, 0xf8, 0xee, 0xd7, 0xee, 0xd7, 0xee, 0xd7, 0xee,
    0xd7, 0xee, 0xd7, 0xee, 0xd7, 0xee, 0xd7, 0xee, 0xd7, 0xee, 0xd7, 0xee, 0xd7, 0xee, 0xd7, 0xee,
    0xf8, 0xee, 0xf8, 0xee, 0xd7, 0xee, 0xd7, 0xee, 0xf8, 0xee, 0xd7, 0xee, 0xd7, 0xee, 0xd7, 0xee,
    0xd7, 0xee, 0xd7, 0xee, 0xf8, 0xee, 0xf8, 0xee, 0xf8, 0xee, 0xf8, 0xee, 0xf8, 0xee, 0xf8, 0xee,
    0xf8, 0xee, 0xd7, 0xee, 0xd7, 0xee, 0xd7, 0xee, 0xf8, 0xee, 0xf8, 0xee, 0xf8, 0xee, 0xd7, 0xee,
    0xf8, 0xee, 0xf8, 0xee, 0xf8, 0xee, 0xf8, 0xee, 0xf8, 0xee, 0xf8, 0xee, 0xd7, 0xee, 0xd7, 0xee,
    0xf8, 0xee, 0xd7, 0xee, 0xf8, 0xee, 0xf8, 0xee, 0xf8, 0xee, 0xd7, 0xee, 0xf8, 0xee, 0xf8, 0xee,
    0xf8, 0xee, 0xf8, 0xee, 0xd7, 0xee, 0xd7, 0xee, 0xf8, 0xee, 0xd7, 0xee, 0xf8, 0xee, 0xd7, 0xee,
    0xf8, 0xee, 0xf8, 0xee, 0xd7, 0xee, 0xd7, 0xee, 0xf8, 0xee, 0xd7, 0xee, 0xd7, 0xee, 0xd7, 0xee,
    0xd7, 0xee, 0xd7, 0xee, 0xd7, 0xee, 0xd7, 0xee, 0xf8, 0xee, 0xd7, 0xee, 0xf8, 0xee, 0xf8, 0xee,
    0xd7, 0xee, 0xf8, 0xee, 0xf8, 0xee, 0xd7, 0xee, 0xd7, 0xee, 0xd7, 0xee, 0xd7, 0xee, 0xf8, 0xee,
    0xd7, 0xee, 0xd7, 0xee, 0xd7, 0xee, 0xd7, 0xee, 0xf8, 0xee, 0xd7, 0xee, 0xd7, 0xee, 0xd7, 0xee,
    0xd7, 0xee, 0xd7, 0xee, 0xd7, 0xee, 0xd7, 0xee, 0xd7, 0xee, 0xd7, 0xee, 0xf8, 0xee, 0xd7, 0xee,
    0xf8, 0xee, 0xf8, 0xee, 0xd7, 0xee, 0xd7, 0xee, 0xf8, 0xee, 0xf8, 0xee, 0xf8, 0xee, 0xd7, 0xee,
    0xd7, 0xee, 0xd7, 0xee, 0xd7, 0xee, 0xd7, 0xee, 0xd7, 0xee, 0xd7, 0xee, 0xf8, 0xee, 0xf8, 0xee,
    0xf8, 0xee, 0xf8, 0xee, 0xd7, 0xee, 0xd7, 0xee, 0xd7, 0xee, 0xd7, 0xee, 0xf8, 0xee, 0xf8, 0xee,
    0xf8, 0xee, 0xd7, 0xee, 0xd7, 0xee, 0xf8, 0xee, 0xf8, 0xee, 0xf8, 0xee, 0xd7, 0xee, 0xd7, 0xee,
    0xd7, 0xee, 0xd7, 0xee, 0xf8, 0xee, 0xf8, 0xee, 0xd7, 0xee, 0xf8, 0xee, 0xf8, 0xee, 0xf8, 0xee,
    0xd7, 0xee, 0xf8, 0xee, 0xd7, 0xee, 0xd7, 0xee, 0xf8, 0xee, 0xf8, 0xee, 0xf8, 0xee, 0xd7, 0xee,
    0xf8, 0xee, 0xf8, 0xee, 0xd7, 0xee, 0xf8, 0xee, 0xd7, 0xee, 0xf8, 0xee, 0xd7, 0xee, 0xd7, 0xee,
    0xf8, 0xee, 0xf8, 0xee, 0xf8, 0xee, 0xf8, 0xee, 0xd7, 0xee, 0xf8, 0xee, 0xf8, 0xee, 0xf8, 0xee,
    0xf8, 0xee, 0xf8, 0xee, 0xd7, 0xee, 0xf8, 0xee, 0xd7, 0xee, 0xf8, 0xee, 0xd7, 0xee, 0xd7, 0xee,
    0xd7, 0xee, 0xd7, 0xee, 0xd7, 0xee, 0xf8, 0xee, 0xd7, 0xee, 0xd7, 0xee, 0xf8, 0xee, 0xf8, 0xee,
    0xd7, 0xee, 0xd7, 0xee, 0xd7, 0xee, 0xd7, 0xee, 0xd7, 0xee, 0xd7, 0xee, 0xf8, 0xee, 0xf8, 0xee,
    0xd7, 0xee, 0xf8, 0xee, 0xd7, 0xee, 0xf8, 0xee, 0xf8, 0xee, 0xf8, 0xee, 0xd7, 0xee, 0xf8, 0xee,
    0xf8, 0xee, 0xf8, 0xee, 0xf8, 0xee, 0xf8, 0xee, 0xf8, 0xee, 0xd7, 0xee, 0xd7, 0xee, 0xf8, 0xee,
    0xf8, 0xee, 0xd7, 0xee, 0xf8, 0xee, 0xf8, 0xee, 0xf8, 0xee, 0xf8, 0xee, 0xd7, 0xee, 0xd7, 0xee,
    0xd7, 0xee, 0xf8, 0xee, 0xf8, 0xee, 0xd7, 0xee, 0xf8, 0xee, 0xd7, 0xee, 0xd7, 0xee, 0xf8, 0xee,
    0xd7, 0xee, 0xd7, 0xee, 0xf8, 0xee, 0xd7, 0xee, 0xd7, 0xee, 0xf8, 0xee, 0xd7, 0xee, 0xf8, 0xee,
    0xf8, 0xee, 0xd7, 0xee, 0xd7, 0xee, 0xd7, 0xee, 0xf8, 0xee, 0xf8, 0xee, 0xf8, 0xee, 0xf8, 0xee,
    0xf8, 0xee, 0xf8, 0xee, 0xd7, 0xee, 0xf8, 0xee, 0xf8, 0xee, 0xd7, 0xee, 0xd7, 0xee, 0xf8, 0xee,
    0xd7, 0xee, 0xd7, 0xee, 0xd7, 0xee, 0xd7, 0xee, 0xd7, 0xee, 0xd7, 0xee, 0xd7, 0xee, 0xd7, 0xee,
    0xf8, 0xee, 0xd7, 0xee, 0xd7, 0xee, 0xd7, 0xee, 0xf8, 0xee, 0xd7, 0xee, 0xd7, 0xee, 0xd7, 0xee,
    0xd7, 0xee, 0xd7, 0xee, 0xf8, 0xee, 0xd7, 0xee, 0xf8, 0xee, 0xf8, 0xee, 0xf8, 0xee, 0xf8, 0xee,
    0xd7, 0xee, 0xd7, 0xee, 0xd7, 0xee, 0xf8, 0xee, 0xd7, 0xee, 0xd7, 0xee, 0xd7, 0xee, 0xd7, 0xee,
    0xf8, 0xee, 0xf8, 0xee, 0xf8, 0xee, 0xd7, 0xee, 0xf8, 0xee, 0xf8, 0xee, 0xd7, 0xee, 0xf8, 0xee,
    0xf8, 0xee, 0xf8, 0xee, 0xf8, 0xee, 0xf8, 0xee, 0xf8, 0xee, 0xd7, 0xee, 0xd7, 0xee, 0xf8, 0xee,
    0xd7, 0xee, 0xf8, 0xee, 0xf8, 0xee, 0xd7, 0xee, 0xf8, 0xee, 0xf8, 0xee, 0xd7, 0xee, 0xd7, 0xee,
    0xf8, 0xee, 0xf8, 0xee, 0xf8, 0xee, 0xd7, 0xee, 0xf8, 0xee, 0xf8, 0xee, 0xd7, 0xee, 0xd7, 0xee,
    0xf8, 0xee, 0xd7, 0xee, 0xf8, 0xee, 0xd7, 0xee, 0xd7, 0xee, 0xf8, 0xee, 0xf8, 0xee, 0xd7, 0xee,
    0xd7, 0xee, 0xf8, 0xee, 0xf8, 0xee, 0xd7, 0xee, 0xd7, 0xee, 0xd7, 0xee, 0xf8, 0xee, 0xf8, 0xee,
    0xd7, 0xee, 0xd7, 0xee, 0xd7, 0xee, 0xd7, 0xee, 0xf8, 0xee, 0xd7, 0xee, 0xd7, 0xee, 0xd7, 0xee,
    0xd7, 0xee, 0xd7, 0xee, 0xd7, 0xee, 0xd7, 0xee, 0xd7, 0xee, 0xd7, 0xee, 0xd7, 0xee, 0xd7, 0xee,
    0xf8, 0xee, 0xd7, 0xee, 0xd7, 0xee, 0xd7, 0xee, 0xd7, 0xee, 0xd7, 0xee, 0xd7, 0xee, 0xd7, 0xee,
    0xd7, 0xee, 0xd7, 0xee, 0xd7, 0xee, 0xd7, 0xee, 0xd7, 0xee, 0xf8, 0xee, 0xf8, 0xee, 0xf8, 0xee,
    0xf8, 0xee, 0xd7, 0xee, 0xd7, 0xee, 0xf8, 0xee, 0xd7, 0xee, 0xd7, 0xee, 0xf8, 0xee, 0xf8, 0xee,
    0xf8, 0xee, 0xd7, 0xee, 0xf8, 0xee, 0xf8, 0xee, 0xd7, 0xee, 0xf8, 0xee, 0xf8, 0xee, 0xd7, 0xee,
    0xd7, 0xee, 0xd7, 0xee, 0xf8, 0xee, 0xf8, 0xee, 0xf8, 0xee, 0xf8, 0xee, 0xf8, 0xee, 0xd7, 0xee,
    0xd7, 0xee, 0xd7, 0xee, 0xd7, 0xee, 0xd7, 0xee, 0xf8, 0xee, 0xf8, 0xee, 0xf8, 0xee, 0xf8, 0xee,
    0xf8, 0xee, 0xf8, 0xee, 0xd7, 0xee, 0xd7, 0xee, 0xf8, 0xee, 0xf8, 0xee, 0xd7, 0xee, 0xd7, 0xee,
    0xd7, 0xee, 0xf8, 0xee, 0xd7, 0xee, 0xf8, 0xee, 0xf8, 0xee, 0xd7, 0xee, 0xd7, 0xee, 0xf8, 0xee,
    0xf8, 0xee, 0xf8, 0xee, 0xf8, 0xee, 0xd7, 0xee, 0xf8, 0xee, 0xf8, 0xee, 0xd7, 0xee, 0xd7, 0xee,
    0xd7, 0xee, 0xd7, 0xee, 0xd7, 0xee, 0xd7, 0xee, 0xf8, 0xee, 0xf8, 0xee, 0xf8, 0xee, 0xf8, 0xee,
    0xd7, 0xee, 0xb6, 0xe6, 0xd7, 0xee, 0xd7, 0xee, 0xd7, 0xee, 0xd7, 0xee, 0xd7, 0xee, 0xf8, 0xee,
    0xf8, 0xee, 0xf8, 0xee, 0xd7, 0xee, 0xf8, 0xee, 0xf8, 0xee, 0xf8, 0xee, 0xd7, 0xee, 0xf8, 0xee,
    0xd7, 0xee, 0xf8, 0xee, 0xf8, 0xee, 0xd7, 0xee, 0xf8, 0xee, 0xf8, 0xee, 0xf8, 0xee, 0xf8, 0xee,
    0xf8, 0xee, 0xf8, 0xee, 0xf8, 0xee, 0xf8, 0xee, 0xf8, 0xee, 0xf8, 0xee, 0xd7, 0xee, 0xd7, 0xee,
    0xd7, 0xee, 0xd7, 0xee, 0xf8, 0xee, 0xd7, 0xee, 0xf8, 0xee, 0xd7, 0xee, 0xd7, 0xee, 0xd7, 0xee,
    0xd7, 0xee, 0xd7, 0xee, 0xd7, 0xee, 0xd7, 0xee, 0xd7, 0xee, 0xf8, 0xee, 0xd7, 0xee, 0xf8, 0xee,
    0xd7, 0xee, 0xd7, 0xee, 0xf8, 0xee, 0xf8, 0xee, 0xd7, 0xee, 0xf8, 0xee, 0xf8, 0xee, 0xf8, 0xee,
    0xd7, 0xee, 0xd7, 0xee, 0xf8, 0xee, 0xf8, 0xee, 0xd7, 0xee, 0xd7, 0xee, 0xd7, 0xee, 0xd7, 0xee,
    0xd7, 0xee, 0xd7, 0xee, 0xd7, 0xee, 0xd7, 0xee, 0xd7, 0xee, 0xd7, 0xee, 0xd7, 0xee, 0xd7, 0xee,
    0xd7, 0xee, 0xf8, 0xee, 0xd7, 0xee, 0xd7, 0xee, 0xf8, 0xee, 0xf8, 0xee, 0xd7, 0xee, 0xf8, 0xee,
    0xf8, 0xee, 0xd7, 0xee, 0xf8, 0xee, 0xf8, 0xee, 0xd7, 0xee, 0xf8, 0xee, 0xd7, 0xee, 0xd7, 0xee,
    0xd7, 0xee, 0xd7, 0xee, 0xd7, 0xee, 0xd7, 0xee, 0xd7, 0xee, 0xd7, 0xee, 0xd7, 0xee, 0xd7, 0xee,
    0xf8, 0xee, 0xf8, 0xee, 0xf8, 0xee, 0xd7, 0xee, 0xd7, 0xee, 0xd7, 0xee, 0xd7, 0xee, 0xf8, 0xee,
    0xf8, 0xee, 0xf8, 0xee, 0xf8, 0xee, 0xd7, 0xee, 0xf8, 0xee, 0xf8, 0xee, 0xd7, 0xee, 0xf8, 0xee,
    0xf8, 0xee, 0xd7, 0xee, 0xf8, 0xee, 0xf8, 0xee, 0xd7, 0xee, 0xf8, 0xee, 0xd7, 0xee, 0xb6, 0xe6,
    0xf8, 0xee, 0xf8, 0xee, 0xf8, 0xee, 0xf8, 0xee, 0xf8, 0xee, 0xd7, 0xee, 0xd7, 0xee, 0xd7, 0xee,
    0xd7, 0xee, 0xd7, 0xee, 0xf8, 0xee, 0xd7, 0xee, 0xd7, 0xee, 0xf8, 0xee, 0xd7, 0xee, 0xd7, 0xee,
    0xf8, 0xee, 0xf8, 0xee, 0xf8, 0xee, 0xd7, 0xee, 0xd7, 0xee, 0xf8, 0xee, 0xf8, 0xee, 0xf8, 0xee,
    0xd7, 0xee, 0xd7, 0xee, 0xd7, 0xee, 0xd7, 0xee, 0xd7, 0xee, 0xd7, 0xee, 0xd7, 0xee, 0xf8, 0xee,
    0xd7, 0xee, 0xd7, 0xee, 0xf8, 0xee, 0xd7, 0xee, 0xd7, 0xee, 0xf8, 0xee, 0xf8, 0xee, 0xd7, 0xee,
    0xf8, 0xee, 0xd7, 0xee, 0xd7, 0xee, 0xd7, 0xee, 0xd7, 0xee, 0xd7, 0xee, 0xd7, 0xee, 0xd7, 0xee,
    0xd7, 0xee, 0xd7, 0xee, 0xd7, 0xee, 0xd7, 0xee, 0xd7, 0xee, 0xd7, 0xee, 0xd7, 0xee, 0xd7, 0xee,
    0xf8, 0xee, 0xf8, 0xee, 0xf8, 0xee, 0xd7, 0xee, 0xd7, 0xee, 0xd7, 0xee, 0xf8, 0xee, 0xf8, 0xee,
    0xf8, 0xee, 0xf8, 0xee, 0xf8, 0xee, 0xd7, 0xee, 0xd7, 0xee, 0xd7, 0xee, 0xd7, 0xee, 0xf8, 0xee,
    0xf8, 0xee, 0xd7, 0xee, 0xd7, 0xee, 0xd7, 0xee, 0xd7, 0xee, 0xf8, 0xee, 0xf8, 0xee, 0xf8, 0xee,
    0xd7, 0xee, 0xd7, 0xee, 0xd7, 0xee, 0xd7, 0xee, 0xf8, 0xee, 0xf8, 0xee, 0xf8, 0xee, 0xd7, 0xee,
    0xf8, 0xee, 0xf8, 0xee, 0xf8, 0xee, 0xd7, 0xee, 0xd7, 0xee, 0xf8, 0xee, 0xf8, 0xee, 0xd7, 0xee,
    0xf8, 0xee, 0xf8, 0xee, 0xd7, 0xee, 0xf8, 0xee, 0xd7, 0xee, 0xd7, 0xee, 0xd7, 0xee, 0xd7, 0xee,
    0xf8, 0xee, 0xd7, 0xee, 0xd7, 0xee, 0xd7, 0xee, 0xd7, 0xee, 0xd7, 0xee, 0xf8, 0xee, 0xd7, 0xee,
    0xd7, 0xee, 0xd7, 0xee, 0xf8, 0xee, 0xf8, 0xee, 0xd7, 0xee, 0xf8, 0xee, 0xf8, 0xee, 0xd7, 0xee,
    0xd7, 0xee, 0xd7, 0xee, 0xd7, 0xee, 0xd7, 0xee, 0xd7, 0xee, 0xf8, 0xee, 0xf8, 0xee, 0xf8, 0xee,
    0xf8, 0xee, 0xf8, 0xee, 0xd7, 0xee, 0xd7, 0xee, 0xf8, 0xee, 0xd7, 0xee, 0xf8, 0xee, 0xd7, 0xee,
    0xf8, 0xee, 0xf8, 0xee, 0xf8, 0xee, 0xf8, 0xee, 0xf8, 0xee, 0xf8, 0xee, 0xf8, 0xee, 0xd7, 0xee,
    0xd7, 0xee, 0xd7, 0xee, 0xd7, 0xee, 0xf8, 0xee, 0xf8, 0xee, 0xd7, 0xee, 0xf8, 0xee, 0xd7, 0xee,
    0xd7, 0xee, 0xd7, 0xee, 0xd7, 0xee, 0xd7, 0xee, 0xf8, 0xee, 0xd7, 0xee, 0xd7, 0xee, 0xd7, 0xee,
    0xd7, 0xee, 0xd7, 0xee, 0xd7, 0xee, 0xd7, 0xee, 0xd7, 0xee, 0xf8, 0xee, 0xd7, 0xee, 0xd7, 0xee,
    0xd7, 0xee, 0xd7, 0xee, 0xf8, 0xee, 0xf8, 0xee, 0xd7, 0xee, 0xf8, 0xee, 0xf8, 0xee, 0xd7, 0xee,
    0xd7, 0xee, 0xd7, 0xee, 0xf8, 0xee, 0xf8, 0xee, 0xd7, 0xee, 0xd7, 0xee, 0xd7, 0xee, 0xd7, 0xee,
    0xd7, 0xee, 0xd7, 0xee, 0xd7, 0xee, 0xd7, 0xee, 0xd7, 0xee, 0xd7, 0xee, 0xf8, 0xee, 0xd7, 0xee,
    0xd7, 0xee, 0xf8, 0xee, 0xd7, 0xee, 0xf8, 0xee, 0xf8, 0xee, 0xf8, 0xee, 0xf8, 0xee, 0xf8, 0xee,
    0xf8, 0xee, 0xf8, 0xee, 0xf8, 0xee, 0xd7, 0xee, 0xf8, 0xee, 0xf8, 0xee, 0xd7, 0xee, 0xd7, 0xee,
    0xd7, 0xee, 0xd7, 0xee, 0xd7, 0xee, 0xf8, 0xee, 0xf8, 0xee, 0xd7, 0xee, 0xf8, 0xee, 0xd7, 0xee,
    0xd7, 0xee, 0xf8, 0xee, 0xf8, 0xee, 0xd7, 0xee, 0xd7, 0xee, 0xd7, 0xee, 0xf8, 0xee, 0xf8, 0xee,
    0xf8, 0xee, 0xf8, 0xee, 0xd7, 0xee, 0xd7, 0xee, 0xf8, 0xee, 0xf8, 0xee, 0xd7, 0xee, 0xd7, 0xee,
    0xf8, 0xee, 0xf8, 0xee, 0xf8, 0xee, 0xf8, 0xee, 0xf8, 0xee, 0xf8, 0xee, 0xf8, 0xee, 0x75, 0xe6,
    0xd7, 0xee, 0xf8, 0xee, 0xd7, 0xee, 0xf8, 0xee, 0xd7, 0xee, 0xd7, 0xee, 0xf8, 0xee, 0xf8, 0xee,
    0xd7, 0xee, 0xd7, 0xee, 0xf8, 0xee, 0xd7, 0xee, 0xd7, 0xee, 0xd7, 0xee, 0xd7, 0xee, 0xf8, 0xee,
    0xf8, 0xee, 0xf8, 0xee, 0xf8, 0xee, 0xf8, 0xee, 0xd7, 0xee, 0xf8, 0xee, 0xf8, 0xee, 0xf8, 0xee,
    0xd7, 0xee, 0xf8, 0xee, 0xd7, 0xee, 0xd7, 0xee, 0xd7, 0xee, 0xd7, 0xee, 0xd7, 0xee, 0xf8, 0xee,
    0xd7, 0xee, 0xd7, 0xee, 0xf8, 0xee, 0xd7, 0xee, 0xd7, 0xee, 0xf8, 0xee, 0xf8, 0xee, 0xf8, 0xee,
    0xd7, 0xee, 0xd7, 0xee, 0xd7, 0xee, 0xd7, 0xee, 0xf8, 0xee, 0xd7, 0xee, 0xf8, 0xee, 0xf8, 0xee,
    0xd7, 0xee, 0xd7, 0xee, 0xd7, 0xee, 0xd7, 0xee, 0xd7, 0xee, 0xf8, 0xee, 0xf8, 0xee, 0xf8, 0xee,
    0xd7, 0xee, 0xd7, 0xee, 0xf8, 0xee, 0xd7, 0xee, 0xd7, 0xee, 0xd7, 0xee, 0xd7, 0xee, 0xf8, 0xee,
    0xf8, 0xee, 0xf8, 0xee, 0xf8, 0xee, 0xd7, 0xee, 0xd7, 0xee, 0xd7, 0xee, 0xf8, 0xee, 0xf8, 0xee,
    0xf8, 0xee, 0xd7, 0xee, 0xf8, 0xee, 0xd7, 0xee, 0xf8, 0xee, 0xd7, 0xee, 0xf8, 0xee, 0xd7, 0xee,
    0xd7, 0xee, 0xd7, 0xee, 0xf8, 0xee, 0xd7, 0xee, 0xf8, 0xee, 0xf8, 0xee, 0xf8, 0xee, 0xf8, 0xee,
    0xf8, 0xee, 0xf8, 0xee, 0xd7, 0xee, 0xf8, 0xee, 0xf8, 0xee, 0xf8, 0xee, 0xf8, 0xee, 0xf8, 0xee,
    0xd7, 0xee, 0xf8, 0xee, 0xf8, 0xee, 0xf8, 0xee, 0xd7, 0xee, 0xf8, 0xee, 0xd7, 0xee, 0xd7, 0xee,
    0xf8, 0xee, 0xd7, 0xee, 0xd7, 0xee, 0xf8, 0xee, 0xd7, 0xee, 0xd7, 0xee, 0xf8, 0xee, 0xd7, 0xee,
    0xd7, 0xee, 0xd7, 0xee, 0xf8, 0xee, 0xf8, 0xee, 0xd7, 0xee, 0xf8, 0xee, 0xf8, 0xee, 0xd7, 0xee,
    0xd7, 0xee, 0xd7, 0xee, 0xd7, 0xee, 0xd7, 0xee, 0xd7, 0xee, 0xf8, 0xee, 0xf8, 0xee, 0xd7, 0xee,
    0xf8, 0xee, 0xf8, 0xee, 0xf8, 0xee, 0xf8, 0xee, 0xf8, 0xee, 0xf8, 0xee, 0xf8, 0xee, 0xf8, 0xee,
    0xf8, 0xee, 0xf8, 0xee, 0xf8, 0xee, 0xf8, 0xee, 0xf8, 0xee, 0xf8, 0xee, 0xf8, 0xee, 0xf8, 0xee,
    0xf8, 0xee, 0xd7, 0xee, 0xd7, 0xee, 0xd7, 0xee, 0xf8, 0xee, 0xd7, 0xee, 0xd7, 0xee, 0xf8, 0xee,
    0xf8, 0xee, 0xd7, 0xee, 0xd7, 0xee, 0xd7, 0xee, 0xf8, 0xee, 0xd7, 0xee, 0xd7, 0xee, 0xd7, 0xee,
    0xd7, 0xee, 0xd7, 0xee, 0xd7, 0xee, 0xd7, 0xee, 0xd7, 0xee, 0xd7, 0xee, 0xd7, 0xee, 0xd7, 0xee,
    0xd7, 0xee, 0xf8, 0xee, 0xf8, 0xee, 0xf8, 0xee, 0xd7, 0xee, 0xf8, 0xee, 0xf8, 0xee, 0xd7, 0xee,
    0xf8, 0xee, 0xf8, 0xee, 0xd7, 0xee, 0xf8, 0xee, 0xf8, 0xee, 0xd7, 0xee, 0xd7, 0xee, 0xd7, 0xee,
    0xd7, 0xee, 0xd7, 0xee, 0xd7, 0xee, 0xd7, 0xee, 0xd7, 0xee, 0xd7, 0xee, 0xd7, 0xee, 0xd7, 0xee,
    0xd7, 0xee, 0xd7, 0xee, 0xf8, 0xee, 0xf8, 0xee, 0xf8, 0xee, 0xd7, 0xee, 0xf8, 0xee, 0xf8, 0xee,
    0xd7, 0xee, 0xf8, 0xee, 0xf8, 0xee, 0xf8, 0xee, 0xd7, 0xee, 0xf8, 0xee, 0xd7, 0xee, 0xd7, 0xee,
    0xd7, 0xee, 0xd7, 0xee, 0xd7, 0xee, 0xd7, 0xee, 0xf8, 0xee, 0xd7, 0xee, 0xd7, 0xee, 0xf8, 0xee,
    0xd7, 0xee, 0xd7, 0xee, 0xd7, 0xee, 0xd7, 0xee, 0xd7, 0xee, 0xd7, 0xee, 0xf8, 0xee, 0xd7, 0xee,
    0xf8, 0xee, 0xf8, 0xee, 0xd7, 0xee, 0xf8, 0xee, 0xf8, 0xee, 0xf8, 0xee, 0xf8, 0xee, 0xd7, 0xee,
    0xf8, 0xee, 0xf8, 0xee, 0xf8, 0xee, 0xf8, 0xee, 0xf8, 0xee, 0xf8, 0xee, 0xf8, 0xee, 0xb6, 0xe6,
    0x95, 0xe6, 0xf8, 0xee, 0xf8, 0xee, 0xf8, 0xee, 0xd7, 0xee, 0xd7, 0xee, 0xf8, 0xee, 0xf8, 0xee,
    0xd7, 0xee, 0xf8, 0xee, 0xf8, 0xee, 0xd7, 0xee, 0xd7, 0xee, 0xd7, 0xee, 0xd7, 0xee, 0xd7, 0xee,
    0xd7, 0xee, 0xf8, 0xee, 0xf8, 0xee, 0xd7, 0xee, 0xd7, 0xee, 0xd7, 0xee, 0xf8, 0xee, 0xd7, 0xee,
    0xd7, 0xee, 0xd7, 0xee, 0xd7, 0xee, 0xd7, 0xee, 0xd7, 0xee, 0xf8, 0xee, 0xd7, 0xee, 0xd7, 0xee,
    0xd7, 0xee, 0xd7, 0xee, 0xd7, 0xee, 0xd7, 0xee, 0xd7, 0xee, 0xf8, 0xee, 0xd7, 0xee, 0xd7, 0xee,
    0xf8, 0xee, 0xd7, 0xee, 0xd7, 0xee, 0xd7, 0xee, 0xd7, 0xee, 0xd7, 0xee, 0xf8, 0xee, 0xd7, 0xee,
    0x75, 0xe6, 0xd7, 0xee, 0xf8, 0xee, 0xd7, 0xee, 0xf8, 0xee, 0xf8, 0xee, 0xd7, 0xee, 0xd7, 0xee,
    0xd7, 0xee, 0xd7, 0xee, 0xd7, 0xee, 0xd7, 0xee, 0xd7, 0xee, 0xd7, 0xee, 0xd7, 0xee, 0xf8, 0xee,
    0xd7, 0xee, 0xf8, 0xee, 0xf8, 0xee, 0xf8, 0xee, 0xf8, 0xee, 0xd7, 0xee, 0xd7, 0xee, 0xd7, 0xee,
    0xd7, 0xee, 0xd7, 0xee, 0xf8, 0xee, 0xd7, 0xee, 0xd7, 0xee, 0xb6, 0xee, 0xd7, 0xee, 0xf8, 0xee,
    0xf8, 0xee, 0xf8, 0xee, 0xd7, 0xee, 0xf8, 0xee, 0xd7, 0xee, 0xd7, 0xee, 0xd7, 0xee, 0xf8, 0xee,
    0xf8, 0xee, 0xf8, 0xee, 0xd7, 0xee, 0xf8, 0xee, 0xf8, 0xee, 0xf8, 0xee, 0xd7, 0xee, 0xd7, 0xee,
    0xd7, 0xee, 0xd7, 0xee, 0xd7, 0xee, 0xf8, 0xee, 0xd7, 0xee, 0xf8, 0xee, 0xd7, 0xee, 0xd7, 0xee,
    0xf8, 0xee, 0xf8, 0xee, 0xd7, 0xee, 0xf8, 0xee, 0xd7, 0xee, 0xd7, 0xee, 0xf8, 0xee, 0xf8, 0xee,
    0xd7, 0xee, 0xd7, 0xee, 0xf8, 0xee, 0xf8, 0xee, 0xd7, 0xee, 0xd7, 0xee, 0xd7, 0xee, 0xf8, 0xee,
    0xd7, 0xee, 0xf8, 0xee, 0xd7, 0xee, 0xf8, 0xee, 0xd7, 0xee, 0xd7, 0xee, 0xd7, 0xee, 0xd7, 0xee,
    0xd7, 0xee, 0xf8, 0xee, 0xd7, 0xee, 0xd7, 0xee, 0xf8, 0xee, 0xf8, 0xee, 0xf8, 0xee, 0xf8, 0xee,
    0xd7, 0xee, 0xd7, 0xee, 0xf8, 0xee, 0xd7, 0xee, 0xd7, 0xee, 0xf8, 0xee, 0xf8, 0xee, 0xf8, 0xee,
    0xf8, 0xee, 0xf8, 0xee, 0xd7, 0xee, 0xf8, 0xee, 0xd7, 0xee, 0xd7, 0xee, 0xd7, 0xee, 0xf8, 0xee,
    0xf8, 0xee, 0xf8, 0xee, 0xf8, 0xee, 0xf8, 0xee, 0xf8, 0xee, 0xf8, 0xee, 0xf8, 0xee, 0xd7, 0xee,
    0xd7, 0xee, 0xf8, 0xee, 0xf8, 0xee, 0xf8, 0xee, 0xf8, 0xee, 0xd7, 0xee, 0xd7, 0xee, 0xd7, 0xee,
    0xd7, 0xee, 0xd7, 0xee, 0xf8, 0xee, 0xd7, 0xee, 0xd7, 0xee, 0xf8, 0xee, 0xf8, 0xee, 0xd7, 0xee,
    0xd7, 0xee, 0xd7, 0xee, 0xd7, 0xee, 0xd7, 0xee, 0xf8, 0xee, 0xf8, 0xee, 0xd7, 0xee, 0xd7, 0xee,
    0xd7, 0xee, 0xd7, 0xee, 0xd7, 0xee, 0xf8, 0xee, 0xd7, 0xee, 0xd7, 0xee, 0xd7, 0xee, 0xd7, 0xee,
    0xd7, 0xee, 0xd7, 0xee, 0xf8, 0xee, 0xf8, 0xee, 0xf8, 0xee, 0xd7, 0xee, 0xd7, 0xee, 0xf8, 0xee,
    0xd7, 0xee, 0xf8, 0xee, 0xf8, 0xee, 0xf8, 0xee, 0xf8, 0xee, 0xf8, 0xee, 0xd7, 0xee, 0xd7, 0xee,
    0xf8, 0xee, 0xd7, 0xee, 0xd7, 0xee, 0xd7, 0xee, 0xd7, 0xee, 0xd7, 0xee, 0xf8, 0xee, 0xf8, 0xee,
    0xf8, 0xee, 0xd7, 0xee, 0xd7, 0xee, 0xf8, 0xee, 0xf8, 0xee, 0xd7, 0xee, 0xd7, 0xee, 0xd7, 0xee,
    0xd7, 0xee, 0xd7, 0xee, 0xf8, 0xee, 0xf8, 0xee, 0xf8, 0xee, 0xf8, 0xee, 0xf8, 0xee, 0xf8, 0xee,
    0xf8, 0xee, 0xf8, 0xee, 0xd7, 0xee, 0xf8, 0xee, 0xd7, 0xee, 0xd7, 0xee, 0xf8, 0xee, 0xd7, 0xee,
    0xd7, 0xee, 0xf8, 0xee, 0xf8, 0xee, 0xf8, 0xee, 0xf8, 0xee, 0xd7, 0xee, 0xf8, 0xee, 0xf8, 0xee,
    0xf8, 0xee, 0xd7, 0xee, 0xd7, 0xee, 0xd7, 0xee, 0xd7, 0xee, 0xd7, 0xee, 0xd7, 0xee, 0xd7, 0xee,
    0xd7, 0xee, 0xd7, 0xee, 0xd7, 0xee, 0xd7, 0xee, 0xd7, 0xee, 0xd7, 0xee, 0xf8, 0xee, 0xf8, 0xee,
    0xd7, 0xee, 0xd7, 0xee, 0xd7, 0xee, 0xd7, 0xee, 0xf8, 0xee, 0xf8, 0xee, 0xf8, 0xee, 0xf8, 0xee,
    0xd7, 0xee, 0xd7, 0xee, 0xd7, 0xee, 0xd7, 0xee, 0xd7, 0xee, 0xf8, 0xee, 0xd7, 0xee, 0xd7, 0xee,
    0xd7, 0xee, 0xf8, 0xee, 0xd7, 0xee, 0xd7, 0xee, 0xd7, 0xee, 0xd7, 0xee, 0xd7, 0xee, 0x95, 0xe6,
    0x75, 0xe6, 0xd7, 0xee, 0xf8, 0xee, 0xd7, 0xee, 0xd7, 0xee, 0xf8, 0xee, 0xd7, 0xee, 0xd7, 0xee,
    0xf8, 0xee, 0xf8, 0xee, 0xd7, 0xee, 0xd7, 0xee, 0xf8, 0xee, 0xd7, 0xee, 0xd7, 0xee, 0xd7, 0xee,
    0xd7, 0xee, 0xf8, 0xee, 0xf8, 0xee, 0xf8, 0xee, 0xf8, 0xee, 0xf8, 0xee, 0xf8, 0xee, 0xd7, 0xee,
    0xd7, 0xee, 0xd7, 0xee, 0xf8, 0xee, 0xd7, 0xee, 0x95, 0xe6, 0x95, 0xe6, 0xd7, 0xee, 0xf8, 0xee,
    0xf8, 0xee, 0xf8, 0xee, 0xd7, 0xee, 0xd7, 0xee, 0xd7, 0xee, 0xd7, 0xee, 0xf8, 0xee, 0xf8, 0xee,
    0xd7, 0xee, 0xd7, 0xee, 0xd7, 0xee, 0xf8, 0xee, 0xf8, 0xee, 0xf8, 0xee, 0xf8, 0xee, 0xd7, 0xee,
    0xf8, 0xee, 0xd7, 0xee, 0xd7, 0xee, 0xd7, 0xee, 0xd7, 0xee, 0xd7, 0xee, 0xd7, 0xee, 0xf8, 0xee,
    0xf8, 0xee, 0xf8, 0xee, 0xd7, 0xee, 0xd7, 0xee, 0xf8, 0xee, 0xd7, 0xee, 0xf8, 0xee, 0xf8, 0xee,
    0xf8, 0xee, 0xf8, 0xee, 0xf8, 0xee, 0xf8, 0xee, 0xd7, 0xee, 0xf8, 0xee, 0xf8, 0xee, 0xd7, 0xee,
    0xd7, 0xee, 0xd7, 0xee, 0xf8, 0xee, 0xd7, 0xee, 0xd7, 0xee, 0xd7, 0xee, 0xd7, 0xee, 0xd7, 0xee,
    0xd7, 0xee, 0xf8, 0xee, 0xd7, 0xee, 0xd7, 0xee, 0xf8, 0xee, 0xd7, 0xee, 0xf8, 0xee, 0xf8, 0xee,
    0xf8, 0xee, 0xf8, 0xee, 0xf8, 0xee, 0xd7, 0xee, 0xf8, 0xee, 0xf8, 0xee, 0xd7, 0xee, 0xd7, 0xee,
    0xd7, 0xee, 0xf8, 0xee, 0xf8, 0xee, 0xf8, 0xee, 0xd7, 0xee, 0xf8, 0xee, 0xd7, 0xee, 0xd7, 0xee,
    0xf8, 0xee, 0xf8, 0xee, 0xd7, 0xee, 0xf8, 0xee, 0xf8, 0xee, 0xd7, 0xee, 0xd7, 0xee, 0xd7, 0xee,
    0xf8, 0xee, 0xf8, 0xee, 0xd7, 0xee, 0xf8, 0xee, 0xd7, 0xee, 0xd7, 0xee, 0xd7, 0xee, 0xd7, 0xee,
    0xd7, 0xee, 0xf8, 0xee, 0xf8, 0xee, 0xf8, 0xee, 0xd7, 0xee, 0xf8, 0xee, 0xf8, 0xee, 0xd7, 0xee,
    0xf8, 0xee, 0xf8, 0xee, 0xd7, 0xee, 0xd7, 0xee, 0xd7, 0xee, 0xd7, 0xee, 0xd7, 0xee, 0xd7, 0xee,
    0xf8, 0xee, 0xf8, 0xee, 0xd7, 0xee, 0xd7, 0xee, 0xd7, 0xee, 0xd7, 0xee, 0xd7, 0xee, 0xd7, 0xee,
    0xf8, 0xee, 0xf8, 0xee, 0xf8, 0xee, 0xd7, 0xee, 0xf8, 0xee, 0xd7, 0xee, 0xd7, 0xee, 0xf8, 0xee,
    0xf8, 0xee, 0xf8, 0xee, 0xf8, 0xee, 0xd7, 0xee, 0xf8, 0xee, 0xf8, 0xee, 0xd7, 0xee, 0xd7, 0xee,
    0xd7, 0xee, 0xf8, 0xee, 0xd7, 0xee, 0xd7, 0xee, 0xd7, 0xee, 0xf8, 0xee, 0xf8, 0xee, 0xf8, 0xee,
    0xf8, 0xee, 0xd7, 0xee, 0xd7, 0xee, 0xf8, 0xee, 0xd7, 0xee, 0xb6, 0xe6, 0xd7, 0xee, 0xd7, 0xee,
    0xd7, 0xee, 0xd7, 0xee, 0xf8, 0xee, 0xd7, 0xee, 0xf8, 0xee, 0xf8, 0xee, 0xf8, 0xee, 0xf8, 0xee,
    0xf8, 0xee, 0xf8, 0xee, 0xf8, 0xee, 0xf8, 0xee, 0xd7, 0xee, 0xd7, 0xee, 0xf8, 0xee, 0xf8, 0xee,
    0xf8, 0xee, 0xf8, 0xee, 0xf8, 0xee, 0xd7, 0xee, 0xd7, 0xee, 0xf8, 0xee, 0xf8, 0xee, 0xd7, 0xee,
    0xd7, 0xee, 0xd7, 0xee, 0xf8, 0xee, 0xd7, 0xee, 0xf8, 0xee, 0xd7, 0xee, 0xd7, 0xee, 0xd7, 0xee,
    0xd7, 0xee, 0xd7, 0xee, 0xd7, 0xee, 0xd7, 0xee, 0xd7, 0xee, 0xd7, 0xee, 0xf8, 0xee, 0xf8, 0xee,
    0xd7, 0xee, 0xd7, 0xee, 0xd7, 0xee, 0xd7, 0xee, 0xd7, 0xee, 0xd7, 0xee, 0xf8, 0xee, 0xd7, 0xee,
    0xd7, 0xee, 0xd7, 0xee, 0xd7, 0xee, 0xd7, 0xee, 0xd7, 0xee, 0xd7, 0xee, 0xd7, 0xee, 0xd7, 0xee,
    0xd7, 0xee, 0xd7, 0xee, 0xd7, 0xee, 0xd7, 0xee, 0xf8, 0xee, 0xd7, 0xee, 0xd7, 0xee, 0xd7, 0xee,
    0x75, 0xe6, 0xd7, 0xee, 0xf8, 0xee, 0xd7, 0xee, 0xd7, 0xee, 0xf8, 0xee, 0xf8, 0xee, 0xd7, 0xee,
    0xd7, 0xee, 0xf8, 0xee, 0xd7, 0xee, 0xd7, 0xee, 0xf8, 0xee, 0xd7, 0xee, 0xd7, 0xee, 0xf8, 0xee,
    0xd7, 0xee, 0xf8, 0xee, 0xf8, 0xee, 0xf8, 0xee, 0xf8, 0xee, 0xf8, 0xee, 0xf8, 0xee, 0xd7, 0xee,
    0xd7, 0xee, 0xf8, 0xee, 0xf8, 0xee, 0xf8, 0xee, 0xd7, 0xee, 0xb6, 0xee, 0xd7, 0xee, 0xf8, 0xee,
    0xd7, 0xee, 0xf8, 0xee, 0xf8, 0xee, 0xf8, 0xee, 0xd7, 0xee, 0xd7, 0xee, 0xf8, 0xee, 0xf8, 0xee,
    0xd7, 0xee, 0xf8, 0xee, 0xf8, 0xee, 0xf8, 0xee, 0xf8, 0xee, 0xf8, 0xee, 0xd7, 0xee, 0xf8, 0xee,
    0xf8, 0xee, 0xd7, 0xee, 0xd7, 0xee, 0xd7, 0xee, 0xd7, 0xee, 0xd7, 0xee, 0xf8, 0xee, 0xf8, 0xee,
    0xd7, 0xee, 0xf8, 0xee, 0xd7, 0xee, 0xd7, 0xee, 0xf8, 0xee, 0xf8, 0xee, 0xf8, 0xee, 0xf8, 0xee,
    0xf8, 0xee, 0xf8, 0xee, 0xf8, 0xee, 0xf8, 0xee, 0xd7, 0xee, 0xf8, 0xee, 0xf8, 0xee, 0xd7, 0xee,
    0xf8, 0xee, 0xf8, 0xee, 0xf8, 0xee, 0xf8, 0xee, 0xd7, 0xee, 0xd7, 0xee, 0xd7, 0xee, 0xd7, 0xee,
    0xd7, 0xee, 0xf8, 0xee, 0xd7, 0xee, 0xd7, 0xee, 0xf8, 0xee, 0xd7, 0xee, 0xd7, 0xee, 0xd7, 0xee,
    0xf8, 0xee, 0xf8, 0xee, 0xf8, 0xee, 0xf8, 0xee, 0xf8, 0xee, 0xf8, 0xee, 0xf8, 0xee, 0xf8, 0xee,
    0xd7, 0xee, 0xd7, 0xee, 0xd7, 0xee, 0xf8, 0xee, 0xd7, 0xee, 0xf8, 0xee, 0xf8, 0xee, 0xd7, 0xee,
    0xd7, 0xee, 0xf8, 0xee, 0xd7, 0xee, 0xd7, 0xee, 0xf8, 0xee, 0xd7, 0xee, 0xf8, 0xee, 0xf8, 0xee,
    0xf8, 0xee, 0xd7, 0xee, 0xf8, 0xee, 0xf8, 0xee, 0xf8, 0xee, 0xf8, 0xee, 0xf8, 0xee, 0xd7, 0xee,
    0xf8, 0xee, 0xf8, 0xee, 0xd7, 0xee, 0xd7, 0xee, 0xd7, 0xee, 0xd7, 0xee, 0xd7, 0xee, 0xd7, 0xee,
    0xf8, 0xee, 0xf8, 0xee, 0xd7, 0xee, 0xd7, 0xee, 0xd7, 0xee, 0xd7, 0xee, 0xf8, 0xee, 0xf8, 0xee,
    0xf8, 0xee, 0xf8, 0xee, 0xd7, 0xee, 0xd7, 0xee, 0xd7, 0xee, 0xd7, 0xee, 0xd7, 0xee, 0xd7, 0xee,
    0xf8, 0xee, 0xd7, 0xee, 0xf8, 0xee, 0xf8, 0xee, 0xd7, 0xee, 0xd7, 0xee, 0xd7, 0xee, 0xf8, 0xee,
    0xf8, 0xee, 0xd7, 0xee, 0xd7, 0xee, 0xd7, 0xee, 0xf8, 0xee, 0xf8, 0xee, 0xf8, 0xee, 0xd7, 0xee,
    0xf8, 0xee, 0xf8, 0xee, 0xf8, 0xee, 0xd7, 0xee, 0xf8, 0xee, 0xf8, 0xee, 0xd7, 0xee, 0xf8, 0xee,
    0xf8, 0xee, 0xd7, 0xee, 0xd7, 0xee, 0xf8, 0xee, 0xb6, 0xe6, 0x95, 0xe6, 0xb6, 0xe6, 0xf8, 0xee,
    0xd7, 0xee, 0xd7, 0xee, 0xf8, 0xee, 0xf8, 0xee, 0xd7, 0xee, 0xf8, 0xee, 0xf8, 0xee, 0xf8, 0xee,
    0xf8, 0xee, 0xf8, 0xee, 0xf8, 0xee, 0xd7, 0xee, 0xd7, 0xee, 0xf8, 0xee, 0xf8, 0xee, 0xf8, 0xee,
    0xf8, 0xee, 0xf8, 0xee, 0xd7, 0xee, 0xd7, 0xee, 0xd7, 0xee, 0xf8, 0xee, 0xf8, 0xee, 0xd7, 0xee,
    0xf8, 0xee, 0xf8, 0xee, 0xf8, 0xee, 0xd7, 0xee, 0xd7, 0xee, 0xd7, 0xee, 0xf8, 0xee, 0xf8, 0xee,
    0xd7, 0xee, 0xd7, 0xee, 0xd7, 0xee, 0xd7, 0xee, 0xd7, 0xee, 0xd7, 0xee, 0xd7, 0xee, 0xd7, 0xee,
    0xd7, 0xee, 0xd7, 0xee, 0xd7, 0xee, 0xd7, 0xee, 0xf8, 0xee, 0xf8, 0xee, 0xd7, 0xee, 0xf8, 0xee,
    0xd7, 0xee, 0xd7, 0xee, 0xd7, 0xee, 0xd7, 0xee, 0xd7, 0xee, 0xf8, 0xee, 0xd7, 0xee, 0xf8, 0xee,
    0xf8, 0xee, 0xd7, 0xee, 0xd7, 0xee, 0xd7, 0xee, 0xd7, 0xee, 0xd7, 0xee, 0xd7, 0xee, 0xd7, 0xee,
    0xd7, 0xee, 0xd7, 0xee, 0xd7, 0xee, 0xd7, 0xee, 0xd7, 0xee, 0xf8, 0xee, 0xf8, 0xee, 0xf8, 0xee,
    0xd7, 0xee, 0xd7, 0xee, 0xd7, 0xee, 0xd7, 0xee, 0xd7, 0xee, 0xd7, 0xee, 0xf8, 0xee, 0xf8, 0xee,
    0xf8, 0xee, 0xf8, 0xee, 0xf8, 0xee, 0xf8, 0xee, 0xf8, 0xee, 0xf8, 0xee, 0xf8, 0xee, 0xf8, 0xee,
    0xd7, 0xee, 0xd7, 0xee, 0xd7, 0xee, 0xf8, 0xee, 0xd7, 0xee, 0xf8, 0xee, 0xd7, 0xee, 0xd7, 0xee,
    0xf8, 0xee, 0xf8, 0xee, 0xf8, 0xee, 0xf8, 0xee, 0xd7, 0xee, 0xd7, 0xee, 0xf8, 0xee, 0xf8, 0xee,
    0xf8, 0xee, 0xf8, 0xee, 0xf8, 0xee, 0xf8, 0xee, 0xf8, 0xee, 0xf8, 0xee, 0xd7, 0xee, 0xd7, 0xee,
    0xd7, 0xee, 0xd7, 0xee, 0xd7, 0xee, 0xd7, 0xee, 0xd7, 0xee, 0xd7, 0xee, 0xf8, 0xee, 0xf8, 0xee,
    0xd7, 0xee, 0xd7, 0xee, 0xd7, 0xee, 0xd7, 0xee, 0xd7, 0xee, 0xd7, 0xee, 0xd7, 0xee, 0xd7, 0xee,
    0xf8, 0xee, 0xf8, 0xee, 0xf8, 0xee, 0xd7, 0xee, 0xd7, 0xee, 0xd7, 0xee, 0xd7, 0xee, 0xd7, 0xee,
    0xf8, 0xee, 0xf8, 0xee, 0xf8, 0xee, 0xf8, 0xee, 0xf8, 0xee, 0xf8, 0xee, 0xf8, 0xee, 0xd7, 0xee,
    0xd7, 0xee, 0xf8, 0xee, 0xf8, 0xee, 0xf8, 0xee, 0xf8, 0xee, 0xf8, 0xee, 0xd7, 0xee, 0xd7, 0xee,
    0xd7, 0xee, 0xd7, 0xee, 0xd7, 0xee, 0xf8, 0xee, 0xd7, 0xee, 0xf8, 0xee, 0xf8, 0xee, 0xd7, 0xee,
    0xd7, 0xee, 0xf8, 0xee, 0xf8, 0xee, 0xd7, 0xee, 0xd7, 0xee, 0xf8, 0xee, 0xd7, 0xee, 0xf8, 0xee,
    0xd7, 0xee, 0xd7, 0xee, 0xd7, 0xee, 0xd7, 0xee, 0xd7, 0xee, 0xf8, 0xee, 0xf8, 0xee, 0xf8, 0xee,
    0xd7, 0xee, 0xf8, 0xee, 0xf8, 0xee, 0xf8, 0xee, 0xf8, 0xee, 0xf8, 0xee, 0xd7, 0xee, 0xd7, 0xee,
    0xd7, 0xee, 0xf8, 0xee, 0xd7, 0xee, 0xd7, 0xee, 0xd7, 0xee, 0xd7, 0xee, 0xd7, 0xee, 0xd7, 0xee,
    0xf8, 0xee, 0xf8, 0xee, 0xd7, 0xee, 0xd7, 0xee, 0xf8, 0xee, 0xf8, 0xee, 0xf8, 0xee, 0xf8, 0xee,
    0xf8, 0xee, 0xd7, 0xee, 0xf8, 0xee, 0xd7, 0xee, 0xd7, 0xee, 0xd7, 0xee, 0xd7, 0xee, 0xf8, 0xee,
    0xf8, 0xee, 0xd7, 0xee, 0xf8, 0xee, 0xf8, 0xee, 0xd7, 0xee, 0xd7, 0xee, 0xd7, 0xee, 0xd7, 0xee,
    0xf8, 0xee, 0xd7, 0xee, 0xf8, 0xee, 0xf8, 0xee, 0xf8, 0xee, 0xf8, 0xee, 0xf8, 0xee, 0xd7, 0xee,
    0xd7, 0xee, 0xd7, 0xee, 0xd7, 0xee, 0xf8, 0xee, 0xf8, 0xee, 0xf8, 0xee, 0xd7, 0xee, 0xf8, 0xee,
    0xf8, 0xee, 0xd7, 0xee, 0xd7, 0xee, 0xf8, 0xee, 0xb6, 0xe6, 0xb6, 0xe6, 0xd7, 0xee, 0xf8, 0xee,
    0xf8, 0xee, 0xd7, 0xee, 0xd7, 0xee, 0xd7, 0xee, 0xf8, 0xee, 0xd7, 0xee, 0xf8, 0xee, 0xf8, 0xee,
    0xf8, 0xee, 0xf8, 0xee, 0xf8, 0xee, 0xf8, 0xee, 0xf8, 0xee, 0xd7, 0xee, 0xf8, 0xee, 0xf8, 0xee,
    0xf8, 0xee, 0xf8, 0xee, 0xf8, 0xee, 0xf8, 0xee, 0xd7, 0xee, 0xf8, 0xee, 0xf8, 0xee, 0xf8, 0xee,
    0xf8, 0xee, 0xf8, 0xee, 0xd7, 0xee, 0xf8, 0xee, 0xf8, 0xee, 0xd7, 0xee, 0xd7, 0xee, 0xf8, 0xee,
    0xf8, 0xee, 0xd7, 0xee, 0xd7, 0xee, 0xd7, 0xee, 0xd7, 0xee, 0xd7, 0xee, 0xd7, 0xee, 0xd7, 0xee,
    0xd7, 0xee, 0xf8, 0xee, 0xd7, 0xee, 0xd7, 0xee, 0xf8, 0xee, 0xd7, 0xee, 0xf8, 0xee, 0xf8, 0xee,
    0xf8, 0xee, 0xd7, 0xee, 0xd7, 0xee, 0xd7, 0xee, 0xd7, 0xee, 0xf8, 0xee, 0xd7, 0xee, 0xd7, 0xee,
    0xf8, 0xee, 0xd7, 0xee, 0xd7, 0xee, 0xd7, 0xee, 0xd7, 0xee, 0xd7, 0xee, 0xd7, 0xee, 0xd7, 0xee,
    0xd7, 0xee, 0xd7, 0xee, 0xd7, 0xee, 0xd7, 0xee, 0xf8, 0xee, 0xd7, 0xee, 0xd7, 0xee, 0xf8, 0xee,
    0xf8, 0xee, 0xf8, 0xee, 0xf8, 0xee, 0xd7, 0xee, 0xd7, 0xee, 0xf8, 0xee, 0xf8, 0xee, 0xf8, 0xee,
    0xf8, 0xee, 0xf8, 0xee, 0xf8, 0xee, 0xf8, 0xee, 0xf8, 0xee, 0xf8, 0xee, 0xf8, 0xee, 0xd7, 0xee,
    0xd7, 0xee, 0xd7, 0xee, 0xd7, 0xee, 0xd7, 0xee, 0xd7, 0xee, 0xf8, 0xee, 0xf8, 0xee, 0xd7, 0xee,
    0xf8, 0xee, 0xd7, 0xee, 0xf8, 0xee, 0xf8, 0xee, 0xd7, 0xee, 0xd7, 0xee, 0xd7, 0xee, 0xf8, 0xee,
    0xd7, 0xee, 0xd7, 0xee, 0xf8, 0xee, 0xd7, 0xee, 0xd7, 0xee, 0xd7, 0xee, 0xd7, 0xee, 0xd7, 0xee,
    0xd7, 0xee, 0xd7, 0xee, 0xd7, 0xee, 0xd7, 0xee, 0xd7, 0xee, 0xd7, 0xee, 0xf8, 0xee, 0xf8, 0xee,
    0xd7, 0xee, 0xd7, 0xee, 0xf8, 0xee, 0xf8, 0xee, 0xd7, 0xee, 0xd7, 0xee, 0xd7, 0xee, 0xd7, 0xee,
    0xf8, 0xee, 0xf8, 0xee, 0xd7, 0xee, 0xd7, 0xee, 0xf8, 0xee, 0xf8, 0xee, 0xf8, 0xee, 0xd7, 0xee,
    0xf8, 0xee, 0xf8, 0xee, 0xf8, 0xee, 0xf8, 0xee, 0xf8, 0xee, 0xf8, 0xee, 0xf8, 0xee, 0xf8, 0xee,
    0xd7, 0xee, 0xd7, 0xee, 0xf8, 0xee, 0xf8, 0xee, 0xf8, 0xee, 0xf8, 0xee, 0xf8, 0xee, 0xd7, 0xee,
    0xd7, 0xee, 0xd7, 0xee, 0xd7, 0xee, 0xf8, 0xee, 0xd7, 0xee, 0xd7, 0xee, 0xf8, 0xee, 0xd7, 0xee,
    0xd7, 0xee, 0xf8, 0xee, 0xf8, 0xee, 0xd7, 0xee, 0xd7, 0xee, 0xf8, 0xee, 0xd7, 0xee, 0xf8, 0xee,
    0xf8, 0xee, 0xd7, 0xee, 0xf8, 0xee, 0xf8, 0xee, 0xd7, 0xee, 0xf8, 0xee, 0xf8, 0xee, 0xd7, 0xee,
    0xd7, 0xee, 0xf8, 0xee, 0xd7, 0xee, 0xf8, 0xee, 0xf8, 0xee, 0xf8, 0xee, 0xd7, 0xee, 0xd7, 0xee,
    0xd7, 0xee, 0xf8, 0xee, 0xd7, 0xee, 0xd7, 0xee, 0xd7, 0xee, 0xd7, 0xee, 0xd7, 0xee, 0xd7, 0xee,
    0xd7, 0xee, 0xf8, 0xee, 0xf8, 0xee, 0xd7, 0xee, 0xf8, 0xee, 0xf8, 0xee, 0xd7, 0xee, 0xd7, 0xee,
    0xf8, 0xee, 0xf8, 0xee, 0xd7, 0xee, 0xd7, 0xee, 0xf8, 0xee, 0xd7, 0xee, 0xd7, 0xee, 0xd7, 0xee,
    0xf8, 0xee, 0xf8, 0xee, 0xd7, 0xee, 0xf8, 0xee, 0xd7, 0xee, 0xd7, 0xee, 0xd7, 0xee, 0xf8, 0xee,
    0xd7, 0xee, 0xf8, 0xee, 0xd7, 0xee, 0xf8, 0xee, 0xf8, 0xee, 0xf8, 0xee, 0xf8, 0xee, 0xf8, 0xee,
    0xf8, 0xee, 0xd7, 0xee, 0xf8, 0xee, 0xf8, 0xee, 0xf8, 0xee, 0xf8, 0xee, 0xf8, 0xee, 0xd7, 0xee,
    0xf8, 0xee, 0xf8, 0xee, 0xd7, 0xee, 0xf8, 0xee, 0xd7, 0xee, 0xf8, 0xee, 0xf8, 0xee, 0xd7, 0xee,
    0xd7, 0xee, 0xf8, 0xee, 0xd7, 0xee, 0xd7, 0xee, 0xd7, 0xee, 0xd7, 0xee, 0xf8, 0xee, 0xf8, 0xee,
    0xd7, 0xee, 0xd7, 0xee, 0xf8, 0xee, 0xd7, 0xee, 0xd7, 0xee, 0xd7, 0xee, 0xd7, 0xee, 0xd7, 0xee,
    0xd7, 0xee, 0xf8, 0xee, 0xd7, 0xee, 0xf8, 0xee, 0xf8, 0xee, 0xd7, 0xee, 0xd7, 0xee, 0xd7, 0xee,
    0xd7, 0xee, 0xd7, 0xee, 0xd7, 0xee, 0xf8, 0xee, 0xf8, 0xee, 0xf8, 0xee, 0xf8, 0xee, 0xf8, 0xee,
    0xf8, 0xee, 0xf8, 0xee, 0xf8, 0xee, 0xd7, 0xee, 0xd7, 0xee, 0xd7, 0xee, 0xf8, 0xee, 0xd7, 0xee,
    0xd7, 0xee, 0xf8, 0xee, 0xd7, 0xee, 0xd7, 0xee, 0xd7, 0xee, 0xd7, 0xee, 0xf8, 0xee, 0xf8, 0xee,
    0xf8, 0xee, 0xd7, 0xee, 0xf8, 0xee, 0xd7, 0xee, 0xf8, 0xee, 0xf8, 0xee, 0xf8, 0xee, 0xf8, 0xee,
    0xd7, 0xee, 0xd7, 0xee, 0xd7, 0xee, 0xd7, 0xee, 0xd7, 0xee, 0xd7, 0xee, 0xd7, 0xee, 0xf8, 0xee,
    0xd7, 0xee, 0xd7, 0xee, 0xd7, 0xee, 0xd7, 0xee, 0xf8, 0xee, 0xf8, 0xee, 0xd7, 0xee, 0xd7, 0xee,
    0xf8, 0xee, 0xf8, 0xee, 0xf8, 0xee, 0xd7, 0xee, 0xd7, 0xee, 0xf8, 0xee, 0xf8, 0xee, 0xf8, 0xee,
    0xf8, 0xee, 0xd7, 0xee, 0xf8, 0xee, 0xf8, 0xee, 0xf8, 0xee, 0xf8, 0xee, 0xf8, 0xee, 0xf8, 0xee,
    0xf8, 0xee, 0xd7, 0xee, 0xd7, 0xee, 0xd7, 0xee, 0xd7, 0xee, 0xd7, 0xee, 0xf8, 0xee, 0xd7, 0xee,
    0xf8, 0xee, 0xd7, 0xee, 0xd7, 0xee, 0xd7, 0xee, 0xf8, 0xee, 0xf8, 0xee, 0xf8, 0xee, 0xf8, 0xee,
    0xf8, 0xee, 0xf8, 0xee, 0xf8, 0xee, 0xd7, 0xee, 0xf8, 0xee, 0xf8, 0xee, 0xf8, 0xee, 0xf8, 0xee,
    0xf8, 0xee, 0xd7, 0xee, 0xf8, 0xee, 0xf8, 0xee, 0xd7, 0xee, 0xd7, 0xee, 0xd7, 0xee, 0xd7, 0xee,
    0xd7, 0xee, 0xf8, 0xee, 0xd7, 0xee, 0xd7, 0xee, 0xd7, 0xee, 0xf8, 0xee, 0xd7, 0xee, 0xd7, 0xee,
    0xf8, 0xee, 0xd7, 0xee, 0xd7, 0xee, 0xd7, 0xee, 0xf8, 0xee, 0xd7, 0xee, 0xd7, 0xee, 0xf8, 0xee,
    0xf8, 0xee, 0xf8, 0xee, 0xf8, 0xee, 0xf8, 0xee, 0xf8, 0xee, 0xd7, 0xee, 0xd7, 0xee, 0xd7, 0xee,
    0xf8, 0xee, 0xf8, 0xee, 0xd7, 0xee, 0xf8, 0xee, 0xd7, 0xee, 0xf8, 0xee, 0xf8, 0xee, 0xf8, 0xee,
    0xf8, 0xee, 0xd7, 0xee, 0xd7, 0xee, 0xf8, 0xee, 0xf8, 0xee, 0xd7, 0xee, 0xd7, 0xee, 0xd7, 0xee,
    0xd7, 0xee, 0xd7, 0xee, 0xd7, 0xee, 0xd7, 0xee, 0xd7, 0xee, 0xf8, 0xee, 0xf8, 0xee, 0xd7, 0xee,
    0xd7, 0xee, 0xf8, 0xee, 0xd7, 0xee, 0xd7, 0xee, 0xf8, 0xee, 0xf8, 0xee, 0xf8, 0xee, 0xf8, 0xee,
    0xf8, 0xee, 0xd7, 0xee, 0xd7, 0xee, 0xd7, 0xee, 0xf8, 0xee, 0xd7, 0xee, 0xd7, 0xee, 0xd7, 0xee,
    0xd7, 0xee, 0xd7, 0xee, 0xd7, 0xee, 0xd7, 0xee, 0xd7, 0xee, 0xd7, 0xee, 0xd7, 0xee, 0xd7, 0xee,
    0xf8, 0xee, 0xf8, 0xee, 0xf8, 0xee, 0xf8, 0xee, 0xf8, 0xee, 0xf8, 0xee, 0xd7, 0xee, 0xd7, 0xee,
    0xf8, 0xee, 0xf8, 0xee, 0xf8, 0xee, 0xd7, 0xee, 0xd7, 0xee, 0xd7, 0xee, 0xd7, 0xee, 0xf8, 0xee,
    0xf8, 0xee, 0xd7, 0xee, 0xd7, 0xee, 0xd7, 0xee, 0xd7, 0xee, 0xd7, 0xee, 0xf8, 0xee, 0xf8, 0xee,
    0xd7, 0xee, 0xd7, 0xee, 0xf8, 0xee, 0xd7, 0xee, 0xf8, 0xee, 0xf8, 0xee, 0xf8, 0xee, 0xf8, 0xee,
    0xf8, 0xee, 0xd7, 0xee, 0xf8, 0xee, 0xf8, 0xee, 0xf8, 0xee, 0xf8, 0xee, 0xf8, 0xee, 0xf8, 0xee,
    0xf8, 0xee, 0xd7, 0xee, 0xd7, 0xee, 0xd7, 0xee, 0xf8, 0xee, 0xd7, 0xee, 0xd7, 0xee, 0xf8, 0xee,
    0xd7, 0xee, 0xd7, 0xee, 0xf8, 0xee, 0xd7, 0xee, 0xd7, 0xee, 0xd7, 0xee, 0xf8, 0xee, 0xd7, 0xee,
    0xd7, 0xee, 0xd7, 0xee, 0xd7, 0xee, 0xf8, 0xee, 0xf8, 0xee, 0xd7, 0xee, 0xd7, 0xee, 0xd7, 0xee,
    0xd7, 0xee, 0xd7, 0xee, 0xf8, 0xee, 0xf8, 0xee, 0xf8, 0xee, 0xd7, 0xee, 0xd7, 0xee, 0xd7, 0xee,
    0xf8, 0xee, 0xf8, 0xee, 0xf8, 0xee, 0xf8, 0xee, 0xf8, 0xee, 0xf8, 0xee, 0xf8, 0xee, 0xf8, 0xee,
    0xf8, 0xee, 0xd7, 0xee, 0xd7, 0xee, 0xd7, 0xee, 0xd7, 0xee, 0xf8, 0xee, 0xf8, 0xee, 0xd7, 0xee,
    0xd7, 0xee, 0xf8, 0xee, 0xd7, 0xee, 0xd7, 0xee, 0xd7, 0xee, 0xd7, 0xee, 0xf8, 0xee, 0xf8, 0xee,
    0xd7, 0xee, 0xd7, 0xee, 0xd7, 0xee, 0xd7, 0xee, 0xf8, 0xee, 0xf8, 0xee, 0xf8, 0xee, 0xd7, 0xee,
    0xf8, 0xee, 0xd7, 0xee, 0xf8, 0xee, 0xf8, 0xee, 0xf8, 0xee, 0xd7, 0xee, 0xd7, 0xee, 0xf8, 0xee,
    0xf8, 0xee, 0xd7, 0xee, 0xd7, 0xee, 0xd7, 0xee, 0xf8, 0xee, 0xf8, 0xee, 0xf8, 0xee, 0xf8, 0xee,
    0xd7, 0xee, 0xd7, 0xee, 0xf8, 0xee, 0xf8, 0xee, 0xf8, 0xee, 0xf8, 0xee, 0xd7, 0xee, 0xd7, 0xee,
    0xd7, 0xee, 0xd7, 0xee, 0xd7, 0xee, 0xf8, 0xee, 0xd7, 0xee, 0xd7, 0xee, 0xf8, 0xee, 0xf8, 0xee,
    0xf8, 0xee, 0xf8, 0xee, 0xf8, 0xee, 0xf8, 0xee, 0xd7, 0xee, 0xd7, 0xee, 0xd7, 0xee, 0xd7, 0xee,
    0xd7, 0xee, 0xd7, 0xee, 0xd7, 0xee, 0xf8, 0xee, 0xf8, 0xee, 0xf8, 0xee, 0xf8, 0xee, 0xf8, 0xee,
    0xf8, 0xee, 0xf8, 0xee, 0xf8, 0xee, 0xf8, 0xee, 0xd7, 0xee, 0xf8, 0xee, 0xf8, 0xee, 0xd7, 0xee,
    0xd7, 0xee, 0xd7, 0xee, 0xf8, 0xee, 0xf8, 0xee, 0xd7, 0xee, 0xd7, 0xee, 0xd7, 0xee, 0xd7, 0xee,
    0xd7, 0xee, 0xd7, 0xee, 0xf8, 0xee, 0xd7, 0xee, 0xd7, 0xee, 0xf8, 0xee, 0xd7, 0xee, 0xd7, 0xee,
    0xd7, 0xee, 0xd7, 0xee, 0xd7, 0xee, 0xf8, 0xee, 0xf8, 0xee, 0xf8, 0xee, 0xd7, 0xee, 0xd7, 0xee,
    0xf8, 0xee, 0xf8, 0xee, 0xd7, 0xee, 0xd7, 0xee, 0xf8, 0xee, 0xd7, 0xee, 0xd7, 0xee, 0xd7, 0xee,
    0xf8, 0xee, 0xf8, 0xee, 0xf8, 0xee, 0xf8, 0xee, 0xf8, 0xee, 0xf8, 0xee, 0xd7, 0xee, 0xf8, 0xee,
    0xf8, 0xee, 0xf8, 0xee, 0xf8, 0xee, 0xf8, 0xee, 0xf8, 0xee, 0xf8, 0xee, 0xd7, 0xee, 0xb6, 0xe6,
    0xd7, 0xee, 0xd7, 0xee, 0xd7, 0xee, 0xd7, 0xee, 0xd7, 0xee, 0xf8, 0xee, 0xf8, 0xee, 0xd7, 0xee,
    0xd7, 0xee, 0xf8, 0xee, 0xd7, 0xee, 0xd7, 0xee, 0xd7, 0xee, 0xf8, 0xee, 0xf8, 0xee, 0xf8, 0xee,
    0xf8, 0xee, 0xf8, 0xee, 0xf8, 0xee, 0xf8, 0xee, 0xf8, 0xee, 0xd7, 0xee, 0xd7, 0xee, 0xd7, 0xee,
    0xd7, 0xee, 0xd7, 0xee, 0xd7, 0xee, 0xd7, 0xee, 0xd7, 0xee, 0xd7, 0xee, 0xd7, 0xee, 0xd7, 0xee,
    0xd7, 0xee, 0xf8, 0xee, 0xf8, 0xee, 0xd7, 0xee, 0xf8, 0xee, 0xf8, 0xee, 0xd7, 0xee, 0xd7, 0xee,
    0xd7, 0xee, 0xf8, 0xee, 0xf8, 0xee, 0xf8, 0xee, 0xd7, 0xee, 0xd7, 0xee, 0xd7, 0xee, 0xd7, 0xee,
    0xd7, 0xee, 0xd7, 0xee, 0xd7, 0xee, 0xd7, 0xee, 0xd7, 0xee, 0xf8, 0xee, 0xf8, 0xee, 0xf8, 0xee,
    0xd7, 0xee, 0xf8, 0xee, 0xf8, 0xee, 0xd7, 0xee, 0xf8, 0xee, 0xf8, 0xee, 0xf8, 0xee, 0xf8, 0xee,
    0xf8, 0xee, 0xd7, 0xee, 0xf8, 0xee, 0xd7, 0xee, 0xd7, 0xee, 0xf8, 0xee, 0xf8, 0xee, 0xf8, 0xee,
    0xf8, 0xee, 0xf8, 0xee, 0xd7, 0xee, 0xd7, 0xee, 0xf8, 0xee, 0xd7, 0xee, 0xd7, 0xee, 0xd7, 0xee,
    0xf8, 0xee, 0xd7, 0xee, 0xd7, 0xee, 0xf8, 0xee, 0xd7, 0xee, 0xd7, 0xee, 0xd7, 0xee, 0xd7, 0xee,
    0xd7, 0xee, 0xd7, 0xee, 0xd7, 0xee, 0xf8, 0xee, 0xf8, 0xee, 0xf8, 0xee, 0xf8, 0xee, 0xf8, 0xee,
    0xd7, 0xee, 0xf8, 0xee, 0xf8, 0xee, 0xf8, 0xee, 0xf8, 0xee, 0xf8, 0xee, 0xf8, 0xee, 0xd7, 0xee,
    0xd7, 0xee, 0xf8, 0xee, 0xf8, 0xee, 0xf8, 0xee, 0xf8, 0xee, 0xf8, 0xee, 0xd7, 0xee, 0xf8, 0xee,
    0xf8, 0xee, 0xd7, 0xee, 0xd7, 0xee, 0xd7, 0xee, 0xd7, 0xee, 0xf8, 0xee, 0xf8, 0xee, 0xd7, 0xee,
    0xd7, 0xee, 0xd7, 0xee, 0xd7, 0xee, 0xd7, 0xee, 0xd7, 0xee, 0xf8, 0xee, 0xf8, 0xee, 0xf8, 0xee,
    0xd7, 0xee, 0xd7, 0xee, 0xd7, 0xee, 0xd7, 0xee, 0xf8, 0xee, 0xf8, 0xee, 0xf8, 0xee, 0xf8, 0xee,
    0xf8, 0xee, 0xd7, 0xee, 0xd7, 0xee, 0xd7, 0xee, 0xd7, 0xee, 0xd7, 0xee, 0xf8, 0xee, 0xf8, 0xee,
    0xf8, 0xee, 0xf8, 0xee, 0xd7, 0xee, 0xd7, 0xee, 0xd7, 0xee, 0xf8, 0xee, 0xf8, 0xee, 0xd7, 0xee,
    0xf8, 0xee, 0xd7, 0xee, 0xf8, 0xee, 0xf8, 0xee, 0xf8, 0xee, 0xf8, 0xee, 0xd7, 0xee, 0xd7, 0xee,
    0xd7, 0xee, 0xd7, 0xee, 0xd7, 0xee, 0xf8, 0xee, 0xf8, 0xee, 0xf8, 0xee, 0xd7, 0xee, 0xf8, 0xee,
    0xd7, 0xee, 0xf8, 0xee, 0xf8, 0xee, 0xf8, 0xee, 0xd7, 0xee, 0xd7, 0xee, 0xd7, 0xee, 0xd7, 0xee,
    0xd7, 0xee, 0xd7, 0xee, 0xf8, 0xee, 0xf8, 0xee, 0xf8, 0xee, 0xf8, 0xee, 0xd7, 0xee, 0xd7, 0xee,
    0xd7, 0xee, 0xf8, 0xee, 0xf8, 0xee, 0xd7, 0xee, 0xf8, 0xee, 0xf8, 0xee, 0xf8, 0xee, 0xd7, 0xee,
    0xf8, 0xee, 0xf8, 0xee, 0xf8, 0xee, 0xd7, 0xee, 0xd7, 0xee, 0xf8, 0xee, 0xf8, 0xee, 0xd7, 0xee,
    0xf8, 0xee, 0xd7, 0xee, 0xd7, 0xee, 0xf8, 0xee, 0xf8, 0xee, 0xf8, 0xee, 0xd7, 0xee, 0xd7, 0xee,
    0xd7, 0xee, 0xd7, 0xee, 0xd7, 0xee, 0xd7, 0xee, 0xf8, 0xee, 0xf8, 0xee, 0xf8, 0xee, 0xd7, 0xee,
    0xd7, 0xee, 0xd7, 0xee, 0xd7, 0xee, 0xd7, 0xee, 0xf8, 0xee, 0xf8, 0xee, 0xf8, 0xee, 0xd7, 0xee,
    0xd7, 0xee, 0xf8, 0xee, 0xf8, 0xee, 0xf8, 0xee, 0xd7, 0xee, 0xf8, 0xee, 0xf8, 0xee, 0xf8, 0xee,
    0xf8, 0xee, 0xf8, 0xee, 0xd7, 0xee, 0xf8, 0xee, 0xf8, 0xee, 0xd7, 0xee, 0xd7, 0xee, 0xd7, 0xee,
    0xf8, 0xee, 0xd7, 0xee, 0xd7, 0xee, 0xd7, 0xee, 0xf8, 0xee, 0xd7, 0xee, 0xd7, 0xee, 0xd7, 0xee,
    0xf8, 0xee, 0xf8, 0xee, 0xd7, 0xee, 0xd7, 0xee, 0xd7, 0xee, 0xd7, 0xee, 0xd7, 0xee, 0xf8, 0xee,
    0xf8, 0xee, 0xf8, 0xee, 0xd7, 0xee, 0xf8, 0xee, 0xd7, 0xee, 0xd7, 0xee, 0xf8, 0xee, 0xd7, 0xee,
    0xd7, 0xee, 0xd7, 0xee, 0xd7, 0xee, 0xd7, 0xee, 0xd7, 0xee, 0xd7, 0xee, 0xd7, 0xee, 0xd7, 0xee,
    0xd7, 0xee, 0xd7, 0xee, 0xf8, 0xee, 0xf8, 0xee, 0xf8, 0xee, 0xd7, 0xee, 0xd7, 0xee, 0xf8, 0xee,
    0xf8, 0xee, 0xd7, 0xee, 0xf8, 0xee, 0xf8, 0xee, 0xd7, 0xee, 0xd7, 0xee, 0xd7, 0xee, 0xd7, 0xee,
    0xd7, 0xee, 0xd7, 0xee, 0xd7, 0xee, 0xd7, 0xee, 0xd7, 0xee, 0xd7, 0xee, 0xf8, 0xee, 0xd7, 0xee,
    0xd7, 0xee, 0xf8, 0xee, 0xf8, 0xee, 0xd7, 0xee, 0xf8, 0xee, 0xf8, 0xee, 0xf8, 0xee, 0xf8, 0xee,
    0xf8, 0xee, 0xf8, 0xee, 0xf8, 0xee, 0xd7, 0xee, 0xd7, 0xee, 0xd7, 0xee, 0xd7, 0xee, 0xf8, 0xee,
    0xf8, 0xee, 0xf8, 0xee, 0xd7, 0xee, 0xd7, 0xee, 0xd7, 0xee, 0xd7, 0xee, 0xd7, 0xee, 0xd7, 0xee,
    0xd7, 0xee, 0xf8, 0xee, 0xf8, 0xee, 0xf8, 0xee, 0xd7, 0xee, 0xd7, 0xee, 0xd7, 0xee, 0xd7, 0xee,
    0xd7, 0xee, 0xf8, 0xee, 0xf8, 0xee, 0xf8, 0xee, 0xf8, 0xee, 0xf8, 0xee, 0xf8, 0xee, 0xf8, 0xee,
    0xd7, 0xee, 0xd7, 0xee, 0xd7, 0xee, 0xf8, 0xee, 0xf8, 0xee, 0xf8, 0xee, 0xf8, 0xee, 0xf8, 0xee,
    0xd7, 0xee, 0xf8, 0xee, 0xf8, 0xee, 0xf8, 0xee, 0xf8, 0xee, 0xf8, 0xee, 0xd7, 0xee, 0xf8, 0xee,
    0xd7, 0xee, 0xd7, 0xee, 0xd7, 0xee, 0xd7, 0xee, 0xf8, 0xee, 0xf8, 0xee, 0xf8, 0xee, 0xf8, 0xee,
    0xf8, 0xee, 0xf8, 0xee, 0xf8, 0xee, 0xd7, 0xee, 0xf8, 0xee, 0xd7, 0xee, 0xd7, 0xee, 0xd7, 0xee,
    0xd7, 0xee, 0xd7, 0xee, 0xd7, 0xee, 0xd7, 0xee, 0xd7, 0xee, 0xf8, 0xee, 0xd7, 0xee, 0xd7, 0xee,
    0xf8, 0xee, 0xf8, 0xee, 0xf8, 0xee, 0xf8, 0xee, 0xd7, 0xee, 0xd7, 0xee, 0xf8, 0xee, 0xd7, 0xee,
    0xd7, 0xee, 0xf8, 0xee, 0xd7, 0xee, 0xd7, 0xee, 0xd7, 0xee, 0xd7, 0xee, 0xf8, 0xee, 0xd7, 0xee,
    0xf8, 0xee, 0xd7, 0xee, 0xd7, 0xee, 0xd7, 0xee, 0xf8, 0xee, 0xf8, 0xee, 0xf8, 0xee, 0xd7, 0xee,
    0xd7, 0xee, 0xd7, 0xee, 0xd7, 0xee, 0xf8, 0xee, 0xf8, 0xee, 0xd7, 0xee, 0xd7, 0xee, 0xd7, 0xee,
    0xf8, 0xee, 0xf8, 0xee, 0xf8, 0xee, 0xf8, 0xee, 0xf8, 0xee, 0xf8, 0xee, 0xd7, 0xee, 0xf8, 0xee,
    0xf8, 0xee, 0xd7, 0xee, 0xf8, 0xee, 0xf8, 0xee, 0xf8, 0xee, 0xd7, 0xee, 0xd7, 0xee, 0xd7, 0xee,
    0xd7, 0xee, 0xd7, 0xee, 0xd7, 0xee, 0xf8, 0xee, 0xf8, 0xee, 0xf8, 0xee, 0xf8, 0xee, 0xd7, 0xee,
    0xd7, 0xee, 0xf8, 0xee, 0xf8, 0xee, 0xf8, 0xee, 0xf8, 0xee, 0xd7, 0xee, 0xf8, 0xee, 0xd7, 0xee,
    0xd7, 0xee, 0xf8, 0xee, 0xf8, 0xee, 0xf8, 0xee, 0xd7, 0xee, 0xf8, 0xee, 0xd7, 0xee, 0xf8, 0xee,
    0xf8, 0xee, 0xd7, 0xee, 0xd7, 0xee, 0xd7, 0xee, 0xd7, 0xee, 0xd7, 0xee, 0xf8, 0xee, 0xf8, 0xee,
    0xd7, 0xee, 0xf8, 0xee, 0xd7, 0xee, 0xd7, 0xee, 0xd7, 0xee, 0xf8, 0xee, 0xf8, 0xee, 0xf8, 0xee,
    0xf8, 0xee, 0xf8, 0xee, 0xf8, 0xee, 0xf8, 0xee, 0xd7, 0xee, 0xd7, 0xee, 0xd7, 0xee, 0xf8, 0xee,
    0xf8, 0xee, 0xf8, 0xee, 0xf8, 0xee, 0xd7, 0xee, 0xd7, 0xee, 0xd7, 0xee, 0xd7, 0xee, 0xf8, 0xee,
    0xf8, 0xee, 0xf8, 0xee, 0xd7, 0xee, 0xf8, 0xee, 0xd7, 0xee, 0xd7, 0xee, 0xd7, 0xee, 0xd7, 0xee,
    0xd7, 0xee, 0xd7, 0xee, 0xf8, 0xee, 0xf8, 0xee, 0xf8, 0xee, 0xd7, 0xee, 0xd7, 0xee, 0xf8, 0xee,
    0xf8, 0xee, 0xf8, 0xee, 0xf8, 0xee, 0xd7, 0xee, 0xd7, 0xee, 0xf8, 0xee, 0xf8, 0xee, 0xd7, 0xee,
    0xd7, 0xee, 0xf8, 0xee, 0xd7, 0xee, 0xd7, 0xee, 0xd7, 0xee, 0xd7, 0xee, 0xd7, 0xee, 0xd7, 0xee,
    0xf8, 0xee, 0xf8, 0xee, 0xf8, 0xee, 0xf8, 0xee, 0xf8, 0xee, 0xd7, 0xee, 0xd7, 0xee, 0xd7, 0xee,
    0xf8, 0xee, 0xf8, 0xee, 0xf8, 0xee, 0xf8, 0xee, 0xd7, 0xee, 0xd7, 0xee, 0xf8, 0xee, 0xd7, 0xee,
    0xf8, 0xee, 0xd7, 0xee, 0xd7, 0xee, 0xd7, 0xee, 0xd7, 0xee, 0xd7, 0xee, 0xf8, 0xee, 0xd7, 0xee,
    0xf8, 0xee, 0xf8, 0xee, 0xf8, 0xee, 0xf8, 0xee, 0xf8, 0xee, 0xf8, 0xee, 0xf8, 0xee, 0xf8, 0xee,
    0xf8, 0xee, 0xf8, 0xee, 0xd7, 0xee, 0xd7, 0xee, 0xd7, 0xee, 0xd7, 0xee, 0xd7, 0xee, 0xf8, 0xee,
    0xd7, 0xee, 0xd7, 0xee, 0xd7, 0xee, 0xd7, 0xee, 0xd7, 0xee, 0xd7, 0xee, 0xd7, 0xee, 0xf8, 0xee,
    0xd7, 0xee, 0xd7, 0xee, 0xf8, 0xee, 0xd7, 0xee, 0xd7, 0xee, 0xf8, 0xee, 0xf8, 0xee, 0xd7, 0xee,
    0xd7, 0xee, 0xf8, 0xee, 0xf8, 0xee, 0xf8, 0xee, 0xf8, 0xee, 0xf8, 0xee, 0xd7, 0xee, 0xd7, 0xee,
    0xd7, 0xee, 0xd7, 0xee, 0xf8, 0xee, 0xd7, 0xee, 0xf8, 0xee, 0xf8, 0xee, 0xd7, 0xee, 0xd7, 0xee,
    0xf8, 0xee, 0xd7, 0xee, 0xf8, 0xee, 0xd7, 0xee, 0xd7, 0xee, 0xd7, 0xee, 0xd7, 0xee, 0xf8, 0xee,
    0xf8, 0xee, 0xd7, 0xee, 0xd7, 0xee, 0xf8, 0xee, 0xd7, 0xee, 0xf8, 0xee, 0xd7, 0xee, 0xf8, 0xee,
    0xd7, 0xee, 0xf8, 0xee, 0xf8, 0xee, 0xf8, 0xee, 0xf8, 0xee, 0xd7, 0xee, 0xd7, 0xee, 0xd7, 0xee,
    0xd7, 0xee, 0xd7, 0xee, 0xd7, 0xee, 0xf8, 0xee, 0xd7, 0xee, 0xd7, 0xee, 0xd7, 0xee, 0xf8, 0xee,
    0xd7, 0xee, 0xd7, 0xee, 0xf8, 0xee, 0xd7, 0xee, 0xd7, 0xee, 0xf8, 0xee, 0xd7, 0xee, 0xd7, 0xee,
    0xd7, 0xee, 0xd7, 0xee, 0xf8, 0xee, 0xd7, 0xee, 0xd7, 0xee, 0xf8, 0xee, 0xf8, 0xee, 0xf8, 0xee,
    0xf8, 0xee, 0xf8, 0xee, 0xd7, 0xee, 0xd7, 0xee, 0xf8, 0xee, 0xd7, 0xee, 0xf8, 0xee, 0xf8, 0xee,
    0xd7, 0xee, 0xd7, 0xee, 0xd7, 0xee, 0xd7, 0xee, 0xd7, 0xee, 0xd7, 0xee, 0xd7, 0xee, 0xd7, 0xee,
    0xf8, 0xee, 0xf8, 0xee, 0xf8, 0xee, 0xf8, 0xee, 0xf8, 0xee, 0xd7, 0xee, 0xf8, 0xee, 0xf8, 0xee,
    0xd7, 0xee, 0xd7, 0xee, 0xd7, 0xee, 0xf8, 0xee, 0xf8, 0xee, 0xd7, 0xee, 0xf8, 0xee, 0xf8, 0xee,
    0xd7, 0xee, 0xd7, 0xee, 0xf8, 0xee, 0xf8, 0xee, 0xd7, 0xee, 0xf8, 0xee, 0xf8, 0xee, 0xd7, 0xee,
    0xd7, 0xee, 0xd7, 0xee, 0xf8, 0xee, 0xf8, 0xee, 0xf8, 0xee, 0xf8, 0xee, 0xf8, 0xee, 0xf8, 0xee,
    0xd7, 0xee, 0xf8, 0xee, 0xf8, 0xee, 0xf8, 0xee, 0xf8, 0xee, 0xd7, 0xee, 0xd7, 0xee, 0xd7, 0xee,
    0xd7, 0xee, 0xf8, 0xee, 0xd7, 0xee, 0xd7, 0xee, 0xd7, 0xee, 0xd7, 0xee, 0xd7, 0xee, 0xf8, 0xee,
    0xd7, 0xee, 0xd7, 0xee, 0xd7, 0xee, 0xd7, 0xee, 0xd7, 0xee, 0xf8, 0xee, 0xf8, 0xee, 0xd7, 0xee,
    0xf8, 0xee, 0xf8, 0xee, 0xd7, 0xee, 0xf8, 0xee, 0xf8, 0xee, 0xf8, 0xee, 0xf8, 0xee, 0xf8, 0xee,
    0xf8, 0xee, 0xd7, 0xee, 0xf8, 0xee, 0xf8, 0xee, 0xf8, 0xee, 0xf8, 0xee, 0xd7, 0xee, 0xf8, 0xee,
    0xf8, 0xee, 0xf8, 0xee, 0xf8, 0xee, 0xf8, 0xee, 0xf8, 0xee, 0xd7, 0xee, 0xd7, 0xee, 0xd7, 0xee,
    0xd7, 0xee, 0xd7, 0xee, 0xd7, 0xee, 0xf8, 0xee, 0xf8, 0xee, 0xf8, 0xee, 0xf8, 0xee, 0xf8, 0xee,
    0xd7, 0xee, 0xd7, 0xee, 0xd7, 0xee, 0xf8, 0xee, 0xf8, 0xee, 0xf8, 0xee, 0xd7, 0xee, 0xd7, 0xee,
    0xd7, 0xee, 0xd7, 0xee, 0xd7, 0xee, 0xd7, 0xee, 0xd7, 0xee, 0xd7, 0xee, 0xd7, 0xee, 0xd7, 0xee,
    0xf8, 0xee, 0xd7, 0xee, 0xd7, 0xee, 0xf8, 0xee, 0xd7, 0xee, 0xd7, 0xee, 0xf8, 0xee, 0xd7, 0xee,
    0xf8, 0xee, 0xd7, 0xee, 0xd7, 0xee, 0xd7, 0xee, 0xd7, 0xee, 0xd7, 0xee, 0xd7, 0xee, 0xd7, 0xee,
    0xf8, 0xee, 0xd7, 0xee, 0xd7, 0xee, 0xd7, 0xee, 0xd7, 0xee, 0xf8, 0xee, 0xd7, 0xee, 0xd7, 0xee,
    0xd7, 0xee, 0xf8, 0xee, 0xd7, 0xee, 0xf8, 0xee, 0xf8, 0xee, 0xf8, 0xee, 0xf8, 0xee, 0xd7, 0xee,
    0xd7, 0xee, 0xd7, 0xee, 0xf8, 0xee, 0xd7, 0xee, 0xd7, 0xee, 0xf8, 0xee, 0xd7, 0xee, 0xd7, 0xee,
    0xd7, 0xee, 0xd7, 0xee, 0xd7, 0xee, 0xf8, 0xee, 0xd7, 0xee, 0xf8, 0xee, 0xf8, 0xee, 0xf8, 0xee,
    0xf8, 0xee, 0xf8, 0xee, 0xf8, 0xee, 0xd7, 0xee, 0xd7, 0xee, 0xd7, 0xee, 0xd7, 0xee, 0xd7, 0xee,
    0xf8, 0xee, 0xf8, 0xee, 0xf8, 0xee, 0xf8, 0xee, 0xf8, 0xee, 0xd7, 0xee, 0xd7, 0xee, 0xf8, 0xee,
    0xf8, 0xee, 0xf8, 0xee, 0xf8, 0xee, 0xd7, 0xee, 0xf8, 0xee, 0xd7, 0xee, 0xd7, 0xee, 0xf8, 0xee,
    0xf8, 0xee, 0xd7, 0xee, 0xd7, 0xee, 0xd7, 0xee, 0xd7, 0xee, 0xd7, 0xee, 0xd7, 0xee, 0xf8, 0xee,
    0xf8, 0xee, 0xf8, 0xee, 0xd7, 0xee, 0xf8, 0xee, 0xf8, 0xee, 0xf8, 0xee, 0xd7, 0xee, 0xf8, 0xee,
    0xf8, 0xee, 0xd7, 0xee, 0xf8, 0xee, 0xf8, 0xee, 0xf8, 0xee, 0xf8, 0xee, 0xf8, 0xee, 0xd7, 0xee,
    0xd7, 0xee, 0xd7, 0xee, 0xd7, 0xee, 0xf8, 0xee, 0xf8, 0xee, 0xd7, 0xee, 0xd7, 0xee, 0xf8, 0xee,
    0xf8, 0xee, 0xd7, 0xee, 0xd7, 0xee, 0xd7, 0xee, 0xd7, 0xee, 0xd7, 0xee, 0xd7, 0xee, 0xd7, 0xee,
    0xd7, 0xee, 0xd7, 0xee, 0xd7, 0xee, 0xf8, 0xee, 0xd7, 0xee, 0xf8, 0xee, 0xf8, 0xee, 0xf8, 0xee,
    0xd7, 0xee, 0xd7, 0xee, 0xd7, 0xee, 0xd7, 0xee, 0xd7, 0xee, 0xd7, 0xee, 0xf8, 0xee, 0xf8, 0xee,
    0xf8, 0xee, 0xf8, 0xee, 0xd7, 0xee, 0xd7, 0xee, 0xd7, 0xee, 0xd7, 0xee, 0xd7, 0xee, 0xf8, 0xee,
    0xd7, 0xee, 0xf8, 0xee, 0xf8, 0xee, 0xf8, 0xee, 0xf8, 0xee, 0xf8, 0xee, 0xf8, 0xee, 0xf8, 0xee,
    0xd7, 0xee, 0xd7, 0xee, 0xd7, 0xee, 0xd7, 0xee, 0xf8, 0xee, 0xf8, 0xee, 0xf8, 0xee, 0xf8, 0xee,
    0xf8, 0xee, 0xd7, 0xee, 0xd7, 0xee, 0xf8, 0xee, 0xf8, 0xee, 0xd7, 0xee, 0xd7, 0xee, 0xd7, 0xee,
    0xd7, 0xee, 0xf8, 0xee, 0xf8, 0xee, 0xd7, 0xee, 0xd7, 0xee, 0xf8, 0xee, 0xf8, 0xee, 0xf8, 0xee,
    0xf8, 0xee, 0xf8, 0xee, 0xf8, 0xee, 0xf8, 0xee, 0xf8, 0xee, 0xd7, 0xee, 0xd7, 0xee, 0xd7, 0xee,
    0xd7, 0xee, 0xd7, 0xee, 0xf8, 0xee, 0xd7, 0xee, 0xd7, 0xee, 0xd7, 0xee, 0xd7, 0xee, 0xf8, 0xee,
    0xd7, 0xee, 0xd7, 0xee, 0xd7, 0xee, 0xd7, 0xee, 0xd7, 0xee, 0xd7, 0xee, 0xd7, 0xee, 0xd7, 0xee,
    0xf8, 0xee, 0xf8, 0xee, 0xd7, 0xee, 0xd7, 0xee, 0xd7, 0xee, 0xd7, 0xee, 0xd7, 0xee, 0xf8, 0xee,
    0xd7, 0xee, 0xd7, 0xee, 0xd7, 0xee, 0xd7, 0xee, 0xf8, 0xee, 0xf8, 0xee, 0xf8, 0xee, 0xf8, 0xee,
    0xf8, 0xee, 0xf8, 0xee, 0xd7, 0xee, 0xd7, 0xee, 0xf8, 0xee, 0xd7, 0xee, 0xf8, 0xee, 0xf8, 0xee,
    0xf8, 0xee, 0xf8, 0xee, 0xd7, 0xee, 0xf8, 0xee, 0xf8, 0xee, 0xf8, 0xee, 0xf8, 0xee, 0xd7, 0xee,
    0xd7, 0xee, 0xd7, 0xee, 0xd7, 0xee, 0xf8, 0xee, 0xd7, 0xee, 0xd7, 0xee, 0xf8, 0xee, 0xd7, 0xee,
    0xf8, 0xee, 0xd7, 0xee, 0xd7, 0xee, 0xd7, 0xee, 0xd7, 0xee, 0xd7, 0xee, 0xd7, 0xee, 0xd7, 0xee,
    0xf8, 0xee, 0xd7, 0xee, 0xd7, 0xee, 0xf8, 0xee, 0xf8, 0xee, 0xf8, 0xee, 0xf8, 0xee, 0xf8, 0xee,
    0xf8, 0xee, 0xd7, 0xee, 0xd7, 0xee, 0xd7, 0xee, 0xd7, 0xee, 0xd7, 0xee, 0xf8, 0xee, 0xd7, 0xee,
    0xd7, 0xee, 0xf8, 0xee, 0xf8, 0xee, 0xd7, 0xee, 0xd7, 0xee, 0xd7, 0xee, 0xd7, 0xee, 0xd7, 0xee,
    0xd7, 0xee, 0xd7, 0xee, 0xd7, 0xee, 0xd7, 0xee, 0xf8, 0xee, 0xf8, 0xee, 0xf8, 0xee, 0xf8, 0xee,
    0xd7, 0xee, 0xf8, 0xee, 0xf8, 0xee, 0xf8, 0xee, 0xf8, 0xee, 0xd7, 0xee, 0xd7, 0xee, 0xd7, 0xee,
    0xd7, 0xee, 0xf8, 0xee, 0xd7, 0xee, 0xd7, 0xee, 0xd7, 0xee, 0xf8, 0xee, 0xf8, 0xee, 0xf8, 0xee,
    0xf8, 0xee, 0xd7, 0xee, 0xf8, 0xee, 0xd7, 0xee, 0xd7, 0xee, 0xd7, 0xee, 0xd7, 0xee, 0xd7, 0xee,
    0xf8, 0xee, 0xf8, 0xee, 0xf8, 0xee, 0xf8, 0xee, 0xd7, 0xee, 0xd7, 0xee, 0xf8, 0xee, 0xf8, 0xee,
    0xf8, 0xee, 0xf8, 0xee, 0xd7, 0xee, 0xf8, 0xee, 0xf8, 0xee, 0xf8, 0xee, 0xf8, 0xee, 0xf8, 0xee,
    0xf8, 0xee, 0xd7, 0xee, 0xd7, 0xee, 0xd7, 0xee, 0xd7, 0xee, 0xd7, 0xee, 0xd7, 0xee, 0xf8, 0xee,
    0xf8, 0xee, 0xf8, 0xee, 0xf8, 0xee, 0xf8, 0xee, 0xf8, 0xee, 0xf8, 0xee, 0xd7, 0xee, 0xf8, 0xee,
    0xd7, 0xee, 0xd7, 0xee, 0xd7, 0xee, 0xd7, 0xee, 0xd7, 0xee, 0xd7, 0xee, 0xd7, 0xee, 0xd7, 0xee,
    0xd7, 0xee, 0xf8, 0xee, 0xd7, 0xee, 0xd7, 0xee, 0xd7, 0xee, 0xd7, 0xee, 0xd7, 0xee, 0xd7, 0xee,
    0xd7, 0xee, 0xd7, 0xee, 0xd7, 0xee, 0xd7, 0xee, 0xd7, 0xee, 0xd7, 0xee, 0xd7, 0xee, 0xd7, 0xee,
    0xd7, 0xee, 0xd7, 0xee, 0xf8, 0xee, 0xf8, 0xee, 0xd7, 0xee, 0xf8, 0xee, 0xf8, 0xee, 0xd7, 0xee,
    0xd7, 0xee, 0xd7, 0xee, 0xd7, 0xee, 0xd7, 0xee, 0xd7, 0xee, 0xf8, 0xee, 0xd7, 0xee, 0xd7, 0xee,
    0xf8, 0xee, 0xf8, 0xee, 0xd7, 0xee, 0xd7, 0xee, 0xd7, 0xee, 0xd7, 0xee, 0xd7, 0xee, 0xf8, 0xee,
    0xf8, 0xee, 0xf8, 0xee, 0xd7, 0xee, 0xf8, 0xee, 0xf8, 0xee, 0xf8, 0xee, 0xf8, 0xee, 0xf8, 0xee,
    0xf8, 0xee, 0xf8, 0xee, 0xb6, 0xe6, 0xb6, 0xe6, 0xd7, 0xee, 0xd7, 0xee, 0xf8, 0xee, 0xf8, 0xee,
    0xf8, 0xee, 0xd7, 0xee, 0xd7, 0xee, 0xf8, 0xee, 0xd7, 0xee, 0xf8, 0xee, 0xd7, 0xee, 0xf8, 0xee,
    0xf8, 0xee, 0xf8, 0xee, 0xf8, 0xee, 0xf8, 0xee, 0xd7, 0xee, 0xd7, 0xee, 0xf8, 0xee, 0xf8, 0xee,
    0xf8, 0xee, 0xd7, 0xee, 0xd7, 0xee, 0xf8, 0xee, 0xf8, 0xee, 0xf8, 0xee, 0xf8, 0xee, 0xd7, 0xee,
    0xd7, 0xee, 0xd7, 0xee, 0xf8, 0xee, 0xf8, 0xee, 0xd7, 0xee, 0xd7, 0xee, 0xd7, 0xee, 0xd7, 0xee,
    0xd7, 0xee, 0xd7, 0xee, 0xd7, 0xee, 0xd7, 0xee, 0xd7, 0xee, 0xd7, 0xee, 0xd7, 0xee, 0xf8, 0xee,
    0xd7, 0xee, 0xd7, 0xee, 0xd7, 0xee, 0xf8, 0xee, 0xd7, 0xee, 0xd7, 0xee, 0xd7, 0xee, 0xf8, 0xee,
    0xf8, 0xee, 0xd7, 0xee, 0xd7, 0xee, 0xd7, 0xee, 0xd7, 0xee, 0xd7, 0xee, 0xf8, 0xee, 0xf8, 0xee,
    0xf8, 0xee, 0xf8, 0xee, 0xf8, 0xee, 0xf8, 0xee, 0xf8, 0xee, 0xd7, 0xee, 0xf8, 0xee, 0xf8, 0xee,
    0xf8, 0xee, 0xf8, 0xee, 0xf8, 0xee, 0xf8, 0xee, 0xf8, 0xee, 0xf8, 0xee, 0xf8, 0xee, 0xd7, 0xee,
    0xf8, 0xee, 0xd7, 0xee, 0xd7, 0xee, 0xf8, 0xee, 0xf8, 0xee, 0xd7, 0xee, 0xd7, 0xee, 0xd7, 0xee,
    0xd7, 0xee, 0xf8, 0xee, 0xf8, 0xee, 0xd7, 0xee, 0xd7, 0xee, 0xd7, 0xee, 0xd7, 0xee, 0xd7, 0xee,
    0xd7, 0xee, 0xd7, 0xee, 0xd7, 0xee, 0xf8, 0xee, 0xf8, 0xee, 0xf8, 0xee, 0xd7, 0xee, 0xd7, 0xee,
    0xf8, 0xee, 0xf8, 0xee, 0xd7, 0xee, 0xd7, 0xee, 0xd7, 0xee, 0xf8, 0xee, 0xf8, 0xee, 0xf8, 0xee,
    0xd7, 0xee, 0xd7, 0xee, 0xf8, 0xee, 0xf8, 0xee, 0xd7, 0xee, 0xd7, 0xee, 0xf8, 0xee, 0xd7, 0xee,
    0xd7, 0xee, 0xd7, 0xee, 0xd7, 0xee, 0xd7, 0xee, 0xd7, 0xee, 0xf8, 0xee, 0xf8, 0xee, 0xf8, 0xee,
    0xf8, 0xee, 0xf8, 0xee, 0xd7, 0xee, 0xd7, 0xee, 0xd7, 0xee, 0xd7, 0xee, 0xd7, 0xee, 0xd7, 0xee,
    0xd7, 0xee, 0xd7, 0xee, 0xf8, 0xee, 0xd7, 0xee, 0xd7, 0xee, 0xf8, 0xee, 0xf8, 0xee, 0xd7, 0xee,
    0xd7, 0xee, 0xf8, 0xee, 0xd7, 0xee, 0xf8, 0xee, 0xf8, 0xee, 0xd7, 0xee, 0xf8, 0xee, 0xd7, 0xee,
    0xd7, 0xee, 0xf8, 0xee, 0xf8, 0xee, 0xf8, 0xee, 0xf8, 0xee, 0xf8, 0xee, 0xf8, 0xee, 0xf8, 0xee,
    0xf8, 0xee, 0xf8, 0xee, 0xf8, 0xee, 0xf8, 0xee, 0xd7, 0xee, 0xd7, 0xee, 0xd7, 0xee, 0xd7, 0xee,
    0xd7, 0xee, 0xf8, 0xee, 0xd7, 0xee, 0xd7, 0xee, 0xd7, 0xee, 0xd7, 0xee, 0xd7, 0xee, 0xd7, 0xee,
    0xf8, 0xee, 0xf8, 0xee, 0xd7, 0xee, 0xd7, 0xee, 0xf8, 0xee, 0xf8, 0xee, 0xd7, 0xee, 0xf8, 0xee,
    0xd7, 0xee, 0xd7, 0xee, 0xd7, 0xee, 0xd7, 0xee, 0xd7, 0xee, 0xd7, 0xee, 0xf8, 0xee, 0xd7, 0xee,
    0xd7, 0xee, 0xd7, 0xee, 0xf8, 0xee, 0xd7, 0xee, 0xf8, 0xee, 0xf8, 0xee, 0xf8, 0xee, 0xd7, 0xee,
    0xd7, 0xee, 0xd7, 0xee, 0xd7, 0xee, 0xf8, 0xee, 0xd7, 0xee, 0xd7, 0xee, 0xd7, 0xee, 0xd7, 0xee,
    0xd7, 0xee, 0xd7, 0xee, 0xf8, 0xee, 0xf8, 0xee, 0xf8, 0xee, 0xf8, 0xee, 0xf8, 0xee, 0xf8, 0xee,
    0xd7, 0xee, 0xf8, 0xee, 0xd7, 0xee, 0xf8, 0xee, 0xd7, 0xee, 0xd7, 0xee, 0xd7, 0xee, 0xd7, 0xee,
    0xf8, 0xee, 0xf8, 0xee, 0xd7, 0xee, 0xf8, 0xee, 0xd7, 0xee, 0xd7, 0xee, 0xf8, 0xee, 0xf8, 0xee,
    0xf8, 0xee, 0xf8, 0xee, 0xf8, 0xee, 0xd7, 0xee, 0xd7, 0xee, 0xd7, 0xee, 0xd7, 0xee, 0xf8, 0xee,
    0xf8, 0xee, 0xd7, 0xee, 0xd7, 0xee, 0xd7, 0xee, 0xd7, 0xee, 0xd7, 0xee, 0xd7, 0xee, 0xf8, 0xee,
    0xf8, 0xee, 0xd7, 0xee, 0xf8, 0xee, 0xf8, 0xee, 0xf8, 0xee, 0xf8, 0xee, 0xf8, 0xee, 0xf8, 0xee,
    0xf8, 0xee, 0xf8, 0xee, 0xf8, 0xee, 0xf8, 0xee, 0xd7, 0xee, 0xf8, 0xee, 0xf8, 0xee, 0xd7, 0xee,
    0xf8, 0xee, 0xd7, 0xee, 0xd7, 0xee, 0xf8, 0xee, 0xd7, 0xee, 0xd7, 0xee, 0xf8, 0xee, 0xd7, 0xee,
    0xf8, 0xee, 0xd7, 0xee, 0xf8, 0xee, 0xf8, 0xee, 0xd7, 0xee, 0xd7, 0xee, 0xd7, 0xee, 0xd7, 0xee,
    0xd7, 0xee, 0xd7, 0xee, 0xd7, 0xee, 0xd7, 0xee, 0xf8, 0xee, 0xd7, 0xee, 0x95, 0xe6, 0xd7, 0xee,
    0xd7, 0xee, 0xd7, 0xee, 0xd7, 0xee, 0xf8, 0xee, 0xd7, 0xee, 0xd7, 0xee, 0xf8, 0xee, 0xf8, 0xee,
    0xf8, 0xee, 0xf8, 0xee, 0xd7, 0xee, 0xf8, 0xee, 0xf8, 0xee, 0xf8, 0xee, 0xf8, 0xee, 0xd7, 0xee,
    0xf8, 0xee, 0xd7, 0xee, 0xd7, 0xee, 0xf8, 0xee, 0xf8, 0xee, 0xf8, 0xee, 0xf8, 0xee, 0xd7, 0xee,
    0xd7, 0xee, 0xd7, 0xee, 0xd7, 0xee, 0xd7, 0xee, 0xf8, 0xee, 0xf8, 0xee, 0xf8, 0xee, 0xf8, 0xee,
    0xf8, 0xee, 0xd7, 0xee, 0xd7, 0xee, 0xf8, 0xee, 0xf8, 0xee, 0xd7, 0xee, 0xd7, 0xee, 0xd7, 0xee,
    0xd7, 0xee, 0xd7, 0xee, 0xf8, 0xee, 0xf8, 0xee, 0xd7, 0xee, 0xd7, 0xee, 0xd7, 0xee, 0xd7, 0xee,
    0xd7, 0xee, 0xd7, 0xee, 0xd7, 0xee, 0xf8, 0xee, 0xf8, 0xee, 0xd7, 0xee, 0xd7, 0xee, 0xd7, 0xee,
    0xf8, 0xee, 0xf8, 0xee, 0xf8, 0xee, 0xd7, 0xee, 0xd7, 0xee, 0xf8, 0xee, 0xd7, 0xee, 0xd7, 0xee,
    0xf8, 0xee, 0xd7, 0xee, 0xd7, 0xee, 0xf8, 0xee, 0xd7, 0xee, 0xf8, 0xee, 0xf8, 0xee, 0xf8, 0xee,
    0xd7, 0xee, 0xd7, 0xee, 0xd7, 0xee, 0xf8, 0xee, 0xf8, 0xee, 0xd7, 0xee, 0xd7, 0xee, 0xd7, 0xee,
    0xd7, 0xee, 0xf8, 0xee, 0xd7, 0xee, 0xd7, 0xee, 0xd7, 0xee, 0xf8, 0xee, 0xd7, 0xee, 0xd7, 0xee,
    0xd7, 0xee, 0xf8, 0xee, 0xf8, 0xee, 0xd7, 0xee, 0xf8, 0xee, 0xd7, 0xee, 0xd7, 0xee, 0xd7, 0xee,
    0xf8, 0xee, 0xf8, 0xee, 0xf8, 0xee, 0xf8, 0xee, 0xf8, 0xee, 0xf8, 0xee, 0xd7, 0xee, 0xd7, 0xee,
    0xd7, 0xee, 0xd7, 0xee, 0xd7, 0xee, 0xf8, 0xee, 0xf8, 0xee, 0xf8, 0xee, 0xf8, 0xee, 0xf8, 0xee,
    0xf8, 0xee, 0xf8, 0xee, 0xf8, 0xee, 0xf8, 0xee, 0xd7, 0xee, 0xd7, 0xee, 0xd7, 0xee, 0xd7, 0xee,
    0xf8, 0xee, 0xf8, 0xee, 0xf8, 0xee, 0xf8, 0xee, 0xf8, 0xee, 0xd7, 0xee, 0xd7, 0xee, 0xd7, 0xee,
    0xd7, 0xee, 0xd7, 0xee, 0xf8, 0xee, 0xf8, 0xee, 0xf8, 0xee, 0xf8, 0xee, 0xd7, 0xee, 0xf8, 0xee,
    0xf8, 0xee, 0xd7, 0xee, 0xd7, 0xee, 0xd7, 0xee, 0xd7, 0xee, 0xd7, 0xee, 0xd7, 0xee, 0xd7, 0xee,
    0xd7, 0xee, 0xf8, 0xee, 0xf8, 0xee, 0xf8, 0xee, 0xf8, 0xee, 0xf8, 0xee, 0xd7, 0xee, 0xd7, 0xee,
    0xd7, 0xee, 0xd7, 0xee, 0xd7, 0xee, 0xd7, 0xee, 0xd7, 0xee, 0xd7, 0xee, 0xd7, 0xee, 0xf8, 0xee,
    0xd7, 0xee, 0xf8, 0xee, 0xd7, 0xee, 0xf8, 0xee, 0xd7, 0xee, 0xd7, 0xee, 0xf8, 0xee, 0xf8, 0xee,
    0xd7, 0xee, 0xf8, 0xee, 0xf8, 0xee, 0xd7, 0xee, 0xd7, 0xee, 0xd7, 0xee, 0xd7, 0xee, 0xd7, 0xee,
    0xd7, 0xee, 0xf8, 0xee, 0xd7, 0xee, 0xf8, 0xee, 0xd7, 0xee, 0xd7, 0xee, 0xd7, 0xee, 0xf8, 0xee,
    0xd7, 0xee, 0xd7, 0xee, 0xd7, 0xee, 0xd7, 0xee, 0xd7, 0xee, 0xd7, 0xee, 0xf8, 0xee, 0xf8, 0xee,
    0xf8, 0xee, 0xd7, 0xee, 0xd7, 0xee, 0xd7, 0xee, 0xd7, 0xee, 0xd7, 0xee, 0xd7, 0xee, 0xf8, 0xee,
    0xf8, 0xee, 0xd7, 0xee, 0xd7, 0xee, 0xf8, 0xee, 0xf8, 0xee, 0xd7, 0xee, 0xf8, 0xee, 0xf8, 0xee,
    0xf8, 0xee, 0xf8, 0xee, 0xf8, 0xee, 0xf8, 0xee, 0xf8, 0xee, 0xf8, 0xee, 0xf8, 0xee, 0xf8, 0xee,
    0xf8, 0xee, 0xd7, 0xee, 0xf8, 0xee, 0xf8, 0xee, 0xd7, 0xee, 0xd7, 0xee, 0xd7, 0xee, 0xd7, 0xee,
    0xf8, 0xee, 0xf8, 0xee, 0xd7, 0xee, 0xd7, 0xee, 0xf8, 0xee, 0xd7, 0xee, 0xd7, 0xee, 0xd7, 0xee,
    0xd7, 0xee, 0xd7, 0xee, 0xd7, 0xee, 0xd7, 0xee, 0xf8, 0xee, 0xb6, 0xe6, 0x75, 0xe6, 0x95, 0xe6,
    0xd7, 0xee, 0xd7, 0xee, 0xd7, 0xee, 0xf8, 0xee, 0xf8, 0xee, 0xf8, 0xee, 0xf8, 0xee, 0xf8, 0xee,
    0xf8, 0xee, 0xf8, 0xee, 0xd7, 0xee, 0xf8, 0xee, 0xf8, 0xee, 0xf8, 0xee, 0xf8, 0xee, 0xd7, 0xee,
    0xd7, 0xee, 0xd7, 0xee, 0xf8, 0xee, 0xf8, 0xee, 0xf8, 0xee, 0xf8, 0xee, 0xf8, 0xee, 0xf8, 0xee,
    0xf8, 0xee, 0xf8, 0xee, 0xf8, 0xee, 0xd7, 0xee, 0xd7, 0xee, 0xd7, 0xee, 0xd7, 0xee, 0xf8, 0xee,
    0xf8, 0xee, 0xf8, 0xee, 0xf8, 0xee, 0xf8, 0xee, 0xf8, 0xee, 0xf8, 0xee, 0xd7, 0xee, 0xf8, 0xee,
    0xd7, 0xee, 0xd7, 0xee, 0xd7, 0xee, 0xf8, 0xee, 0xf8, 0xee, 0xd7, 0xee, 0xd7, 0xee, 0xd7, 0xee,
    0xd7, 0xee, 0xd7, 0xee, 0xd7, 0xee, 0xd7, 0xee, 0xf8, 0xee, 0xd7, 0xee, 0xd7, 0xee, 0xf8, 0xee,
    0xf8, 0xee, 0xd7, 0xee, 0xf8, 0xee, 0xd7, 0xee, 0xd7, 0xee, 0xd7, 0xee, 0xd7, 0xee, 0xd7, 0xee,
    0xd7, 0xee, 0xd7, 0xee, 0xd7, 0xee, 0xd7, 0xee, 0xd7, 0xee, 0xd7, 0xee, 0xf8, 0xee, 0xf8, 0xee,
    0xd7, 0xee, 0xd7, 0xee, 0xd7, 0xee, 0xf8, 0xee, 0xd7, 0xee, 0xd7, 0xee, 0xd7, 0xee, 0xd7, 0xee,
    0xd7, 0xee, 0xd7, 0xee, 0xf8, 0xee, 0xd7, 0xee, 0xd7, 0xee, 0xf8, 0xee, 0xd7, 0xee, 0xd7, 0xee,
    0xd7, 0xee, 0xf8, 0xee, 0xd7, 0xee, 0xd7, 0xee, 0xd7, 0xee, 0xd7, 0xee, 0xd7, 0xee, 0xd7, 0xee,
    0xf8, 0xee, 0xf8, 0xee, 0xf8, 0xee, 0xf8, 0xee, 0xd7, 0xee, 0xf8, 0xee, 0xf8, 0xee, 0xd7, 0xee,
    0xf8, 0xee, 0xd7, 0xee, 0xd7, 0xee, 0xf8, 0xee, 0xd7, 0xee, 0xf8, 0xee, 0xf8, 0xee, 0xf8, 0xee,
    0xf8, 0xee, 0xf8, 0xee, 0xf8, 0xee, 0xf8, 0xee, 0xf8, 0xee, 0xd7, 0xee, 0xf8, 0xee, 0xf8, 0xee,
    0xf8, 0xee, 0xf8, 0xee, 0xf8, 0xee, 0xf8, 0xee, 0xf8, 0xee, 0xf8, 0xee, 0xd7, 0xee, 0xd7, 0xee,
    0xd7, 0xee, 0xd7, 0xee, 0xd7, 0xee, 0xf8, 0xee, 0xd7, 0xee, 0xf8, 0xee, 0xf8, 0xee, 0xf8, 0xee,
    0xf8, 0xee, 0xd7, 0xee, 0xd7, 0xee, 0xd7, 0xee, 0xd7, 0xee, 0xf8, 0xee, 0xf8, 0xee, 0xd7, 0xee,
    0xf8, 0xee, 0xf8, 0xee, 0xf8, 0xee, 0xf8, 0xee, 0xf8, 0xee, 0xd7, 0xee, 0xf8, 0xee, 0xd7, 0xee,
    0xd7, 0xee, 0xd7, 0xee, 0xd7, 0xee, 0xd7, 0xee, 0xd7, 0xee, 0xf8, 0xee, 0xd7, 0xee, 0xd7, 0xee,
    0xf8, 0xee, 0xd7, 0xee, 0xd7, 0xee, 0xf8, 0xee, 0xd7, 0xee, 0xd7, 0xee, 0xd7, 0xee, 0xf8, 0xee,
    0xf8, 0xee, 0xf8, 0xee, 0xf8, 0xee, 0xf8, 0xee, 0xd7, 0xee, 0xd7, 0xee, 0xd7, 0xee, 0xd7, 0xee,
    0xf8, 0xee, 0xd7, 0xee, 0xd7, 0xee, 0xf8, 0xee, 0xf8, 0xee, 0xd7, 0xee, 0xd7, 0xee, 0xf8, 0xee,
    0xf8, 0xee, 0xd7, 0xee, 0xd7, 0xee, 0xf8, 0xee, 0xd7, 0xee, 0xd7, 0xee, 0xf8, 0xee, 0xd7, 0xee,
    0xf8, 0xee, 0xf8, 0xee, 0xd7, 0xee, 0xd7, 0xee, 0xd7, 0xee, 0xd7, 0xee, 0xd7, 0xee, 0xd7, 0xee,
    0xd7, 0xee, 0xd7, 0xee, 0xf8, 0xee, 0xf8, 0xee, 0xf8, 0xee, 0xd7, 0xee, 0xd7, 0xee, 0xf8, 0xee,
    0xd7, 0xee, 0xd7, 0xee, 0xf8, 0xee, 0xf8, 0xee, 0xf8, 0xee, 0xf8, 0xee, 0xf8, 0xee, 0xf8, 0xee,
    0xf8, 0xee, 0xf8, 0xee, 0xf8, 0xee, 0xf8, 0xee, 0xd7, 0xee, 0xd7, 0xee, 0xd7, 0xee, 0xd7, 0xee,
    0xf8, 0xee, 0xd7, 0xee, 0xd7, 0xee, 0xd7, 0xee, 0xf8, 0xee, 0xd7, 0xee, 0xd7, 0xee, 0xf8, 0xee,
    0xd7, 0xee, 0xd7, 0xee, 0xd7, 0xee, 0xd7, 0xee, 0xf8, 0xee, 0xf8, 0xee, 0xd7, 0xee, 0xd7, 0xee,
    0xd7, 0xee, 0xd7, 0xee, 0xd7, 0xee, 0xf8, 0xee, 0xd7, 0xee, 0xf8, 0xee, 0xd7, 0xee, 0xd7, 0xee,
    0xf8, 0xee, 0xf8, 0xee, 0xf8, 0xee, 0xd7, 0xee, 0xf8, 0xee, 0xf8, 0xee, 0xf8, 0xee, 0xd7, 0xee,
    0xf8, 0xee, 0xf8, 0xee, 0xf8, 0xee, 0xd7, 0xee, 0xd7, 0xee, 0xf8, 0xee, 0xf8, 0xee, 0xf8, 0xee,
    0xf8, 0xee, 0xf8, 0xee, 0xf8, 0xee, 0xf8, 0xee, 0xd7, 0xee, 0xf8, 0xee, 0xf8, 0xee, 0xf8, 0xee,
    0xf8, 0xee, 0xd7, 0xee, 0xd7, 0xee, 0xf8, 0xee, 0xd7, 0xee, 0xf8, 0xee, 0xd7, 0xee, 0xf8, 0xee,
    0xd7, 0xee, 0xd7, 0xee, 0xd7, 0xee, 0xd7, 0xee, 0xf8, 0xee, 0xf8, 0xee, 0xd7, 0xee, 0xf8, 0xee,
    0xf8, 0xee, 0xf8, 0xee, 0xd7, 0xee, 0xd7, 0xee, 0xd7, 0xee, 0xd7, 0xee, 0xd7, 0xee, 0xf8, 0xee,
    0xf8, 0xee, 0xf8, 0xee, 0xd7, 0xee, 0xd7, 0xee, 0xd7, 0xee, 0xf8, 0xee, 0xd7, 0xee, 0xf8, 0xee,
    0xd7, 0xee, 0xf8, 0xee, 0xd7, 0xee, 0xd7, 0xee, 0xd7, 0xee, 0xd7, 0xee, 0xf8, 0xee, 0xd7, 0xee,
    0xd7, 0xee, 0xf8, 0xee, 0xd7, 0xee, 0xd7, 0xee, 0xf8, 0xee, 0xd7, 0xee, 0xf8, 0xee, 0xd7, 0xee,
    0xd7, 0xee, 0xd7, 0xee, 0xf8, 0xee, 0xf8, 0xee, 0xd7, 0xee, 0xd7, 0xee, 0xd7, 0xee, 0xd7, 0xee,
    0xf8, 0xee, 0xf8, 0xee, 0xf8, 0xee, 0xd7, 0xee, 0xd7, 0xee, 0xd7, 0xee, 0xd7, 0xee, 0xd7, 0xee,
    0xf8, 0xee, 0xf8, 0xee, 0xf8, 0xee, 0xf8, 0xee, 0xf8, 0xee, 0xf8, 0xee, 0xf8, 0xee, 0xf8, 0xee,
    0xf8, 0xee, 0xf8, 0xee, 0xd7, 0xee, 0xd7, 0xee, 0xd7, 0xee, 0xf8, 0xee, 0xf8, 0xee, 0xf8, 0xee,
    0xf8, 0xee, 0xf8, 0xee, 0xf8, 0xee, 0xf8, 0xee, 0xf8, 0xee, 0xf8, 0xee, 0xd7, 0xee, 0xf8, 0xee,
    0xf8, 0xee, 0xf8, 0xee, 0xf8, 0xee, 0xd7, 0xee, 0xd7, 0xee, 0xd7, 0xee, 0xd7, 0xee, 0xd7, 0xee,
    0xd7, 0xee, 0xf8, 0xee, 0xd7, 0xee, 0xd7, 0xee, 0xf8, 0xee, 0xf8, 0xee, 0xd7, 0xee, 0xd7, 0xee,
    0xd7, 0xee, 0xd7, 0xee, 0xd7, 0xee, 0xf8, 0xee, 0xd7, 0xee, 0xf8, 0xee, 0xf8, 0xee, 0xd7, 0xee,
    0xf8, 0xee, 0xf8, 0xee, 0xd7, 0xee, 0xd7, 0xee, 0xf8, 0xee, 0xf8, 0xee, 0xf8, 0xee, 0xd7, 0xee,
    0xf8, 0xee, 0xd7, 0xee, 0xf8, 0xee, 0xf8, 0xee, 0xd7, 0xee, 0xd7, 0xee, 0xd7, 0xee, 0xd7, 0xee,
    0xf8, 0xee, 0xf8, 0xee, 0xd7, 0xee, 0xf8, 0xee, 0xd7, 0xee, 0xd7, 0xee, 0xf8, 0xee, 0xf8, 0xee,
    0xf8, 0xee, 0xf8, 0xee, 0xf8, 0xee, 0xf8, 0xee, 0xd7, 0xee, 0xf8, 0xee, 0xd7, 0xee, 0xd7, 0xee,
    0xd7, 0xee, 0xf8, 0xee, 0xd7, 0xee, 0xd7, 0xee, 0xf8, 0xee, 0xd7, 0xee, 0xd7, 0xee, 0xd7, 0xee,
    0xd7, 0xee, 0xd7, 0xee, 0xd7, 0xee, 0xf8, 0xee, 0xf8, 0xee, 0xd7, 0xee, 0xd7, 0xee, 0xd7, 0xee,
    0xf8, 0xee, 0xf8, 0xee, 0xd7, 0xee, 0xd7, 0xee, 0xd7, 0xee, 0xf8, 0xee, 0xf8, 0xee, 0xf8, 0xee,
    0xf8, 0xee, 0xd7, 0xee, 0xd7, 0xee, 0xd7, 0xee, 0xf8, 0xee, 0xd7, 0xee, 0xd7, 0xee, 0xd7, 0xee,
    0xd7, 0xee, 0xd7, 0xee, 0xf8, 0xee, 0xf8, 0xee, 0xd7, 0xee, 0xd7, 0xee, 0xf8, 0xee, 0xf8, 0xee,
    0xf8, 0xee, 0xd7, 0xee, 0xf8, 0xee, 0xf8, 0xee, 0xd7, 0xee, 0xd7, 0xee, 0xd7, 0xee, 0xd7, 0xee,
    0xf8, 0xee, 0xf8, 0xee, 0xd7, 0xee, 0xf8, 0xee, 0xf8, 0xee, 0xd7, 0xee, 0xf8, 0xee, 0xf8, 0xee,
    0xd7, 0xee, 0xd7, 0xee, 0xd7, 0xee, 0xd7, 0xee, 0xf8, 0xee, 0xf8, 0xee, 0xf8, 0xee, 0xd7, 0xee,
    0xf8, 0xee, 0xd7, 0xee, 0xd7, 0xee, 0xf8, 0xee, 0xf8, 0xee, 0xd7, 0xee, 0xf8, 0xee, 0xd7, 0xee,
    0xd7, 0xee, 0xd7, 0xee, 0xd7, 0xee, 0xd7, 0xee, 0xf8, 0xee, 0xf8, 0xee, 0xf8, 0xee, 0xf8, 0xee,
    0xf8, 0xee, 0xf8, 0xee, 0xf8, 0xee, 0xd7, 0xee, 0xd7, 0xee, 0xd7, 0xee, 0xf8, 0xee, 0xd7, 0xee,
    0xd7, 0xee, 0xf8, 0xee, 0xf8, 0xee, 0xf8, 0xee, 0xd7, 0xee, 0xf8, 0xee, 0xf8, 0xee, 0xf8, 0xee,
    0xf8, 0xee, 0xd7, 0xee, 0xd7, 0xee, 0xf8, 0xee, 0xf8, 0xee, 0xf8, 0xee, 0xd7, 0xee, 0xd7, 0xee,
    0xd7, 0xee, 0xd7, 0xee, 0xf8, 0xee, 0xd7, 0xee, 0xf8, 0xee, 0xf8, 0xee, 0xd7, 0xee, 0xd7, 0xee,
    0xd7, 0xee, 0xf8, 0xee, 0xd7, 0xee, 0xf8, 0xee, 0xf8, 0xee, 0xf8, 0xee, 0xd7, 0xee, 0xd7, 0xee,
    0xf8, 0xee, 0xd7, 0xee, 0xf8, 0xee, 0xd7, 0xee, 0xd7, 0xee, 0xf8, 0xee, 0xd7, 0xee, 0xd7, 0xee,
    0xd7, 0xee, 0xf8, 0xee, 0xd7, 0xee, 0xd7, 0xee, 0xd7, 0xee, 0xd7, 0xee, 0xd7, 0xee, 0xd7, 0xee,
    0xf8, 0xee, 0xd7, 0xee, 0xf8, 0xee, 0xd7, 0xee, 0xf8, 0xee, 0xf8, 0xee, 0xf8, 0xee, 0xd7, 0xee,
    0xd7, 0xee, 0xf8, 0xee, 0xd7, 0xee, 0xd7, 0xee, 0xd7, 0xee, 0xd7, 0xee, 0xd7, 0xee, 0xf8, 0xee,
    0xf8, 0xee, 0xf8, 0xee, 0xf8, 0xee, 0xd7, 0xee, 0xd7, 0xee, 0xf8, 0xee, 0xd7, 0xee, 0xf8, 0xee,
    0xf8, 0xee, 0xd7, 0xee, 0xf8, 0xee, 0xd7, 0xee, 0xf8, 0xee, 0xf8, 0xee, 0xf8, 0xee, 0xf8, 0xee,
    0xf8, 0xee, 0xf8, 0xee, 0xd7, 0xee, 0xd7, 0xee, 0xd7, 0xee, 0xf8, 0xee, 0xd7, 0xee, 0xd7, 0xee,
    0xd7, 0xee, 0xd7, 0xee, 0xf8, 0xee, 0xf8, 0xee, 0xd7, 0xee, 0xd7, 0xee, 0xf8, 0xee, 0xd7, 0xee,
    0xd7, 0xee, 0xd7, 0xee, 0xd7, 0xee, 0xd7, 0xee, 0xd7, 0xee, 0xd7, 0xee, 0xd7, 0xee, 0xd7, 0xee,
    0xd7, 0xee, 0xf8, 0xee, 0xd7, 0xee, 0xd7, 0xee, 0xf8, 0xee, 0xf8, 0xee, 0xd7, 0xee, 0xd7, 0xee,
    0xd7, 0xee, 0xf8, 0xee, 0xd7, 0xee, 0xf8, 0xee, 0xd7, 0xee, 0xd7, 0xee, 0xf8, 0xee, 0xf8, 0xee,
    0xf8, 0xee, 0xd7, 0xee, 0xf8, 0xee, 0xf8, 0xee, 0xf8, 0xee, 0xf8, 0xee, 0xd7, 0xee, 0xd7, 0xee,
    0xf8, 0xee, 0xd7, 0xee, 0xf8, 0xee, 0xf8, 0xee, 0xd7, 0xee, 0xd7, 0xee, 0xf8, 0xee, 0xf8, 0xee,
    0xf8, 0xee, 0xf8, 0xee, 0xf8, 0xee, 0xd7, 0xee, 0xf8, 0xee, 0xd7, 0xee, 0xd7, 0xee, 0xd7, 0xee,
    0xd7, 0xee, 0xd7, 0xee, 0xd7, 0xee, 0xf8, 0xee, 0xd7, 0xee, 0xd7, 0xee, 0xd7, 0xee, 0xd7, 0xee,
    0xd7, 0xee, 0xf8, 0xee, 0xd7, 0xee, 0xd7, 0xee, 0xd7, 0xee, 0xd7, 0xee, 0xd7, 0xee, 0xd7, 0xee,
    0xd7, 0xee, 0xd7, 0xee, 0xf8, 0xee, 0xf8, 0xee, 0xf8, 0xee, 0xf8, 0xee, 0xf8, 0xee, 0xf8, 0xee,
    0xf8, 0xee, 0xf8, 0xee, 0xd7, 0xee, 0xd7, 0xee, 0xf8, 0xee, 0xf8, 0xee, 0xf8, 0xee, 0xd7, 0xee,
    0xf8, 0xee, 0xf8, 0xee, 0xd7, 0xee, 0xd7, 0xee, 0xf8, 0xee, 0xf8, 0xee, 0xd7, 0xee, 0xf8, 0xee,
    0xd7, 0xee, 0xf8, 0xee, 0xf8, 0xee, 0xd7, 0xee, 0xd7, 0xee, 0xf8, 0xee, 0xf8, 0xee, 0xd7, 0xee,
    0xd7, 0xee, 0xd7, 0xee, 0xd7, 0xee, 0xf8, 0xee, 0xd7, 0xee, 0xd7, 0xee, 0xd7, 0xee, 0xd7, 0xee,
    0xd7, 0xee, 0xd7, 0xee, 0xf8, 0xee, 0xd7, 0xee, 0xf8, 0xee, 0xf8, 0xee, 0xd7, 0xee, 0xd7, 0xee,
    0xd7, 0xee, 0xd7, 0xee, 0xd7, 0xee, 0xd7, 0xee, 0xd7, 0xee, 0xd7, 0xee, 0xd7, 0xee, 0xd7, 0xee,
    0xd7, 0xee, 0xd7, 0xee, 0xd7, 0xee, 0xd7, 0xee, 0xd7, 0xee, 0xd7, 0xee, 0xd7, 0xee, 0xd7, 0xee,
    0xf8, 0xee, 0xf8, 0xee, 0xd7, 0xee, 0xf8, 0xee, 0xd7, 0xee, 0xf8, 0xee, 0xf8, 0xee, 0xf8, 0xee,
    0xf8, 0xee, 0xf8, 0xee, 0xd7, 0xee, 0xd7, 0xee, 0xf8, 0xee, 0xf8, 0xee, 0xf8, 0xee, 0xf8, 0xee,
    0xf8, 0xee, 0xf8, 0xee, 0xf8, 0xee, 0xd7, 0xee, 0xd7, 0xee, 0xf8, 0xee, 0xf8, 0xee, 0xf8, 0xee,
    0xf8, 0xee, 0xd7, 0xee, 0xf8, 0xee, 0xd7, 0xee, 0xf8, 0xee, 0xf8, 0xee, 0xf8, 0xee, 0xf8, 0xee,
    0xd7, 0xee, 0xf8, 0xee, 0xd7, 0xee, 0xd7, 0xee, 0xd7, 0xee, 0xd7, 0xee, 0xf8, 0xee, 0xd7, 0xee,
    0xd7, 0xee, 0xf8, 0xee, 0xd7, 0xee, 0xf8, 0xee, 0xf8, 0xee, 0xf8, 0xee, 0xd7, 0xee, 0xf8, 0xee,
    0xf8, 0xee, 0xd7, 0xee, 0xd7, 0xee, 0xd7, 0xee, 0xf8, 0xee, 0xf8, 0xee, 0xd7, 0xee, 0xd7, 0xee,
    0xf8, 0xee, 0xd7, 0xee, 0xd7, 0xee, 0xd7, 0xee, 0xd7, 0xee, 0xd7, 0xee, 0xd7, 0xee, 0xd7, 0xee,
    0xd7, 0xee, 0xd7, 0xee, 0xd7, 0xee, 0xd7, 0xee, 0xf8, 0xee, 0xf8, 0xee, 0xf8, 0xee, 0xf8, 0xee,
    0xf8, 0xee, 0xf8, 0xee, 0xf8, 0xee, 0xd7, 0xee, 0xd7, 0xee, 0xd7, 0xee, 0xd7, 0xee, 0xf8, 0xee,
    0xd7, 0xee, 0xf8, 0xee, 0xd7, 0xee, 0xd7, 0xee, 0xf8, 0xee, 0xf8, 0xee, 0xd7, 0xee, 0xf8, 0xee,
    0xf8, 0xee, 0xd7, 0xee, 0xd7, 0xee, 0xd7, 0xee, 0xf8, 0xee, 0xd7, 0xee, 0xd7, 0xee, 0xf8, 0xee,
    0xf8, 0xee, 0xd7, 0xee, 0xd7, 0xee, 0xd7, 0xee, 0xf8, 0xee, 0xf8, 0xee, 0xd7, 0xee, 0xf8, 0xee,
    0xd7, 0xee, 0xf8, 0xee, 0xf8, 0xee, 0xd7, 0xee, 0xd7, 0xee, 0xd7, 0xee, 0xf8, 0xee, 0xf8, 0xee,
    0xf8, 0xee, 0xd7, 0xee, 0xd7, 0xee, 0xd7, 0xee, 0xd7, 0xee, 0xf8, 0xee, 0xf8, 0xee, 0xf8, 0xee,
    0xd7, 0xee, 0xf8, 0xee, 0xd7, 0xee, 0xf8, 0xee, 0xf8, 0xee, 0xf8, 0xee, 0xf8, 0xee, 0xd7, 0xee,
    0xf8, 0xee, 0xf8, 0xee, 0xd7, 0xee, 0xf8, 0xee, 0xf8, 0xee, 0xd7, 0xee, 0xd7, 0xee, 0xf8, 0xee,
    0xf8, 0xee, 0xf8, 0xee, 0xf8, 0xee, 0xf8, 0xee, 0xf8, 0xee, 0xf8, 0xee, 0xd7, 0xee, 0xd7, 0xee,
    0xf8, 0xee, 0xf8, 0xee, 0xf8, 0xee, 0xf8, 0xee, 0xf8, 0xee, 0xd7, 0xee, 0xd7, 0xee, 0xd7, 0xee,
    0xd7, 0xee, 0xf8, 0xee, 0xd7, 0xee, 0xd7, 0xee, 0xd7, 0xee, 0xd7, 0xee, 0xd7, 0xee, 0xd7, 0xee,
    0xd7, 0xee, 0xf8, 0xee, 0xf8, 0xee, 0xf8, 0xee, 0xd7, 0xee, 0xf8, 0xee, 0xf8, 0xee, 0xd7, 0xee,
    0xd7, 0xee, 0xd7, 0xee, 0xd7, 0xee, 0xf8, 0xee, 0xd7, 0xee, 0xd7, 0xee, 0xd7, 0xee, 0xd7, 0xee,
    0xd7, 0xee, 0xd7, 0xee, 0xf8, 0xee, 0xf8, 0xee, 0xf8, 0xee, 0xf8, 0xee, 0xf8, 0xee, 0xf8, 0xee,
    0xf8, 0xee, 0xd7, 0xee, 0xd7, 0xee, 0xd7, 0xee, 0xd7, 0xee, 0xd7, 0xee, 0xd7, 0xee, 0xd7, 0xee,
    0xf8, 0xee, 0xd7, 0xee, 0xd7, 0xee, 0xd7, 0xee, 0xd7, 0xee, 0xd7, 0xee, 0xf8, 0xee, 0xf8, 0xee,
    0xd7, 0xee, 0xf8, 0xee, 0xf8, 0xee, 0xf8, 0xee, 0xf8, 0xee, 0xf8, 0xee, 0xf8, 0xee, 0xd7, 0xee,
    0xf8, 0xee, 0xf8, 0xee, 0xd7, 0xee, 0xd7, 0xee, 0xd7, 0xee, 0xd7, 0xee, 0xd7, 0xee, 0xd7, 0xee,
    0xf8, 0xee, 0xf8, 0xee, 0xf8, 0xee, 0xf8, 0xee, 0xf8, 0xee, 0xf8, 0xee, 0xf8, 0xee, 0xf8, 0xee,
    0xd7, 0xee, 0xb6, 0xe6, 0xd7, 0xee, 0xd7, 0xee, 0xd7, 0xee, 0xd7, 0xee, 0xd7, 0xee, 0xd7, 0xee,
    0xd7, 0xee, 0xd7, 0xee, 0xd7, 0xee, 0xd7, 0xee, 0xd7, 0xee, 0xd7, 0xee, 0xd7, 0xee, 0xf8, 0xee,
    0xf8, 0xee, 0xf8, 0xee, 0xf8, 0xee, 0xf8, 0xee, 0xd7, 0xee, 0xd7, 0xee, 0xd7, 0xee, 0xd7, 0xee,
    0xd7, 0xee, 0xf8, 0xee, 0xf8, 0xee, 0xf8, 0xee, 0xf8, 0xee, 0xf8, 0xee, 0xf8, 0xee, 0xf8, 0xee,
    0xf8, 0xee, 0xf8, 0xee, 0xf8, 0xee, 0xd7, 0xee, 0xf8, 0xee, 0xf8, 0xee, 0xf8, 0xee, 0xf8, 0xee,
    0xf8, 0xee, 0xf8, 0xee, 0xf8, 0xee, 0xd7, 0xee, 0xd7, 0xee, 0xd7, 0xee, 0xd7, 0xee, 0xd7, 0xee,
    0xd7, 0xee, 0xd7, 0xee, 0xd7, 0xee, 0xd7, 0xee, 0xd7, 0xee, 0xd7, 0xee, 0xf8, 0xee, 0xd7, 0xee,
    0xf8, 0xee, 0xf8, 0xee, 0xd7, 0xee, 0xd7, 0xee, 0xf8, 0xee, 0xd7, 0xee, 0xd7, 0xee, 0xf8, 0xee,
    0xf8, 0xee, 0xd7, 0xee, 0xd7, 0xee, 0xd7, 0xee, 0xd7, 0xee, 0xd7, 0xee, 0xd7, 0xee, 0xd7, 0xee,
    0xd7, 0xee, 0xd7, 0xee, 0xd7, 0xee, 0xd7, 0xee, 0xd7, 0xee, 0xd7, 0xee, 0xd7, 0xee, 0xd7, 0xee,
    0xd7, 0xee, 0xd7, 0xee, 0xd7, 0xee, 0xd7, 0xee, 0xf8, 0xee, 0xd7, 0xee, 0xf8, 0xee, 0xf8, 0xee,
    0xf8, 0xee, 0xd7, 0xee, 0xd7, 0xee, 0xd7, 0xee, 0xd7, 0xee, 0xf8, 0xee, 0xf8, 0xee, 0xf8, 0xee,
    0xf8, 0xee, 0xf8, 0xee, 0xd7, 0xee, 0xf8, 0xee, 0xf8, 0xee, 0xf8, 0xee, 0xf8, 0xee, 0xd7, 0xee,
    0xd7, 0xee, 0xd7, 0xee, 0xd7, 0xee, 0xd7, 0xee, 0xd7, 0xee, 0xf8, 0xee, 0xf8, 0xee, 0xf8, 0xee,
    0xf8, 0xee, 0xf8, 0xee, 0xf8, 0xee, 0xd7, 0xee, 0xd7, 0xee, 0xf8, 0xee, 0xd7, 0xee, 0xf8, 0xee,
    0xd7, 0xee, 0xd7, 0xee, 0xf8, 0xee, 0xf8, 0xee, 0xf8, 0xee, 0xd7, 0xee, 0xd7, 0xee, 0xf8, 0xee,
    0xf8, 0xee, 0xd7, 0xee, 0xd7, 0xee, 0xd7, 0xee, 0xd7, 0xee, 0xd7, 0xee, 0xd7, 0xee, 0xd7, 0xee,
    0xd7, 0xee, 0xf8, 0xee, 0xd7, 0xee, 0xd7, 0xee, 0xd7, 0xee, 0xd7, 0xee, 0xf8, 0xee, 0xf8, 0xee,
    0xf8, 0xee, 0xd7, 0xee, 0xf8, 0xee, 0xf8, 0xee, 0xf8, 0xee, 0xd7, 0xee, 0xd7, 0xee, 0xd7, 0xee,
    0xd7, 0xee, 0xf8, 0xee, 0xf8, 0xee, 0xf8, 0xee, 0xf8, 0xee, 0xf8, 0xee, 0xd7, 0xee, 0xf8, 0xee,
    0xf8, 0xee, 0xf8, 0xee, 0xd7, 0xee, 0xf8, 0xee, 0xf8, 0xee, 0xd7, 0xee, 0xd7, 0xee, 0xd7, 0xee,
    0xd7, 0xee, 0xd7, 0xee, 0xd7, 0xee, 0xd7, 0xee, 0xd7, 0xee, 0xd7, 0xee, 0xd7, 0xee, 0xd7, 0xee,
    0xd7, 0xee, 0xd7, 0xee, 0xf8, 0xee, 0xf8, 0xee, 0xf8, 0xee, 0xf8, 0xee, 0xf8, 0xee, 0xf8, 0xee,
    0xd7, 0xee, 0xd7, 0xee, 0xd7, 0xee, 0xd7, 0xee, 0xd7, 0xee, 0xd7, 0xee, 0xf8, 0xee, 0xf8, 0xee,
    0xd7, 0xee, 0xd7, 0xee, 0xd7, 0xee, 0xd7, 0xee, 0xd7, 0xee, 0xf8, 0xee, 0xf8, 0xee, 0xf8, 0xee,
    0xf8, 0xee, 0xd7, 0xee, 0xd7, 0xee, 0xd7, 0xee, 0xd7, 0xee, 0xf8, 0xee, 0xf8, 0xee, 0xf8, 0xee,
    0xf8, 0xee, 0xd7, 0xee, 0xf8, 0xee, 0xf8, 0xee, 0xd7, 0xee, 0xd7, 0xee, 0xd7, 0xee, 0xd7, 0xee,
    0xd7, 0xee, 0xd7, 0xee, 0xd7, 0xee, 0xd7, 0xee, 0xf8, 0xee, 0xf8, 0xee, 0xd7, 0xee, 0xd7, 0xee,
    0xd7, 0xee, 0xd7, 0xee, 0xf8, 0xee, 0xd7, 0xee, 0xd7, 0xee, 0xd7, 0xee, 0xd7, 0xee, 0xd7, 0xee,
    0xf8, 0xee, 0xf8, 0xee, 0xf8, 0xee, 0xf8, 0xee, 0xd7, 0xee, 0xf8, 0xee, 0xf8, 0xee, 0xf8, 0xee,
    0xd7, 0xee, 0xd7, 0xee, 0xd7, 0xee, 0xd7, 0xee, 0xd7, 0xee, 0xd7, 0xee, 0xd7, 0xee, 0xf8, 0xee,
    0xf8, 0xee, 0xd7, 0xee, 0xf8, 0xee, 0xd7, 0xee, 0xd7, 0xee, 0xd7, 0xee, 0xd7, 0xee, 0xf8, 0xee,
    0xd7, 0xee, 0xf8, 0xee, 0xf8, 0xee, 0xd7, 0xee, 0xd7, 0xee, 0xf8, 0xee, 0xd7, 0xee, 0xd7, 0xee,
    0xf8, 0xee, 0xd7, 0xee, 0xd7, 0xee, 0xf8, 0xee, 0xd7, 0xee, 0xf8, 0xee, 0xf8, 0xee, 0xf8, 0xee,
    0xf8, 0xee, 0xd7, 0xee, 0xd7, 0xee, 0xd7, 0xee, 0xf8, 0xee, 0xf8, 0xee, 0xf8, 0xee, 0xf8, 0xee,
    0xf8, 0xee, 0xf8, 0xee, 0xf8, 0xee, 0xf8, 0xee, 0xd7, 0xee, 0xd7, 0xee, 0xf8, 0xee, 0xd7, 0xee,
    0xd7, 0xee, 0xf8, 0xee, 0xf8, 0xee, 0xf8, 0xee, 0xf8, 0xee, 0xf8, 0xee, 0xd7, 0xee, 0xf8, 0xee,
    0xf8, 0xee, 0xf8, 0xee, 0xf8, 0xee, 0xd7, 0xee, 0xd7, 0xee, 0xd7, 0xee, 0xd7, 0xee, 0xf8, 0xee,
    0xf8, 0xee, 0xd7, 0xee, 0xd7, 0xee, 0xf8, 0xee, 0xf8, 0xee, 0xd7, 0xee, 0xf8, 0xee, 0xd7, 0xee,
    0xd7, 0xee, 0xd7, 0xee, 0xd7, 0xee, 0xd7, 0xee, 0xd7, 0xee, 0xf8, 0xee, 0xd7, 0xee, 0xd7, 0xee,
    0xf8, 0xee, 0xd7, 0xee, 0xd7, 0xee, 0xf8, 0xee, 0xf8, 0xee, 0xf8, 0xee, 0xf8, 0xee, 0xf8, 0xee,
    0xf8, 0xee, 0xd7, 0xee, 0xd7, 0xee, 0xd7, 0xee, 0xd7, 0xee, 0xd7, 0xee, 0xf8, 0xee, 0xf8, 0xee,
    0xf8, 0xee, 0xd7, 0xee, 0xd7, 0xee, 0xf8, 0xee, 0xf8, 0xee, 0xf8, 0xee, 0xd7, 0xee, 0xf8, 0xee,
    0xd7, 0xee, 0xd7, 0xee, 0xf8, 0xee, 0xf8, 0xee, 0xd7, 0xee, 0xd7, 0xee, 0xf8, 0xee, 0xf8, 0xee,
    0xf8, 0xee, 0xf8, 0xee, 0xf8, 0xee, 0xf8, 0xee, 0xf8, 0xee, 0xf8, 0xee, 0xf8, 0xee, 0xf8, 0xee,
    0xd7, 0xee, 0xd7, 0xee, 0xd7, 0xee, 0xd7, 0xee, 0xf8, 0xee, 0xf8, 0xee, 0xf8, 0xee, 0xf8, 0xee,
    0xd7, 0xee, 0xd7, 0xee, 0xd7, 0xee, 0xd7, 0xee, 0xd7, 0xee, 0xd7, 0xee, 0xd7, 0xee, 0xd7, 0xee,
    0xf8, 0xee, 0xf8, 0xee, 0xd7, 0xee, 0xd7, 0xee, 0xd7, 0xee, 0xd7, 0xee, 0xd7, 0xee, 0xd7, 0xee,
    0xf8, 0xee, 0xd7, 0xee, 0xf8, 0xee, 0xf8, 0xee, 0xf8, 0xee, 0xf8, 0xee, 0xf8, 0xee, 0xd7, 0xee,
    0xd7, 0xee, 0xd7, 0xee, 0xd7, 0xee, 0xf8, 0xee, 0xf8, 0xee, 0xd7, 0xee, 0xd7, 0xee, 0xf8, 0xee,
    0xd7, 0xee, 0xf8, 0xee, 0xf8, 0xee, 0xf8, 0xee, 0xd7, 0xee, 0xd7, 0xee, 0xd7, 0xee, 0xd7, 0xee,
    0xd7, 0xee, 0xd7, 0xee, 0xf8, 0xee, 0xd7, 0xee, 0xd7, 0xee, 0xd7, 0xee, 0xd7, 0xee, 0xd7, 0xee,
    0xf8, 0xee, 0xf8, 0xee, 0xf8, 0xee, 0xd7, 0xee, 0xd7, 0xee, 0xf8, 0xee, 0xd7, 0xee, 0xd7, 0xee,
    0xd7, 0xee, 0xd7, 0xee, 0xd7, 0xee, 0xd7, 0xee, 0xf8, 0xee, 0xd7, 0xee, 0xd7, 0xee, 0xf8, 0xee,
    0xd7, 0xee, 0xd7, 0xee, 0xd7, 0xee, 0xd7, 0xee, 0xd7, 0xee, 0xd7, 0xee, 0xf8, 0xee, 0xf8, 0xee,
    0xd7, 0xee, 0xd7, 0xee, 0xd7, 0xee, 0xd7, 0xee, 0xd7, 0xee, 0xf8, 0xee, 0xf8, 0xee, 0xf8, 0xee,
    0xf8, 0xee, 0xd7, 0xee, 0xd7, 0xee, 0xf8, 0xee, 0xd7, 0xee, 0xd7, 0xee, 0xd7, 0xee, 0xd7, 0xee,
    0xd7, 0xee, 0xf8, 0xee, 0xd7, 0xee, 0xf8, 0xee, 0xf8, 0xee, 0xf8, 0xee, 0xf8, 0xee, 0xd7, 0xee,
    0xd7, 0xee, 0xd7, 0xee, 0xd7, 0xee, 0xd7, 0xee, 0xd7, 0xee, 0xd7, 0xee, 0xd7, 0xee, 0xd7, 0xee,
    0xf8, 0xee, 0xf8, 0xee, 0xf8, 0xee, 0xf8, 0xee, 0xf8, 0xee, 0xf8, 0xee, 0xd7, 0xee, 0xf8, 0xee,
    0xd7, 0xee, 0xd7, 0xee, 0xd7, 0xee, 0xd7, 0xee, 0xd7, 0xee, 0xd7, 0xee, 0xd7, 0xee, 0xf8, 0xee,
    0xd7, 0xee, 0xd7, 0xee, 0xd7, 0xee, 0xd7, 0xee, 0xf8, 0xee, 0xd7, 0xee, 0xd7, 0xee, 0xd7, 0xee,
    0xd7, 0xee, 0xd7, 0xee, 0xd7, 0xee, 0xf8, 0xee, 0xd7, 0xee, 0xf8, 0xee, 0xd7, 0xee, 0xf8, 0xee,
    0xf8, 0xee, 0xd7, 0xee, 0xd7, 0xee, 0xd7, 0xee, 0xf8, 0xee, 0xf8, 0xee, 0xd7, 0xee, 0xd7, 0xee,
    0xf8, 0xee, 0xf8, 0xee, 0xd7, 0xee, 0xf8, 0xee, 0xd7, 0xee, 0xf8, 0xee, 0xd7, 0xee, 0xf8, 0xee,
    0xd7, 0xee, 0xd7, 0xee, 0xf8, 0xee, 0xf8, 0xee, 0xf8, 0xee, 0xd7, 0xee, 0xf8, 0xee, 0xd7, 0xee,
    0xf8, 0xee, 0xd7, 0xee, 0xf8, 0xee, 0xf8, 0xee, 0xd7, 0xee, 0xd7, 0xee, 0xd7, 0xee, 0xf8, 0xee,
    0xd7, 0xee, 0xd7, 0xee, 0xf8, 0xee, 0xd7, 0xee, 0xd7, 0xee, 0xf8, 0xee, 0xd7, 0xee, 0xd7, 0xee,
    0xf8, 0xee, 0xd7, 0xee, 0xd7, 0xee, 0xf8, 0xee, 0xf8, 0xee, 0xd7, 0xee, 0xd7, 0xee, 0xd7, 0xee,
    0xf8, 0xee, 0xf8, 0xee, 0xd7, 0xee, 0xd7, 0xee, 0xd7, 0xee, 0xf8, 0xee, 0xd7, 0xee, 0xd7, 0xee,
    0xf8, 0xee, 0xd7, 0xee, 0xd7, 0xee, 0xd7, 0xee, 0xf8, 0xee, 0xf8, 0xee, 0xf8, 0xee, 0xd7, 0xee,
    0xd7, 0xee, 0xd7, 0xee, 0xd7, 0xee, 0xf8, 0xee, 0xd7, 0xee, 0xd7, 0xee, 0xf8, 0xee, 0xf8, 0xee,
    0xf8, 0xee, 0xd7, 0xee, 0xd7, 0xee, 0xf8, 0xee, 0xf8, 0xee, 0xf8, 0xee, 0xd7, 0xee, 0xd7, 0xee,
    0xf8, 0xee, 0xd7, 0xee, 0xd7, 0xee, 0xf8, 0xee, 0xd7, 0xee, 0xd7, 0xee, 0xd7, 0xee, 0xf8, 0xee,
    0xf8, 0xee, 0xf8, 0xee, 0xf8, 0xee, 0xd7, 0xee, 0xd7, 0xee, 0xf8, 0xee, 0xd7, 0xee, 0xd7, 0xee,
    0xf8, 0xee, 0xd7, 0xee, 0xd7, 0xee, 0xf8, 0xee, 0xf8, 0xee, 0xd7, 0xee, 0xd7, 0xee, 0xf8, 0xee,
    0xf8, 0xee, 0xd7, 0xee, 0xd7, 0xee, 0xd7, 0xee, 0xd7, 0xee, 0xf8, 0xee, 0xd7, 0xee, 0xd7, 0xee,
    0xf8, 0xee, 0xf8, 0xee, 0xf8, 0xee, 0xd7, 0xee, 0xd7, 0xee, 0xd7, 0xee, 0xd7, 0xee, 0xd7, 0xee,
    0xd7, 0xee, 0xf8, 0xee, 0xf8, 0xee, 0xf8, 0xee, 0xf8, 0xee, 0xf8, 0xee, 0xd7, 0xee, 0xf8, 0xee,
    0xf8, 0xee, 0xd7, 0xee, 0xf8, 0xee, 0xf8, 0xee, 0xd7, 0xee, 0xd7, 0xee, 0xd7, 0xee, 0xd7, 0xee,
    0xd7, 0xee, 0xd7, 0xee, 0xf8, 0xee, 0xf8, 0xee, 0xf8, 0xee, 0xd7, 0xee, 0xd7, 0xee, 0xd7, 0xee,
    0xd7, 0xee, 0xf8, 0xee, 0xf8, 0xee, 0xd7, 0xee, 0xd7, 0xee, 0xf8, 0xee, 0xd7, 0xee, 0xf8, 0xee,
    0xf8, 0xee, 0xf8, 0xee, 0xf8, 0xee, 0xd7, 0xee, 0xd7, 0xee, 0xd7, 0xee, 0xd7, 0xee, 0xd7, 0xee,
    0xf8, 0xee, 0xf8, 0xee, 0xf8, 0xee, 0xf8, 0xee, 0xf8, 0xee, 0xd7, 0xee, 0xd7, 0xee, 0xf8, 0xee,
    0xf8, 0xee, 0xd7, 0xee, 0xf8, 0xee, 0xd7, 0xee, 0xd7, 0xee, 0xd7, 0xee, 0xd7, 0xee, 0xf8, 0xee,
    0xd7, 0xee, 0xd7, 0xee, 0xd7, 0xee, 0xd7, 0xee, 0xf8, 0xee, 0xf8, 0xee, 0xf8, 0xee, 0xf8, 0xee,
    0xf8, 0xee, 0xd7, 0xee, 0xd7, 0xee, 0xf8, 0xee, 0xd7, 0xee, 0xd7, 0xee, 0xd7, 0xee, 0xd7, 0xee,
    0xd7, 0xee, 0xd7, 0xee, 0xf8, 0xee, 0xf8, 0xee, 0xf8, 0xee, 0xf8, 0xee, 0xf8, 0xee, 0xd7, 0xee,
    0xd7, 0xee, 0xd7, 0xee, 0xd7, 0xee, 0xd7, 0xee, 0xd7, 0xee, 0xd7, 0xee, 0xd7, 0xee, 0xd7, 0xee,
    0xd7, 0xee, 0xd7, 0xee, 0xd7, 0xee, 0xd7, 0xee, 0xf8, 0xee, 0xf8, 0xee, 0xd7, 0xee, 0xd7, 0xee,
    0xb6, 0xe6, 0xd7, 0xee, 0xd7, 0xee, 0xd7, 0xee, 0xd7, 0xee, 0xd7, 0xee, 0xd7, 0xee, 0xf8, 0xee,
    0xf8, 0xee, 0xd7, 0xee, 0xd7, 0xee, 0xd7, 0xee, 0xd7, 0xee, 0xd7, 0xee, 0xd7, 0xee, 0xd7, 0xee,
    0xf8, 0xee, 0xd7, 0xee, 0xd7, 0xee, 0xd7, 0xee, 0xd7, 0xee, 0xd7, 0xee, 0xd7, 0xee, 0xd7, 0xee,
    0xd7, 0xee, 0xd7, 0xee, 0xd7, 0xee, 0xd7, 0xee, 0xf8, 0xee, 0xd7, 0xee, 0xd7, 0xee, 0xf8, 0xee,
    0xf8, 0xee, 0xd7, 0xee, 0xd7, 0xee, 0xd7, 0xee, 0xd7, 0xee, 0xd7, 0xee, 0xd7, 0xee, 0xd7, 0xee,
    0xd7, 0xee, 0xd7, 0xee, 0xf8, 0xee, 0xd7, 0xee, 0xf8, 0xee, 0xf8, 0xee, 0xd7, 0xee, 0xf8, 0xee,
    0xf8, 0xee, 0xd7, 0xee, 0xd7, 0xee, 0xf8, 0xee, 0xd7, 0xee, 0xd7, 0xee, 0xd7, 0xee, 0xf8, 0xee,
    0xf8, 0xee, 0xd7, 0xee, 0xd7, 0xee, 0xd7, 0xee, 0xd7, 0xee, 0xd7, 0xee, 0xd7, 0xee, 0xd7, 0xee,
    0xd7, 0xee, 0xd7, 0xee, 0xd7, 0xee, 0xf8, 0xee, 0xf8, 0xee, 0xd7, 0xee, 0xd7, 0xee, 0xd7, 0xee,
    0xd7, 0xee, 0xd7, 0xee, 0xd7, 0xee, 0xf8, 0xee, 0xf8, 0xee, 0xf8, 0xee, 0xd7, 0xee, 0xd7, 0xee,
    0xd7, 0xee, 0xd7, 0xee, 0xd7, 0xee, 0xf8, 0xee, 0xf8, 0xee, 0xf8, 0xee, 0xd7, 0xee, 0xf8, 0xee,
    0xf8, 0xee, 0xf8, 0xee, 0xf8, 0xee, 0xd7, 0xee, 0xf8, 0xee, 0xd7, 0xee, 0xd7, 0xee, 0xf8, 0xee,
    0xd7, 0xee, 0xd7, 0xee, 0xd7, 0xee, 0xd7, 0xee, 0xf8, 0xee, 0xd7, 0xee, 0xb6, 0xe6, 0xd7, 0xee,
    0xd7, 0xee, 0xd7, 0xee, 0xd7, 0xee, 0xd7, 0xee, 0xd7, 0xee, 0xd7, 0xee, 0xd7, 0xee, 0xf8, 0xee,
    0xf8, 0xee, 0xd7, 0xee, 0xd7, 0xee, 0xd7, 0xee, 0xf8, 0xee, 0xf8, 0xee, 0xd7, 0xee, 0xd7, 0xee,
    0xf8, 0xee, 0xd7, 0xee, 0xd7, 0xee, 0xf8, 0xee, 0xf8, 0xee, 0xf8, 0xee, 0xd7, 0xee, 0xd7, 0xee,
    0xf8, 0xee, 0xd7, 0xee, 0xd7, 0xee, 0xd7, 0xee, 0xd7, 0xee, 0xf8, 0xee, 0xd7, 0xee, 0xd7, 0xee,
    0xd7, 0xee, 0xf8, 0xee, 0xf8, 0xee, 0xd7, 0xee, 0xd7, 0xee, 0xd7, 0xee, 0xd7, 0xee, 0xd7, 0xee,
    0xd7, 0xee, 0xf8, 0xee, 0xf8, 0xee, 0xf8, 0xee, 0xf8, 0xee, 0xf8, 0xee, 0xd7, 0xee, 0xf8, 0xee,
    0xf8, 0xee, 0xf8, 0xee, 0xf8, 0xee, 0xf8, 0xee, 0xd7, 0xee, 0xd7, 0xee, 0xd7, 0xee, 0xf8, 0xee,
    0xd7, 0xee, 0xf8, 0xee, 0xf8, 0xee, 0xf8, 0xee, 0xf8, 0xee, 0xf8, 0xee, 0xd7, 0xee, 0xd7, 0xee,
    0xd7, 0xee, 0xd7, 0xee, 0xd7, 0xee, 0xd7, 0xee, 0xd7, 0xee, 0xd7, 0xee, 0xf8, 0xee, 0xd7, 0xee,
    0xf8, 0xee, 0xd7, 0xee, 0xf8, 0xee, 0xd7, 0xee, 0xd7, 0xee, 0xd7, 0xee, 0xf8, 0xee, 0xf8, 0xee,
    0xf8, 0xee, 0xf8, 0xee, 0xf8, 0xee, 0xf8, 0xee, 0xf8, 0xee, 0xd7, 0xee, 0xd7, 0xee, 0xf8, 0xee,
    0xf8, 0xee, 0xd7, 0xee, 0xf8, 0xee, 0xf8, 0xee, 0xf8, 0xee, 0xf8, 0xee, 0xd7, 0xee, 0xf8, 0xee,
    0xd7, 0xee, 0xd7, 0xee, 0xd7, 0xee, 0xf8, 0xee, 0xf8, 0xee, 0xd7, 0xee, 0xd7, 0xee, 0xd7, 0xee,
    0xd7, 0xee, 0xd7, 0xee, 0xd7, 0xee, 0xf8, 0xee, 0xf8, 0xee, 0xf8, 0xee, 0xd7, 0xee, 0xd7, 0xee,
    0xd7, 0xee, 0xf8, 0xee, 0xf8, 0xee, 0xf8, 0xee, 0xf8, 0xee, 0xd7, 0xee, 0xd7, 0xee, 0xd7, 0xee,
    0xd7, 0xee, 0xd7, 0xee, 0xf8, 0xee, 0xd7, 0xee, 0xd7, 0xee, 0xd7, 0xee, 0xd7, 0xee, 0xd7, 0xee,
    0xf8, 0xee, 0xf8, 0xee, 0xf8, 0xee, 0xf8, 0xee, 0xd7, 0xee, 0xd7, 0xee, 0xf8, 0xee, 0xf8, 0xee,
    0xd7, 0xee, 0xd7, 0xee, 0xf8, 0xee, 0xd7, 0xee, 0xd7, 0xee, 0xd7, 0xee, 0xd7, 0xee, 0xd7, 0xee,
    0xd7, 0xee, 0xd7, 0xee, 0xd7, 0xee, 0xd7, 0xee, 0xd7, 0xee, 0xf8, 0xee, 0xf8, 0xee, 0xd7, 0xee,
    0xd7, 0xee, 0xf8, 0xee, 0xf8, 0xee, 0xd7, 0xee, 0xd7, 0xee, 0xf8, 0xee, 0xd7, 0xee, 0xf8, 0xee,
    0xf8, 0xee, 0xd7, 0xee, 0xd7, 0xee, 0xd7, 0xee, 0xd7, 0xee, 0xd7, 0xee, 0xd7, 0xee, 0xd7, 0xee,
    0xd7, 0xee, 0xd7, 0xee, 0xd7, 0xee, 0xd7, 0xee, 0xf8, 0xee, 0xf8, 0xee, 0xf8, 0xee, 0xd7, 0xee,
    0xd7, 0xee, 0xf8, 0xee, 0xf8, 0xee, 0xf8, 0xee, 0xf8, 0xee, 0xd7, 0xee, 0xd7, 0xee, 0xf8, 0xee,
    0xd7, 0xee, 0xd7, 0xee, 0xf8, 0xee, 0xf8, 0xee, 0xd7, 0xee, 0xd7, 0xee, 0xd7, 0xee, 0xf8, 0xee,
    0xf8, 0xee, 0xd7, 0xee, 0xd7, 0xee, 0xd7, 0xee, 0xd7, 0xee, 0xd7, 0xee, 0xf8, 0xee, 0xd7, 0xee,
    0xd7, 0xee, 0xd7, 0xee, 0xd7, 0xee, 0xf8, 0xee, 0xf8, 0xee, 0xd7, 0xee, 0xd7, 0xee, 0xd7, 0xee,
    0xd7, 0xee, 0xd7, 0xee, 0xf8, 0xee, 0xf8, 0xee, 0xd7, 0xee, 0xf8, 0xee, 0xf8, 0xee, 0xf8, 0xee,
    0xd7, 0xee, 0xd7, 0xee, 0xd7, 0xee, 0xd7, 0xee, 0xf8, 0xee, 0xf8, 0xee, 0xf8, 0xee, 0xf8, 0xee,
    0xf8, 0xee, 0xf8, 0xee, 0xd7, 0xee, 0xf8, 0xee, 0xd7, 0xee, 0xf8, 0xee, 0xf8, 0xee, 0xf8, 0xee,
    0xd7, 0xee, 0xd7, 0xee, 0xd7, 0xee, 0xd7, 0xee, 0xf8, 0xee, 0xf8, 0xee, 0xd7, 0xee, 0xf8, 0xee,
    0xf8, 0xee, 0xf8, 0xee, 0xd7, 0xee, 0xd7, 0xee, 0xd7, 0xee, 0xd7, 0xee, 0xd7, 0xee, 0xd7, 0xee,
    0xf8, 0xee, 0xd7, 0xee, 0xd7, 0xee, 0xd7, 0xee, 0xd7, 0xee, 0xf8, 0xee, 0xf8, 0xee, 0xd7, 0xee,
    0xf8, 0xee, 0xf8, 0xee, 0xf8, 0xee, 0xf8, 0xee, 0xd7, 0xee, 0xf8, 0xee, 0xd7, 0xee, 0xd7, 0xee,
    0xd7, 0xee, 0xf8, 0xee, 0xd7, 0xee, 0xf8, 0xee, 0xd7, 0xee, 0xd7, 0xee, 0xf8, 0xee, 0xf8, 0xee,
    0xd7, 0xee, 0xf8, 0xee, 0xf8, 0xee, 0xf8, 0xee, 0xd7, 0xee, 0xd7, 0xee, 0xd7, 0xee, 0xd7, 0xee,
    0xd7, 0xee, 0xd7, 0xee, 0xd7, 0xee, 0xd7, 0xee, 0xf8, 0xee, 0xf8, 0xee, 0xd7, 0xee, 0xf8, 0xee,
    0xf8, 0xee, 0xf8, 0xee, 0xd7, 0xee, 0xf8, 0xee, 0xd7, 0xee, 0xd7, 0xee, 0xd7, 0xee, 0xd7, 0xee,
    0xd7, 0xee, 0xd7, 0xee, 0xf8, 0xee, 0xf8, 0xee, 0xf8, 0xee, 0xd7, 0xee, 0xd7, 0xee, 0xd7, 0xee,
    0xd7, 0xee, 0xd7, 0xee, 0xd7, 0xee, 0xf8, 0xee, 0xf8, 0xee, 0xf8, 0xee, 0xd7, 0xee, 0xd7, 0xee,
    0xf8, 0xee, 0xf8, 0xee, 0xf8, 0xee, 0xd7, 0xee, 0xd7, 0xee, 0xd7, 0xee, 0xd7, 0xee, 0xd7, 0xee,
    0xd7, 0xee, 0xd7, 0xee, 0xf8, 0xee, 0xf8, 0xee, 0xf8, 0xee, 0xf8, 0xee, 0xd7, 0xee, 0xf8, 0xee,
    0xf8, 0xee, 0xd7, 0xee, 0xf8, 0xee, 0xf8, 0xee, 0xf8, 0xee, 0xf8, 0xee, 0xf8, 0xee, 0xf8, 0xee,
    0xd7, 0xee, 0xd7, 0xee, 0xd7, 0xee, 0xd7, 0xee, 0xd7, 0xee, 0xd7, 0xee, 0xd7, 0xee, 0xf8, 0xee,
    0xd7, 0xee, 0xd7, 0xee, 0xf8, 0xee, 0xd7, 0xee, 0xf8, 0xee, 0xd7, 0xee, 0xd7, 0xee, 0xd7, 0xee,
    0xf8, 0xee, 0xf8, 0xee, 0xf8, 0xee, 0xf8, 0xee, 0xf8, 0xee, 0xd7, 0xee, 0xd7, 0xee, 0x95, 0xe6,
    0xd7, 0xee, 0xd7, 0xee, 0xf8, 0xee, 0xd7, 0xee, 0xd7, 0xee, 0xd7, 0xee, 0xd7, 0xee, 0xd7, 0xee,
    0xf8, 0xee, 0xf8, 0xee, 0xd7, 0xee, 0xf8, 0xee, 0xd7, 0xee, 0xd7, 0xee, 0xf8, 0xee, 0xf8, 0xee,
    0xd7, 0xee, 0xd7, 0xee, 0xf8, 0xee, 0xd7, 0xee, 0xd7, 0xee, 0xf8, 0xee, 0xf8, 0xee, 0xf8, 0xee,
    0xf8, 0xee, 0xd7, 0xee, 0xd7, 0xee, 0xd7, 0xee, 0xd7, 0xee, 0xd7, 0xee, 0xd7, 0xee, 0xd7, 0xee,
    0xd7, 0xee, 0xf8, 0xee, 0xf8, 0xee, 0xf8, 0xee, 0xd7, 0xee, 0xd7, 0xee, 0xf8, 0xee, 0xf8, 0xee,
    0xd7, 0xee, 0xd7, 0xee, 0xd7, 0xee, 0xd7, 0xee, 0xd7, 0xee, 0xd7, 0xee, 0xf8, 0xee, 0xf8, 0xee,
    0xd7, 0xee, 0xd7, 0xee, 0xf8, 0xee, 0xf8, 0xee, 0xd7, 0xee, 0xf8, 0xee, 0xf8, 0xee, 0xd7, 0xee,
    0xd7, 0xee, 0xf8, 0xee, 0xf8, 0xee, 0xf8, 0xee, 0xf8, 0xee, 0xd7, 0xee, 0xd7, 0xee, 0xd7, 0xee,
    0xd7, 0xee, 0xf8, 0xee, 0xf8, 0xee, 0xd7, 0xee, 0xf8, 0xee, 0xf8, 0xee, 0xd7, 0xee, 0xd7, 0xee,
    0xf8, 0xee, 0xd7, 0xee, 0xd7, 0xee, 0xf8, 0xee, 0xd7, 0xee, 0xd7, 0xee, 0xd7, 0xee, 0xd7, 0xee,
    0xd7, 0xee, 0xd7, 0xee, 0xf8, 0xee, 0xf8, 0xee, 0xf8, 0xee, 0xd7, 0xee, 0xd7, 0xee, 0xf8, 0xee,
    0xf8, 0xee, 0xf8, 0xee, 0xf8, 0xee, 0xd7, 0xee, 0xd7, 0xee, 0xd7, 0xee, 0xd7, 0xee, 0xd7, 0xee,
    0xd7, 0xee, 0xd7, 0xee, 0xd7, 0xee, 0xd7, 0xee, 0xf8, 0xee, 0xf8, 0xee, 0xf8, 0xee, 0xd7, 0xee,
    0xd7, 0xee, 0xd7, 0xee, 0xd7, 0xee, 0xd7, 0xee, 0xf8, 0xee, 0xd7, 0xee, 0xd7, 0xee, 0xd7, 0xee,
    0xd7, 0xee, 0xd7, 0xee, 0xf8, 0xee, 0xd7, 0xee, 0xf8, 0xee, 0xd7, 0xee, 0xd7, 0xee, 0xd7, 0xee,
    0xf8, 0xee, 0xf8, 0xee, 0xf8, 0xee, 0xd7, 0xee, 0xd7, 0xee, 0xd7, 0xee, 0xd7, 0xee, 0xd7, 0xee,
    0xd7, 0xee, 0xd7, 0xee, 0xd7, 0xee, 0xd7, 0xee, 0xf8, 0xee, 0xd7, 0xee, 0xf8, 0xee, 0xd7, 0xee,
    0xd7, 0xee, 0xf8, 0xee, 0xd7, 0xee, 0xf8, 0xee, 0xd7, 0xee, 0xd7, 0xee, 0xf8, 0xee, 0xf8, 0xee,
    0xf8, 0xee, 0xf8, 0xee, 0xd7, 0xee, 0xf8, 0xee, 0xf8, 0xee, 0xd7, 0xee, 0xf8, 0xee, 0xf8, 0xee,
    0xf8, 0xee, 0xf8, 0xee, 0xd7, 0xee, 0xf8, 0xee, 0xd7, 0xee, 0xd7, 0xee, 0xd7, 0xee, 0xf8, 0xee,
    0xf8, 0xee, 0xd7, 0xee, 0xd7, 0xee, 0xd7, 0xee, 0xd7, 0xee, 0xd7, 0xee, 0xf8, 0xee, 0xf8, 0xee,
    0xd7, 0xee, 0xd7, 0xee, 0xf8, 0xee, 0xd7, 0xee, 0xd7, 0xee, 0xd7, 0xee, 0xd7, 0xee, 0xd7, 0xee,
    0xf8, 0xee, 0xf8, 0xee, 0xd7, 0xee, 0xd7, 0xee, 0xf8, 0xee, 0xf8, 0xee, 0xd7, 0xee, 0xd7, 0xee,
    0xd7, 0xee, 0xd7, 0xee, 0xf8, 0xee, 0xd7, 0xee, 0xf8, 0xee, 0xf8, 0xee, 0xf8, 0xee, 0xd7, 0xee,
    0xf8, 0xee, 0xf8, 0xee, 0xf8, 0xee, 0xf8, 0xee, 0xd7, 0xee, 0xd7, 0xee, 0xd7, 0xee, 0xf8, 0xee,
    0xd7, 0xee, 0xf8, 0xee, 0xf8, 0xee, 0xf8, 0xee, 0xf8, 0xee, 0xf8, 0xee, 0xd7, 0xee, 0xf8, 0xee,
    0xf8, 0xee, 0xd7, 0xee, 0xf8, 0xee, 0xf8, 0xee, 0xd7, 0xee, 0xd7, 0xee, 0xd7, 0xee, 0xf8, 0xee,
    0xd7, 0xee, 0xd7, 0xee, 0xf8, 0xee, 0xd7, 0xee, 0xd7, 0xee, 0xd7, 0xee, 0xf8, 0xee, 0xf8, 0xee,
    0xf8, 0xee, 0xd7, 0xee, 0xd7, 0xee, 0xd7, 0xee, 0xd7, 0xee, 0xd7, 0xee, 0xd7, 0xee, 0xd7, 0xee,
    0xd7, 0xee, 0xf8, 0xee, 0xf8, 0xee, 0xf8, 0xee, 0xf8, 0xee, 0xd7, 0xee, 0xd7, 0xee, 0xd7, 0xee,
    0xd7, 0xee, 0xd7, 0xee, 0xd7, 0xee, 0xd7, 0xee, 0xd7, 0xee, 0xd7, 0xee, 0xd7, 0xee, 0xd7, 0xee,
    0xd7, 0xee, 0xd7, 0xee, 0xf8, 0xee, 0xf8, 0xee, 0xd7, 0xee, 0xd7, 0xee, 0xf8, 0xee, 0xd7, 0xee,
    0xd7, 0xee, 0xd7, 0xee, 0xd7, 0xee, 0xd7, 0xee, 0xf8, 0xee, 0xf8, 0xee, 0xf8, 0xee, 0xf8, 0xee,
    0xf8, 0xee, 0xd7, 0xee, 0xd7, 0xee, 0xd7, 0xee, 0xd7, 0xee, 0xd7, 0xee, 0xd7, 0xee, 0xd7, 0xee,
    0xf8, 0xee, 0xd7, 0xee, 0xf8, 0xee, 0xd7, 0xee, 0xd7, 0xee, 0xf8, 0xee, 0xf8, 0xee, 0xd7, 0xee,
    0xd7, 0xee, 0xd7, 0xee, 0xd7, 0xee, 0xd7, 0xee, 0xd7, 0xee, 0xf8, 0xee, 0xf8, 0xee, 0xf8, 0xee,
    0xf8, 0xee, 0xf8, 0xee, 0xd7, 0xee, 0xf8, 0xee, 0xf8, 0xee, 0xd7, 0xee, 0xf8, 0xee, 0xd7, 0xee,
    0xd7, 0xee, 0xf8, 0xee, 0xf8, 0xee, 0xf8, 0xee, 0xd7, 0xee, 0xf8, 0xee, 0xd7, 0xee, 0xd7, 0xee,
    0xf8, 0xee, 0xf8, 0xee, 0xf8, 0xee, 0xf8, 0xee, 0xd7, 0xee, 0xd7, 0xee, 0xd7, 0xee, 0xd7, 0xee,
    0xf8, 0xee, 0xd7, 0xee, 0xd7, 0xee, 0xd7, 0xee, 0xb6, 0xe6, 0xd7, 0xee, 0xd7, 0xee, 0xf8, 0xee,
    0xd7, 0xee, 0xf8, 0xee, 0xf8, 0xee, 0xf8, 0xee, 0xf8, 0xee, 0xf8, 0xee, 0xd7, 0xee, 0xf8, 0xee,
    0xf8, 0xee, 0xf8, 0xee, 0xf8, 0xee, 0xd7, 0xee, 0xd7, 0xee, 0xd7, 0xee, 0xd7, 0xee, 0xf8, 0xee,
    0xf8, 0xee, 0xd7, 0xee, 0xd7, 0xee, 0xd7, 0xee, 0xf8, 0xee, 0xf8, 0xee, 0xf8, 0xee, 0xd7, 0xee,
    0xd7, 0xee, 0xd7, 0xee, 0xd7, 0xee, 0xf8, 0xee, 0xf8, 0xee, 0xf8, 0xee, 0xd7, 0xee, 0xd7, 0xee,
    0xd7, 0xee, 0xf8, 0xee, 0xf8, 0xee, 0xf8, 0xee, 0xf8, 0xee, 0xf8, 0xee, 0xd7, 0xee, 0xd7, 0xee,
    0xf8, 0xee, 0xf8, 0xee, 0xf8, 0xee, 0xf8, 0xee, 0xd7, 0xee, 0xd7, 0xee, 0xf8, 0xee, 0xd7, 0xee,
    0xd7, 0xee, 0xd7, 0xee, 0xd7, 0xee, 0xf8, 0xee, 0xf8, 0xee, 0xd7, 0xee, 0xf8, 0xee, 0xf8, 0xee,
    0xf8, 0xee, 0xf8, 0xee, 0xd7, 0xee, 0xf8, 0xee, 0xd7, 0xee, 0xf8, 0xee, 0xf8, 0xee, 0xf8, 0xee,
    0xf8, 0xee, 0xd7, 0xee, 0xf8, 0xee, 0xf8, 0xee, 0xf8, 0xee, 0xf8, 0xee, 0xf8, 0xee, 0xd7, 0xee,
    0xd7, 0xee, 0xf8, 0xee, 0xd7, 0xee, 0xd7, 0xee, 0xd7, 0xee, 0xd7, 0xee, 0xd7, 0xee, 0xd7, 0xee,
    0xf8, 0xee, 0xf8, 0xee, 0xd7, 0xee, 0xd7, 0xee, 0xd7, 0xee, 0xd7, 0xee, 0xf8, 0xee, 0xf8, 0xee,
    0xd7, 0xee, 0xf8, 0xee, 0xf8, 0xee, 0xf8, 0xee, 0xf8, 0xee, 0xd7, 0xee, 0xd7, 0xee, 0xd7, 0xee,
    0xf8, 0xee, 0xf8, 0xee, 0xd7, 0xee, 0xd7, 0xee, 0xf8, 0xee, 0xd7, 0xee, 0xd7, 0xee, 0xd7, 0xee,
    0xd7, 0xee, 0xd7, 0xee, 0xd7, 0xee, 0xf8, 0xee, 0xf8, 0xee, 0xd7, 0xee, 0xf8, 0xee, 0xf8, 0xee,
    0xf8, 0xee, 0xf8, 0xee, 0xf8, 0xee, 0xf8, 0xee, 0xd7, 0xee, 0xd7, 0xee, 0xd7, 0xee, 0xd7, 0xee,
    0xf8, 0xee, 0xd7, 0xee, 0xf8, 0xee, 0xf8, 0xee, 0xf8, 0xee, 0xf8, 0xee, 0xf8, 0xee, 0xf8, 0xee,
    0xf8, 0xee, 0xf8, 0xee, 0xd7, 0xee, 0xf8, 0xee, 0xf8, 0xee, 0xf8, 0xee, 0xd7, 0xee, 0xf8, 0xee,
    0xd7, 0xee, 0xf8, 0xee, 0xf8, 0xee, 0xd7, 0xee, 0xd7, 0xee, 0xd7, 0xee, 0xf8, 0xee, 0xf8, 0xee,
    0xf8, 0xee, 0xd7, 0xee, 0xd7, 0xee, 0xf8, 0xee, 0xf8, 0xee, 0xf8, 0xee, 0xd7, 0xee, 0xd7, 0xee,
    0xd7, 0xee, 0xd7, 0xee, 0xf8, 0xee, 0xf8, 0xee, 0xf8, 0xee, 0xd7, 0xee, 0xd7, 0xee, 0xf8, 0xee,
    0xf8, 0xee, 0xd7, 0xee, 0xd7, 0xee, 0xd7, 0xee, 0xd7, 0xee, 0xd7, 0xee, 0xd7, 0xee, 0xd7, 0xee,
    0xd7, 0xee, 0xd7, 0xee, 0xd7, 0xee, 0xd7, 0xee, 0xd7, 0xee, 0xd7, 0xee, 0xd7, 0xee, 0xf8, 0xee,
    0xd7, 0xee, 0xd7, 0xee, 0xd7, 0xee, 0xd7, 0xee, 0xf8, 0xee, 0xf8, 0xee, 0xf8, 0xee, 0xd7, 0xee,
    0xd7, 0xee, 0xf8, 0xee, 0xd7, 0xee, 0xd7, 0xee, 0xf8, 0xee, 0xf8, 0xee, 0xd7, 0xee, 0xd7, 0xee,
    0xf8, 0xee, 0xd7, 0xee, 0xd7, 0xee, 0xd7, 0xee, 0xd7, 0xee, 0xd7, 0xee, 0xf8, 0xee, 0xf8, 0xee,
    0xd7, 0xee, 0xf8, 0xee, 0xd7, 0xee, 0xd7, 0xee, 0xd7, 0xee, 0xf8, 0xee, 0xf8, 0xee, 0xd7, 0xee,
    0xd7, 0xee, 0xd7, 0xee, 0xd7, 0xee, 0xf8, 0xee, 0xf8, 0xee, 0xd7, 0xee, 0xf8, 0xee, 0xd7, 0xee,
    0xd7, 0xee, 0xd7, 0xee, 0xf8, 0xee, 0xf8, 0xee, 0xd7, 0xee, 0xd7, 0xee, 0xd7, 0xee, 0xd7, 0xee,
    0xd7, 0xee, 0xf8, 0xee, 0xf8, 0xee, 0xf8, 0xee, 0xd7, 0xee, 0xd7, 0xee, 0xf8, 0xee, 0xf8, 0xee,
    0xf8, 0xee, 0xd7, 0xee, 0xb6, 0xe6, 0xd7, 0xee, 0xd7, 0xee, 0xd7, 0xee, 0xd7, 0xee, 0xf8, 0xee,
    0xf8, 0xee, 0xf8, 0xee, 0xf8, 0xee, 0xf8, 0xee, 0xf8, 0xee, 0xf8, 0xee, 0xd7, 0xee, 0xf8, 0xee,
    0xf8, 0xee, 0xf8, 0xee, 0xf8, 0xee, 0xf8, 0xee, 0xd7, 0xee, 0xd7, 0xee, 0xd7, 0xee, 0xd7, 0xee,
    0xd7, 0xee, 0xd7, 0xee, 0xd7, 0xee, 0xd7, 0xee, 0xf8, 0xee, 0xd7, 0xee, 0xd7, 0xee, 0xf8, 0xee,
    0xd7, 0xee, 0xd7, 0xee, 0xd7, 0xee, 0xf8, 0xee, 0xd7, 0xee, 0xf8, 0xee, 0xd7, 0xee, 0xd7, 0xee,
    0xd7, 0xee, 0xd7, 0xee, 0xf8, 0xee, 0xf8, 0xee, 0xd7, 0xee, 0xf8, 0xee, 0xd7, 0xee, 0xf8, 0xee,
    0xf8, 0xee, 0xd7, 0xee, 0xf8, 0xee, 0xf8, 0xee, 0xd7, 0xee, 0xd7, 0xee, 0xf8, 0xee, 0xd7, 0xee,
    0xf8, 0xee, 0xd7, 0xee, 0xd7, 0xee, 0xf8, 0xee, 0xf8, 0xee, 0xf8, 0xee, 0xf8, 0xee, 0xf8, 0xee,
    0xd7, 0xee, 0xf8, 0xee, 0xd7, 0xee, 0xf8, 0xee, 0xf8, 0xee, 0xf8, 0xee, 0xf8, 0xee, 0xf8, 0xee,
    0xd7, 0xee, 0xd7, 0xee, 0xf8, 0xee, 0xd7, 0xee, 0xd7, 0xee, 0xd7, 0xee, 0xf8, 0xee, 0xf8, 0xee,
    0xf8, 0xee, 0xd7, 0xee, 0xd7, 0xee, 0xd7, 0xee, 0xd7, 0xee, 0xf8, 0xee, 0xf8, 0xee, 0xd7, 0xee,
    0xd7, 0xee, 0xf8, 0xee, 0xd7, 0xee, 0xd7, 0xee, 0xd7, 0xee, 0xd7, 0xee, 0xf8, 0xee, 0xd7, 0xee,
    0xf8, 0xee, 0xd7, 0xee, 0xd7, 0xee, 0xd7, 0xee, 0xf8, 0xee, 0xd7, 0xee, 0xd7, 0xee, 0xf8, 0xee,
    0xd7, 0xee, 0xf8, 0xee, 0xd7, 0xee, 0xd7, 0xee, 0xf8, 0xee, 0xd7, 0xee, 0xd7, 0xee, 0xd7, 0xee,
    0xd7, 0xee, 0xd7, 0xee, 0xd7, 0xee, 0xf8, 0xee, 0xf8, 0xee, 0xf8, 0xee, 0xd7, 0xee, 0xd7, 0xee,
    0xf8, 0xee, 0xf8, 0xee, 0xf8, 0xee, 0xd7, 0xee, 0xd7, 0xee, 0xd7, 0xee, 0xd7, 0xee, 0xd7, 0xee,
    0xd7, 0xee, 0xd7, 0xee, 0xd7, 0xee, 0xf8, 0xee, 0xf8, 0xee, 0xf8, 0xee, 0xf8, 0xee, 0xf8, 0xee,
    0xf8, 0xee, 0xf8, 0xee, 0xf8, 0xee, 0xf8, 0xee, 0xd7, 0xee, 0xd7, 0xee, 0xf8, 0xee, 0xf8, 0xee,
    0xf8, 0xee, 0xf8, 0xee, 0xf8, 0xee, 0xf8, 0xee, 0xd7, 0xee, 0xd7, 0xee, 0xf8, 0xee, 0xd7, 0xee,
    0xf8, 0xee, 0xf8, 0xee, 0xf8, 0xee, 0xf8, 0xee, 0xd7, 0xee, 0xd7, 0xee, 0xd7, 0xee, 0xd7, 0xee,
    0xd7, 0xee, 0xf8, 0xee, 0xd7, 0xee, 0xd7, 0xee, 0xd7, 0xee, 0xd7, 0xee, 0xd7, 0xee, 0xf8, 0xee,
    0xf8, 0xee, 0xf8, 0xee, 0xd7, 0xee, 0xd7, 0xee, 0xd7, 0xee, 0xd7, 0xee, 0xd7, 0xee, 0xd7, 0xee,
    0xd7, 0xee, 0xf8, 0xee, 0xd7, 0xee, 0xd7, 0xee, 0xf8, 0xee, 0xf8, 0xee, 0xf8, 0xee, 0xf8, 0xee,
    0xd7, 0xee, 0xd7, 0xee, 0xd7, 0xee, 0xd7, 0xee, 0xd7, 0xee, 0xf8, 0xee, 0xf8, 0xee, 0xd7, 0xee,
    0xd7, 0xee, 0xf8, 0xee, 0xd7, 0xee, 0xf8, 0xee, 0xf8, 0xee, 0xd7, 0xee, 0xd7, 0xee, 0xd7, 0xee,
    0xd7, 0xee, 0xd7, 0xee, 0xd7, 0xee, 0xd7, 0xee, 0xd7, 0xee, 0xf8, 0xee, 0xf8, 0xee, 0xf8, 0xee,
    0xd7, 0xee, 0xd7, 0xee, 0xd7, 0xee, 0xd7, 0xee, 0xd7, 0xee, 0xf8, 0xee, 0xf8, 0xee, 0xd7, 0xee,
    0xf8, 0xee, 0xd7, 0xee, 0xd7, 0xee, 0xf8, 0xee, 0xd7, 0xee, 0xd7, 0xee, 0xd7, 0xee, 0xd7, 0xee,
    0xd7, 0xee, 0xf8, 0xee, 0xf8, 0xee, 0xf8, 0xee, 0xf8, 0xee, 0xd7, 0xee, 0xf8, 0xee, 0xd7, 0xee,
    0xf8, 0xee, 0xf8, 0xee, 0xf8, 0xee, 0xd7, 0xee, 0xd7, 0xee, 0xd7, 0xee, 0xd7, 0xee, 0xd7, 0xee,
    0xd7, 0xee, 0xd7, 0xee, 0xd7, 0xee, 0xf8, 0xee, 0xd7, 0xee, 0xd7, 0xee, 0xd7, 0xee, 0xd7, 0xee,
    0xd7, 0xee, 0xd7, 0xee, 0xf8, 0xee, 0xf8, 0xee, 0xd7, 0xee, 0xd7, 0xee, 0xd7, 0xee, 0xd7, 0xee,
    0xf8, 0xee, 0xf8, 0xee, 0xf8, 0xee, 0xf8, 0xee, 0xf8, 0xee, 0xd7, 0xee, 0xf8, 0xee, 0xd7, 0xee,
    0xd7, 0xee, 0xf8, 0xee, 0xf8, 0xee, 0xf8, 0xee, 0xf8, 0xee, 0xd7, 0xee, 0xd7, 0xee, 0xf8, 0xee,
    0xd7, 0xee, 0xd7, 0xee, 0xd7, 0xee, 0xd7, 0xee, 0xf8, 0xee, 0xd7, 0xee, 0xd7, 0xee, 0xd7, 0xee,
    0xf8, 0xee, 0xf8, 0xee, 0xd7, 0xee, 0xd7, 0xee, 0xd7, 0xee, 0xf8, 0xee, 0xd7, 0xee, 0xf8, 0xee,
    0xf8, 0xee, 0xf8, 0xee, 0xd7, 0xee, 0xd7, 0xee, 0xd7, 0xee, 0xd7, 0xee, 0xf8, 0xee, 0xd7, 0xee,
    0xf8, 0xee, 0xd7, 0xee, 0xf8, 0xee, 0xf8, 0xee, 0xf8, 0xee, 0xf8, 0xee, 0xf8, 0xee, 0xf8, 0xee,
    0xf8, 0xee, 0xd7, 0xee, 0xf8, 0xee, 0xd7, 0xee, 0xd7, 0xee, 0xf8, 0xee, 0xd7, 0xee, 0xf8, 0xee,
    0xf8, 0xee, 0xd7, 0xee, 0xd7, 0xee, 0xf8, 0xee, 0xd7, 0xee, 0xd7, 0xee, 0xf8, 0xee, 0xf8, 0xee,
    0xf8, 0xee, 0xd7, 0xee, 0xf8, 0xee, 0xd7, 0xee, 0xd7, 0xee, 0xf8, 0xee, 0xf8, 0xee, 0xf8, 0xee,
    0xd7, 0xee, 0xf8, 0xee, 0xf8, 0xee, 0xf8, 0xee, 0xd7, 0xee, 0xd7, 0xee, 0xf8, 0xee, 0xd7, 0xee,
    0xd7, 0xee, 0xd7, 0xee, 0xd7, 0xee, 0xd7, 0xee, 0xd7, 0xee, 0xd7, 0xee, 0xd7, 0xee, 0xd7, 0xee,
    0xd7, 0xee, 0xd7, 0xee, 0xf8, 0xee, 0xd7, 0xee, 0xd7, 0xee, 0xf8, 0xee, 0xd7, 0xee, 0xd7, 0xee,
    0xf8, 0xee, 0xf8, 0xee, 0xd7, 0xee, 0xd7, 0xee, 0xf8, 0xee, 0xf8, 0xee, 0xd7, 0xee, 0xd7, 0xee,
    0xd7, 0xee, 0xf8, 0xee, 0xf8, 0xee, 0xf8, 0xee, 0xd7, 0xee, 0xf8, 0xee, 0xd7, 0xee, 0xd7, 0xee,
    0xd7, 0xee, 0xf8, 0xee, 0xf8, 0xee, 0xd7, 0xee, 0xd7, 0xee, 0xf8, 0xee, 0xf8, 0xee, 0xf8, 0xee,
    0xd7, 0xee, 0xf8, 0xee, 0xf8, 0xee, 0xd7, 0xee, 0xd7, 0xee, 0xd7, 0xee, 0xf8, 0xee, 0xf8, 0xee,
    0xf8, 0xee, 0xf8, 0xee, 0xd7, 0xee, 0xf8, 0xee, 0xd7, 0xee, 0xd7, 0xee, 0xf8, 0xee, 0xf8, 0xee,
    0xf8, 0xee, 0xd7, 0xee, 0xf8, 0xee, 0xd7, 0xee, 0xd7, 0xee, 0xd7, 0xee, 0xd7, 0xee, 0xd7, 0xee,
    0xd7, 0xee, 0xd7, 0xee, 0xd7, 0xee, 0xd7, 0xee, 0xd7, 0xee, 0xd7, 0xee, 0xd7, 0xee, 0xd7, 0xee,
    0xf8, 0xee, 0xf8, 0xee, 0xd7, 0xee, 0xd7, 0xee, 0xd7, 0xee, 0xd7, 0xee, 0xd7, 0xee, 0xd7, 0xee,
    0xd7, 0xee, 0xf8, 0xee, 0xd7, 0xee, 0xd7, 0xee, 0xd7, 0xee, 0xf8, 0xee, 0xd7, 0xee, 0xd7, 0xee,
    0xd7, 0xee, 0xf8, 0xee, 0xd7, 0xee, 0xd7, 0xee, 0xf8, 0xee, 0xd7, 0xee, 0xf8, 0xee, 0xf8, 0xee,
    0xd7, 0xee, 0xf8, 0xee, 0xf8, 0xee, 0xf8, 0xee, 0xd7, 0xee, 0xd7, 0xee, 0xd7, 0xee, 0xd7, 0xee,
    0xd7, 0xee, 0xd7, 0xee, 0xd7, 0xee, 0xd7, 0xee, 0xd7, 0xee, 0xd7, 0xee, 0xf8, 0xee, 0xf8, 0xee,
    0xd7, 0xee, 0xd7, 0xee, 0xd7, 0xee, 0xb6, 0xe6, 0xf8, 0xee, 0xf8, 0xee, 0xf8, 0xee, 0xf8, 0xee,
    0xf8, 0xee, 0xf8, 0xee, 0xd7, 0xee, 0xd7, 0xee, 0xd7, 0xee, 0xd7, 0xee, 0xd7, 0xee, 0xd7, 0xee,
    0xd7, 0xee, 0xf8, 0xee, 0xf8, 0xee, 0xd7, 0xee, 0xd7, 0xee, 0xf8, 0xee, 0xd7, 0xee, 0xd7, 0xee,
    0xf8, 0xee, 0xf8, 0xee, 0xf8, 0xee, 0xf8, 0xee, 0xf8, 0xee, 0xd7, 0xee, 0xb6, 0xe6, 0xd7, 0xee,
    0xf8, 0xee, 0xf8, 0xee, 0xf8, 0xee, 0xf8, 0xee, 0xd7, 0xee, 0xf8, 0xee, 0xf8, 0xee, 0xd7, 0xee,
    0xd7, 0xee, 0xb6, 0xe6, 0xd7, 0xee, 0xf8, 0xee, 0xd7, 0xee, 0xf8, 0xee, 0xd7, 0xee, 0xd7, 0xee,
    0xd7, 0xee, 0xf8, 0xee, 0xf8, 0xee, 0xd7, 0xee, 0xd7, 0xee, 0xd7, 0xee, 0xd7, 0xee, 0xf8, 0xee,
    0xf8, 0xee, 0xf8, 0xee, 0xf8, 0xee, 0xf8, 0xee, 0xd7, 0xee, 0xd7, 0xee, 0xd7, 0xee, 0xf8, 0xee,
    0xd7, 0xee, 0xd7, 0xee, 0xd7, 0xee, 0xd7, 0xee, 0xd7, 0xee, 0xd7, 0xee, 0xd7, 0xee, 0xd7, 0xee,
    0xd7, 0xee, 0xf8, 0xee, 0xd7, 0xee, 0xd7, 0xee, 0xd7, 0xee, 0xf8, 0xee, 0xd7, 0xee, 0xd7, 0xee,
    0xf8, 0xee, 0xf8, 0xee, 0xf8, 0xee, 0xd7, 0xee, 0xd7, 0xee, 0xf8, 0xee, 0xf8, 0xee, 0xf8, 0xee,
    0xf8, 0xee, 0xf8, 0xee, 0xd7, 0xee, 0xd7, 0xee, 0xf8, 0xee, 0xf8, 0xee, 0xf8, 0xee, 0xf8, 0xee,
    0xf8, 0xee, 0xd7, 0xee, 0xf8, 0xee, 0xf8, 0xee, 0xd7, 0xee, 0xf8, 0xee, 0xf8, 0xee, 0xf8, 0xee,
    0xf8, 0xee, 0xd7, 0xee, 0xd7, 0xee, 0xd7, 0xee, 0xd7, 0xee, 0xf8, 0xee, 0xf8, 0xee, 0xd7, 0xee,
    0xd7, 0xee, 0xd7, 0xee, 0xd7, 0xee, 0xd7, 0xee, 0xd7, 0xee, 0xd7, 0xee, 0xf8, 0xee, 0xd7, 0xee,
    0xd7, 0xee, 0xf8, 0xee, 0xf8, 0xee, 0xf8, 0xee, 0xd7, 0xee, 0xd7, 0xee, 0xd7, 0xee, 0xd7, 0xee,
    0xd7, 0xee, 0xd7, 0xee, 0xd7, 0xee, 0xd7, 0xee, 0xd7, 0xee, 0xd7, 0xee, 0xd7, 0xee, 0xd7, 0xee,
    0xd7, 0xee, 0xd7, 0xee, 0xf8, 0xee, 0xd7, 0xee, 0xf8, 0xee, 0xd7, 0xee, 0xd7, 0xee, 0xd7, 0xee,
    0xf8, 0xee, 0xd7, 0xee, 0xf8, 0xee, 0xf8, 0xee, 0xf8, 0xee, 0xf8, 0xee, 0xf8, 0xee, 0xf8, 0xee,
    0xf8, 0xee, 0xd7, 0xee, 0xf8, 0xee, 0xf8, 0xee, 0xd7, 0xee, 0xd7, 0xee, 0xd7, 0xee, 0xd7, 0xee,
    0xf8, 0xee, 0xf8, 0xee, 0xf8, 0xee, 0xd7, 0xee, 0xd7, 0xee, 0xd7, 0xee, 0xf8, 0xee, 0xd7, 0xee,
    0xf8, 0xee, 0xf8, 0xee, 0xd7, 0xee, 0xf8, 0xee, 0xd7, 0xee, 0xd7, 0xee, 0xd7, 0xee, 0xd7, 0xee,
    0xd7, 0xee, 0xf8, 0xee, 0xf8, 0xee, 0xf8, 0xee, 0xf8, 0xee, 0xf8, 0xee, 0xf8, 0xee, 0xf8, 0xee,
    0xf8, 0xee, 0xd7, 0xee, 0xd7, 0xee, 0xf8, 0xee, 0xd7, 0xee, 0xd7, 0xee, 0xd7, 0xee, 0xf8, 0xee,
    0xd7, 0xee, 0xd7, 0xee, 0xd7, 0xee, 0xd7, 0xee, 0xd7, 0xee, 0xd7, 0xee, 0xd7, 0xee, 0xd7, 0xee,
    0xd7, 0xee, 0xd7, 0xee, 0xd7, 0xee, 0xd7, 0xee, 0xd7, 0xee, 0xd7, 0xee, 0xd7, 0xee, 0xf8, 0xee,
    0xf8, 0xee, 0xf8, 0xee, 0xd7, 0xee, 0xd7, 0xee, 0xd7, 0xee, 0xf8, 0xee, 0xd7, 0xee, 0xd7, 0xee,
    0xd7, 0xee, 0xd7, 0xee, 0xd7, 0xee, 0xd7, 0xee, 0xf8, 0xee, 0xf8, 0xee, 0xd7, 0xee, 0xd7, 0xee,
    0xd7, 0xee, 0xf8, 0xee, 0xf8, 0xee, 0xf8, 0xee, 0xd7, 0xee, 0xd7, 0xee, 0xd7, 0xee, 0xd7, 0xee,
    0xd7, 0xee, 0xd7, 0xee, 0xd7, 0xee, 0xd7, 0xee, 0xd7, 0xee, 0xd7, 0xee, 0xd7, 0xee, 0xd7, 0xee,
    0xd7, 0xee, 0xd7, 0xee, 0xd7, 0xee, 0xd7, 0xee, 0xf8, 0xee, 0xf8, 0xee, 0xf8, 0xee, 0xf8, 0xee,
    0xf8, 0xee, 0xf8, 0xee, 0xf8, 0xee, 0xf8, 0xee, 0xf8, 0xee, 0xd7, 0xee, 0xd7, 0xee, 0xd7, 0xee,
    0xd7, 0xee, 0xd7, 0xee, 0xf8, 0xee, 0xf8, 0xee, 0xd7, 0xee, 0xf8, 0xee, 0xf8, 0xee, 0xf8, 0xee,
    0xf8, 0xee, 0xf8, 0xee, 0xf8, 0xee, 0xd7, 0xee, 0xd7, 0xee, 0xd7, 0xee, 0xf8, 0xee, 0xf8, 0xee,
    0xf8, 0xee, 0xf8, 0xee, 0xf8, 0xee, 0xf8, 0xee, 0xd7, 0xee, 0xf8, 0xee, 0xf8, 0xee, 0xd7, 0xee,
    0xd7, 0xee, 0xd7, 0xee, 0xd7, 0xee, 0xd7, 0xee, 0xf8, 0xee, 0xf8, 0xee, 0xd7, 0xee, 0xf8, 0xee,
    0xd7, 0xee, 0xd7, 0xee, 0xd7, 0xee, 0xf8, 0xee, 0xf8, 0xee, 0xd7, 0xee, 0xd7, 0xee, 0xf8, 0xee,
    0xf8, 0xee, 0xf8, 0xee, 0xf8, 0xee, 0xf8, 0xee, 0xd7, 0xee, 0xd7, 0xee, 0xf8, 0xee, 0xf8, 0xee,
    0xd7, 0xee, 0xd7, 0xee, 0xd7, 0xee, 0xb6, 0xe6, 0xd7, 0xee, 0xd7, 0xee, 0xd7, 0xee, 0xd7, 0xee,
    0xf8, 0xee, 0xd7, 0xee, 0xd7, 0xee, 0xd7, 0xee, 0xd7, 0xee, 0xd7, 0xee, 0xd7, 0xee, 0xd7, 0xee,
    0xd7, 0xee, 0xf8, 0xee, 0xf8, 0xee, 0xd7, 0xee, 0xf8, 0xee, 0xf8, 0xee, 0xd7, 0xee, 0xd7, 0xee,
    0xf8, 0xee, 0xf8, 0xee, 0xd7, 0xee, 0xd7, 0xee, 0xd7, 0xee, 0xf8, 0xee, 0xf8, 0xee, 0xf8, 0xee,
    0xd7, 0xee, 0xf8, 0xee, 0xd7, 0xee, 0xf8, 0xee, 0xf8, 0xee, 0xf8, 0xee, 0xf8, 0xee, 0xf8, 0xee,
    0xd7, 0xee, 0xd7, 0xee, 0xd7, 0xee, 0xd7, 0xee, 0xd7, 0xee, 0xd7, 0xee, 0xd7, 0xee, 0xf8, 0xee,
    0xd7, 0xee, 0xd7, 0xee, 0xd7, 0xee, 0xf8, 0xee, 0xf8, 0xee, 0xf8, 0xee, 0xd7, 0xee, 0xd7, 0xee,
    0xd7, 0xee, 0xd7, 0xee, 0xf8, 0xee, 0xf8, 0xee, 0xd7, 0xee, 0xf8, 0xee, 0xf8, 0xee, 0xd7, 0xee,
    0xd7, 0xee, 0xd7, 0xee, 0xd7, 0xee, 0xd7, 0xee, 0xf8, 0xee, 0xf8, 0xee, 0xf8, 0xee, 0xf8, 0xee,
    0xd7, 0xee, 0xd7, 0xee, 0xf8, 0xee, 0xd7, 0xee, 0xd7, 0xee, 0xd7, 0xee, 0xd7, 0xee, 0xd7, 0xee,
    0xd7, 0xee, 0xd7, 0xee, 0xd7, 0xee, 0xf8, 0xee, 0xf8, 0xee, 0xf8, 0xee, 0xf8, 0xee, 0xd7, 0xee,
    0xd7, 0xee, 0xf8, 0xee, 0xf8, 0xee, 0xf8, 0xee, 0xd7, 0xee, 0xd7, 0xee, 0xd7, 0xee, 0xf8, 0xee,
    0xf8, 0xee, 0xf8, 0xee, 0xd7, 0xee, 0xd7, 0xee, 0xd7, 0xee, 0xd7, 0xee, 0xf8, 0xee, 0xd7, 0xee,
    0xf8, 0xee, 0xf8, 0xee, 0xd7, 0xee, 0xf8, 0xee, 0xd7, 0xee, 0xf8, 0xee, 0xf8, 0xee, 0xd7, 0xee,
    0xd7, 0xee, 0xd7, 0xee, 0xf8, 0xee, 0xf8, 0xee, 0xd7, 0xee, 0xd7, 0xee, 0xd7, 0xee, 0xd7, 0xee,
    0xf8, 0xee, 0xd7, 0xee, 0xd7, 0xee, 0xd7, 0xee, 0xf8, 0xee, 0xd7, 0xee, 0xf8, 0xee, 0xd7, 0xee,
    0xf8, 0xee, 0xf8, 0xee, 0xd7, 0xee, 0xd7, 0xee, 0xf8, 0xee, 0xf8, 0xee, 0xf8, 0xee, 0xd7, 0xee,
    0xd7, 0xee, 0xd7, 0xee, 0xd7, 0xee, 0xd7, 0xee, 0xd7, 0xee, 0xf8, 0xee, 0xd7, 0xee, 0xf8, 0xee,
    0xf8, 0xee, 0xf8, 0xee, 0xf8, 0xee, 0xf8, 0xee, 0xf8, 0xee, 0xf8, 0xee, 0xf8, 0xee, 0xf8, 0xee,
    0xd7, 0xee, 0xf8, 0xee, 0xd7, 0xee, 0xd7, 0xee, 0xf8, 0xee, 0xd7, 0xee, 0xd7, 0xee, 0xd7, 0xee,
    0xd7, 0xee, 0xd7, 0xee, 0xf8, 0xee, 0xf8, 0xee, 0xd7, 0xee, 0xd7, 0xee, 0xd7, 0xee, 0xd7, 0xee,
    0xd7, 0xee, 0xd7, 0xee, 0xd7, 0xee, 0xd7, 0xee, 0xf8, 0xee, 0xd7, 0xee, 0xd7, 0xee, 0xd7, 0xee,
    0xd7, 0xee, 0xd7, 0xee, 0xd7, 0xee, 0xd7, 0xee, 0xd7, 0xee, 0xf8, 0xee, 0xf8, 0xee, 0xd7, 0xee,
    0xd7, 0xee, 0xf8, 0xee, 0xd7, 0xee, 0xd7, 0xee, 0xf8, 0xee, 0xd7, 0xee, 0xd7, 0xee, 0xd7, 0xee,
    0xd7, 0xee, 0xd7, 0xee, 0xf8, 0xee, 0xf8, 0xee, 0xf8, 0xee, 0xd7, 0xee, 0xf8, 0xee, 0xf8, 0xee,
    0xf8, 0xee, 0xf8, 0xee, 0xd7, 0xee, 0xd7, 0xee, 0xd7, 0xee, 0xf8, 0xee, 0xf8, 0xee, 0xf8, 0xee,
    0xf8, 0xee, 0xd7, 0xee, 0xf8, 0xee, 0xd7, 0xee, 0xf8, 0xee, 0xf8, 0xee, 0xd7, 0xee, 0xf8, 0xee,
    0xf8, 0xee, 0xf8, 0xee, 0xd7, 0xee, 0xd7, 0xee, 0xd7, 0xee, 0xd7, 0xee, 0xd7, 0xee, 0xd7, 0xee,
    0xd7, 0xee, 0xd7, 0xee, 0xd7, 0xee, 0xf8, 0xee, 0xf8, 0xee, 0xf8, 0xee, 0xd7, 0xee, 0xb6, 0xe6,
    0xd7, 0xee, 0xd7, 0xee, 0xf8, 0xee, 0xf8, 0xee, 0xf8, 0xee, 0xd7, 0xee, 0xf8, 0xee, 0xd7, 0xee,
    0xf8, 0xee, 0xd7, 0xee, 0xd7, 0xee, 0xd7, 0xee, 0xd7, 0xee, 0xd7, 0xee, 0xd7, 0xee, 0xd7, 0xee,
    0xd7, 0xee, 0xd7, 0xee, 0xd7, 0xee, 0xd7, 0xee, 0xd7, 0xee, 0xd7, 0xee, 0xd7, 0xee, 0xd7, 0xee,
    0xd7, 0xee, 0xf8, 0xee, 0xf8, 0xee, 0xd7, 0xee, 0xd7, 0xee, 0xd7, 0xee, 0xd7, 0xee, 0xf8, 0xee,
    0xf8, 0xee, 0xf8, 0xee, 0xd7, 0xee, 0xf8, 0xee, 0xd7, 0xee, 0xd7, 0xee, 0xd7, 0xee, 0xf8, 0xee,
    0xd7, 0xee, 0xf8, 0xee, 0xd7, 0xee, 0xd7, 0xee, 0xf8, 0xee, 0xf8, 0xee, 0xf8, 0xee, 0xf8, 0xee,
    0xd7, 0xee, 0xd7, 0xee, 0xd7, 0xee, 0xd7, 0xee, 0xd7, 0xee, 0xd7, 0xee, 0xd7, 0xee, 0xf8, 0xee,
    0xd7, 0xee, 0xd7, 0xee, 0xf8, 0xee, 0xf8, 0xee, 0xf8, 0xee, 0xf8, 0xee, 0xd7, 0xee, 0xf8, 0xee,
    0xd7, 0xee, 0xd7, 0xee, 0xf8, 0xee, 0xd7, 0xee, 0xd7, 0xee, 0xf8, 0xee, 0xf8, 0xee, 0xd7, 0xee,
    0xf8, 0xee, 0xd7, 0xee, 0xd7, 0xee, 0xd7, 0xee, 0xd7, 0xee, 0xd7, 0xee, 0xd7, 0xee, 0xd7, 0xee,
    0xf8, 0xee, 0xd7, 0xee, 0xf8, 0xee, 0xd7, 0xee, 0xd7, 0xee, 0xd7, 0xee, 0xd7, 0xee, 0xf8, 0xee,
    0xd7, 0xee, 0xf8, 0xee, 0xd7, 0xee, 0xf8, 0xee, 0xf8, 0xee, 0xd7, 0xee, 0xf8, 0xee, 0xd7, 0xee,
    0xd7, 0xee, 0xd7, 0xee, 0xd7, 0xee, 0xf8, 0xee, 0xd7, 0xee, 0xf8, 0xee, 0xd7, 0xee, 0xf8, 0xee,
    0xf8, 0xee, 0xf8, 0xee, 0xd7, 0xee, 0xd7, 0xee, 0xd7, 0xee, 0xd7, 0xee, 0xd7, 0xee, 0xd7, 0xee,
    0xf8, 0xee, 0xf8, 0xee, 0xd7, 0xee, 0xf8, 0xee, 0xf8, 0xee, 0xd7, 0xee, 0xd7, 0xee, 0xd7, 0xee,
    0xd7, 0xee, 0xd7, 0xee, 0xd7, 0xee, 0xd7, 0xee, 0xd7, 0xee, 0xf8, 0xee, 0xd7, 0xee, 0xd7, 0xee,
    0xd7, 0xee, 0xd7, 0xee, 0xd7, 0xee, 0xd7, 0xee, 0xd7, 0xee, 0xf8, 0xee, 0xf8, 0xee, 0xd7, 0xee,
    0xf8, 0xee, 0xf8, 0xee, 0xf8, 0xee, 0xf8, 0xee, 0xf8, 0xee, 0xf8, 0xee, 0xf8, 0xee, 0xf8, 0xee,
    0xf8, 0xee, 0xf8, 0xee, 0xf8, 0xee, 0xd7, 0xee, 0xd7, 0xee, 0xd7, 0xee, 0xd7, 0xee, 0xd7, 0xee,
    0xd7, 0xee, 0xd7, 0xee, 0xd7, 0xee, 0xf8, 0xee, 0xf8, 0xee, 0xf8, 0xee, 0xf8, 0xee, 0xd7, 0xee,
    0xd7, 0xee, 0xd7, 0xee, 0xd7, 0xee, 0xd7, 0xee, 0xd7, 0xee, 0xd7, 0xee, 0xd7, 0xee, 0xd7, 0xee,
    0xd7, 0xee, 0xd7, 0xee, 0xf8, 0xee, 0xf8, 0xee, 0xf8, 0xee, 0xd7, 0xee, 0xd7, 0xee, 0xd7, 0xee,
    0xd7, 0xee, 0xf8, 0xee, 0xf8, 0xee, 0xd7, 0xee, 0xd7, 0xee, 0xf8, 0xee, 0xd7, 0xee, 0xd7, 0xee,
    0xd7, 0xee, 0xf8, 0xee, 0xd7, 0xee, 0xd7, 0xee, 0xf8, 0xee, 0xd7, 0xee, 0xd7, 0xee, 0xf8, 0xee,
    0xf8, 0xee, 0xf8, 0xee, 0xd7, 0xee, 0xd7, 0xee, 0xd7, 0xee, 0xf8, 0xee, 0xd7, 0xee, 0xf8, 0xee,
    0xf8, 0xee, 0xf8, 0xee, 0xf8, 0xee, 0xd7, 0xee, 0xf8, 0xee, 0xd7, 0xee, 0xd7, 0xee, 0xf8, 0xee,
    0xf8, 0xee, 0xd7, 0xee, 0xf8, 0xee, 0xf8, 0xee, 0xd7, 0xee, 0xf8, 0xee, 0xf8, 0xee, 0xf8, 0xee,
    0xf8, 0xee, 0xf8, 0xee, 0xd7, 0xee, 0xd7, 0xee, 0xd7, 0xee, 0xf8, 0xee, 0xf8, 0xee, 0xf8, 0xee,
    0xd7, 0xee, 0xf8, 0xee, 0xf8, 0xee, 0xd7, 0xee, 0xd7, 0xee, 0xd7, 0xee, 0xf8, 0xee, 0xf8, 0xee,
    0xd7, 0xee, 0xd7, 0xee, 0xf8, 0xee, 0xd7, 0xee, 0xd7, 0xee, 0xd7, 0xee, 0x95, 0xe6, 0x75, 0xe6,
    0xd7, 0xee, 0xd7, 0xee, 0xd7, 0xee, 0xf8, 0xee, 0xf8, 0xee, 0xf8, 0xee, 0xd7, 0xee, 0xd7, 0xee,
    0xd7, 0xee, 0xd7, 0xee, 0xd7, 0xee, 0xd7, 0xee, 0xd7, 0xee, 0xd7, 0xee, 0xd7, 0xee, 0xd7, 0xee,
    0xf8, 0xee, 0xd7, 0xee, 0xd7, 0xee, 0xf8, 0xee, 0xd7, 0xee, 0xb6, 0xe6, 0xd7, 0xee, 0xd7, 0xee,
    0xd7, 0xee, 0xf8, 0xee, 0xf8, 0xee, 0xd7, 0xee, 0xd7, 0xee, 0xf8, 0xee, 0xf8, 0xee, 0xf8, 0xee,
    0xf8, 0xee, 0xf8, 0xee, 0xd7, 0xee, 0xd7, 0xee, 0xd7, 0xee, 0xd7, 0xee, 0xd7, 0xee, 0xf8, 0xee,
    0xd7, 0xee, 0xd7, 0xee, 0xf8, 0xee, 0xd7, 0xee, 0xd7, 0xee, 0xd7, 0xee, 0xd7, 0xee, 0xd7, 0xee,
    0xd7, 0xee, 0xd7, 0xee, 0xd7, 0xee, 0xd7, 0xee, 0xf8, 0xee, 0xf8, 0xee, 0xd7, 0xee, 0xd7, 0xee,
    0xd7, 0xee, 0xd7, 0xee, 0xf8, 0xee, 0xf8, 0xee, 0xd7, 0xee, 0xd7, 0xee, 0xd7, 0xee, 0xd7, 0xee,
    0xd7, 0xee, 0xd7, 0xee, 0xd7, 0xee, 0xd7, 0xee, 0xf8, 0xee, 0xf8, 0xee, 0xd7, 0xee, 0xd7, 0xee,
    0xf8, 0xee, 0xf8, 0xee, 0xd7, 0xee, 0xd7, 0xee, 0xd7, 0xee, 0xd7, 0xee, 0xd7, 0xee, 0xd7, 0xee,
    0xd7, 0xee, 0xd7, 0xee, 0xd7, 0xee, 0xd7, 0xee, 0xd7, 0xee, 0xf8, 0xee, 0xd7, 0xee, 0xf8, 0xee,
    0xf8, 0xee, 0xd7, 0xee, 0xd7, 0xee, 0xf8, 0xee, 0xf8, 0xee, 0xd7, 0xee, 0xf8, 0xee, 0xd7, 0xee,
    0xd7, 0xee, 0xf8, 0xee, 0xd7, 0xee, 0xd7, 0xee, 0xf8, 0xee, 0xf8, 0xee, 0xd7, 0xee, 0xf8, 0xee,
    0xf8, 0xee, 0xd7, 0xee, 0xf8, 0xee, 0xd7, 0xee, 0xd7, 0xee, 0xf8, 0xee, 0xf8, 0xee, 0xd7, 0xee,
    0xd7, 0xee, 0xf8, 0xee, 0xd7, 0xee, 0xf8, 0xee, 0xd7, 0xee, 0xd7, 0xee, 0xd7, 0xee, 0xf8, 0xee,
    0xf8, 0xee, 0xd7, 0xee, 0xd7, 0xee, 0xd7, 0xee, 0xd7, 0xee, 0xf8, 0xee, 0xd7, 0xee, 0xf8, 0xee,
    0xf8, 0xee, 0xd7, 0xee, 0xd7, 0xee, 0xd7, 0xee, 0xd7, 0xee, 0xd7, 0xee, 0xf8, 0xee, 0xd7, 0xee,
    0xf8, 0xee, 0xf8, 0xee, 0xf8, 0xee, 0xf8, 0xee, 0xf8, 0xee, 0xf8, 0xee, 0xf8, 0xee, 0xf8, 0xee,
    0xd7, 0xee, 0xd7, 0xee, 0xf8, 0xee, 0xf8, 0xee, 0xd7, 0xee, 0xd7, 0xee, 0xd7, 0xee, 0xd7, 0xee,
    0xd7, 0xee, 0xd7, 0xee, 0xd7, 0xee, 0xf8, 0xee, 0xd7, 0xee, 0xd7, 0xee, 0xf8, 0xee, 0xd7, 0xee,
    0xd7, 0xee, 0xd7, 0xee, 0xd7, 0xee, 0xd7, 0xee, 0xd7, 0xee, 0xd7, 0xee, 0xf8, 0xee, 0xf8, 0xee,
    0xd7, 0xee, 0xd7, 0xee, 0xd7, 0xee, 0xd7, 0xee, 0xd7, 0xee, 0xd7, 0xee, 0xd7, 0xee, 0xd7, 0xee,
    0xd7, 0xee, 0xf8, 0xee, 0xf8, 0xee, 0xf8, 0xee, 0xf8, 0xee, 0xf8, 0xee, 0xf8, 0xee, 0xf8, 0xee,
    0xf8, 0xee, 0xd7, 0xee, 0xd7, 0xee, 0xd7, 0xee, 0xf8, 0xee, 0xd7, 0xee, 0xf8, 0xee, 0xf8, 0xee,
    0xf8, 0xee, 0xf8, 0xee, 0xf8, 0xee, 0xf8, 0xee, 0xd7, 0xee, 0xf8, 0xee, 0xf8, 0xee, 0xf8, 0xee,
    0xd7, 0xee, 0xf8, 0xee, 0xd7, 0xee, 0xf8, 0xee, 0xf8, 0xee, 0xf8, 0xee, 0xd7, 0xee, 0xd7, 0xee,
    0xd7, 0xee, 0xf8, 0xee, 0xf8, 0xee, 0xf8, 0xee, 0xf8, 0xee, 0xd7, 0xee, 0xf8, 0xee, 0xf8, 0xee,
    0xf8, 0xee, 0xf8, 0xee, 0xd7, 0xee, 0xd7, 0xee, 0xf8, 0xee, 0xd7, 0xee, 0xd7, 0xee, 0xf8, 0xee,
    0xd7, 0xee, 0xf8, 0xee, 0xf8, 0xee, 0xf8, 0xee, 0xf8, 0xee, 0xd7, 0xee, 0xd7, 0xee, 0xf8, 0xee,
    0xf8, 0xee, 0xd7, 0xee, 0xf8, 0xee, 0xd7, 0xee, 0xd7, 0xee, 0xd7, 0xee, 0xd7, 0xee, 0xd7, 0xee,
    0xf8, 0xee, 0xd7, 0xee, 0xf8, 0xee, 0xd7, 0xee, 0xf8, 0xee, 0xd7, 0xee, 0xd7, 0xee, 0xd7, 0xee,
    0xd7, 0xee, 0xd7, 0xee, 0xd7, 0xee, 0xd7, 0xee, 0xd7, 0xee, 0xd7, 0xee, 0xd7, 0xee, 0xd7, 0xee,
    0xd7, 0xee, 0xd7, 0xee, 0xf8, 0xee, 0xf8, 0xee, 0xf8, 0xee, 0xd7, 0xee, 0xd7, 0xee, 0xd7, 0xee,
    0xd7, 0xee, 0xd7, 0xee, 0xf8, 0xee, 0xd7, 0xee, 0xf8, 0xee, 0xf8, 0xee, 0xd7, 0xee, 0xd7, 0xee,
    0xd7, 0xee, 0xd7, 0xee, 0xd7, 0xee, 0xd7, 0xee, 0xd7, 0xee, 0xd7, 0xee, 0xd7, 0xee, 0xf8, 0xee,
    0xd7, 0xee, 0xd7, 0xee, 0xd7, 0xee, 0xf8, 0xee, 0xd7, 0xee, 0xd7, 0xee, 0xd7, 0xee, 0xd7, 0xee,
    0xd7, 0xee, 0xd7, 0xee, 0xd7, 0xee, 0xd7, 0xee, 0xf8, 0xee, 0xd7, 0xee, 0xd7, 0xee, 0xd7, 0xee,
    0xd7, 0xee, 0xd7, 0xee, 0xd7, 0xee, 0xd7, 0xee, 0xd7, 0xee, 0xd7, 0xee, 0xd7, 0xee, 0xd7, 0xee,
    0xd7, 0xee, 0xd7, 0xee, 0xd7, 0xee, 0xd7, 0xee, 0xf8, 0xee, 0xf8, 0xee, 0xd7, 0xee, 0xd7, 0xee,
    0xf8, 0xee, 0xf8, 0xee, 0xd7, 0xee, 0xd7, 0xee, 0xd7, 0xee, 0xd7, 0xee, 0xf8, 0xee, 0xf8, 0xee,
    0xd7, 0xee, 0xd7, 0xee, 0xf8, 0xee, 0xd7, 0xee, 0xf8, 0xee, 0xf8, 0xee, 0xd7, 0xee, 0xf8, 0xee,
    0xf8, 0xee, 0xf8, 0xee, 0xd7, 0xee, 0xf8, 0xee, 0xf8, 0xee, 0xf8, 0xee, 0xf8, 0xee, 0xf8, 0xee,
    0xd7, 0xee, 0xd7, 0xee, 0xd7, 0xee, 0xd7, 0xee, 0xd7, 0xee, 0xf8, 0xee, 0xd7, 0xee, 0xd7, 0xee,
    0xd7, 0xee, 0xf8, 0xee, 0xf8, 0xee, 0xf8, 0xee, 0xd7, 0xee, 0xd7, 0xee, 0xf8, 0xee, 0xd7, 0xee,
    0xd7, 0xee, 0xd7, 0xee, 0xd7, 0xee, 0xf8, 0xee, 0xf8, 0xee, 0xd7, 0xee, 0xd7, 0xee, 0xf8, 0xee,
    0xf8, 0xee, 0xd7, 0xee, 0xd7, 0xee, 0xd7, 0xee, 0xd7, 0xee, 0xf8, 0xee, 0xf8, 0xee, 0xf8, 0xee,
    0xf8, 0xee, 0xd7, 0xee, 0xd7, 0xee, 0xd7, 0xee, 0xf8, 0xee, 0xd7, 0xee, 0xf8, 0xee, 0xf8, 0xee,
    0xf8, 0xee, 0xf8, 0xee, 0xf8, 0xee, 0xf8, 0xee, 0xf8, 0xee, 0xf8, 0xee, 0xf8, 0xee, 0xf8, 0xee,
    0xf8, 0xee, 0xd7, 0xee, 0xd7, 0xee, 0xf8, 0xee, 0xf8, 0xee, 0xd7, 0xee, 0xf8, 0xee, 0xd7, 0xee,
    0xd7, 0xee, 0xd7, 0xee, 0xd7, 0xee, 0xd7, 0xee, 0xd7, 0xee, 0xd7, 0xee, 0xf8, 0xee, 0xd7, 0xee,
    0xd7, 0xee, 0xd7, 0xee, 0xf8, 0xee, 0xd7, 0xee, 0xd7, 0xee, 0xf8, 0xee, 0xf8, 0xee, 0xf8, 0xee,
    0xf8, 0xee, 0xd7, 0xee, 0xd7, 0xee, 0xd7, 0xee, 0xd7, 0xee, 0xd7, 0xee, 0xd7, 0xee, 0xd7, 0xee,
    0xd7, 0xee, 0xf8, 0xee, 0xf8, 0xee, 0xf8, 0xee, 0xf8, 0xee, 0xf8, 0xee, 0xf8, 0xee, 0xf8, 0xee,
    0xd7, 0xee, 0xd7, 0xee, 0xd7, 0xee, 0xf8, 0xee, 0xf8, 0xee, 0xd7, 0xee, 0xd7, 0xee, 0xf8, 0xee,
    0xf8, 0xee, 0xf8, 0xee, 0xd7, 0xee, 0xd7, 0xee, 0xf8, 0xee, 0xf8, 0xee, 0xf8, 0xee, 0xf8, 0xee,
    0xd7, 0xee, 0xf8, 0xee, 0xd7, 0xee, 0xf8, 0xee, 0xf8, 0xee, 0xf8, 0xee, 0xf8, 0xee, 0xd7, 0xee,
    0xd7, 0xee, 0xf8, 0xee, 0xf8, 0xee, 0xf8, 0xee, 0xf8, 0xee, 0xf8, 0xee, 0xd7, 0xee, 0xd7, 0xee,
    0xf8, 0xee, 0xd7, 0xee, 0xd7, 0xee, 0xf8, 0xee, 0xf8, 0xee, 0xd7, 0xee, 0xd7, 0xee, 0xf8, 0xee,
    0xd7, 0xee, 0xf8, 0xee, 0xf8, 0xee, 0xf8, 0xee, 0xf8, 0xee, 0xf8, 0xee, 0xb6, 0xe6, 0xd7, 0xee,
    0xf8, 0xee, 0xd7, 0xee, 0xd7, 0xee, 0xd7, 0xee, 0xd7, 0xee, 0xd7, 0xee, 0xd7, 0xee, 0xd7, 0xee,
    0xd7, 0xee, 0xf8, 0xee, 0xf8, 0xee, 0xd7, 0xee, 0xf8, 0xee, 0xf8, 0xee, 0xd7, 0xee, 0xd7, 0xee,
    0xf8, 0xee, 0xd7, 0xee, 0xd7, 0xee, 0xd7, 0xee, 0xd7, 0xee, 0xd7, 0xee, 0xd7, 0xee, 0xf8, 0xee,
    0xf8, 0xee, 0xd7, 0xee, 0xf8, 0xee, 0xf8, 0xee, 0xf8, 0xee, 0xd7, 0xee, 0xd7, 0xee, 0xd7, 0xee,
    0xd7, 0xee, 0xd7, 0xee, 0xf8, 0xee, 0xd7, 0xee, 0xd7, 0xee, 0xd7, 0xee, 0xd7, 0xee, 0xd7, 0xee,
    0xd7, 0xee, 0xd7, 0xee, 0xf8, 0xee, 0xf8, 0xee, 0xd7, 0xee, 0xd7, 0xee, 0xf8, 0xee, 0xf8, 0xee,
    0xd7, 0xee, 0xd7, 0xee, 0xd7, 0xee, 0xd7, 0xee, 0xd7, 0xee, 0xd7, 0xee, 0xd7, 0xee, 0xd7, 0xee,
    0xd7, 0xee, 0xd7, 0xee, 0xd7, 0xee, 0xd7, 0xee, 0xb6, 0xe6, 0xb6, 0xe6, 0xd7, 0xee, 0xd7, 0xee,
    0xd7, 0xee, 0xd7, 0xee, 0xd7, 0xee, 0xf8, 0xee, 0xf8, 0xee, 0xd7, 0xee, 0xd7, 0xee, 0xd7, 0xee,
    0xd7, 0xee, 0xf8, 0xee, 0xd7, 0xee, 0xd7, 0xee, 0xd7, 0xee, 0xd7, 0xee, 0xd7, 0xee, 0xd7, 0xee,
    0xf8, 0xee, 0xd7, 0xee, 0xf8, 0xee, 0xd7, 0xee, 0xd7, 0xee, 0xf8, 0xee, 0xf8, 0xee, 0xf8, 0xee,
    0xd7, 0xee, 0xd7, 0xee, 0xd7, 0xee, 0xd7, 0xee, 0xf8, 0xee, 0xd7, 0xee, 0xd7, 0xee, 0xd7, 0xee,
    0xf8, 0xee, 0xf8, 0xee, 0xd7, 0xee, 0xf8, 0xee, 0xf8, 0xee, 0xf8, 0xee, 0xf8, 0xee, 0xf8, 0xee,
    0xf8, 0xee, 0xd7, 0xee, 0xd7, 0xee, 0xf8, 0xee, 0xd7, 0xee, 0xd7, 0xee, 0xd7, 0xee, 0xd7, 0xee,
    0xd7, 0xee, 0xf8, 0xee, 0xf8, 0xee, 0xd7, 0xee, 0xd7, 0xee, 0xd7, 0xee, 0xf8, 0xee, 0xf8, 0xee,
    0xf8, 0xee, 0xd7, 0xee, 0xf8, 0xee, 0xf8, 0xee, 0xf8, 0xee, 0xd7, 0xee, 0xf8, 0xee, 0xf8, 0xee,
    0xf8, 0xee, 0xd7, 0xee, 0xd7, 0xee, 0xd7, 0xee, 0xd7, 0xee, 0xd7, 0xee, 0xd7, 0xee, 0xf8, 0xee,
    0xf8, 0xee, 0xd7, 0xee, 0xd7, 0xee, 0xd7, 0xee, 0xd7, 0xee, 0xf8, 0xee, 0xf8, 0xee, 0xf8, 0xee,
    0xf8, 0xee, 0xf8, 0xee, 0xd7, 0xee, 0xd7, 0xee, 0xf8, 0xee, 0xf8, 0xee, 0xd7, 0xee, 0xf8, 0xee,
    0xf8, 0xee, 0xd7, 0xee, 0xf8, 0xee, 0xf8, 0xee, 0xd7, 0xee, 0xd7, 0xee, 0xf8, 0xee, 0xd7, 0xee,
    0xd7, 0xee, 0xd7, 0xee, 0xd7, 0xee, 0xd7, 0xee, 0xd7, 0xee, 0xd7, 0xee, 0xd7, 0xee, 0xd7, 0xee,
    0xf8, 0xee, 0xf8, 0xee, 0xd7, 0xee, 0xd7, 0xee, 0xf8, 0xee, 0xf8, 0xee, 0xd7, 0xee, 0xf8, 0xee,
    0xf8, 0xee, 0xd7, 0xee, 0xd7, 0xee, 0xf8, 0xee, 0xd7, 0xee, 0xd7, 0xee, 0xf8, 0xee, 0xd7, 0xee,
    0xd7, 0xee, 0xf8, 0xee, 0xf8, 0xee, 0xd7, 0xee, 0xf8, 0xee, 0xd7, 0xee, 0xd7, 0xee, 0xd7, 0xee,
    0xd7, 0xee, 0xd7, 0xee, 0xd7, 0xee, 0xf8, 0xee, 0xd7, 0xee, 0xd7, 0xee, 0xd7, 0xee, 0xd7, 0xee,
    0xf8, 0xee, 0xf8, 0xee, 0xd7, 0xee, 0xd7, 0xee, 0xd7, 0xee, 0xf8, 0xee, 0xf8, 0xee, 0xd7, 0xee,
    0xd7, 0xee, 0xf8, 0xee, 0xf8, 0xee, 0xd7, 0xee, 0xf8, 0xee, 0xf8, 0xee, 0xf8, 0xee, 0xd7, 0xee,
    0xf8, 0xee, 0xf8, 0xee, 0xf8, 0xee, 0xf8, 0xee, 0xf8, 0xee, 0xf8, 0xee, 0xd7, 0xee, 0xd7, 0xee,
    0xf8, 0xee, 0xd7, 0xee, 0xd7, 0xee, 0xf8, 0xee, 0xd7, 0xee, 0xd7, 0xee, 0xf8, 0xee, 0xf8, 0xee,
    0xd7, 0xee, 0xd7, 0xee, 0xf8, 0xee, 0xf8, 0xee, 0xf8, 0xee, 0xf8, 0xee, 0xd7, 0xee, 0x95, 0xe6,
    0xd7, 0xee, 0xd7, 0xee, 0xd7, 0xee, 0xd7, 0xee, 0xd7, 0xee, 0xd7, 0xee, 0xd7, 0xee, 0xd7, 0xee,
    0xd7, 0xee, 0xf8, 0xee, 0xf8, 0xee, 0xd7, 0xee, 0xd7, 0xee, 0xf8, 0xee, 0xd7, 0xee, 0xd7, 0xee,
    0xf8, 0xee, 0xf8, 0xee, 0xf8, 0xee, 0xd7, 0xee, 0xd7, 0xee, 0xf8, 0xee, 0xd7, 0xee, 0xd7, 0xee,
    0xf8, 0xee, 0xd7, 0xee, 0xd7, 0xee, 0xf8, 0xee, 0xd7, 0xee, 0xf8, 0xee, 0xf8, 0xee, 0xd7, 0xee,
    0xd7, 0xee, 0xd7, 0xee, 0xd7, 0xee, 0xd7, 0xee, 0xd7, 0xee, 0xd7, 0xee, 0xd7, 0xee, 0xd7, 0xee,
    0xd7, 0xee, 0xd7, 0xee, 0xf8, 0xee, 0xf8, 0xee, 0xf8, 0xee, 0xd7, 0xee, 0xd7, 0xee, 0xd7, 0xee,
    0xf8, 0xee, 0xf8, 0xee, 0xd7, 0xee, 0xd7, 0xee, 0xf8, 0xee, 0xd7, 0xee, 0xf8, 0xee, 0xf8, 0xee,
    0xd7, 0xee, 0xd7, 0xee, 0xd7, 0xee, 0xd7, 0xee, 0xd7, 0xee, 0xd7, 0xee, 0xd7, 0xee, 0xd7, 0xee,
    0xf8, 0xee, 0xf8, 0xee, 0xf8, 0xee, 0xf8, 0xee, 0xf8, 0xee, 0xd7, 0xee, 0xf8, 0xee, 0xf8, 0xee,
    0xd7, 0xee, 0xf8, 0xee, 0xd7, 0xee, 0xd7, 0xee, 0xd7, 0xee, 0xd7, 0xee, 0xd7, 0xee, 0xf8, 0xee,
    0xf8, 0xee, 0xf8, 0xee, 0xf8, 0xee, 0xf8, 0xee, 0xd7, 0xee, 0xf8, 0xee, 0xf8, 0xee, 0xd7, 0xee,
    0xd7, 0xee, 0xd7, 0xee, 0xd7, 0xee, 0xd7, 0xee, 0xd7, 0xee, 0xf8, 0xee, 0xf8, 0xee, 0xd7, 0xee,
    0xf8, 0xee, 0xf8, 0xee, 0xf8, 0xee, 0xf8, 0xee, 0xf8, 0xee, 0xf8, 0xee, 0xf8, 0xee, 0xf8, 0xee,
    0xf8, 0xee, 0xd7, 0xee, 0xf8, 0xee, 0xf8, 0xee, 0xd7, 0xee, 0xd7, 0xee, 0xd7, 0xee, 0xd7, 0xee,
    0xd7, 0xee, 0xd7, 0xee, 0xf8, 0xee, 0xd7, 0xee, 0xd7, 0xee, 0xd7, 0xee, 0xd7, 0xee, 0xf8, 0xee,
    0xf8, 0xee, 0xf8, 0xee, 0xf8, 0xee, 0xf8, 0xee, 0xd7, 0xee, 0xd7, 0xee, 0xd7, 0xee, 0xd7, 0xee,
    0xf8, 0xee, 0xf8, 0xee, 0xd7, 0xee, 0xf8, 0xee, 0xf8, 0xee, 0xd7, 0xee, 0xd7, 0xee, 0xf8, 0xee,
    0xd7, 0xee, 0xf8, 0xee, 0xd7, 0xee, 0xd7, 0xee, 0xf8, 0xee, 0xd7, 0xee, 0xd7, 0xee, 0xf8, 0xee,
    0xf8, 0xee, 0xd7, 0xee, 0xd7, 0xee, 0xd7, 0xee, 0xf8, 0xee, 0xd7, 0xee, 0xd7, 0xee, 0xd7, 0xee,
    0xd7, 0xee, 0xf8, 0xee, 0xd7, 0xee, 0xf8, 0xee, 0xd7, 0xee, 0xd7, 0xee, 0xd7, 0xee, 0xd7, 0xee,
    0xd7, 0xee, 0xd7, 0xee, 0xd7, 0xee, 0xd7, 0xee, 0xd7, 0xee, 0xd7, 0xee, 0xd7, 0xee, 0xd7, 0xee,
    0xd7, 0xee, 0xd7, 0xee, 0xd7, 0xee, 0xd7, 0xee, 0xf8, 0xee, 0xf8, 0xee, 0xd7, 0xee, 0xd7, 0xee,
    0xd7, 0xee, 0xf8, 0xee, 0xd7, 0xee, 0xf8, 0xee, 0xd7, 0xee, 0xd7, 0xee, 0xd7, 0xee, 0xd7, 0xee,
    0xd7, 0xee, 0xd7, 0xee, 0xd7, 0xee, 0xd7, 0xee, 0xd7, 0xee, 0xf8, 0xee, 0xd7, 0xee, 0xd7, 0xee,
    0xd7, 0xee, 0xd7, 0xee, 0xf8, 0xee, 0xd7, 0xee, 0xd7, 0xee, 0xd7, 0xee, 0xd7, 0xee, 0xd7, 0xee,
    0xd7, 0xee, 0xf8, 0xee, 0xd7, 0xee, 0xd7, 0xee, 0xf8, 0xee, 0xf8, 0xee, 0xf8, 0xee, 0xd7, 0xee,
    0xd7, 0xee, 0xf8, 0xee, 0xf8, 0xee, 0xd7, 0xee, 0xd7, 0xee, 0xd7, 0xee, 0xf8, 0xee, 0xd7, 0xee,
    0xf8, 0xee, 0xf8, 0xee, 0xf8, 0xee, 0xf8, 0xee, 0xf8, 0xee, 0xd7, 0xee, 0xf8, 0xee, 0xf8, 0xee,
    0xd7, 0xee, 0xd7, 0xee, 0xf8, 0xee, 0xd7, 0xee, 0xd7, 0xee, 0xd7, 0xee, 0xd7, 0xee, 0xf8, 0xee,
    0xd7, 0xee, 0xf8, 0xee, 0xf8, 0xee, 0xf8, 0xee, 0xf8, 0xee, 0xf8, 0xee, 0xf8, 0xee, 0xd7, 0xee,
    0xd7, 0xee, 0xd7, 0xee, 0xd7, 0xee, 0xd7, 0xee, 0xd7, 0xee, 0xd7, 0xee, 0xd7, 0xee, 0xf8, 0xee,
    0xf8, 0xee, 0xf8, 0xee, 0xd7, 0xee, 0xd7, 0xee, 0xd7, 0xee, 0xd7, 0xee, 0xd7, 0xee, 0xf8, 0xee,
    0xf8, 0xee, 0xf8, 0xee, 0xf8, 0xee, 0xf8, 0xee, 0xd7, 0xee, 0xd7, 0xee, 0xd7, 0xee, 0xd7, 0xee,
    0xd7, 0xee, 0xd7, 0xee, 0xf8, 0xee, 0xd7, 0xee, 0xf8, 0xee, 0xf8, 0xee, 0xf8, 0xee, 0xd7, 0xee,
    0xd7, 0xee, 0xd7, 0xee, 0xf8, 0xee, 0xd7, 0xee, 0xd7, 0xee, 0xd7, 0xee, 0xd7, 0xee, 0xd7, 0xee,
    0xd7, 0xee, 0xf8, 0xee, 0xf8, 0xee, 0xf8, 0xee, 0xf8, 0xee, 0xf8, 0xee, 0xd7, 0xee, 0xf8, 0xee,
    0xf8, 0xee, 0xf8, 0xee, 0xf8, 0xee, 0xd7, 0xee, 0xd7, 0xee, 0xf8, 0xee, 0xf8, 0xee, 0xf8, 0xee,
    0xf8, 0xee, 0xf8, 0xee, 0xd7, 0xee, 0xf8, 0xee, 0xf8, 0xee, 0xf8, 0xee, 0xd7, 0xee, 0xd7, 0xee,
    0xd7, 0xee, 0xd7, 0xee, 0xd7, 0xee, 0xd7, 0xee, 0xf8, 0xee, 0xf8, 0xee, 0xd7, 0xee, 0xf8, 0xee,
    0xf8, 0xee, 0xd7, 0xee, 0xd7, 0xee, 0xd7, 0xee, 0xd7, 0xee, 0xd7, 0xee, 0xd7, 0xee, 0xf8, 0xee,
    0xf8, 0xee, 0xf8, 0xee, 0xf8, 0xee, 0xf8, 0xee, 0xd7, 0xee, 0xd7, 0xee, 0xf8, 0xee, 0xf8, 0xee,
    0xd7, 0xee, 0xd7, 0xee, 0xd7, 0xee, 0xd7, 0xee, 0xf8, 0xee, 0xf8, 0xee, 0xf8, 0xee, 0xf8, 0xee,
    0xf8, 0xee, 0xd7, 0xee, 0xf8, 0xee, 0xf8, 0xee, 0xf8, 0xee, 0xf8, 0xee, 0xd7, 0xee, 0xd7, 0xee,
    0xd7, 0xee, 0xf8, 0xee, 0xf8, 0xee, 0xd7, 0xee, 0xd7, 0xee, 0xd7, 0xee, 0xd7, 0xee, 0xd7, 0xee,
    0xd7, 0xee, 0xd7, 0xee, 0xf8, 0xee, 0xf8, 0xee, 0xd7, 0xee, 0xd7, 0xee, 0xf8, 0xee, 0xf8, 0xee,
    0xf8, 0xee, 0xf8, 0xee, 0xf8, 0xee, 0xf8, 0xee, 0xd7, 0xee, 0xd7, 0xee, 0xd7, 0xee, 0xd7, 0xee,
    0xd7, 0xee, 0xf8, 0xee, 0xf8, 0xee, 0xf8, 0xee, 0xf8, 0xee, 0xd7, 0xee, 0xd7, 0xee, 0xf8, 0xee,
    0xf8, 0xee, 0xd7, 0xee, 0xd7, 0xee, 0xd7, 0xee, 0xd7, 0xee, 0xd7, 0xee, 0xd7, 0xee, 0xf8, 0xee,
    0xf8, 0xee, 0xd7, 0xee, 0xd7, 0xee, 0xf8, 0xee, 0xf8, 0xee, 0xd7, 0xee, 0xd7, 0xee, 0xd7, 0xee,
    0xf8, 0xee, 0xd7, 0xee, 0xf8, 0xee, 0xf8, 0xee, 0xd7, 0xee, 0xd7, 0xee, 0xd7, 0xee, 0xd7, 0xee,
    0xd7, 0xee, 0xd7, 0xee, 0xd7, 0xee, 0xd7, 0xee, 0xd7, 0xee, 0xd7, 0xee, 0xd7, 0xee, 0xd7, 0xee,
    0xd7, 0xee, 0xf8, 0xee, 0xd7, 0xee, 0xf8, 0xee, 0xd7, 0xee, 0xf8, 0xee, 0xf8, 0xee, 0xd7, 0xee,
    0xd7, 0xee, 0xf8, 0xee, 0xf8, 0xee, 0xf8, 0xee, 0xd7, 0xee, 0xd7, 0xee, 0xd7, 0xee, 0xd7, 0xee,
    0xd7, 0xee, 0xd7, 0xee, 0xd7, 0xee, 0xd7, 0xee, 0xd7, 0xee, 0xf8, 0xee, 0xf8, 0xee, 0xd7, 0xee,
    0xd7, 0xee, 0xd7, 0xee, 0xd7, 0xee, 0xd7, 0xee, 0xd7, 0xee, 0xd7, 0xee, 0xd7, 0xee, 0xd7, 0xee,
    0xd7, 0xee, 0xd7, 0xee, 0xd7, 0xee, 0xf8, 0xee, 0xd7, 0xee, 0xf8, 0xee, 0xf8, 0xee, 0xf8, 0xee,
    0xd7, 0xee, 0xd7, 0xee, 0xf8, 0xee, 0xf8, 0xee, 0xf8, 0xee, 0xf8, 0xee, 0xd7, 0xee, 0xd7, 0xee,
    0xf8, 0xee, 0xf8, 0xee, 0xf8, 0xee, 0xf8, 0xee, 0xf8, 0xee, 0xf8, 0xee, 0xf8, 0xee, 0xf8, 0xee,
    0xd7, 0xee, 0xd7, 0xee, 0xd7, 0xee, 0xd7, 0xee, 0xd7, 0xee, 0xd7, 0xee, 0xd7, 0xee, 0xd7, 0xee,
    0xd7, 0xee, 0xf8, 0xee, 0xf8, 0xee, 0xf8, 0xee, 0xf8, 0xee, 0xf8, 0xee, 0xf8, 0xee, 0xd7, 0xee,
    0xf8, 0xee, 0xd7, 0xee, 0xd7, 0xee, 0xd7, 0xee, 0xd7, 0xee, 0xd7, 0xee, 0xd7, 0xee, 0xd7, 0xee,
    0xf8, 0xee, 0xd7, 0xee, 0xf8, 0xee, 0xd7, 0xee, 0xd7, 0xee, 0xd7, 0xee, 0xd7, 0xee, 0xf8, 0xee,
    0xf8, 0xee, 0xf8, 0xee, 0xf8, 0xee, 0xf8, 0xee, 0xf8, 0xee, 0xf8, 0xee, 0xd7, 0xee, 0xd7, 0xee,
    0xd7, 0xee, 0xf8, 0xee, 0xf8, 0xee, 0xf8, 0xee, 0xf8, 0xee, 0xf8, 0xee, 0xf8, 0xee, 0xd7, 0xee,
    0xd7, 0xee, 0xf8, 0xee, 0xd7, 0xee, 0xf8, 0xee, 0xd7, 0xee, 0xb6, 0xe6, 0xd7, 0xee, 0xf8, 0xee,
    0xd7, 0xee, 0xf8, 0xee, 0xf8, 0xee, 0xf8, 0xee, 0xd7, 0xee, 0xd7, 0xee, 0xd7, 0xee, 0xf8, 0xee,
    0xf8, 0xee, 0xd7, 0xee, 0xd7, 0xee, 0xd7, 0xee, 0xf8, 0xee, 0xf8, 0xee, 0xf8, 0xee, 0xf8, 0xee,
    0xf8, 0xee, 0xf8, 0xee, 0xd7, 0xee, 0xd7, 0xee, 0xf8, 0xee, 0xd7, 0xee, 0xf8, 0xee, 0xf8, 0xee,
    0xd7, 0xee, 0xb6, 0xe6, 0xd7, 0xee, 0xd7, 0xee, 0xd7, 0xee, 0xd7, 0xee, 0xd7, 0xee, 0xf8, 0xee,
    0xf8, 0xee, 0xd7, 0xee, 0xd7, 0xee, 0xd7, 0xee, 0xd7, 0xee, 0xf8, 0xee, 0xf8, 0xee, 0xd7, 0xee,
    0xd7, 0xee, 0xd7, 0xee, 0xf8, 0xee, 0xf8, 0xee, 0xd7, 0xee, 0xf8, 0xee, 0xf8, 0xee, 0xd7, 0xee,
    0xf8, 0xee, 0xd7, 0xee, 0xf8, 0xee, 0xf8, 0xee, 0xd7, 0xee, 0xf8, 0xee, 0xf8, 0xee, 0xf8, 0xee,
    0xf8, 0xee, 0xd7, 0xee, 0xf8, 0xee, 0xf8, 0xee, 0xf8, 0xee, 0xf8, 0xee, 0xf8, 0xee, 0xf8, 0xee,
    0xf8, 0xee, 0xf8, 0xee, 0xf8, 0xee, 0xd7, 0xee, 0xb6, 0xee, 0xd7, 0xee, 0xd7, 0xee, 0xd7, 0xee,
    0xd7, 0xee, 0xf8, 0xee, 0xd7, 0xee, 0xf8, 0xee, 0xf8, 0xee, 0xd7, 0xee, 0xd7, 0xee, 0xd7, 0xee,
    0xf8, 0xee, 0xf8, 0xee, 0xf8, 0xee, 0xd7, 0xee, 0xf8, 0xee, 0xf8, 0xee, 0xf8, 0xee, 0xf8, 0xee,
    0xd7, 0xee, 0xf8, 0xee, 0xf8, 0xee, 0xf8, 0xee, 0xf8, 0xee, 0xf8, 0xee, 0xd7, 0xee, 0xd7, 0xee,
    0xd7, 0xee, 0xd7, 0xee, 0xd7, 0xee, 0xd7, 0xee, 0xd7, 0xee, 0xd7, 0xee, 0xd7, 0xee, 0xd7, 0xee,
    0xf8, 0xee, 0xd7, 0xee, 0xd7, 0xee, 0xf8, 0xee, 0xf8, 0xee, 0xd7, 0xee, 0xf8, 0xee, 0xf8, 0xee,
    0xf8, 0xee, 0xf8, 0xee, 0xf8, 0xee, 0xd7, 0xee, 0xf8, 0xee, 0xd7, 0xee, 0xd7, 0xee, 0xd7, 0xee,
    0xd7, 0xee, 0xd7, 0xee, 0xd7, 0xee, 0xd7, 0xee, 0xd7, 0xee, 0xd7, 0xee, 0xd7, 0xee, 0xd7, 0xee,
    0xf8, 0xee, 0xd7, 0xee, 0xf8, 0xee, 0xf8, 0xee, 0xf8, 0xee, 0xd7, 0xee, 0xf8, 0xee, 0xd7, 0xee,
    0xd7, 0xee, 0xf8, 0xee, 0xf8, 0xee, 0xd7, 0xee, 0xd7, 0xee, 0xd7, 0xee, 0xd7, 0xee, 0xf8, 0xee,
    0xd7, 0xee, 0xd7, 0xee, 0xd7, 0xee, 0xd7, 0xee, 0xd7, 0xee, 0xd7, 0xee, 0xf8, 0xee, 0xf8, 0xee,
    0xf8, 0xee, 0xd7, 0xee, 0xf8, 0xee, 0xf8, 0xee, 0xd7, 0xee, 0xd7, 0xee, 0xd7, 0xee, 0xd7, 0xee,
    0xf8, 0xee, 0xf8, 0xee, 0xf8, 0xee, 0xd7, 0xee, 0xd7, 0xee, 0xf8, 0xee, 0xd7, 0xee, 0xd7, 0xee,
    0xf8, 0xee, 0xd7, 0xee, 0xf8, 0xee, 0xf8, 0xee, 0xd7, 0xee, 0xd7, 0xee, 0xf8, 0xee, 0xd7, 0xee,
    0xf8, 0xee, 0xf8, 0xee, 0xd7, 0xee, 0xf8, 0xee, 0xf8, 0xee, 0xf8, 0xee, 0xf8, 0xee, 0xf8, 0xee,
    0xf8, 0xee, 0xd7, 0xee, 0xd7, 0xee, 0xd7, 0xee, 0xd7, 0xee, 0xd7, 0xee, 0xd7, 0xee, 0xf8, 0xee,
    0xd7, 0xee, 0xf8, 0xee, 0xd7, 0xee, 0xd7, 0xee, 0xf8, 0xee, 0xf8, 0xee, 0xd7, 0xee, 0xf8, 0xee,
    0xf8, 0xee, 0xd7, 0xee, 0xd7, 0xee, 0xd7, 0xee, 0xf8, 0xee, 0xf8, 0xee, 0xd7, 0xee, 0xd7, 0xee,
    0xd7, 0xee, 0xd7, 0xee, 0xf8, 0xee, 0xf8, 0xee, 0xd7, 0xee, 0xd7, 0xee, 0xd7, 0xee, 0xd7, 0xee,
    0xf8, 0xee, 0xf8, 0xee, 0xf8, 0xee, 0xf8, 0xee, 0xf8, 0xee, 0xd7, 0xee, 0xd7, 0xee, 0xd7, 0xee,
    0xd7, 0xee, 0xd7, 0xee, 0xd7, 0xee, 0xd7, 0xee, 0xf8, 0xee, 0xf8, 0xee, 0xd7, 0xee, 0xd7, 0xee,
    0xf8, 0xee, 0xd7, 0xee, 0xd7, 0xee, 0xd7, 0xee, 0xd7, 0xee, 0xd7, 0xee, 0xd7, 0xee, 0xd7, 0xee,
    0xd7, 0xee, 0xd7, 0xee, 0xd7, 0xee, 0xf8, 0xee, 0xf8, 0xee, 0xd7, 0xee, 0xd7, 0xee, 0xf8, 0xee,
    0xf8, 0xee, 0xd7, 0xee, 0xf8, 0xee, 0xd7, 0xee, 0xd7, 0xee, 0xf8, 0xee, 0xd7, 0xee, 0xd7, 0xee,
    0xf8, 0xee, 0xf8, 0xee, 0xd7, 0xee, 0xf8, 0xee, 0xf8, 0xee, 0xf8, 0xee, 0xf8, 0xee, 0xf8, 0xee,
    0xd7, 0xee, 0xd7, 0xee, 0xd7, 0xee, 0xd7, 0xee, 0xd7, 0xee, 0xd7, 0xee, 0xd7, 0xee, 0xf8, 0xee,
    0xf8, 0xee, 0xd7, 0xee, 0xd7, 0xee, 0xf8, 0xee, 0xd7, 0xee, 0xd7, 0xee, 0xf8, 0xee, 0xf8, 0xee,
    0xd7, 0xee, 0xd7, 0xee, 0xf8, 0xee, 0xf8, 0xee, 0xd7, 0xee, 0xf8, 0xee, 0xf8, 0xee, 0xd7, 0xee,
    0xf8, 0xee, 0xd7, 0xee, 0xf8, 0xee, 0xf8, 0xee, 0xd7, 0xee, 0xf8, 0xee, 0xf8, 0xee, 0xd7, 0xee,
    0xd7, 0xee, 0xf8, 0xee, 0xd7, 0xee, 0xf8, 0xee, 0xf8, 0xee, 0xf8, 0xee, 0xf8, 0xee, 0xf8, 0xee,
    0xf8, 0xee, 0xf8, 0xee, 0xd7, 0xee, 0xb6, 0xe6, 0xd7, 0xee, 0xd7, 0xee, 0xd7, 0xee, 0xd7, 0xee,
    0xd7, 0xee, 0xf8, 0xee, 0xd7, 0xee, 0xf8, 0xee, 0xf8, 0xee, 0xf8, 0xee, 0xf8, 0xee, 0xf8, 0xee,
    0xf8, 0xee, 0xf8, 0xee, 0xd7, 0xee, 0xf8, 0xee, 0xf8, 0xee, 0xf8, 0xee, 0xf8, 0xee, 0xd7, 0xee,
    0xf8, 0xee, 0xf8, 0xee, 0xf8, 0xee, 0xf8, 0xee, 0xd7, 0xee, 0xd7, 0xee, 0xf8, 0xee, 0x95, 0xe6,
    0xb6, 0xe6, 0xf8, 0xee, 0xd7, 0xee, 0xd7, 0xee, 0xd7, 0xee, 0xd7, 0xee, 0xd7, 0xee, 0xd7, 0xee,
    0xd7, 0xee, 0xd7, 0xee, 0xd7, 0xee, 0xd7, 0xee, 0xd7, 0xee, 0xf8, 0xee, 0xf8, 0xee, 0xf8, 0xee,
    0xf8, 0xee, 0xd7, 0xee, 0xd7, 0xee, 0xd7, 0xee, 0xd7, 0xee, 0xf8, 0xee, 0xd7, 0xee, 0xd7, 0xee,
    0xd7, 0xee, 0xd7, 0xee, 0xd7, 0xee, 0xd7, 0xee, 0xd7, 0xee, 0xd7, 0xee, 0xd7, 0xee, 0xd7, 0xee,
    0xf8, 0xee, 0xd7, 0xee, 0xf8, 0xee, 0xf8, 0xee, 0xd7, 0xee, 0xf8, 0xee, 0xf8, 0xee, 0xd7, 0xee,
    0xd7, 0xee, 0xd7, 0xee, 0xd7, 0xee, 0xf8, 0xee, 0xf8, 0xee, 0xd7, 0xee, 0xd7, 0xee, 0xf8, 0xee,
    0xf8, 0xee, 0xd7, 0xee, 0xd7, 0xee, 0xd7, 0xee, 0xd7, 0xee, 0xf8, 0xee, 0xf8, 0xee, 0xf8, 0xee,
    0xd7, 0xee, 0xd7, 0xee, 0xd7, 0xee, 0xd7, 0xee, 0xd7, 0xee, 0xf8, 0xee, 0xd7, 0xee, 0xd7, 0xee,
    0xf8, 0xee, 0xf8, 0xee, 0xf8, 0xee, 0xf8, 0xee, 0xf8, 0xee, 0xd7, 0xee, 0xd7, 0xee, 0xf8, 0xee,
    0xf8, 0xee, 0xd7, 0xee, 0xf8, 0xee, 0xf8, 0xee, 0xd7, 0xee, 0xd7, 0xee, 0xf8, 0xee, 0xd7, 0xee,
    0xd7, 0xee, 0xf8, 0xee, 0xd7, 0xee, 0xf8, 0xee, 0xf8, 0xee, 0xd7, 0xee, 0xd7, 0xee, 0xf8, 0xee,
    0xf8, 0xee, 0xd7, 0xee, 0xd7, 0xee, 0xd7, 0xee, 0xd7, 0xee, 0xd7, 0xee, 0xf8, 0xee, 0xd7, 0xee,
    0xf8, 0xee, 0xf8, 0xee, 0xd7, 0xee, 0xd7, 0xee, 0xf8, 0xee, 0xd7, 0xee, 0xd7, 0xee, 0xf8, 0xee,
    0xf8, 0xee, 0xd7, 0xee, 0xd7, 0xee, 0xd7, 0xee, 0xf8, 0xee, 0xf8, 0xee, 0xd7, 0xee, 0xf8, 0xee,
    0xf8, 0xee, 0xd7, 0xee, 0xd7, 0xee, 0xd7, 0xee, 0xd7, 0xee, 0xd7, 0xee, 0xf8, 0xee, 0xd7, 0xee,
    0xf8, 0xee, 0xf8, 0xee, 0xf8, 0xee, 0xd7, 0xee, 0xd7, 0xee, 0xd7, 0xee, 0xd7, 0xee, 0xd7, 0xee,
    0xd7, 0xee, 0xd7, 0xee, 0xd7, 0xee, 0xf8, 0xee, 0xf8, 0xee, 0xf8, 0xee, 0xd7, 0xee, 0xf8, 0xee,
    0xf8, 0xee, 0xd7, 0xee, 0xf8, 0xee, 0xd7, 0xee, 0xd7, 0xee, 0xd7, 0xee, 0xf8, 0xee, 0xd7, 0xee,
    0xd7, 0xee, 0xd7, 0xee, 0xd7, 0xee, 0xd7, 0xee, 0xd7, 0xee, 0xd7, 0xee, 0xf8, 0xee, 0xf8, 0xee,
    0xf8, 0xee, 0xf8, 0xee, 0xf8, 0xee, 0xf8, 0xee, 0xf8, 0xee, 0xf8, 0xee, 0xf8, 0xee, 0xf8, 0xee,
    0xf8, 0xee, 0xf8, 0xee, 0xd7, 0xee, 0xf8, 0xee, 0xf8, 0xee, 0xd7, 0xee, 0xd7, 0xee, 0xf8, 0xee,
    0xd7, 0xee, 0xd7, 0xee, 0xf8, 0xee, 0xf8, 0xee, 0xf8, 0xee, 0xf8, 0xee, 0xd7, 0xee, 0xd7, 0xee,
    0xd7, 0xee, 0xf8, 0xee, 0xf8, 0xee, 0xd7, 0xee, 0xd7, 0xee, 0xd7, 0xee, 0xd7, 0xee, 0xf8, 0xee,
    0xf8, 0xee, 0xf8, 0xee, 0xf8, 0xee, 0xd7, 0xee, 0xd7, 0xee, 0xd7, 0xee, 0xd7, 0xee, 0xf8, 0xee,
    0xf8, 0xee, 0xd7, 0xee, 0xd7, 0xee, 0xf8, 0xee, 0xd7, 0xee, 0xf8, 0xee, 0xf8, 0xee, 0xf8, 0xee,
    0xd7, 0xee, 0xf8, 0xee, 0xd7, 0xee, 0xf8, 0xee, 0xf8, 0xee, 0xf8, 0xee, 0xf8, 0xee, 0xf8, 0xee,
    0xf8, 0xee, 0xf8, 0xee, 0xb6, 0xe6, 0xd7, 0xee, 0xd7, 0xee, 0xd7, 0xee, 0xf8, 0xee, 0xd7, 0xee,
    0xd7, 0xee, 0xf8, 0xee, 0xf8, 0xee, 0xf8, 0xee, 0xf8, 0xee, 0xd7, 0xee, 0xd7, 0xee, 0xf8, 0xee,
    0xd7, 0xee, 0xf8, 0xee, 0xd7, 0xee, 0xd7, 0xee, 0xd7, 0xee, 0xf8, 0xee, 0xf8, 0xee, 0xf8, 0xee,
    0xf8, 0xee, 0xf8, 0xee, 0xf8, 0xee, 0xf8, 0xee, 0xf8, 0xee, 0xd7, 0xee, 0xf8, 0xee, 0xd7, 0xee,
    0xd7, 0xee, 0xf8, 0xee, 0xd7, 0xee, 0xd7, 0xee, 0xd7, 0xee, 0xd7, 0xee, 0xd7, 0xee, 0xd7, 0xee,
    0xd7, 0xee, 0xd7, 0xee, 0xd7, 0xee, 0xd7, 0xee, 0xd7, 0xee, 0xd7, 0xee, 0xf8, 0xee, 0xd7, 0xee,
    0xf8, 0xee, 0xd7, 0xee, 0xd7, 0xee, 0xd7, 0xee, 0xf8, 0xee, 0xf8, 0xee, 0xf8, 0xee, 0xf8, 0xee,
    0xd7, 0xee, 0xd7, 0xee, 0xd7, 0xee, 0xd7, 0xee, 0xd7, 0xee, 0xd7, 0xee, 0xf8, 0xee, 0xd7, 0xee,
    0xf8, 0xee, 0xd7, 0xee, 0xf8, 0xee, 0xd7, 0xee, 0xd7, 0xee, 0xf8, 0xee, 0xf8, 0xee, 0xd7, 0xee,
    0xd7, 0xee, 0xd7, 0xee, 0xd7, 0xee, 0xf8, 0xee, 0xf8, 0xee, 0xf8, 0xee, 0xd7, 0xee, 0xd7, 0xee,
    0xd7, 0xee, 0xf8, 0xee, 0xd7, 0xee, 0xd7, 0xee, 0xd7, 0xee, 0xf8, 0xee, 0xf8, 0xee, 0xf8, 0xee,
    0xd7, 0xee, 0xd7, 0xee, 0xd7, 0xee, 0xd7, 0xee, 0xf8, 0xee, 0xf8, 0xee, 0xf8, 0xee, 0xd7, 0xee,
    0xf8, 0xee, 0xd7, 0xee, 0xd7, 0xee, 0xf8, 0xee, 0xf8, 0xee, 0xd7, 0xee, 0xd7, 0xee, 0xd7, 0xee,
    0xd7, 0xee, 0xf8, 0xee, 0xf8, 0xee, 0xf8, 0xee, 0xd7, 0xee, 0xd7, 0xee, 0xf8, 0xee, 0xd7, 0xee,
    0xd7, 0xee, 0xf8, 0xee, 0xf8, 0xee, 0xf8, 0xee, 0xd7, 0xee, 0xf8, 0xee, 0xf8, 0xee, 0xf8, 0xee,
    0xd7, 0xee, 0xd7, 0xee, 0xf8, 0xee, 0xd7, 0xee, 0xd7, 0xee, 0xf8, 0xee, 0xd7, 0xee, 0xd7, 0xee,
    0xf8, 0xee, 0xf8, 0xee, 0xf8, 0xee, 0xf8, 0xee, 0xf8, 0xee, 0xd7, 0xee, 0xf8, 0xee, 0xf8, 0xee,
    0xf8, 0xee, 0xd7, 0xee, 0xf8, 0xee, 0xd7, 0xee, 0xd7, 0xee, 0xf8, 0xee, 0xf8, 0xee, 0xf8, 0xee,
    0xf8, 0xee, 0xd7, 0xee, 0xf8, 0xee, 0xf8, 0xee, 0xd7, 0xee, 0xd7, 0xee, 0xf8, 0xee, 0xf8, 0xee,
    0xf8, 0xee, 0xf8, 0xee, 0xd7, 0xee, 0xd7, 0xee, 0xd7, 0xee, 0xd7, 0xee, 0xd7, 0xee, 0xd7, 0xee,
    0xd7, 0xee, 0xd7, 0xee, 0xf8, 0xee, 0xf8, 0xee, 0xf8, 0xee, 0xf8, 0xee, 0xd7, 0xee, 0xf8, 0xee,
    0xf8, 0xee, 0xf8, 0xee, 0xd7, 0xee, 0xd7, 0xee, 0xd7, 0xee, 0xd7, 0xee, 0xf8, 0xee, 0xf8, 0xee,
    0xd7, 0xee, 0xd7, 0xee, 0xd7, 0xee, 0xd7, 0xee, 0xd7, 0xee, 0xf8, 0xee, 0xf8, 0xee, 0xf8, 0xee,
    0xf8, 0xee, 0xd7, 0xee, 0xd7, 0xee, 0xf8, 0xee, 0xf8, 0xee, 0xf8, 0xee, 0xf8, 0xee, 0xf8, 0xee,
    0xf8, 0xee, 0xf8, 0xee, 0xf8, 0xee, 0xd7, 0xee, 0xf8, 0xee, 0xd7, 0xee, 0xd7, 0xee, 0xf8, 0xee,
    0xf8, 0xee, 0xd7, 0xee, 0xf8, 0xee, 0xd7, 0xee, 0xd7, 0xee, 0xd7, 0xee, 0xd7, 0xee, 0xd7, 0xee,
    0xd7, 0xee, 0xd7, 0xee, 0xd7, 0xee, 0xf8, 0xee, 0xf8, 0xee, 0xf8, 0xee, 0xd7, 0xee, 0xd7, 0xee,
    0xd7, 0xee, 0xd7, 0xee, 0xd7, 0xee, 0xd7, 0xee, 0xf8, 0xee, 0xd7, 0xee, 0xd7, 0xee, 0xd7, 0xee,
    0xf8, 0xee, 0xd7, 0xee, 0xd7, 0xee, 0xf8, 0xee, 0xf8, 0xee, 0xf8, 0xee, 0xf8, 0xee, 0xf8, 0xee,
    0xd7, 0xee, 0xd7, 0xee, 0xf8, 0xee, 0xf8, 0xee, 0xf8, 0xee, 0xf8, 0xee, 0xf8, 0xee, 0xf8, 0xee,
    0xf8, 0xee, 0xd7, 0xee, 0xb6, 0xee, 0xd7, 0xee, 0xd7, 0xee, 0xd7, 0xee, 0xf8, 0xee, 0xd7, 0xee,
    0xd7, 0xee, 0xf8, 0xee, 0xf8, 0xee, 0xf8, 0xee, 0xf8, 0xee, 0xd7, 0xee, 0xd7, 0xee, 0xd7, 0xee,
    0xd7, 0xee, 0xd7, 0xee, 0xd7, 0xee, 0xd7, 0xee, 0xd7, 0xee, 0xd7, 0xee, 0xf8, 0xee, 0xf8, 0xee,
    0xf8, 0xee, 0xf8, 0xee, 0xf8, 0xee, 0xf8, 0xee, 0xf8, 0xee, 0xd7, 0xee, 0xf8, 0xee, 0xd7, 0xee,
    0xf8, 0xee, 0xf8, 0xee, 0xd7, 0xee, 0xd7, 0xee, 0xd7, 0xee, 0xd7, 0xee, 0xf8, 0xee, 0xf8, 0xee,
    0xd7, 0xee, 0xd7, 0xee, 0xf8, 0xee, 0xd7, 0xee, 0xd7, 0xee, 0xd7, 0xee, 0xd7, 0xee, 0xd7, 0xee,
    0xf8, 0xee, 0xf8, 0xee, 0xf8, 0xee, 0xd7, 0xee, 0xd7, 0xee, 0xf8, 0xee, 0xf8, 0xee, 0xd7, 0xee,
    0xd7, 0xee, 0xd7, 0xee, 0xd7, 0xee, 0xd7, 0xee, 0xd7, 0xee, 0xd7, 0xee, 0xf8, 0xee, 0xd7, 0xee,
    0xf8, 0xee, 0xf8, 0xee, 0xf8, 0xee, 0xf8, 0xee, 0xf8, 0xee, 0xf8, 0xee, 0xf8, 0xee, 0xd7, 0xee,
    0xd7, 0xee, 0xd7, 0xee, 0xd7, 0xee, 0xd7, 0xee, 0xf8, 0xee, 0xf8, 0xee, 0xd7, 0xee, 0xf8, 0xee,
    0xf8, 0xee, 0xf8, 0xee, 0xd7, 0xee, 0xf8, 0xee, 0xf8, 0xee, 0xf8, 0xee, 0xf8, 0xee, 0xd7, 0xee,
    0xd7, 0xee, 0xf8, 0xee, 0xd7, 0xee, 0xd7, 0xee, 0xf8, 0xee, 0xf8, 0xee, 0xf8, 0xee, 0xf8, 0xee,
    0xd7, 0xee, 0xd7, 0xee, 0xd7, 0xee, 0xd7, 0xee, 0xf8, 0xee, 0xd7, 0xee, 0xd7, 0xee, 0xf8, 0xee,
    0xf8, 0xee, 0xd7, 0xee, 0xd7, 0xee, 0xf8, 0xee, 0xf8, 0xee, 0xf8, 0xee, 0xf8, 0xee, 0xf8, 0xee,
    0xd7, 0xee, 0xd7, 0xee, 0xd7, 0xee, 0xf8, 0xee, 0xd7, 0xee, 0xd7, 0xee, 0xf8, 0xee, 0xd7, 0xee,
    0xd7, 0xee, 0xf8, 0xee, 0xf8, 0xee, 0xd7, 0xee, 0xd7, 0xee, 0xf8, 0xee, 0xd7, 0xee, 0xd7, 0xee,
    0xf8, 0xee, 0xd7, 0xee, 0xf8, 0xee, 0xf8, 0xee, 0xd7, 0xee, 0xf8, 0xee, 0xd7, 0xee, 0xd7, 0xee,
    0xf8, 0xee, 0xd7, 0xee, 0xd7, 0xee, 0xd7, 0xee, 0xd7, 0xee, 0xd7, 0xee, 0xd7, 0xee, 0xd7, 0xee,
    0xf8, 0xee, 0xd7, 0xee, 0xf8, 0xee, 0xd7, 0xee, 0xd7, 0xee, 0xd7, 0xee, 0xf8, 0xee, 0xf8, 0xee,
    0xf8, 0xee, 0xd7, 0xee, 0xd7, 0xee, 0xd7, 0xee, 0xd7, 0xee, 0xd7, 0xee, 0xd7, 0xee, 0xd7, 0xee,
    0xd7, 0xee, 0xd7, 0xee, 0xf8, 0xee, 0xf8, 0xee, 0xf8, 0xee, 0xd7, 0xee, 0xd7, 0xee, 0xd7, 0xee,
    0xf8, 0xee, 0xf8, 0xee, 0xd7, 0xee, 0xd7, 0xee, 0xd7, 0xee, 0xd7, 0xee, 0xf8, 0xee, 0xf8, 0xee,
    0xd7, 0xee, 0xd7, 0xee, 0xd7, 0xee, 0xd7, 0xee, 0xf8, 0xee, 0xd7, 0xee, 0xd7, 0xee, 0xf8, 0xee,
    0xd7, 0xee, 0xf8, 0xee, 0xd7, 0xee, 0xf8, 0xee, 0xd7, 0xee, 0xd7, 0xee, 0xf8, 0xee, 0xd7, 0xee,
    0xf8, 0xee, 0xf8, 0xee, 0xf8, 0xee, 0xd7, 0xee, 0xf8, 0xee, 0xd7, 0xee, 0xd7, 0xee, 0xd7, 0xee,
    0xf8, 0xee, 0xd7, 0xee, 0xf8, 0xee, 0xd7, 0xee, 0xd7, 0xee, 0xd7, 0xee, 0xd7, 0xee, 0xd7, 0xee,
    0xf8, 0xee, 0xd7, 0xee, 0xd7, 0xee, 0xf8, 0xee, 0xd7, 0xee, 0xd7, 0xee, 0xf8, 0xee, 0xf8, 0xee,
    0xd7, 0xee, 0xd7, 0xee, 0xd7, 0xee, 0xd7, 0xee, 0xf8, 0xee, 0xd7, 0xee, 0xd7, 0xee, 0xd7, 0xee,
    0xd7, 0xee, 0xd7, 0xee, 0xd7, 0xee, 0xd7, 0xee, 0xf8, 0xee, 0xf8, 0xee, 0xf8, 0xee, 0xf8, 0xee,
    0xd7, 0xee, 0xf8, 0xee, 0xf8, 0xee, 0xd7, 0xee, 0xf8, 0xee, 0xf8, 0xee, 0xf8, 0xee, 0xd7, 0xee,
    0xd7, 0xee, 0xd7, 0xee, 0xd7, 0xee, 0xf8, 0xee, 0xf8, 0xee, 0xf8, 0xee, 0xd7, 0xee, 0xf8, 0xee,
    0xd7, 0xee, 0xd7, 0xee, 0xf8, 0xee, 0xf8, 0xee, 0xf8, 0xee, 0xf8, 0xee, 0xd7, 0xee, 0xd7, 0xee,
    0xd7, 0xee, 0xd7, 0xee, 0xf8, 0xee, 0xd7, 0xee, 0xf8, 0xee, 0xf8, 0xee, 0xf8, 0xee, 0xf8, 0xee,
    0xf8, 0xee, 0xf8, 0xee, 0xf8, 0xee, 0xf8, 0xee, 0xf8, 0xee, 0xf8, 0xee, 0xf8, 0xee, 0xd7, 0xee,
    0xd7, 0xee, 0xf8, 0xee, 0xd7, 0xee, 0xd7, 0xee, 0xd7, 0xee, 0xf8, 0xee, 0xd7, 0xee, 0xd7, 0xee,
    0xd7, 0xee, 0xd7, 0xee, 0xd7, 0xee, 0xd7, 0xee, 0xd7, 0xee, 0xf8, 0xee, 0xd7, 0xee, 0xf8, 0xee,
    0xf8, 0xee, 0xd7, 0xee, 0xf8, 0xee, 0xf8, 0xee, 0xd7, 0xee, 0xf8, 0xee, 0xf8, 0xee, 0xd7, 0xee,
    0xd7, 0xee, 0xd7, 0xee, 0xd7, 0xee, 0xd7, 0xee, 0xd7, 0xee, 0xd7, 0xee, 0xf8, 0xee, 0xd7, 0xee,
    0xd7, 0xee, 0xd7, 0xee, 0xf8, 0xee, 0xd7, 0xee, 0xd7, 0xee, 0xf8, 0xee, 0xf8, 0xee, 0xd7, 0xee,
    0xd7, 0xee, 0xf8, 0xee, 0xd7, 0xee, 0xd7, 0xee, 0xd7, 0xee, 0xd7, 0xee, 0xd7, 0xee, 0xd7, 0xee,
    0xd7, 0xee, 0xd7, 0xee, 0xd7, 0xee, 0xf8, 0xee, 0xf8, 0xee, 0xd7, 0xee, 0xd7, 0xee, 0xf8, 0xee,
    0xf8, 0xee, 0xf8, 0xee, 0xf8, 0xee, 0xf8, 0xee, 0xf8, 0xee, 0xd7, 0xee, 0xf8, 0xee, 0xf8, 0xee,
    0xf8, 0xee, 0xf8, 0xee, 0xf8, 0xee, 0xd7, 0xee, 0xf8, 0xee, 0xd7, 0xee, 0xd7, 0xee, 0xf8, 0xee,
    0xf8, 0xee, 0xf8, 0xee, 0xf8, 0xee, 0xd7, 0xee, 0xf8, 0xee, 0xd7, 0xee, 0xf8, 0xee, 0xf8, 0xee,
    0xf8, 0xee, 0xf8, 0xee, 0xf8, 0xee, 0xd7, 0xee, 0xd7, 0xee, 0xd7, 0xee, 0xd7, 0xee, 0xd7, 0xee,
    0xd7, 0xee, 0xd7, 0xee, 0xf8, 0xee, 0xd7, 0xee, 0xd7, 0xee, 0xf8, 0xee, 0xd7, 0xee, 0xd7, 0xee,
    0xf8, 0xee, 0xf8, 0xee, 0xd7, 0xee, 0xd7, 0xee, 0xd7, 0xee, 0xd7, 0xee, 0xd7, 0xee, 0xd7, 0xee,
    0xf8, 0xee, 0xd7, 0xee, 0xd7, 0xee, 0xd7, 0xee, 0xd7, 0xee, 0xd7, 0xee, 0xd7, 0xee, 0xd7, 0xee,
    0xf8, 0xee, 0xd7, 0xee, 0xd7, 0xee, 0xd7, 0xee, 0xd7, 0xee, 0xd7, 0xee, 0xd7, 0xee, 0xf8, 0xee,
    0xd7, 0xee, 0xd7, 0xee, 0xd7, 0xee, 0xd7, 0xee, 0xd7, 0xee, 0xf8, 0xee, 0xd7, 0xee, 0xd7, 0xee,
    0xd7, 0xee, 0xd7, 0xee, 0xd7, 0xee, 0xf8, 0xee, 0xd7, 0xee, 0xd7, 0xee, 0xd7, 0xee, 0xd7, 0xee,
    0xf8, 0xee, 0xf8, 0xee, 0xf8, 0xee, 0xf8, 0xee, 0xd7, 0xee, 0xd7, 0xee, 0xd7, 0xee, 0xd7, 0xee,
    0xd7, 0xee, 0xd7, 0xee, 0xd7, 0xee, 0xd7, 0xee, 0xf8, 0xee, 0xf8, 0xee, 0xd7, 0xee, 0xf8, 0xee,
    0xd7, 0xee, 0xf8, 0xee, 0xd7, 0xee, 0xf8, 0xee, 0xf8, 0xee, 0xd7, 0xee, 0xf8, 0xee, 0xd7, 0xee,
    0xf8, 0xee, 0xf8, 0xee, 0xf8, 0xee, 0xd7, 0xee, 0xf8, 0xee, 0xd7, 0xee, 0xf8, 0xee, 0xf8, 0xee,
    0xd7, 0xee, 0xf8, 0xee, 0xf8, 0xee, 0xf8, 0xee, 0xd7, 0xee, 0xd7, 0xee, 0xd7, 0xee, 0xd7, 0xee,
    0xf8, 0xee, 0xd7, 0xee, 0xd7, 0xee, 0xd7, 0xee, 0xd7, 0xee, 0xd7, 0xee, 0xd7, 0xee, 0xd7, 0xee,
    0xd7, 0xee, 0xd7, 0xee, 0xd7, 0xee, 0xd7, 0xee, 0xf8, 0xee, 0xf8, 0xee, 0xf8, 0xee, 0xf8, 0xee,
    0xd7, 0xee, 0xf8, 0xee, 0xd7, 0xee, 0xf8, 0xee, 0xf8, 0xee, 0xf8, 0xee, 0xd7, 0xee, 0xd7, 0xee,
    0xd7, 0xee, 0xd7, 0xee, 0xd7, 0xee, 0xd7, 0xee, 0xd7, 0xee, 0xd7, 0xee, 0xd7, 0xee, 0xf8, 0xee,
    0xf8, 0xee, 0xd7, 0xee, 0xd7, 0xee, 0xd7, 0xee, 0xd7, 0xee, 0xf8, 0xee, 0xd7, 0xee, 0xd7, 0xee,
    0xd7, 0xee, 0xd7, 0xee, 0xf8, 0xee, 0xf8, 0xee, 0xf8, 0xee, 0xd7, 0xee, 0xf8, 0xee, 0xd7, 0xee,
    0xd7, 0xee, 0xd7, 0xee, 0xf8, 0xee, 0xd7, 0xee, 0xd7, 0xee, 0xf8, 0xee, 0xf8, 0xee, 0xf8, 0xee,
    0xf8, 0xee, 0xf8, 0xee, 0xf8, 0xee, 0xf8, 0xee, 0xf8, 0xee, 0xf8, 0xee, 0xd7, 0xee, 0xf8, 0xee,
    0xd7, 0xee, 0xd7, 0xee, 0xf8, 0xee, 0xd7, 0xee, 0xf8, 0xee, 0xf8, 0xee, 0xd7, 0xee, 0xd7, 0xee,
    0xd7, 0xee, 0xd7, 0xee, 0xd7, 0xee, 0xd7, 0xee, 0xd7, 0xee, 0xf8, 0xee, 0xf8, 0xee, 0xd7, 0xee,
    0xf8, 0xee, 0xf8, 0xee, 0xf8, 0xee, 0xf8, 0xee, 0xf8, 0xee, 0xf8, 0xee, 0xd7, 0xee, 0xd7, 0xee,
    0xd7, 0xee, 0xd7, 0xee, 0xd7, 0xee, 0xd7, 0xee, 0xd7, 0xee, 0xd7, 0xee, 0xd7, 0xee, 0xd7, 0xee,
    0xd7, 0xee, 0xd7, 0xee, 0xf8, 0xee, 0xd7, 0xee, 0xd7, 0xee, 0xd7, 0xee, 0xd7, 0xee, 0xd7, 0xee,
    0xf8, 0xee, 0xf8, 0xee, 0xd7, 0xee, 0xd7, 0xee, 0xd7, 0xee, 0xd7, 0xee, 0xd7, 0xee, 0xd7, 0xee,
    0xd7, 0xee, 0xd7, 0xee, 0xd7, 0xee, 0xd7, 0xee, 0xd7, 0xee, 0xd7, 0xee, 0xd7, 0xee, 0xd7, 0xee,
    0xd7, 0xee, 0xd7, 0xee, 0xf8, 0xee, 0xf8, 0xee, 0xf8, 0xee, 0xd7, 0xee, 0xf8, 0xee, 0xf8, 0xee,
    0xf8, 0xee, 0xd7, 0xee, 0xf8, 0xee, 0xd7, 0xee, 0xd7, 0xee, 0xf8, 0xee, 0xd7, 0xee, 0xf8, 0xee,
    0xf8, 0xee, 0xf8, 0xee, 0xf8, 0xee, 0xf8, 0xee, 0xd7, 0xee, 0xf8, 0xee, 0xd7, 0xee, 0xf8, 0xee,
    0xf8, 0xee, 0xf8, 0xee, 0xf8, 0xee, 0xf8, 0xee, 0xd7, 0xee, 0xd7, 0xee, 0xf8, 0xee, 0xd7, 0xee,
    0xd7, 0xee, 0xd7, 0xee, 0xf8, 0xee, 0xd7, 0xee, 0xf8, 0xee, 0xd7, 0xee, 0xd7, 0xee, 0xf8, 0xee,
    0xd7, 0xee, 0xf8, 0xee, 0xd7, 0xee, 0xd7, 0xee, 0xd7, 0xee, 0xd7, 0xee, 0xd7, 0xee, 0xd7, 0xee,
    0xd7, 0xee, 0xd7, 0xee, 0xd7, 0xee, 0xd7, 0xee, 0xd7, 0xee, 0xf8, 0xee, 0xd7, 0xee, 0xf8, 0xee,
    0xf8, 0xee, 0xd7, 0xee, 0xd7, 0xee, 0xd7, 0xee, 0xd7, 0xee, 0xd7, 0xee, 0xf8, 0xee, 0xf8, 0xee,
    0xf8, 0xee, 0xd7, 0xee, 0xd7, 0xee, 0xd7, 0xee, 0xf8, 0xee, 0xd7, 0xee, 0xd7, 0xee, 0xd7, 0xee,
    0xf8, 0xee, 0xd7, 0xee, 0xd7, 0xee, 0xf8, 0xee, 0xd7, 0xee, 0xd7, 0xee, 0xf8, 0xee, 0xf8, 0xee,
    0xf8, 0xee, 0xf8, 0xee, 0xf8, 0xee, 0xf8, 0xee, 0xf8, 0xee, 0xd7, 0xee, 0xf8, 0xee, 0xd7, 0xee,
    0xd7, 0xee, 0xd7, 0xee, 0xd7, 0xee, 0xd7, 0xee, 0xf8, 0xee, 0xf8, 0xee, 0xf8, 0xee, 0xf8, 0xee,
    0xf8, 0xee, 0xd7, 0xee, 0xd7, 0xee, 0xf8, 0xee, 0xf8, 0xee, 0xd7, 0xee, 0xf8, 0xee, 0xf8, 0xee,
    0xf8, 0xee, 0xf8, 0xee, 0xd7, 0xee, 0xd7, 0xee, 0xd7, 0xee, 0xd7, 0xee, 0xf8, 0xee, 0xf8, 0xee,
    0xd7, 0xee, 0xd7, 0xee, 0xf8, 0xee, 0xd7, 0xee, 0xf8, 0xee, 0xf8, 0xee, 0xf8, 0xee, 0xf8, 0xee,
    0xd7, 0xee, 0xd7, 0xee, 0xd7, 0xee, 0xd7, 0xee, 0xf8, 0xee, 0xd7, 0xee, 0xd7, 0xee, 0xd7, 0xee,
    0xd7, 0xee, 0xd7, 0xee, 0xf8, 0xee, 0xf8, 0xee, 0xf8, 0xee, 0xf8, 0xee, 0xf8, 0xee, 0xf8, 0xee,
    0xf8, 0xee, 0xf8, 0xee, 0xd7, 0xee, 0xf8, 0xee, 0xd7, 0xee, 0xd7, 0xee, 0xd7, 0xee, 0xd7, 0xee,
    0xd7, 0xee, 0xd7, 0xee, 0xd7, 0xee, 0xb6, 0xe6, 0xd7, 0xee, 0xd7, 0xee, 0xf8, 0xee, 0xf8, 0xee,
    0xf8, 0xee, 0xf8, 0xee, 0xd7, 0xee, 0xd7, 0xee, 0xf8, 0xee, 0xf8, 0xee, 0xf8, 0xee, 0xf8, 0xee,
    0xf8, 0xee, 0xd7, 0xee, 0xd7, 0xee, 0xd7, 0xee, 0xf8, 0xee, 0xd7, 0xee, 0xf8, 0xee, 0xf8, 0xee,
    0xd7, 0xee, 0xd7, 0xee, 0xf8, 0xee, 0xd7, 0xee, 0xd7, 0xee, 0xd7, 0xee, 0xd7, 0xee, 0xf8, 0xee,
    0xf8, 0xee, 0xd7, 0xee, 0xd7, 0xee, 0xf8, 0xee, 0xf8, 0xee, 0xf8, 0xee, 0xd7, 0xee, 0xf8, 0xee,
    0xf8, 0xee, 0xf8, 0xee, 0xf8, 0xee, 0xf8, 0xee, 0xd7, 0xee, 0xd7, 0xee, 0xf8, 0xee, 0xd7, 0xee,
    0xd7, 0xee, 0xd7, 0xee, 0xf8, 0xee, 0xd7, 0xee, 0xd7, 0xee, 0xd7, 0xee, 0xf8, 0xee, 0xd7, 0xee,
    0xd7, 0xee, 0xf8, 0xee, 0xd7, 0xee, 0xf8, 0xee, 0xf8, 0xee, 0xd7, 0xee, 0xd7, 0xee, 0xd7, 0xee,
    0xd7, 0xee, 0xf8, 0xee, 0xf8, 0xee, 0xd7, 0xee, 0xd7, 0xee, 0xd7, 0xee, 0xd7, 0xee, 0xd7, 0xee,
    0xf8, 0xee, 0xf8, 0xee, 0xd7, 0xee, 0xd7, 0xee, 0xd7, 0xee, 0xd7, 0xee, 0xd7, 0xee, 0xf8, 0xee,
    0xf8, 0xee, 0xf8, 0xee, 0xf8, 0xee, 0xf8, 0xee, 0xf8, 0xee, 0xd7, 0xee, 0xd7, 0xee, 0xd7, 0xee,
    0xd7, 0xee, 0xd7, 0xee, 0xd7, 0xee, 0xd7, 0xee, 0xd7, 0xee, 0xd7, 0xee, 0xf8, 0xee, 0xd7, 0xee,
    0xd7, 0xee, 0xd7, 0xee, 0xd7, 0xee, 0xd7, 0xee, 0xd7, 0xee, 0xd7, 0xee, 0xd7, 0xee, 0xf8, 0xee,
    0xd7, 0xee, 0xd7, 0xee, 0xd7, 0xee, 0xd7, 0xee, 0xd7, 0xee, 0xf8, 0xee, 0xd7, 0xee, 0xd7, 0xee,
    0xd7, 0xee, 0xf8, 0xee, 0xf8, 0xee, 0xf8, 0xee, 0xf8, 0xee, 0xf8, 0xee, 0xf8, 0xee, 0xf8, 0xee,
    0xd7, 0xee, 0xf8, 0xee, 0xd7, 0xee, 0xd7, 0xee, 0xd7, 0xee, 0xd7, 0xee, 0xd7, 0xee, 0xd7, 0xee,
    0xd7, 0xee, 0xd7, 0xee, 0xd7, 0xee, 0xd7, 0xee, 0xf8, 0xee, 0xd7, 0xee, 0xd7, 0xee, 0xd7, 0xee,
    0xd7, 0xee, 0xd7, 0xee, 0xd7, 0xee, 0xd7, 0xee, 0xd7, 0xee, 0xd7, 0xee, 0xd7, 0xee, 0xd7, 0xee,
    0xd7, 0xee, 0xd7, 0xee, 0xd7, 0xee, 0xd7, 0xee, 0xf8, 0xee, 0xf8, 0xee, 0xd7, 0xee, 0xd7, 0xee,
    0xf8, 0xee, 0xd7, 0xee, 0xd7, 0xee, 0xd7, 0xee, 0xd7, 0xee, 0xd7, 0xee, 0xd7, 0xee, 0xd7, 0xee,
    0xf8, 0xee, 0xf8, 0xee, 0xd7, 0xee, 0xd7, 0xee, 0xd7, 0xee, 0xd7, 0xee, 0xd7, 0xee, 0xd7, 0xee,
    0xd7, 0xee, 0xd7, 0xee, 0xd7, 0xee, 0xf8, 0xee, 0xb6, 0xe6, 0xd7, 0xee, 0xf8, 0xee, 0xf8, 0xee,
    0xf8, 0xee, 0xf8, 0xee, 0xf8, 0xee, 0xf8, 0xee, 0xf8, 0xee, 0xd7, 0xee, 0xf8, 0xee, 0xd7, 0xee,
    0xd7, 0xee, 0xd7, 0xee, 0xf8, 0xee, 0xd7, 0xee, 0xd7, 0xee, 0xf8, 0xee, 0xf8, 0xee, 0xd7, 0xee,
    0xf8, 0xee, 0xf8, 0xee, 0xf8, 0xee, 0xf8, 0xee, 0xf8, 0xee, 0xf8, 0xee, 0xd7, 0xee, 0xf8, 0xee,
    0xf8, 0xee, 0xd7, 0xee, 0xd7, 0xee, 0xd7, 0xee, 0xd7, 0xee, 0xf8, 0xee, 0xd7, 0xee, 0xd7, 0xee,
    0xf8, 0xee, 0xd7, 0xee, 0xd7, 0xee, 0xd7, 0xee, 0xd7, 0xee, 0xd7, 0xee, 0xf8, 0xee, 0xf8, 0xee,
    0xf8, 0xee, 0xf8, 0xee, 0xd7, 0xee, 0xd7, 0xee, 0xd7, 0xee, 0xf8, 0xee, 0xd7, 0xee, 0xf8, 0xee,
    0xf8, 0xee, 0xd7, 0xee, 0xf8, 0xee, 0xf8, 0xee, 0xf8, 0xee, 0xf8, 0xee, 0xf8, 0xee, 0xf8, 0xee,
    0xd7, 0xee, 0xd7, 0xee, 0xd7, 0xee, 0xd7, 0xee, 0xb6, 0xe6, 0xd7, 0xee, 0xd7, 0xee, 0xd7, 0xee,
    0xd7, 0xee, 0xd7, 0xee, 0xf8, 0xee, 0xd7, 0xee, 0xb6, 0xe6, 0xb6, 0xe6, 0xd7, 0xee, 0xd7, 0xee,
    0xf8, 0xee, 0xf8, 0xee, 0xd7, 0xee, 0xd7, 0xee, 0xf8, 0xee, 0xf8, 0xee, 0xf8, 0xee, 0xf8, 0xee,
    0xf8, 0xee, 0xf8, 0xee, 0xd7, 0xee, 0xd7, 0xee, 0xf8, 0xee, 0xd7, 0xee, 0xd7, 0xee, 0xf8, 0xee,
    0xf8, 0xee, 0xf8, 0xee, 0xd7, 0xee, 0xd7, 0xee, 0xd7, 0xee, 0xd7, 0xee, 0xd7, 0xee, 0xd7, 0xee,
    0xd7, 0xee, 0xf8, 0xee, 0xf8, 0xee, 0xf8, 0xee, 0xf8, 0xee, 0xd7, 0xee, 0xd7, 0xee, 0xf8, 0xee,
    0xf8, 0xee, 0xf8, 0xee, 0xd7, 0xee, 0xd7, 0xee, 0xd7, 0xee, 0xd7, 0xee, 0xd7, 0xee, 0xd7, 0xee,
    0xd7, 0xee, 0xd7, 0xee, 0xd7, 0xee, 0xf8, 0xee, 0xd7, 0xee, 0xf8, 0xee, 0xf8, 0xee, 0xd7, 0xee,
    0xd7, 0xee, 0xd7, 0xee, 0xf8, 0xee, 0xd7, 0xee, 0xd7, 0xee, 0xf8, 0xee, 0xd7, 0xee, 0xd7, 0xee,
    0xd7, 0xee, 0xd7, 0xee, 0xf8, 0xee, 0xd7, 0xee, 0xd7, 0xee, 0xd7, 0xee, 0xd7, 0xee, 0xd7, 0xee,
    0xd7, 0xee, 0xd7, 0xee, 0xd7, 0xee, 0xd7, 0xee, 0xf8, 0xee, 0xd7, 0xee, 0xd7, 0xee, 0xf8, 0xee,
    0xf8, 0xee, 0xf8, 0xee, 0xf8, 0xee, 0xd7, 0xee, 0xd7, 0xee, 0xf8, 0xee, 0xd7, 0xee, 0xd7, 0xee,
    0xf8, 0xee, 0xd7, 0xee, 0xd7, 0xee, 0xd7, 0xee, 0xd7, 0xee, 0xd7, 0xee, 0xd7, 0xee, 0xd7, 0xee,
    0xd7, 0xee, 0xd7, 0xee, 0xd7, 0xee, 0xd7, 0xee, 0xd7, 0xee, 0xd7, 0xee, 0xd7, 0xee, 0xd7, 0xee,
    0xd7, 0xee, 0xf8, 0xee, 0xd7, 0xee, 0xd7, 0xee, 0xd7, 0xee, 0xd7, 0xee, 0xd7, 0xee, 0xd7, 0xee,
    0xf8, 0xee, 0xd7, 0xee, 0xf8, 0xee, 0xf8, 0xee, 0xd7, 0xee, 0xf8, 0xee, 0xf8, 0xee, 0xf8, 0xee,
    0xd7, 0xee, 0xd7, 0xee, 0xf8, 0xee, 0xd7, 0xee, 0xd7, 0xee, 0xf8, 0xee, 0xd7, 0xee, 0xd7, 0xee,
    0xd7, 0xee, 0xd7, 0xee, 0xd7, 0xee, 0xd7, 0xee, 0xd7, 0xee, 0xd7, 0xee, 0xf8, 0xee, 0xf8, 0xee,
    0xd7, 0xee, 0xd7, 0xee, 0xd7, 0xee, 0xd7, 0xee, 0xd7, 0xee, 0xd7, 0xee, 0xf8, 0xee, 0xd7, 0xee,
    0xd7, 0xee, 0xd7, 0xee, 0xd7, 0xee, 0xd7, 0xee, 0xf8, 0xee, 0xd7, 0xee, 0xf8, 0xee, 0xf8, 0xee,
    0xf8, 0xee, 0xf8, 0xee, 0xd7, 0xee, 0xd7, 0xee, 0xd7, 0xee, 0xd7, 0xee, 0xd7, 0xee, 0xd7, 0xee,
    0xd7, 0xee, 0xf8, 0xee, 0xd7, 0xee, 0xd7, 0xee, 0xd7, 0xee, 0xd7, 0xee, 0xf8, 0xee, 0xf8, 0xee,
    0xf8, 0xee, 0xd7, 0xee, 0xd7, 0xee, 0xd7, 0xee, 0xb6, 0xe6, 0xf8, 0xee, 0xf8, 0xee, 0xf8, 0xee,
    0xd7, 0xee, 0xf8, 0xee, 0xf8, 0xee, 0xf8, 0xee, 0xd7, 0xee, 0xf8, 0xee, 0xf8, 0xee, 0xf8, 0xee,
    0xd7, 0xee, 0xd7, 0xee, 0xd7, 0xee, 0xd7, 0xee, 0xd7, 0xee, 0xd7, 0xee, 0xf8, 0xee, 0xf8, 0xee,
    0xf8, 0xee, 0xd7, 0xee, 0xf8, 0xee, 0xf8, 0xee, 0xd7, 0xee, 0xd7, 0xee, 0xd7, 0xee, 0xd7, 0xee,
    0xd7, 0xee, 0xf8, 0xee, 0xf8, 0xee, 0xf8, 0xee, 0xf8, 0xee, 0xf8, 0xee, 0xd7, 0xee, 0xd7, 0xee,
    0xf8, 0xee, 0xd7, 0xee, 0xf8, 0xee, 0xd7, 0xee, 0xd7, 0xee, 0xd7, 0xee, 0xf8, 0xee, 0xd7, 0xee,
    0xd7, 0xee, 0xf8, 0xee, 0xd7, 0xee, 0xd7, 0xee, 0xf8, 0xee, 0xd7, 0xee, 0xd7, 0xee, 0xf8, 0xee,
    0xf8, 0xee, 0xf8, 0xee, 0xf8, 0xee, 0xf8, 0xee, 0xd7, 0xee, 0xf8, 0xee, 0xf8, 0xee, 0xf8, 0xee,
    0xd7, 0xee, 0xd7, 0xee, 0xd7, 0xee, 0xd7, 0xee, 0xd7, 0xee, 0xd7, 0xee, 0xd7, 0xee, 0xd7, 0xee,
    0xd7, 0xee, 0xd7, 0xee, 0xf8, 0xee, 0xd7, 0xee, 0xd7, 0xee, 0xd7, 0xee, 0xd7, 0xee, 0xd7, 0xee,
    0xd7, 0xee, 0xf8, 0xee, 0xf8, 0xee, 0xf8, 0xee, 0xf8, 0xee, 0xf8, 0xee, 0xf8, 0xee, 0xf8, 0xee,
    0xf8, 0xee, 0xd7, 0xee, 0xd7, 0xee, 0xd7, 0xee, 0xf8, 0xee, 0xd7, 0xee, 0xd7, 0xee, 0xd7, 0xee,
    0xf8, 0xee, 0xf8, 0xee, 0xd7, 0xee, 0xd7, 0xee, 0xf8, 0xee, 0xd7, 0xee, 0xd7, 0xee, 0xd7, 0xee,
    0xf8, 0xee, 0xf8, 0xee, 0xf8, 0xee, 0xf8, 0xee, 0xf8, 0xee, 0xd7, 0xee, 0xd7, 0xee, 0xf8, 0xee,
    0xf8, 0xee, 0xd7, 0xee, 0xf8, 0xee, 0xd7, 0xee, 0xd7, 0xee, 0xd7, 0xee, 0xd7, 0xee, 0xd7, 0xee,
    0xd7, 0xee, 0xd7, 0xee, 0xd7, 0xee, 0xd7, 0xee, 0xd7, 0xee, 0xf8, 0xee, 0xf8, 0xee, 0xd7, 0xee,
    0xd7, 0xee, 0xd7, 0xee, 0xd7, 0xee, 0xd7, 0xee, 0xf8, 0xee, 0xf8, 0xee, 0xd7, 0xee, 0xd7, 0xee,
    0xd7, 0xee, 0xd7, 0xee, 0xd7, 0xee, 0xf8, 0xee, 0xd7, 0xee, 0xd7, 0xee, 0xd7, 0xee, 0xd7, 0xee,
    0xd7, 0xee, 0xd7, 0xee, 0xd7, 0xee, 0xf8, 0xee, 0xd7, 0xee, 0xd7, 0xee, 0xd7, 0xee, 0xf8, 0xee,
    0xf8, 0xee, 0xf8, 0xee, 0xf8, 0xee, 0xd7, 0xee, 0xd7, 0xee, 0xd7, 0xee, 0xf8, 0xee, 0xd7, 0xee,
    0xf8, 0xee, 0xf8, 0xee, 0xd7, 0xee, 0xd7, 0xee, 0xd7, 0xee, 0xd7, 0xee, 0xd7, 0xee, 0xd7, 0xee,
    0xd7, 0xee, 0xd7, 0xee, 0xf8, 0xee, 0xd7, 0xee, 0xd7, 0xee, 0xd7, 0xee, 0xd7, 0xee, 0xd7, 0xee,
    0xd7, 0xee, 0xf8, 0xee, 0xd7, 0xee, 0xd7, 0xee, 0xd7, 0xee, 0xd7, 0xee, 0xf8, 0xee, 0xd7, 0xee,
    0xf8, 0xee, 0xf8, 0xee, 0xf8, 0xee, 0xf8, 0xee, 0xd7, 0xee, 0xd7, 0xee, 0xf8, 0xee, 0xf8, 0xee,
    0xd7, 0xee, 0xf8, 0xee, 0xf8, 0xee, 0xd7, 0xee, 0xd7, 0xee, 0xd7, 0xee, 0xd7, 0xee, 0xd7, 0xee,
    0xf8, 0xee, 0xd7, 0xee, 0xf8, 0xee, 0xd7, 0xee, 0xd7, 0xee, 0xd7, 0xee, 0xd7, 0xee, 0xf8, 0xee,
    0xd7, 0xee, 0xd7, 0xee, 0xd7, 0xee, 0xd7, 0xee, 0xd7, 0xee, 0xd7, 0xee, 0xd7, 0xee, 0xd7, 0xee,
    0xd7, 0xee, 0xf8, 0xee, 0xd7, 0xee, 0xd7, 0xee, 0xf8, 0xee, 0xf8, 0xee, 0xd7, 0xee, 0xf8, 0xee,
    0xf8, 0xee, 0xf8, 0xee, 0xd7, 0xee, 0xd7, 0xee, 0xd7, 0xee, 0xd7, 0xee, 0xd7, 0xee, 0xf8, 0xee,
    0xd7, 0xee, 0xf8, 0xee, 0xf8, 0xee, 0xd7, 0xee, 0xd7, 0xee, 0xf8, 0xee, 0xf8, 0xee, 0xf8, 0xee,
    0xf8, 0xee, 0xf8, 0xee, 0xd7, 0xee, 0x95, 0xe6, 0xd7, 0xee, 0xf8, 0xee, 0xf8, 0xee, 0xf8, 0xee,
    0xf8, 0xee, 0xf8, 0xee, 0xf8, 0xee, 0xf8, 0xee, 0xf8, 0xee, 0xf8, 0xee, 0xd7, 0xee, 0xf8, 0xee,
    0xf8, 0xee, 0xd7, 0xee, 0xd7, 0xee, 0xd7, 0xee, 0xf8, 0xee, 0xd7, 0xee, 0xf8, 0xee, 0xf8, 0xee,
    0xf8, 0xee, 0xf8, 0xee, 0xd7, 0xee, 0xf8, 0xee, 0xd7, 0xee, 0xd7, 0xee, 0xd7, 0xee, 0xd7, 0xee,
    0xd7, 0xee, 0xd7, 0xee, 0xf8, 0xee, 0xf8, 0xee, 0xf8, 0xee, 0xd7, 0xee, 0xf8, 0xee, 0xd7, 0xee,
    0xf8, 0xee, 0xf8, 0xee, 0xf8, 0xee, 0xd7, 0xee, 0xf8, 0xee, 0xf8, 0xee, 0xf8, 0xee, 0xd7, 0xee,
    0xd7, 0xee, 0xd7, 0xee, 0xd7, 0xee, 0xf8, 0xee, 0xd7, 0xee, 0xd7, 0xee, 0xf8, 0xee, 0xd7, 0xee,
    0xd7, 0xee, 0xf8, 0xee, 0xd7, 0xee, 0xd7, 0xee, 0xf8, 0xee, 0xd7, 0xee, 0xf8, 0xee, 0xd7, 0xee,
    0xd7, 0xee, 0xd7, 0xee, 0xd7, 0xee, 0xf8, 0xee, 0xd7, 0xee, 0xf8, 0xee, 0xf8, 0xee, 0xd7, 0xee,
    0xf8, 0xee, 0xf8, 0xee, 0xf8, 0xee, 0xf8, 0xee, 0xf8, 0xee, 0xd7, 0xee, 0xd7, 0xee, 0xd7, 0xee,
    0xd7, 0xee, 0xf8, 0xee, 0xf8, 0xee, 0xf8, 0xee, 0xf8, 0xee, 0xf8, 0xee, 0xf8, 0xee, 0xf8, 0xee,
    0xf8, 0xee, 0xf8, 0xee, 0xd7, 0xee, 0xd7, 0xee, 0xd7, 0xee, 0xd7, 0xee, 0xd7, 0xee, 0xd7, 0xee,
    0xd7, 0xee, 0xd7, 0xee, 0xd7, 0xee, 0xd7, 0xee, 0xd7, 0xee, 0xd7, 0xee, 0xd7, 0xee, 0xd7, 0xee,
    0xd7, 0xee, 0xf8, 0xee, 0xd7, 0xee, 0xf8, 0xee, 0xf8, 0xee, 0xd7, 0xee, 0xd7, 0xee, 0xf8, 0xee,
    0xd7, 0xee, 0xd7, 0xee, 0xf8, 0xee, 0xd7, 0xee, 0xf8, 0xee, 0xd7, 0xee, 0xd7, 0xee, 0xf8, 0xee,
    0xf8, 0xee, 0xf8, 0xee, 0xd7, 0xee, 0xd7, 0xee, 0xd7, 0xee, 0xf8, 0xee, 0xd7, 0xee, 0xf8, 0xee,
    0xd7, 0xee, 0xd7, 0xee, 0xd7, 0xee, 0xd7, 0xee, 0xd7, 0xee, 0xf8, 0xee, 0xd7, 0xee, 0xd7, 0xee,
    0xd7, 0xee, 0xd7, 0xee, 0xd7, 0xee, 0xd7, 0xee, 0xd7, 0xee, 0xd7, 0xee, 0xd7, 0xee, 0xd7, 0xee,
    0xd7, 0xee, 0xf8, 0xee, 0xd7, 0xee, 0xd7, 0xee, 0xd7, 0xee, 0xf8, 0xee, 0xf8, 0xee, 0xf8, 0xee,
    0xf8, 0xee, 0xd7, 0xee, 0xd7, 0xee, 0xd7, 0xee, 0xd7, 0xee, 0xd7, 0xee, 0xf8, 0xee, 0xd7, 0xee,
    0xd7, 0xee, 0xf8, 0xee, 0xd7, 0xee, 0xd7, 0xee, 0xf8, 0xee, 0xd7, 0xee, 0xd7, 0xee, 0xd7, 0xee,
    0xd7, 0xee, 0xd7, 0xee, 0xd7, 0xee, 0xd7, 0xee, 0xd7, 0xee, 0xf8, 0xee, 0xd7, 0xee, 0xf8, 0xee,
    0xf8, 0xee, 0xf8, 0xee, 0xf8, 0xee, 0xd7, 0xee, 0xd7, 0xee, 0xd7, 0xee, 0xf8, 0xee, 0xf8, 0xee,
    0xf8, 0xee, 0xf8, 0xee, 0xf8, 0xee, 0xf8, 0xee, 0xd7, 0xee, 0xd7, 0xee, 0xf8, 0xee, 0xd7, 0xee,
    0xd7, 0xee, 0xf8, 0xee, 0xf8, 0xee, 0xd7, 0xee, 0xf8, 0xee, 0xd7, 0xee, 0xd7, 0xee, 0xd7, 0xee,
    0xd7, 0xee, 0xd7, 0xee, 0xd7, 0xee, 0xf8, 0xee, 0xd7, 0xee, 0xd7, 0xee, 0xd7, 0xee, 0xd7, 0xee,
    0xd7, 0xee, 0xf8, 0xee, 0xd7, 0xee, 0xd7, 0xee, 0xd7, 0xee, 0xd7, 0xee, 0xd7, 0xee, 0xd7, 0xee,
    0xb6, 0xee, 0xd7, 0xee, 0xf8, 0xee, 0xf8, 0xee, 0xd7, 0xee, 0xf8, 0xee, 0xd7, 0xee, 0xd7, 0xee,
    0xd7, 0xee, 0xf8, 0xee, 0xf8, 0xee, 0xf8, 0xee, 0xd7, 0xee, 0xd7, 0xee, 0xd7, 0xee, 0xd7, 0xee,
    0xd7, 0xee, 0xf8, 0xee, 0xf8, 0xee, 0xd7, 0xee, 0xd7, 0xee, 0xd7, 0xee, 0xd7, 0xee, 0xf8, 0xee,
    0xf8, 0xee, 0xf8, 0xee, 0xd7, 0xee, 0x95, 0xe6, 0xd7, 0xee, 0xf8, 0xee, 0xd7, 0xee, 0xf8, 0xee,
    0xf8, 0xee, 0xf8, 0xee, 0xf8, 0xee, 0xd7, 0xee, 0xd7, 0xee, 0xf8, 0xee, 0xf8, 0xee, 0xd7, 0xee,
    0xf8, 0xee, 0xd7, 0xee, 0xd7, 0xee, 0xd7, 0xee, 0xf8, 0xee, 0xd7, 0xee, 0xf8, 0xee, 0xf8, 0xee,
    0xd7, 0xee, 0xf8, 0xee, 0xf8, 0xee, 0xf8, 0xee, 0xf8, 0xee, 0xf8, 0xee, 0xd7, 0xee, 0xf8, 0xee,
    0xd7, 0xee, 0xd7, 0xee, 0xd7, 0xee, 0xf8, 0xee, 0xf8, 0xee, 0xf8, 0xee, 0xd7, 0xee, 0xd7, 0xee,
    0xd7, 0xee, 0xd7, 0xee, 0xd7, 0xee, 0xf8, 0xee, 0xd7, 0xee, 0xf8, 0xee, 0xf8, 0xee, 0xd7, 0xee,
    0xd7, 0xee, 0xd7, 0xee, 0xd7, 0xee, 0xf8, 0xee, 0xf8, 0xee, 0xd7, 0xee, 0xf8, 0xee, 0xd7, 0xee,
    0xd7, 0xee, 0xf8, 0xee, 0xd7, 0xee, 0xd7, 0xee, 0xf8, 0xee, 0xd7, 0xee, 0xd7, 0xee, 0xd7, 0xee,
    0xd7, 0xee, 0xd7, 0xee, 0xd7, 0xee, 0xf8, 0xee, 0xd7, 0xee, 0xd7, 0xee, 0xd7, 0xee, 0xd7, 0xee,
    0xd7, 0xee, 0xd7, 0xee, 0xf8, 0xee, 0xf8, 0xee, 0xf8, 0xee, 0xd7, 0xee, 0xd7, 0xee, 0xd7, 0xee,
    0xb6, 0xe6, 0xd7, 0xee, 0xf8, 0xee, 0xf8, 0xee, 0xf8, 0xee, 0xf8, 0xee, 0xf8, 0xee, 0xf8, 0xee,
    0xf8, 0xee, 0xf8, 0xee, 0xd7, 0xee, 0xd7, 0xee, 0xd7, 0xee, 0xd7, 0xee, 0xf8, 0xee, 0xd7, 0xee,
    0xd7, 0xee, 0xd7, 0xee, 0xd7, 0xee, 0xd7, 0xee, 0xd7, 0xee, 0xd7, 0xee, 0xf8, 0xee, 0xf8, 0xee,
    0xd7, 0xee, 0xf8, 0xee, 0xf8, 0xee, 0xf8, 0xee, 0xf8, 0xee, 0xd7, 0xee, 0xd7, 0xee, 0xd7, 0xee,
    0xf8, 0xee, 0xd7, 0xee, 0xd7, 0xee, 0xd7, 0xee, 0xd7, 0xee, 0xd7, 0xee, 0xd7, 0xee, 0xf8, 0xee,
    0xf8, 0xee, 0xd7, 0xee, 0x95, 0xe6, 0x75, 0xe6, 0xd7, 0xee, 0xf8, 0xee, 0xd7, 0xee, 0xd7, 0xee,
    0xd7, 0xee, 0xd7, 0xee, 0xd7, 0xee, 0xd7, 0xee, 0xd7, 0xee, 0xd7, 0xee, 0xd7, 0xee, 0xd7, 0xee,
    0xd7, 0xee, 0xf8, 0xee, 0xd7, 0xee, 0xd7, 0xee, 0xd7, 0xee, 0xd7, 0xee, 0xd7, 0xee, 0xd7, 0xee,
    0xf8, 0xee, 0xd7, 0xee, 0xd7, 0xee, 0xd7, 0xee, 0xd7, 0xee, 0xd7, 0xee, 0xd7, 0xee, 0xf8, 0xee,
    0xf8, 0xee, 0xf8, 0xee, 0xd7, 0xee, 0xd7, 0xee, 0xf8, 0xee, 0xd7, 0xee, 0xf8, 0xee, 0xf8, 0xee,
    0xd7, 0xee, 0xd7, 0xee, 0xd7, 0xee, 0xd7, 0xee, 0xf8, 0xee, 0xd7, 0xee, 0xd7, 0xee, 0xd7, 0xee,
    0xd7, 0xee, 0xd7, 0xee, 0xf8, 0xee, 0xd7, 0xee, 0xd7, 0xee, 0xd7, 0xee, 0xf8, 0xee, 0xf8, 0xee,
    0xf8, 0xee, 0xf8, 0xee, 0xd7, 0xee, 0xd7, 0xee, 0xd7, 0xee, 0xd7, 0xee, 0xd7, 0xee, 0xd7, 0xee,
    0xf8, 0xee, 0xf8, 0xee, 0xf8, 0xee, 0xd7, 0xee, 0xd7, 0xee, 0xd7, 0xee, 0xd7, 0xee, 0xd7, 0xee,
    0xd7, 0xee, 0xd7, 0xee, 0xd7, 0xee, 0xd7, 0xee, 0xd7, 0xee, 0xd7, 0xee, 0xd7, 0xee, 0xf8, 0xee,
    0xf8, 0xee, 0xf8, 0xee, 0xd7, 0xee, 0xf8, 0xee, 0xd7, 0xee, 0xd7, 0xee, 0xd7, 0xee, 0xd7, 0xee,
    0xd7, 0xee, 0xd7, 0xee, 0xd7, 0xee, 0xd7, 0xee, 0xd7, 0xee, 0xd7, 0xee, 0xd7, 0xee, 0xd7, 0xee,
    0xd7, 0xee, 0xd7, 0xee, 0xd7, 0xee, 0xd7, 0xee, 0xd7, 0xee, 0xd7, 0xee, 0xf8, 0xee, 0xd7, 0xee,
    0xd7, 0xee, 0xf8, 0xee, 0xf8, 0xee, 0xd7, 0xee, 0xd7, 0xee, 0xf8, 0xee, 0xf8, 0xee, 0xd7, 0xee,
    0xd7, 0xee, 0xf8, 0xee, 0xf8, 0xee, 0xd7, 0xee, 0xd7, 0xee, 0xf8, 0xee, 0xd7, 0xee, 0xd7, 0xee,
    0xf8, 0xee, 0xf8, 0xee, 0xf8, 0xee, 0xd7, 0xee, 0xf8, 0xee, 0xf8, 0xee, 0xd7, 0xee, 0xf8, 0xee,
    0xd7, 0xee, 0xf8, 0xee, 0xf8, 0xee, 0xd7, 0xee, 0xd7, 0xee, 0xf8, 0xee, 0xf8, 0xee, 0xf8, 0xee,
    0xd7, 0xee, 0xd7, 0xee, 0xf8, 0xee, 0xf8, 0xee, 0xd7, 0xee, 0xf8, 0xee, 0xf8, 0xee, 0xd7, 0xee,
    0xf8, 0xee, 0xf8, 0xee, 0xf8, 0xee, 0xf8, 0xee, 0xd7, 0xee, 0xf8, 0xee, 0xf8, 0xee, 0xf8, 0xee,
    0xf8, 0xee, 0xd7, 0xee, 0xd7, 0xee, 0xd7, 0xee, 0xf8, 0xee, 0xf8, 0xee, 0xd7, 0xee, 0xd7, 0xee,
    0xd7, 0xee, 0xd7, 0xee, 0xd7, 0xee, 0xf8, 0xee, 0xd7, 0xee, 0xd7, 0xee, 0xd7, 0xee, 0xd7, 0xee,
    0xd7, 0xee, 0xd7, 0xee, 0xd7, 0xee, 0xf8, 0xee, 0xf8, 0xee, 0xf8, 0xee, 0xf8, 0xee, 0xd7, 0xee,
    0xd7, 0xee, 0xd7, 0xee, 0xd7, 0xee, 0xd7, 0xee, 0xf8, 0xee, 0xd7, 0xee, 0xd7, 0xee, 0xb6, 0xe6,
    0xd7, 0xee, 0xd7, 0xee, 0xd7, 0xee, 0xf8, 0xee, 0xd7, 0xee, 0xd7, 0xee, 0xd7, 0xee, 0xd7, 0xee,
    0xd7, 0xee, 0xf8, 0xee, 0xf8, 0xee, 0xd7, 0xee, 0xd7, 0xee, 0xd7, 0xee, 0xd7, 0xee, 0xd7, 0xee,
    0xd7, 0xee, 0xd7, 0xee, 0xd7, 0xee, 0xf8, 0xee, 0xf8, 0xee, 0xf8, 0xee, 0xd7, 0xee, 0xf8, 0xee,
    0xf8, 0xee, 0xf8, 0xee, 0xd7, 0xee, 0xf8, 0xee, 0xf8, 0xee, 0xf8, 0xee, 0xf8, 0xee, 0xd7, 0xee,
    0xd7, 0xee, 0xd7, 0xee, 0xd7, 0xee, 0xd7, 0xee, 0xd7, 0xee, 0xd7, 0xee, 0xd7, 0xee, 0xd7, 0xee,
    0xf8, 0xee, 0xf8, 0xee, 0xf8, 0xee, 0xf8, 0xee, 0xd7, 0xee, 0xd7, 0xee, 0xd7, 0xee, 0xd7, 0xee,
    0xd7, 0xee, 0xd7, 0xee, 0xd7, 0xee, 0xd7, 0xee, 0xd7, 0xee, 0xf8, 0xee, 0xd7, 0xee, 0xd7, 0xee,
    0xf8, 0xee, 0xb6, 0xe6, 0x54, 0xe6, 0x74, 0xe6, 0x95, 0xe6, 0xd7, 0xee, 0xd7, 0xee, 0xd7, 0xee,
    0xd7, 0xee, 0xd7, 0xee, 0xd7, 0xee, 0xf8, 0xee, 0xd7, 0xee, 0xd7, 0xee, 0xf8, 0xee, 0xd7, 0xee,
    0xd7, 0xee, 0xd7, 0xee, 0xd7, 0xee, 0xd7, 0xee, 0xd7, 0xee, 0xd7, 0xee, 0xd7, 0xee, 0xd7, 0xee,
    0xd7, 0xee, 0xd7, 0xee, 0xd7, 0xee, 0xf8, 0xee, 0xd7, 0xee, 0xd7, 0xee, 0xd7, 0xee, 0xf8, 0xee,
    0xd7, 0xee, 0xd7, 0xee, 0xd7, 0xee, 0xd7, 0xee, 0xf8, 0xee, 0xf8, 0xee, 0xd7, 0xee, 0xd7, 0xee,
    0xd7, 0xee, 0xd7, 0xee, 0xd7, 0xee, 0xf8, 0xee, 0xf8, 0xee, 0xf8, 0xee, 0xd7, 0xee, 0xf8, 0xee,
    0xd7, 0xee, 0xf8, 0xee, 0xf8, 0xee, 0xd7, 0xee, 0xd7, 0xee, 0xd7, 0xee, 0xd7, 0xee, 0xf8, 0xee,
    0xf8, 0xee, 0xf8, 0xee, 0xd7, 0xee, 0xd7, 0xee, 0xd7, 0xee, 0xf8, 0xee, 0xd7, 0xee, 0xf8, 0xee,
    0xf8, 0xee, 0xf8, 0xee, 0xf8, 0xee, 0xf8, 0xee, 0xf8, 0xee, 0xd7, 0xee, 0xf8, 0xee, 0xd7, 0xee,
    0xd7, 0xee, 0xd7, 0xee, 0xd7, 0xee, 0xd7, 0xee, 0xd7, 0xee, 0xd7, 0xee, 0xd7, 0xee, 0xf8, 0xee,
    0xf8, 0xee, 0xd7, 0xee, 0xd7, 0xee, 0xf8, 0xee, 0xf8, 0xee, 0xf8, 0xee, 0xd7, 0xee, 0xd7, 0xee,
    0xd7, 0xee, 0xd7, 0xee, 0xd7, 0xee, 0xd7, 0xee, 0xd7, 0xee, 0xd7, 0xee, 0xd7, 0xee, 0xd7, 0xee,
    0xd7, 0xee, 0xd7, 0xee, 0xd7, 0xee, 0xd7, 0xee, 0xf8, 0xee, 0xf8, 0xee, 0xf8, 0xee, 0xf8, 0xee,
    0xd7, 0xee, 0xd7, 0xee, 0xf8, 0xee, 0xd7, 0xee, 0xd7, 0xee, 0xf8, 0xee, 0xf8, 0xee, 0xf8, 0xee,
    0xd7, 0xee, 0xf8, 0xee, 0xf8, 0xee, 0xf8, 0xee, 0xd7, 0xee, 0xd7, 0xee, 0xd7, 0xee, 0xf8, 0xee,
    0xf8, 0xee, 0xf8, 0xee, 0xf8, 0xee, 0xf8, 0xee, 0xf8, 0xee, 0xd7, 0xee, 0xf8, 0xee, 0xf8, 0xee,
    0xd7, 0xee, 0xd7, 0xee, 0xf8, 0xee, 0xf8, 0xee, 0xf8, 0xee, 0xf8, 0xee, 0xf8, 0xee, 0xd7, 0xee,
    0xd7, 0xee, 0xd7, 0xee, 0xd7, 0xee, 0xd7, 0xee, 0xd7, 0xee, 0xf8, 0xee, 0xf8, 0xee, 0xf8, 0xee,
    0xf8, 0xee, 0xf8, 0xee, 0xf8, 0xee, 0xf8, 0xee, 0xf8, 0xee, 0xd7, 0xee, 0xd7, 0xee, 0xf8, 0xee,
    0xf8, 0xee, 0xf8, 0xee, 0xf8, 0xee, 0xf8, 0xee, 0xf8, 0xee, 0xf8, 0xee, 0xf8, 0xee, 0xf8, 0xee,
    0xf8, 0xee, 0xd7, 0xee, 0xd7, 0xee, 0xf8, 0xee, 0xd7, 0xee, 0xf8, 0xee, 0xf8, 0xee, 0xd7, 0xee,
    0xd7, 0xee, 0xd7, 0xee, 0xd7, 0xee, 0xf8, 0xee, 0xd7, 0xee, 0xd7, 0xee, 0xf8, 0xee, 0xf8, 0xee,
    0xd7, 0xee, 0xd7, 0xee, 0xd7, 0xee, 0xf8, 0xee, 0xd7, 0xee, 0xd7, 0xee, 0xd7, 0xee, 0xb6, 0xe6,
    0xb6, 0xe6, 0xd7, 0xee, 0xd7, 0xee, 0xf8, 0xee, 0xd7, 0xee, 0xd7, 0xee, 0xd7, 0xee, 0xd7, 0xee,
    0xd7, 0xee, 0xf8, 0xee, 0xf8, 0xee, 0xd7, 0xee, 0xd7, 0xee, 0xd7, 0xee, 0xd7, 0xee, 0xd7, 0xee,
    0xd7, 0xee, 0xd7, 0xee, 0xd7, 0xee, 0xd7, 0xee, 0xf8, 0xee, 0xf8, 0xee, 0xd7, 0xee, 0xd7, 0xee,
    0xf8, 0xee, 0xf8, 0xee, 0xf8, 0xee, 0xf8, 0xee, 0xf8, 0xee, 0xf8, 0xee, 0xd7, 0xee, 0xd7, 0xee,
    0xd7, 0xee, 0xd7, 0xee, 0xd7, 0xee, 0xd7, 0xee, 0xd7, 0xee, 0xd7, 0xee, 0xf8, 0xee, 0xf8, 0xee,
    0xf8, 0xee, 0xf8, 0xee, 0xf8, 0xee, 0xf8, 0xee, 0xb6, 0xee, 0xd7, 0xee, 0xd7, 0xee, 0xd7, 0xee,
    0xd7, 0xee, 0xd7, 0xee, 0xd7, 0xee, 0xf8, 0xee, 0xd7, 0xee, 0xf8, 0xee, 0xf8, 0xee, 0xd7, 0xee,
    0xd7, 0xee, 0xd7, 0xee, 0x95, 0xe6, 0x74, 0xe6, 0xb6, 0xe6, 0xf8, 0xee, 0xd7, 0xee, 0xd7, 0xee,
    0xd7, 0xee, 0xd7, 0xee, 0xd7, 0xee, 0xd7, 0xee, 0xd7, 0xee, 0xd7, 0xee, 0xd7, 0xee, 0xf8, 0xee,
    0xd7, 0xee, 0xd7, 0xee, 0xd7, 0xee, 0xd7, 0xee, 0xd7, 0xee, 0xd7, 0xee, 0xd7, 0xee, 0xd7, 0xee,
    0xd7, 0xee, 0xd7, 0xee, 0xd7, 0xee, 0xd7, 0xee, 0xd7, 0xee, 0xd7, 0xee, 0xd7, 0xee, 0xf8, 0xee,
    0xf8, 0xee, 0xf8, 0xee, 0xf8, 0xee, 0xf8, 0xee, 0xf8, 0xee, 0xd7, 0xee, 0xb6, 0xe6, 0xd7, 0xee,
    0xd7, 0xee, 0xd7, 0xee, 0xd7, 0xee, 0xf8, 0xee, 0xf8, 0xee, 0xf8, 0xee, 0xd7, 0xee, 0xf8, 0xee,
    0xf8, 0xee, 0xd7, 0xee, 0xd7, 0xee, 0xd7, 0xee, 0xd7, 0xee, 0xd7, 0xee, 0xd7, 0xee, 0xd7, 0xee,
    0xf8, 0xee, 0xd7, 0xee, 0xd7, 0xee, 0xf8, 0xee, 0xf8, 0xee, 0xf8, 0xee, 0xf8, 0xee, 0xf8, 0xee,
    0xd7, 0xee, 0xd7, 0xee, 0xd7, 0xee, 0xd7, 0xee, 0xf8, 0xee, 0xf8, 0xee, 0xd7, 0xee, 0xd7, 0xee,
    0xd7, 0xee, 0xd7, 0xee, 0xd7, 0xee, 0xd7, 0xee, 0xd7, 0xee, 0xd7, 0xee, 0xd7, 0xee, 0xd7, 0xee,
    0xd7, 0xee, 0xd7, 0xee, 0xd7, 0xee, 0xd7, 0xee, 0xf8, 0xee, 0xf8, 0xee, 0xd7, 0xee, 0xd7, 0xee,
    0xd7, 0xee, 0xd7, 0xee, 0xd7, 0xee, 0xd7, 0xee, 0xf8, 0xee, 0xd7, 0xee, 0xd7, 0xee, 0xd7, 0xee,
    0xd7, 0xee, 0xd7, 0xee, 0xd7, 0xee, 0xf8, 0xee, 0xd7, 0xee, 0xd7, 0xee, 0xf8, 0xee, 0xd7, 0xee,
    0xd7, 0xee, 0xd7, 0xee, 0xf8, 0xee, 0xf8, 0xee, 0xd7, 0xee, 0xd7, 0xee, 0xd7, 0xee, 0xf8, 0xee,
    0xf8, 0xee, 0xd7, 0xee, 0xf8, 0xee, 0xf8, 0xee, 0xf8, 0xee, 0xf8, 0xee, 0xf8, 0xee, 0xf8, 0xee,
    0xf8, 0xee, 0xf8, 0xee, 0xf8, 0xee, 0xf8, 0xee, 0xf8, 0xee, 0xf8, 0xee, 0xf8, 0xee, 0xd7, 0xee,
    0xd7, 0xee, 0xd7, 0xee, 0xf8, 0xee, 0xf8, 0xee, 0xf8, 0xee, 0xf8, 0xee, 0xd7, 0xee, 0xd7, 0xee,
    0xd7, 0xee, 0xf8, 0xee, 0xd7, 0xee, 0xd7, 0xee, 0xf8, 0xee, 0xf8, 0xee, 0xf8, 0xee, 0xd7, 0xee,
    0xd7, 0xee, 0xd7, 0xee, 0xd7, 0xee, 0xf8, 0xee, 0xf8, 0xee, 0xf8, 0xee, 0xd7, 0xee, 0xd7, 0xee,
    0xf8, 0xee, 0xf8, 0xee, 0xf8, 0xee, 0xf8, 0xee, 0xf8, 0xee, 0xd7, 0xee, 0xf8, 0xee, 0xf8, 0xee,
    0xd7, 0xee, 0xd7, 0xee, 0xf8, 0xee, 0xd7, 0xee, 0xd7, 0xee, 0xf8, 0xee, 0xf8, 0xee, 0xd7, 0xee,
    0xd7, 0xee, 0xf8, 0xee, 0xd7, 0xee, 0xd7, 0xee, 0xf8, 0xee, 0xd7, 0xee, 0xf8, 0xee, 0xd7, 0xee,
    0xd7, 0xee, 0xd7, 0xee, 0xf8, 0xee, 0xd7, 0xee, 0xf8, 0xee, 0xd7, 0xee, 0xd7, 0xee, 0xd7, 0xee,
    0xd7, 0xee, 0xd7, 0xee, 0xd7, 0xee, 0xd7, 0xee, 0xd7, 0xee, 0xd7, 0xee, 0xd7, 0xee, 0xd7, 0xee,
    0xd7, 0xee, 0xf8, 0xee, 0xf8, 0xee, 0xf8, 0xee, 0xd7, 0xee, 0xd7, 0xee, 0xd7, 0xee, 0xf8, 0xee,
    0xd7, 0xee, 0xd7, 0xee, 0xd7, 0xee, 0xd7, 0xee, 0xd7, 0xee, 0xd7, 0xee, 0xf8, 0xee, 0xd7, 0xee,
    0xf8, 0xee, 0xf8, 0xee, 0xf8, 0xee, 0xf8, 0xee, 0xf8, 0xee, 0xd7, 0xee, 0xd7, 0xee, 0xd7, 0xee,
    0xd7, 0xee, 0xf8, 0xee, 0xd7, 0xee, 0xd7, 0xee, 0xd7, 0xee, 0xd7, 0xee, 0xd7, 0xee, 0xf8, 0xee,
    0xf8, 0xee, 0xf8, 0xee, 0xf8, 0xee, 0xf8, 0xee, 0xd7, 0xee, 0xd7, 0xee, 0xd7, 0xee, 0xd7, 0xee,
    0xd7, 0xee, 0xf8, 0xee, 0xf8, 0xee, 0xf8, 0xee, 0xd7, 0xee, 0xf8, 0xee, 0xf8, 0xee, 0xf8, 0xee,
    0xd7, 0xee, 0xd7, 0xee, 0xd7, 0xee, 0xd7, 0xee, 0xd7, 0xee, 0xd7, 0xee, 0xd7, 0xee, 0xd7, 0xee,
    0xd7, 0xee, 0xd7, 0xee, 0xd7, 0xee, 0xd7, 0xee, 0xd7, 0xee, 0xd7, 0xee, 0xd7, 0xee, 0xd7, 0xee,
    0xd7, 0xee, 0xd7, 0xee, 0xd7, 0xee, 0xd7, 0xee, 0xb6, 0xe6, 0xd7, 0xee, 0xd7, 0xee, 0xd7, 0xee,
    0xd7, 0xee, 0xd7, 0xee, 0xd7, 0xee, 0xd7, 0xee, 0xd7, 0xee, 0xd7, 0xee, 0xd7, 0xee, 0xd7, 0xee,
    0xd7, 0xee, 0xd7, 0xee, 0xf8, 0xee, 0xf8, 0xee, 0xf8, 0xee, 0xd7, 0xee, 0xd7, 0xee, 0xd7, 0xee,
    0xd7, 0xee, 0xf8, 0xee, 0xf8, 0xee, 0xf8, 0xee, 0xf8, 0xee, 0xf8, 0xee, 0xd7, 0xee, 0xd7, 0xee,
    0xd7, 0xee, 0xd7, 0xee, 0xd7, 0xee, 0xd7, 0xee, 0xd7, 0xee, 0xf8, 0xee, 0xf8, 0xee, 0xd7, 0xee,
    0xd7, 0xee, 0xd7, 0xee, 0xd7, 0xee, 0xd7, 0xee, 0xd7, 0xee, 0xd7, 0xee, 0xd7, 0xee, 0xf8, 0xee,
    0xf8, 0xee, 0xf8, 0xee, 0xf8, 0xee, 0xf8, 0xee, 0xf8, 0xee, 0xf8, 0xee, 0xf8, 0xee, 0xd7, 0xee,
    0xd7, 0xee, 0xd7, 0xee, 0xd7, 0xee, 0xd7, 0xee, 0xd7, 0xee, 0xd7, 0xee, 0xd7, 0xee, 0xf8, 0xee,
    0xd7, 0xee, 0xd7, 0xee, 0xd7, 0xee, 0xd7, 0xee, 0xf8, 0xee, 0xf8, 0xee, 0xf8, 0xee, 0xd7, 0xee,
    0xd7, 0xee, 0xd7, 0xee, 0xd7, 0xee, 0xd7, 0xee, 0xf8, 0xee, 0xd7, 0xee, 0xd7, 0xee, 0xd7, 0xee,
    0xd7, 0xee, 0xd7, 0xee, 0xf8, 0xee, 0xf8, 0xee, 0xd7, 0xee, 0xd7, 0xee, 0xd7, 0xee, 0xd7, 0xee,
    0xf8, 0xee, 0xd7, 0xee, 0xd7, 0xee, 0xf8, 0xee, 0xd7, 0xee, 0xd7, 0xee, 0xd7, 0xee, 0xd7, 0xee,
    0xd7, 0xee, 0xd7, 0xee, 0xf8, 0xee, 0xf8, 0xee, 0xd7, 0xee, 0xf8, 0xee, 0xf8, 0xee, 0xf8, 0xee,
    0xf8, 0xee, 0xf8, 0xee, 0xf8, 0xee, 0xf8, 0xee, 0xf8, 0xee, 0xf8, 0xee, 0xd7, 0xee, 0xd7, 0xee,
    0xd7, 0xee, 0xf8, 0xee, 0xd7, 0xee, 0xf8, 0xee, 0xf8, 0xee, 0xd7, 0xee, 0xd7, 0xee, 0xd7, 0xee,
    0xf8, 0xee, 0xd7, 0xee, 0xd7, 0xee, 0xd7, 0xee, 0xf8, 0xee, 0xf8, 0xee, 0xf8, 0xee, 0xd7, 0xee,
    0xd7, 0xee, 0xf8, 0xee, 0xf8, 0xee, 0xf8, 0xee, 0xf8, 0xee, 0xf8, 0xee, 0xd7, 0xee, 0xd7, 0xee,
    0xf8, 0xee, 0xf8, 0xee, 0xf8, 0xee, 0xf8, 0xee, 0xf8, 0xee, 0xd7, 0xee, 0xf8, 0xee, 0xd7, 0xee,
    0xd7, 0xee, 0xd7, 0xee, 0xf8, 0xee, 0xf8, 0xee, 0xd7, 0xee, 0xd7, 0xee, 0xf8, 0xee, 0xf8, 0xee,
    0xd7, 0xee, 0xf8, 0xee, 0xf8, 0xee, 0xf8, 0xee, 0xf8, 0xee, 0xd7, 0xee, 0xd7, 0xee, 0xd7, 0xee,
    0xd7, 0xee, 0xd7, 0xee, 0xf8, 0xee, 0xd7, 0xee, 0xd7, 0xee, 0xd7, 0xee, 0xd7, 0xee, 0xd7, 0xee,
    0xf8, 0xee, 0xd7, 0xee, 0xd7, 0xee, 0xf8, 0xee, 0xd7, 0xee, 0xd7, 0xee, 0xd7, 0xee, 0xd7, 0xee,
    0xd7, 0xee, 0xf8, 0xee, 0xf8, 0xee, 0xf8, 0xee, 0xd7, 0xee, 0xd7, 0xee, 0xf8, 0xee, 0xd7, 0xee,
    0xd7, 0xee, 0xd7, 0xee, 0xd7, 0xee, 0xd7, 0xee, 0xd7, 0xee, 0xf8, 0xee, 0xf8, 0xee, 0xf8, 0xee,
    0xf8, 0xee, 0xd7, 0xee, 0xd7, 0xee, 0xf8, 0xee, 0xd7, 0xee, 0xd7, 0xee, 0xf8, 0xee, 0xf8, 0xee,
    0xf8, 0xee, 0xd7, 0xee, 0xd7, 0xee, 0xd7, 0xee, 0xd7, 0xee, 0xd7, 0xee, 0xd7, 0xee, 0xf8, 0xee,
    0xd7, 0xee, 0xf8, 0xee, 0xf8, 0xee, 0xd7, 0xee, 0xd7, 0xee, 0xd7, 0xee, 0xd7, 0xee, 0xd7, 0xee,
    0xd7, 0xee, 0xd7, 0xee, 0xd7, 0xee, 0xf8, 0xee, 0xf8, 0xee, 0xf8, 0xee, 0xf8, 0xee, 0xf8, 0xee,
    0xd7, 0xee, 0xd7, 0xee, 0xd7, 0xee, 0xd7, 0xee, 0xd7, 0xee, 0xd7, 0xee, 0xd7, 0xee, 0xd7, 0xee,
    0xd7, 0xee, 0xd7, 0xee, 0xd7, 0xee, 0xd7, 0xee, 0xd7, 0xee, 0xd7, 0xee, 0xd7, 0xee, 0xd7, 0xee,
    0xd7, 0xee, 0xf8, 0xee, 0xd7, 0xee, 0xd7, 0xee, 0xd7, 0xee, 0xd7, 0xee, 0xd7, 0xee, 0xd7, 0xee,
    0xd7, 0xee, 0xf8, 0xee, 0xd7, 0xee, 0xd7, 0xee, 0xd7, 0xee, 0xd7, 0xee, 0xd7, 0xee, 0xd7, 0xee,
    0xd7, 0xee, 0xd7, 0xee, 0xd7, 0xee, 0xf8, 0xee, 0xd7, 0xee, 0xd7, 0xee, 0xd7, 0xee, 0xf8, 0xee,
    0xd7, 0xee, 0xd7, 0xee, 0xd7, 0xee, 0xf8, 0xee, 0xd7, 0xee, 0xd7, 0xee, 0xf8, 0xee, 0xd7, 0xee,
    0xd7, 0xee, 0xf8, 0xee, 0xf8, 0xee, 0xf8, 0xee, 0xf8, 0xee, 0xf8, 0xee, 0xd7, 0xee, 0xd7, 0xee,
    0xd7, 0xee, 0xf8, 0xee, 0xf8, 0xee, 0xd7, 0xee, 0xd7, 0xee, 0xd7, 0xee, 0xd7, 0xee, 0xd7, 0xee,
    0xd7, 0xee, 0xf8, 0xee, 0xf8, 0xee, 0xf8, 0xee, 0xd7, 0xee, 0xd7, 0xee, 0xd7, 0xee, 0xf8, 0xee,
    0xf8, 0xee, 0xd7, 0xee, 0xd7, 0xee, 0xd7, 0xee, 0xd7, 0xee, 0xd7, 0xee, 0xd7, 0xee, 0xf8, 0xee,
    0xf8, 0xee, 0xf8, 0xee, 0xd7, 0xee, 0xd7, 0xee, 0xd7, 0xee, 0xf8, 0xee, 0xf8, 0xee, 0xd7, 0xee,
    0xd7, 0xee, 0xf8, 0xee, 0xd7, 0xee, 0xd7, 0xee, 0xf8, 0xee, 0xd7, 0xee, 0xd7, 0xee, 0xd7, 0xee,
    0xf8, 0xee, 0xd7, 0xee, 0xd7, 0xee, 0xf8, 0xee, 0xd7, 0xee, 0xd7, 0xee, 0xf8, 0xee, 0xd7, 0xee,
    0xd7, 0xee, 0xd7, 0xee, 0xd7, 0xee, 0xd7, 0xee, 0xd7, 0xee, 0xd7, 0xee, 0xd7, 0xee, 0xf8, 0xee,
    0xf8, 0xee, 0xf8, 0xee, 0xf8, 0xee, 0xf8, 0xee, 0xd7, 0xee, 0xd7, 0xee, 0xf8, 0xee, 0xf8, 0xee,
    0xf8, 0xee, 0xf8, 0xee, 0xd7, 0xee, 0xf8, 0xee, 0xf8, 0xee, 0xd7, 0xee, 0xd7, 0xee, 0xd7, 0xee,
    0xf8, 0xee, 0xf8, 0xee, 0xd7, 0xee, 0xf8, 0xee, 0xf8, 0xee, 0xd7, 0xee, 0xd7, 0xee, 0xf8, 0xee,
    0xf8, 0xee, 0xd7, 0xee, 0xd7, 0xee, 0xd7, 0xee, 0xf8, 0xee, 0xf8, 0xee, 0xf8, 0xee, 0xf8, 0xee,
    0xf8, 0xee, 0xd7, 0xee, 0xf8, 0xee, 0xf8, 0xee, 0xf8, 0xee, 0xf8, 0xee, 0xf8, 0xee, 0xf8, 0xee,
    0xf8, 0xee, 0xf8, 0xee, 0xf8, 0xee, 0xf8, 0xee, 0xf8, 0xee, 0xf8, 0xee, 0xd7, 0xee, 0xd7, 0xee,
    0xd7, 0xee, 0xf8, 0xee, 0xd7, 0xee, 0xd7, 0xee, 0xd7, 0xee, 0xd7, 0xee, 0xd7, 0xee, 0xf8, 0xee,
    0xf8, 0xee, 0xf8, 0xee, 0xf8, 0xee, 0xf8, 0xee, 0xf8, 0xee, 0xd7, 0xee, 0xd7, 0xee, 0xd7, 0xee,
    0xd7, 0xee, 0xd7, 0xee, 0xd7, 0xee, 0xf8, 0xee, 0xd7, 0xee, 0xd7, 0xee, 0xd7, 0xee, 0xd7, 0xee,
    0xd7, 0xee, 0xd7, 0xee, 0xd7, 0xee, 0xd7, 0xee, 0xf8, 0xee, 0xd7, 0xee, 0xd7, 0xee, 0xd7, 0xee,
    0xd7, 0xee, 0xd7, 0xee, 0xf8, 0xee, 0xd7, 0xee, 0xd7, 0xee, 0xf8, 0xee, 0xf8, 0xee, 0xf8, 0xee,
    0xd7, 0xee, 0xf8, 0xee, 0xd7, 0xee, 0xd7, 0xee, 0xf8, 0xee, 0xf8, 0xee, 0xf8, 0xee, 0xf8, 0xee,
    0xd7, 0xee, 0xd7, 0xee, 0xf8, 0xee, 0xf8, 0xee, 0xd7, 0xee, 0xd7, 0xee, 0xf8, 0xee, 0xf8, 0xee,
    0xd7, 0xee, 0xd7, 0xee, 0xd7, 0xee, 0xd7, 0xee, 0xf8, 0xee, 0xd7, 0xee, 0xd7, 0xee, 0xd7, 0xee,
    0xd7, 0xee, 0xd7, 0xee, 0xd7, 0xee, 0xb6, 0xe6, 0xd7, 0xee, 0xd7, 0xee, 0xf8, 0xee, 0xd7, 0xee,
    0xd7, 0xee, 0xd7, 0xee, 0xd7, 0xee, 0xf8, 0xee, 0xf8, 0xee, 0xf8, 0xee, 0xf8, 0xee, 0xf8, 0xee,
    0xd7, 0xee, 0xd7, 0xee, 0xd7, 0xee, 0xd7, 0xee, 0xd7, 0xee, 0xd7, 0xee, 0xf8, 0xee, 0xf8, 0xee,
    0xd7, 0xee, 0xd7, 0xee, 0xd7, 0xee, 0xd7, 0xee, 0xd7, 0xee, 0xd7, 0xee, 0xd7, 0xee, 0xd7, 0xee,
    0xd7, 0xee, 0xd7, 0xee, 0xd7, 0xee, 0xf8, 0xee, 0xd7, 0xee, 0xf8, 0xee, 0xf8, 0xee, 0xd7, 0xee,
    0xd7, 0xee, 0xd7, 0xee, 0xd7, 0xee, 0xd7, 0xee, 0xf8, 0xee, 0xd7, 0xee, 0xf8, 0xee, 0xf8, 0xee,
    0xf8, 0xee, 0xd7, 0xee, 0xd7, 0xee, 0xd7, 0xee, 0xd7, 0xee, 0xd7, 0xee, 0xd7, 0xee, 0xf8, 0xee,
    0xd7, 0xee, 0xd7, 0xee, 0xd7, 0xee, 0xf8, 0xee, 0xf8, 0xee, 0xd7, 0xee, 0xf8, 0xee, 0xf8, 0xee,
    0xf8, 0xee, 0xf8, 0xee, 0xf8, 0xee, 0xf8, 0xee, 0xf8, 0xee, 0xd7, 0xee, 0xd7, 0xee, 0xd7, 0xee,
    0xf8, 0xee, 0xf8, 0xee, 0xf8, 0xee, 0xf8, 0xee, 0xf8, 0xee, 0xf8, 0xee, 0xf8, 0xee, 0xf8, 0xee,
    0xf8, 0xee, 0xd7, 0xee, 0xf8, 0xee, 0xf8, 0xee, 0xf8, 0xee, 0xd7, 0xee, 0xd7, 0xee, 0xd7, 0xee,
    0xd7, 0xee, 0xd7, 0xee, 0xf8, 0xee, 0xf8, 0xee, 0xd7, 0xee, 0xf8, 0xee, 0xf8, 0xee, 0xd7, 0xee,
    0xf8, 0xee, 0xf8, 0xee, 0xf8, 0xee, 0xf8, 0xee, 0xd7, 0xee, 0xf8, 0xee, 0xf8, 0xee, 0xd7, 0xee,
    0xd7, 0xee, 0xf8, 0xee, 0xd7, 0xee, 0xd7, 0xee, 0xd7, 0xee, 0xf8, 0xee, 0xd7, 0xee, 0xd7, 0xee,
    0xf8, 0xee, 0xd7, 0xee, 0xd7, 0xee, 0xd7, 0xee, 0xd7, 0xee, 0xf8, 0xee, 0xd7, 0xee, 0xd7, 0xee,
    0xf8, 0xee, 0xd7, 0xee, 0xd7, 0xee, 0xf8, 0xee, 0xf8, 0xee, 0xf8, 0xee, 0xf8, 0xee, 0xf8, 0xee,
    0xf8, 0xee, 0xf8, 0xee, 0xf8, 0xee, 0xf8, 0xee, 0xd7, 0xee, 0xd7, 0xee, 0xf8, 0xee, 0xf8, 0xee,
    0xf8, 0xee, 0xf8, 0xee, 0xf8, 0xee, 0xf8, 0xee, 0xf8, 0xee, 0xd7, 0xee, 0xd7, 0xee, 0xd7, 0xee,
    0xd7, 0xee, 0xd7, 0xee, 0xd7, 0xee, 0xd7, 0xee, 0xd7, 0xee, 0xd7, 0xee, 0xd7, 0xee, 0xd7, 0xee,
    0xd7, 0xee, 0xd7, 0xee, 0xd7, 0xee, 0xd7, 0xee, 0xd7, 0xee, 0xd7, 0xee, 0xd7, 0xee, 0xd7, 0xee,
    0xf8, 0xee, 0xf8, 0xee, 0xf8, 0xee, 0xf8, 0xee, 0xf8, 0xee, 0xf8, 0xee, 0xf8, 0xee, 0xf8, 0xee,
    0xf8, 0xee, 0xf8, 0xee, 0xf8, 0xee, 0xd7, 0xee, 0xf8, 0xee, 0xf8, 0xee, 0xf8, 0xee, 0xd7, 0xee,
    0xd7, 0xee, 0xd7, 0xee, 0xd7, 0xee, 0xd7, 0xee, 0xd7, 0xee, 0xf8, 0xee, 0xf8, 0xee, 0xd7, 0xee,
    0xd7, 0xee, 0xd7, 0xee, 0xd7, 0xee, 0xd7, 0xee, 0xd7, 0xee, 0xd7, 0xee, 0xf8, 0xee, 0xd7, 0xee,
    0xf8, 0xee, 0xd7, 0xee, 0xd7, 0xee, 0xd7, 0xee, 0xd7, 0xee, 0xd7, 0xee, 0xd7, 0xee, 0xd7, 0xee,
    0xd7, 0xee, 0xd7, 0xee, 0xd7, 0xee, 0xd7, 0xee, 0xb6, 0xee, 0xd7, 0xee, 0xf8, 0xee, 0xd7, 0xee,
    0xd7, 0xee, 0xd7, 0xee, 0xf8, 0xee, 0xf8, 0xee, 0xf8, 0xee, 0xf8, 0xee, 0xf8, 0xee, 0xf8, 0xee,
    0xf8, 0xee, 0xd7, 0xee, 0xd7, 0xee, 0xd7, 0xee, 0xd7, 0xee, 0xf8, 0xee, 0xf8, 0xee, 0xf8, 0xee,
    0xd7, 0xee, 0xd7, 0xee, 0xf8, 0xee, 0xf8, 0xee, 0xf8, 0xee, 0xf8, 0xee, 0xd7, 0xee, 0xd7, 0xee,
    0xd7, 0xee, 0xd7, 0xee, 0xd7, 0xee, 0xd7, 0xee, 0xd7, 0xee, 0xd7, 0xee, 0xd7, 0xee, 0xf8, 0xee,
    0xf8, 0xee, 0xd7, 0xee, 0xd7, 0xee, 0xd7, 0xee, 0xf8, 0xee, 0xf8, 0xee, 0xf8, 0xee, 0xf8, 0xee,
    0xf8, 0xee, 0xd7, 0xee, 0xd7, 0xee, 0xd7, 0xee, 0xd7, 0xee, 0xd7, 0xee, 0xf8, 0xee, 0xd7, 0xee,
    0xd7, 0xee, 0xd7, 0xee, 0xd7, 0xee, 0xf8, 0xee, 0xf8, 0xee, 0xd7, 0xee, 0xf8, 0xee, 0xd7, 0xee,
    0xf8, 0xee, 0xd7, 0xee, 0xd7, 0xee, 0xf8, 0xee, 0xd7, 0xee, 0xd7, 0xee, 0xd7, 0xee, 0xd7, 0xee,
    0xd7, 0xee, 0xd7, 0xee, 0xd7, 0xee, 0xd7, 0xee, 0xf8, 0xee, 0xf8, 0xee, 0xd7, 0xee, 0xd7, 0xee,
    0xd7, 0xee, 0xf8, 0xee, 0xf8, 0xee, 0xd7, 0xee, 0xf8, 0xee, 0xd7, 0xee, 0xd7, 0xee, 0xf8, 0xee,
    0xf8, 0xee, 0xf8, 0xee, 0xf8, 0xee, 0xd7, 0xee, 0xd7, 0xee, 0xd7, 0xee, 0xd7, 0xee, 0xf8, 0xee,
    0xd7, 0xee, 0xd7, 0xee, 0xd7, 0xee, 0xd7, 0xee, 0xf8, 0xee, 0xd7, 0xee, 0xf8, 0xee, 0xf8, 0xee,
    0xf8, 0xee, 0xf8, 0xee, 0xf8, 0xee, 0xf8, 0xee, 0xd7, 0xee, 0xd7, 0xee, 0xd7, 0xee, 0xf8, 0xee,
    0xf8, 0xee, 0xf8, 0xee, 0xf8, 0xee, 0xd7, 0xee, 0xf8, 0xee, 0xf8, 0xee, 0xf8, 0xee, 0xf8, 0xee,
    0xf8, 0xee, 0xf8, 0xee, 0xd7, 0xee, 0xd7, 0xee, 0xd7, 0xee, 0xf8, 0xee, 0xd7, 0xee, 0xd7, 0xee,
    0xd7, 0xee, 0xd7, 0xee, 0xd7, 0xee, 0xd7, 0xee, 0xf8, 0xee, 0xf8, 0xee, 0xf8, 0xee, 0xf8, 0xee,
    0xd7, 0xee, 0xf8, 0xee, 0xf8, 0xee, 0xd7, 0xee, 0xd7, 0xee, 0xf8, 0xee, 0xd7, 0xee, 0xd7, 0xee,
    0xf8, 0xee, 0xd7, 0xee, 0xd7, 0xee, 0xd7, 0xee, 0xd7, 0xee, 0xd7, 0xee, 0xd7, 0xee, 0xd7, 0xee,
    0xd7, 0xee, 0xd7, 0xee, 0xf8, 0xee, 0xd7, 0xee, 0xd7, 0xee, 0xf8, 0xee, 0xd7, 0xee, 0xd7, 0xee,
    0xd7, 0xee, 0xd7, 0xee, 0xd7, 0xee, 0xd7, 0xee, 0xf8, 0xee, 0xf8, 0xee, 0xf8, 0xee, 0xf8, 0xee,
    0xf8, 0xee, 0xd7, 0xee, 0xd7, 0xee, 0xd7, 0xee, 0xf8, 0xee, 0xf8, 0xee, 0xf8, 0xee, 0xf8, 0xee,
    0xf8, 0xee, 0xf8, 0xee, 0xf8, 0xee, 0xf8, 0xee, 0xf8, 0xee, 0xf8, 0xee, 0xf8, 0xee, 0xd7, 0xee,
    0xd7, 0xee, 0xd7, 0xee, 0xd7, 0xee, 0xd7, 0xee, 0xf8, 0xee, 0xd7, 0xee, 0xd7, 0xee, 0xf8, 0xee,
    0xd7, 0xee, 0xd7, 0xee, 0xd7, 0xee, 0xd7, 0xee, 0xd7, 0xee, 0xd7, 0xee, 0xd7, 0xee, 0xd7, 0xee,
    0xd7, 0xee, 0xf8, 0xee, 0xf8, 0xee, 0xd7, 0xee, 0xf8, 0xee, 0xd7, 0xee, 0xf8, 0xee, 0xd7, 0xee,
    0xd7, 0xee, 0xf8, 0xee, 0xf8, 0xee, 0xd7, 0xee, 0xd7, 0xee, 0xd7, 0xee, 0xd7, 0xee, 0xd7, 0xee,
    0xd7, 0xee, 0xd7, 0xee, 0xd7, 0xee, 0xd7, 0xee, 0xd7, 0xee, 0xd7, 0xee, 0xd7, 0xee, 0xd7, 0xee,
    0xd7, 0xee, 0xd7, 0xee, 0xd7, 0xee, 0xd7, 0xee, 0xd7, 0xee, 0xf8, 0xee, 0xf8, 0xee, 0xd7, 0xee,
    0xd7, 0xee, 0xd7, 0xee, 0xd7, 0xee, 0xd7, 0xee, 0xd7, 0xee, 0xd7, 0xee, 0xd7, 0xee, 0xd7, 0xee,
    0xd7, 0xee, 0xd7, 0xee, 0xd7, 0xee, 0xd7, 0xee, 0xd7, 0xee, 0xb6, 0xee, 0xd7, 0xee, 0xd7, 0xee,
    0xd7, 0xee, 0xd7, 0xee, 0xd7, 0xee, 0xd7, 0xee, 0xd7, 0xee, 0xd7, 0xee, 0xf8, 0xee, 0xf8, 0xee,
    0xf8, 0xee, 0xf8, 0xee, 0xd7, 0xee, 0xf8, 0xee, 0xd7, 0xee, 0xd7, 0xee, 0xf8, 0xee, 0xf8, 0xee,
    0xd7, 0xee, 0xd7, 0xee, 0xd7, 0xee, 0xf8, 0xee, 0xd7, 0xee, 0xd7, 0xee, 0xf8, 0xee, 0xd7, 0xee,
    0xd7, 0xee, 0xd7, 0xee, 0xd7, 0xee, 0xf8, 0xee, 0xf8, 0xee, 0xf8, 0xee, 0xd7, 0xee, 0xf8, 0xee,
    0xf8, 0xee, 0xd7, 0xee, 0xd7, 0xee, 0xd7, 0xee, 0xf8, 0xee, 0xd7, 0xee, 0xf8, 0xee, 0xf8, 0xee,
    0xf8, 0xee, 0xd7, 0xee, 0xd7, 0xee, 0xd7, 0xee, 0xd7, 0xee, 0xd7, 0xee, 0xd7, 0xee, 0xf8, 0xee,
    0xd7, 0xee, 0xd7, 0xee, 0xd7, 0xee, 0xf8, 0xee, 0xf8, 0xee, 0xf8, 0xee, 0xf8, 0xee, 0xf8, 0xee,
    0xf8, 0xee, 0xf8, 0xee, 0xd7, 0xee, 0xd7, 0xee, 0xd7, 0xee, 0xd7, 0xee, 0xd7, 0xee, 0xd7, 0xee,
    0xd7, 0xee, 0xd7, 0xee, 0xd7, 0xee, 0xd7, 0xee, 0xd7, 0xee, 0xf8, 0xee, 0xf8, 0xee, 0xd7, 0xee,
    0xf8, 0xee, 0xf8, 0xee, 0xf8, 0xee, 0xf8, 0xee, 0xf8, 0xee, 0xd7, 0xee, 0xd7, 0xee, 0xf8, 0xee,
    0xd7, 0xee, 0xd7, 0xee, 0xd7, 0xee, 0xd7, 0xee, 0xd7, 0xee, 0xd7, 0xee, 0xd7, 0xee, 0xd7, 0xee,
    0xd7, 0xee, 0xd7, 0xee, 0xd7, 0xee, 0xf8, 0xee, 0xd7, 0xee, 0xf8, 0xee, 0xf8, 0xee, 0xf8, 0xee,
    0xf8, 0xee, 0xf8, 0xee, 0xf8, 0xee, 0xf8, 0xee, 0xd7, 0xee, 0xd7, 0xee, 0xd7, 0xee, 0xd7, 0xee,
    0xf8, 0xee, 0xd7, 0xee, 0xd7, 0xee, 0xd7, 0xee, 0xd7, 0xee, 0xf8, 0xee, 0xf8, 0xee, 0xd7, 0xee,
    0xf8, 0xee, 0xf8, 0xee, 0xf8, 0xee, 0xd7, 0xee, 0xd7, 0xee, 0xd7, 0xee, 0xd7, 0xee, 0xd7, 0xee,
    0xf8, 0xee, 0xd7, 0xee, 0xd7, 0xee, 0xd7, 0xee, 0xd7, 0xee, 0xd7, 0xee, 0xd7, 0xee, 0xf8, 0xee,
    0xd7, 0xee, 0xf8, 0xee, 0xd7, 0xee, 0xf8, 0xee, 0xd7, 0xee, 0xd7, 0xee, 0xd7, 0xee, 0xd7, 0xee,
    0xd7, 0xee, 0xd7, 0xee, 0xd7, 0xee, 0xd7, 0xee, 0xd7, 0xee, 0xd7, 0xee, 0xd7, 0xee, 0xd7, 0xee,
    0xd7, 0xee, 0xd7, 0xee, 0xd7, 0xee, 0xd7, 0xee, 0xd7, 0xee, 0xf8, 0xee, 0xd7, 0xee, 0xd7, 0xee,
    0xf8, 0xee, 0xf8, 0xee, 0xd7, 0xee, 0xf8, 0xee, 0xf8, 0xee, 0xf8, 0xee, 0xf8, 0xee, 0xf8, 0xee,
    0xd7, 0xee, 0xd7, 0xee, 0xf8, 0xee, 0xf8, 0xee, 0xf8, 0xee, 0xf8, 0xee, 0xf8, 0xee, 0xf8, 0xee,
    0xf8, 0xee, 0xf8, 0xee, 0xf8, 0xee, 0xf8, 0xee, 0xf8, 0xee, 0xf8, 0xee, 0xf8, 0xee, 0xd7, 0xee,
    0xf8, 0xee, 0xd7, 0xee, 0xd7, 0xee, 0xd7, 0xee, 0xd7, 0xee, 0xd7, 0xee, 0xd7, 0xee, 0xd7, 0xee,
    0xd7, 0xee, 0xd7, 0xee, 0xd7, 0xee, 0xd7, 0xee, 0xf8, 0xee, 0xd7, 0xee, 0xf8, 0xee, 0xf8, 0xee,
    0xf8, 0xee, 0xd7, 0xee, 0xd7, 0xee, 0xd7, 0xee, 0xd7, 0xee, 0xd7, 0xee, 0xd7, 0xee, 0xb6, 0xe6,
    0xd7, 0xee, 0xd7, 0xee, 0xd7, 0xee, 0xd7, 0xee, 0xf8, 0xee, 0xd7, 0xee, 0xd7, 0xee, 0xd7, 0xee,
    0xd7, 0xee, 0xf8, 0xee, 0xf8, 0xee, 0xd7, 0xee, 0xd7, 0xee, 0xd7, 0xee, 0xd7, 0xee, 0xf8, 0xee,
    0xd7, 0xee, 0xd7, 0xee, 0xd7, 0xee, 0xd7, 0xee, 0xd7, 0xee, 0xd7, 0xee, 0xd7, 0xee, 0xf8, 0xee,
    0xf8, 0xee, 0xd7, 0xee, 0xd7, 0xee, 0xd7, 0xee, 0xd7, 0xee, 0xd7, 0xee, 0xf8, 0xee, 0xd7, 0xee,
    0xd7, 0xee, 0xf8, 0xee, 0xd7, 0xee, 0xd7, 0xee, 0xd7, 0xee, 0xd7, 0xee, 0xd7, 0xee, 0xd7, 0xee,
    0xd7, 0xee, 0xd7, 0xee, 0xf8, 0xee, 0xd7, 0xee, 0xd7, 0xee, 0xd7, 0xee, 0xf8, 0xee, 0xd7, 0xee,
    0xd7, 0xee, 0xf8, 0xee, 0xf8, 0xee, 0xf8, 0xee, 0xd7, 0xee, 0xb6, 0xe6, 0xf8, 0xee, 0xd7, 0xee,
    0xd7, 0xee, 0xd7, 0xee, 0xf8, 0xee, 0xf8, 0xee, 0xd7, 0xee, 0xf8, 0xee, 0xf8, 0xee, 0xd7, 0xee,
    0xf8, 0xee, 0xf8, 0xee, 0xf8, 0xee, 0xf8, 0xee, 0xf8, 0xee, 0xf8, 0xee, 0xf8, 0xee, 0xd7, 0xee,
    0xf8, 0xee, 0xd7, 0xee, 0xb6, 0xe6, 0xf8, 0xee, 0xd7, 0xee, 0xf8, 0xee, 0xf8, 0xee, 0xf8, 0xee,
    0xf8, 0xee, 0xf8, 0xee, 0xd7, 0xee, 0xd7, 0xee, 0xf8, 0xee, 0xd7, 0xee, 0xd7, 0xee, 0xd7, 0xee,
    0xf8, 0xee, 0xd7, 0xee, 0xd7, 0xee, 0xf8, 0xee, 0xf8, 0xee, 0xf8, 0xee, 0xf8, 0xee, 0xf8, 0xee,
    0xf8, 0xee, 0xf8, 0xee, 0xd7, 0xee, 0xd7, 0xee, 0xd7, 0xee, 0xd7, 0xee, 0xd7, 0xee, 0xd7, 0xee,
    0xd7, 0xee, 0xd7, 0xee, 0xd7, 0xee, 0xd7, 0xee, 0xd7, 0xee, 0xf8, 0xee, 0xd7, 0xee, 0xd7, 0xee,
    0xf8, 0xee, 0xd7, 0xee, 0xf8, 0xee, 0xd7, 0xee, 0xd7, 0xee, 0xd7, 0xee, 0xf8, 0xee, 0xf8, 0xee,
    0xd7, 0xee, 0xd7, 0xee, 0xd7, 0xee, 0xd7, 0xee, 0xd7, 0xee, 0xd7, 0xee, 0xd7, 0xee, 0xd7, 0xee,
    0xd7, 0xee, 0xd7, 0xee, 0xd7, 0xee, 0xd7, 0xee, 0xd7, 0xee, 0xd7, 0xee, 0xd7, 0xee, 0xf8, 0xee,
    0xd7, 0xee, 0xf8, 0xee, 0xf8, 0xee, 0xd7, 0xee, 0xd7, 0xee, 0xd7, 0xee, 0xd7, 0xee, 0xd7, 0xee,
    0xd7, 0xee, 0xd7, 0xee, 0xd7, 0xee, 0xf8, 0xee, 0xd7, 0xee, 0xd7, 0xee, 0xf8, 0xee, 0xd7, 0xee,
    0xd7, 0xee, 0xf8, 0xee, 0xf8, 0xee, 0xd7, 0xee, 0xd7, 0xee, 0xd7, 0xee, 0xf8, 0xee, 0xd7, 0xee,
    0xd7, 0xee, 0xd7, 0xee, 0xf8, 0xee, 0xd7, 0xee, 0xd7, 0xee, 0xd7, 0xee, 0xd7, 0xee, 0xd7, 0xee,
    0xf8, 0xee, 0xf8, 0xee, 0xd7, 0xee, 0xd7, 0xee, 0xd7, 0xee, 0xf8, 0xee, 0xd7, 0xee, 0xd7, 0xee,
    0xd7, 0xee, 0xd7, 0xee, 0xd7, 0xee, 0xd7, 0xee, 0xd7, 0xee, 0xd7, 0xee, 0xf8, 0xee, 0xf8, 0xee,
    0xd7, 0xee, 0xd7, 0xee, 0xd7, 0xee, 0xd7, 0xee, 0xf8, 0xee, 0xf8, 0xee, 0xd7, 0xee, 0xf8, 0xee,
    0xf8, 0xee, 0xf8, 0xee, 0xf8, 0xee, 0xf8, 0xee, 0xf8, 0xee, 0xf8, 0xee, 0xd7, 0xee, 0xd7, 0xee,
    0xf8, 0xee, 0xd7, 0xee, 0xf8, 0xee, 0xf8, 0xee, 0xf8, 0xee, 0xf8, 0xee, 0xf8, 0xee, 0xf8, 0xee,
    0xf8, 0xee, 0xf8, 0xee, 0xf8, 0xee, 0xf8, 0xee, 0xf8, 0xee, 0xf8, 0xee, 0xf8, 0xee, 0xd7, 0xee,
    0xf8, 0xee, 0xd7, 0xee, 0xd7, 0xee, 0xd7, 0xee, 0xb6, 0xe6, 0xd7, 0xee, 0xd7, 0xee, 0xd7, 0xee,
    0xd7, 0xee, 0xd7, 0xee, 0xd7, 0xee, 0xd7, 0xee, 0xd7, 0xee, 0xd7, 0xee, 0xd7, 0xee, 0xf8, 0xee,
    0xd7, 0xee, 0xb6, 0xe6, 0xb6, 0xee, 0xd7, 0xee, 0xd7, 0xee, 0xd7, 0xee, 0xd7, 0xee, 0xd7, 0xee,
    0xf8, 0xee, 0xd7, 0xee, 0xd7, 0xee, 0xb6, 0xe6, 0xd7, 0xee, 0xd7, 0xee, 0xf8, 0xee, 0xf8, 0xee,
    0xf8, 0xee, 0xd7, 0xee, 0xd7, 0xee, 0xd7, 0xee, 0xd7, 0xee, 0xd7, 0xee, 0xf8, 0xee, 0xf8, 0xee,
    0xd7, 0xee, 0xd7, 0xee, 0xd7, 0xee, 0xd7, 0xee, 0xf8, 0xee, 0xf8, 0xee, 0xd7, 0xee, 0xf8, 0xee,
    0xd7, 0xee, 0xd7, 0xee, 0xd7, 0xee, 0xd7, 0xee, 0xb6, 0xe6, 0xd7, 0xee, 0xd7, 0xee, 0xd7, 0xee,
    0xd7, 0xee, 0xf8, 0xee, 0xf8, 0xee, 0xd7, 0xee, 0xd7, 0xee, 0xd7, 0xee, 0xd7, 0xee, 0xd7, 0xee,
    0xd7, 0xee, 0xd7, 0xee, 0xd7, 0xee, 0xd7, 0xee, 0xd7, 0xee, 0xd7, 0xee, 0xd7, 0xee, 0xd7, 0xee,
    0xf8, 0xee, 0xf8, 0xee, 0xf8, 0xee, 0xd7, 0xee, 0xd7, 0xee, 0xd7, 0xee, 0xd7, 0xee, 0xd7, 0xee,
    0xd7, 0xee, 0xf8, 0xee, 0xd7, 0xee, 0xd7, 0xee, 0xd7, 0xee, 0xf8, 0xee, 0xf8, 0xee, 0xf8, 0xee,
    0xd7, 0xee, 0xf8, 0xee, 0xf8, 0xee, 0xf8, 0xee, 0xf8, 0xee, 0xf8, 0xee, 0xf8, 0xee, 0xd7, 0xee,
    0xd7, 0xee, 0xd7, 0xee, 0xd7, 0xee, 0xd7, 0xee, 0xd7, 0xee, 0xf8, 0xee, 0xd7, 0xee, 0xf8, 0xee,
    0xf8, 0xee, 0xf8, 0xee, 0xd7, 0xee, 0xd7, 0xee, 0xd7, 0xee, 0xd7, 0xee, 0xd7, 0xee, 0xf8, 0xee,
    0xd7, 0xee, 0xd7, 0xee, 0xd7, 0xee, 0xd7, 0xee, 0xf8, 0xee, 0xd7, 0xee, 0xd7, 0xee, 0xf8, 0xee,
    0xd7, 0xee, 0xd7, 0xee, 0xd7, 0xee, 0xd7, 0xee, 0xf8, 0xee, 0xd7, 0xee, 0xd7, 0xee, 0xf8, 0xee,
    0xd7, 0xee, 0xd7, 0xee, 0xf8, 0xee, 0xf8, 0xee, 0xd7, 0xee, 0xd7, 0xee, 0xf8, 0xee, 0xd7, 0xee,
    0xd7, 0xee, 0xd7, 0xee, 0xf8, 0xee, 0xd7, 0xee, 0xd7, 0xee, 0xd7, 0xee, 0xd7, 0xee, 0xd7, 0xee,
    0xd7, 0xee, 0xd7, 0xee, 0xd7, 0xee, 0xf8, 0xee, 0xd7, 0xee, 0xd7, 0xee, 0xd7, 0xee, 0xd7, 0xee,
    0xd7, 0xee, 0xf8, 0xee, 0xd7, 0xee, 0xd7, 0xee, 0xd7, 0xee, 0xd7, 0xee, 0xb6, 0xee, 0xd7, 0xee,
    0xd7, 0xee, 0xd7, 0xee, 0xf8, 0xee, 0xd7, 0xee, 0xd7, 0xee, 0xd7, 0xee, 0xd7, 0xee, 0xd7, 0xee,
    0xf8, 0xee, 0xd7, 0xee, 0xf8, 0xee, 0xf8, 0xee, 0xd7, 0xee, 0xd7, 0xee, 0xf8, 0xee, 0xd7, 0xee,
    0xf8, 0xee, 0xf8, 0xee, 0xd7, 0xee, 0xd7, 0xee, 0xd7, 0xee, 0xd7, 0xee, 0xf8, 0xee, 0xf8, 0xee,
    0xd7, 0xee, 0xf8, 0xee, 0xf8, 0xee, 0xf8, 0xee, 0xd7, 0xee, 0xd7, 0xee, 0xf8, 0xee, 0xd7, 0xee,
    0xd7, 0xee, 0xd7, 0xee, 0xf8, 0xee, 0xd7, 0xee, 0xf8, 0xee, 0xf8, 0xee, 0xf8, 0xee, 0xf8, 0xee,
    0xf8, 0xee, 0xd7, 0xee, 0xd7, 0xee, 0xf8, 0xee, 0xd7, 0xee, 0xd7, 0xee, 0xf8, 0xee, 0xf8, 0xee,
    0xd7, 0xee, 0xd7, 0xee, 0xd7, 0xee, 0xd7, 0xee, 0xd7, 0xee, 0xf8, 0xee, 0xd7, 0xee, 0xd7, 0xee,
    0xd7, 0xee, 0xf8, 0xee, 0xd7, 0xee, 0xf8, 0xee, 0xf8, 0xee, 0xf8, 0xee, 0xd7, 0xee, 0xf8, 0xee,
    0xf8, 0xee, 0xd7, 0xee, 0xd7, 0xee, 0xf8, 0xee, 0xf8, 0xee, 0xf8, 0xee, 0xf8, 0xee, 0xf8, 0xee,
    0xd7, 0xee, 0xf8, 0xee, 0xf8, 0xee, 0xf8, 0xee, 0xf8, 0xee, 0xf8, 0xee, 0xf8, 0xee, 0xd7, 0xee,
    0xd7, 0xee, 0xd7, 0xee, 0xd7, 0xee, 0xd7, 0xee, 0xd7, 0xee, 0xd7, 0xee, 0xd7, 0xee, 0xd7, 0xee,
    0xd7, 0xee, 0xd7, 0xee, 0xd7, 0xee, 0xd7, 0xee, 0xd7, 0xee, 0xd7, 0xee, 0xd7, 0xee, 0xd7, 0xee,
    0xd7, 0xee, 0xd7, 0xee, 0xd7, 0xee, 0xf8, 0xee, 0xf8, 0xee, 0xf8, 0xee, 0xf8, 0xee, 0xd7, 0xee,
    0xf8, 0xee, 0xd7, 0xee, 0xd7, 0xee, 0xd7, 0xee, 0xd7, 0xee, 0xd7, 0xee, 0xf8, 0xee, 0xf8, 0xee,
    0xf8, 0xee, 0xd7, 0xee, 0xd7, 0xee, 0xf8, 0xee, 0xd7, 0xee, 0xd7, 0xee, 0xf8, 0xee, 0xd7, 0xee,
    0xf8, 0xee, 0xd7, 0xee, 0xf8, 0xee, 0xf8, 0xee, 0xf8, 0xee, 0xd7, 0xee, 0xd7, 0xee, 0xd7, 0xee,
    0xd7, 0xee, 0xf8, 0xee, 0xf8, 0xee, 0xb6, 0xe6, 0xb6, 0xe6, 0xb6, 0xe6, 0xd7, 0xee, 0xd7, 0xee,
    0xd7, 0xee, 0xf8, 0xee, 0xf8, 0xee, 0xd7, 0xee, 0xd7, 0xee, 0xd7, 0xee, 0xd7, 0xee, 0xb6, 0xe6,
    0xb6, 0xe6, 0xf8, 0xee, 0xf8, 0xee, 0xd7, 0xee, 0xd7, 0xee, 0xd7, 0xee, 0xd7, 0xee, 0xf8, 0xee,
    0xf8, 0xee, 0xf8, 0xee, 0xf8, 0xee, 0xf8, 0xee, 0xd7, 0xee, 0xd7, 0xee, 0xd7, 0xee, 0xd7, 0xee,
    0xd7, 0xee, 0xd7, 0xee, 0xd7, 0xee, 0xf8, 0xee, 0xf8, 0xee, 0xf8, 0xee, 0xf8, 0xee, 0xf8, 0xee,
    0xf8, 0xee, 0xf8, 0xee, 0xf8, 0xee, 0xf8, 0xee, 0xf8, 0xee, 0xf8, 0xee, 0xf8, 0xee, 0xf8, 0xee,
    0xd7, 0xee, 0xd7, 0xee, 0xd7, 0xee, 0xf8, 0xee, 0xd7, 0xee, 0xf8, 0xee, 0xf8, 0xee, 0xf8, 0xee,
    0xf8, 0xee, 0xd7, 0xee, 0xd7, 0xee, 0xd7, 0xee, 0xd7, 0xee, 0xd7, 0xee, 0xd7, 0xee, 0xd7, 0xee,
    0xd7, 0xee, 0xd7, 0xee, 0xd7, 0xee, 0xf8, 0xee, 0xf8, 0xee, 0xd7, 0xee, 0xd7, 0xee, 0xd7, 0xee,
    0xd7, 0xee, 0xd7, 0xee, 0xd7, 0xee, 0xd7, 0xee, 0xf8, 0xee, 0xd7, 0xee, 0xd7, 0xee, 0xf8, 0xee,
    0xd7, 0xee, 0xd7, 0xee, 0xd7, 0xee, 0xf8, 0xee, 0xd7, 0xee, 0xd7, 0xee, 0xd7, 0xee, 0xd7, 0xee,
    0xd7, 0xee, 0xf8, 0xee, 0xf8, 0xee, 0xf8, 0xee, 0xd7, 0xee, 0xd7, 0xee, 0xd7, 0xee, 0xd7, 0xee,
    0xd7, 0xee, 0xd7, 0xee, 0xf8, 0xee, 0xf8, 0xee, 0xd7, 0xee, 0xd7, 0xee, 0xd7, 0xee, 0xd7, 0xee,
    0xd7, 0xee, 0xd7, 0xee, 0xd7, 0xee, 0xd7, 0xee, 0xd7, 0xee, 0xd7, 0xee, 0xd7, 0xee, 0xd7, 0xee,
    0x95, 0xe6, 0x74, 0xe6, 0x95, 0xe6, 0xd7, 0xee, 0xd7, 0xee, 0xd7, 0xee, 0xd7, 0xee, 0xd7, 0xee,
    0xd7, 0xee, 0xd7, 0xee, 0xd7, 0xee, 0xf8, 0xee, 0xd7, 0xee, 0xd7, 0xee, 0xf8, 0xee, 0xf8, 0xee,
    0xd7, 0xee, 0xd7, 0xee, 0xd7, 0xee, 0xd7, 0xee, 0xd7, 0xee, 0xd7, 0xee, 0xf8, 0xee, 0xf8, 0xee,
    0xf8, 0xee, 0xd7, 0xee, 0xf8, 0xee, 0xd7, 0xee, 0xd7, 0xee, 0xd7, 0xee, 0xd7, 0xee, 0xd7, 0xee,
    0xd7, 0xee, 0xd7, 0xee, 0xf8, 0xee, 0xf8, 0xee, 0xf8, 0xee, 0xf8, 0xee, 0xf8, 0xee, 0xd7, 0xee,
    0xd7, 0xee, 0xd7, 0xee, 0xd7, 0xee, 0xf8, 0xee, 0xd7, 0xee, 0xd7, 0xee, 0xf8, 0xee, 0xf8, 0xee,
    0xd7, 0xee, 0xd7, 0xee, 0xf8, 0xee, 0xf8, 0xee, 0xd7, 0xee, 0xd7, 0xee, 0xd7, 0xee, 0xf8, 0xee,
    0xd7, 0xee, 0xf8, 0xee, 0xf8, 0xee, 0xd7, 0xee, 0xd7, 0xee, 0xd7, 0xee, 0xd7, 0xee, 0xf8, 0xee,
    0xf8, 0xee, 0xd7, 0xee, 0xd7, 0xee, 0xd7, 0xee, 0xf8, 0xee, 0xf8, 0xee, 0xf8, 0xee, 0xf8, 0xee,
    0xf8, 0xee, 0xf8, 0xee, 0xf8, 0xee, 0xd7, 0xee, 0xf8, 0xee, 0xf8, 0xee, 0xf8, 0xee, 0xd7, 0xee,
    0xd7, 0xee, 0xd7, 0xee, 0xd7, 0xee, 0xd7, 0xee, 0xd7, 0xee, 0xd7, 0xee, 0xd7, 0xee, 0xb6, 0xe6,
    0x75, 0xe6, 0xd7, 0xee, 0xd7, 0xee, 0xd7, 0xee, 0xd7, 0xee, 0xd7, 0xee, 0xd7, 0xee, 0xf8, 0xee,
    0xd7, 0xee, 0xd7, 0xee, 0xd7, 0xee, 0xf8, 0xee, 0xf8, 0xee, 0xf8, 0xee, 0xf8, 0xee, 0xf8, 0xee,
    0xf8, 0xee, 0xf8, 0xee, 0xd7, 0xee, 0xd7, 0xee, 0xf8, 0xee, 0xd7, 0xee, 0xf8, 0xee, 0xf8, 0xee,
    0xd7, 0xee, 0xd7, 0xee, 0xf8, 0xee, 0xd7, 0xee, 0xf8, 0xee, 0xd7, 0xee, 0xd7, 0xee, 0xd7, 0xee,
    0xd7, 0xee, 0xf8, 0xee, 0xf8, 0xee, 0xd7, 0xee, 0xf8, 0xee, 0xd7, 0xee, 0xd7, 0xee, 0xf8, 0xee,
    0xf8, 0xee, 0xf8, 0xee, 0xd7, 0xee, 0xd7, 0xee, 0xd7, 0xee, 0xb6, 0xe6, 0xd7, 0xee, 0xd7, 0xee,
    0xd7, 0xee, 0xf8, 0xee, 0xf8, 0xee, 0xd7, 0xee, 0xd7, 0xee, 0xd7, 0xee, 0xd7, 0xee, 0xd7, 0xee,
    0xd7, 0xee, 0xd7, 0xee, 0xd7, 0xee, 0xd7, 0xee, 0xd7, 0xee, 0xd7, 0xee, 0xd7, 0xee, 0xf8, 0xee,
    0xf8, 0xee, 0xf8, 0xee, 0xf8, 0xee, 0xd7, 0xee, 0xd7, 0xee, 0xd7, 0xee, 0xf8, 0xee, 0xf8, 0xee,
    0xd7, 0xee, 0xd7, 0xee, 0xd7, 0xee, 0xd7, 0xee, 0xf8, 0xee, 0xf8, 0xee, 0xd7, 0xee, 0xf8, 0xee,
    0xf8, 0xee, 0xf8, 0xee, 0xf8, 0xee, 0xf8, 0xee, 0xf8, 0xee, 0xd7, 0xee, 0xd7, 0xee, 0xf8, 0xee,
    0xd7, 0xee, 0xd7, 0xee, 0xd7, 0xee, 0xf8, 0xee, 0xd7, 0xee, 0xd7, 0xee, 0xd7, 0xee, 0xd7, 0xee,
    0xd7, 0xee, 0xd7, 0xee, 0xd7, 0xee, 0xd7, 0xee, 0xd7, 0xee, 0xd7, 0xee, 0xd7, 0xee, 0xd7, 0xee,
    0xd7, 0xee, 0xd7, 0xee, 0xd7, 0xee, 0xd7, 0xee, 0xd7, 0xee, 0xd7, 0xee, 0xd7, 0xee, 0xd7, 0xee,
    0xd7, 0xee, 0xd7, 0xee, 0xd7, 0xee, 0xd7, 0xee, 0xd7, 0xee, 0xd7, 0xee, 0xd7, 0xee, 0xd7, 0xee,
    0xd7, 0xee, 0xd7, 0xee, 0xd7, 0xee, 0xf8, 0xee, 0xd7, 0xee, 0xd7, 0xee, 0xd7, 0xee, 0xd7, 0xee,
    0xd7, 0xee, 0xf8, 0xee, 0xd7, 0xee, 0xd7, 0xee, 0xd7, 0xee, 0xd7, 0xee, 0xd7, 0xee, 0xd7, 0xee,
    0xd7, 0xee, 0xd7, 0xee, 0xd7, 0xee, 0xf8, 0xee, 0xf8, 0xee, 0xd7, 0xee, 0xd7, 0xee, 0xd7, 0xee,
    0xd7, 0xee, 0xd7, 0xee, 0xd7, 0xee, 0xf8, 0xee, 0xd7, 0xee, 0xd7, 0xee, 0xd7, 0xee, 0xd7, 0xee,
    0x95, 0xe6, 0x74, 0xe6, 0x75, 0xe6, 0xd7, 0xee, 0xd7, 0xee, 0xd7, 0xee, 0xd7, 0xee, 0xf8, 0xee,
    0xf8, 0xee, 0xd7, 0xee, 0xd7, 0xee, 0xf8, 0xee, 0xd7, 0xee, 0xd7, 0xee, 0xd7, 0xee, 0xd7, 0xee,
    0xd7, 0xee, 0xd7, 0xee, 0xd7, 0xee, 0xd7, 0xee, 0xd7, 0xee, 0xd7, 0xee, 0xf8, 0xee, 0xd7, 0xee,
    0xd7, 0xee, 0xf8, 0xee, 0xf8, 0xee, 0xd7, 0xee, 0xd7, 0xee, 0xd7, 0xee, 0xd7, 0xee, 0xd7, 0xee,
    0xd7, 0xee, 0xd7, 0xee, 0xf8, 0xee, 0xd7, 0xee, 0xd7, 0xee, 0xd7, 0xee, 0xd7, 0xee, 0xf8, 0xee,
    0xd7, 0xee, 0xf8, 0xee, 0xd7, 0xee, 0xf8, 0xee, 0xd7, 0xee, 0xd7, 0xee, 0xf8, 0xee, 0xd7, 0xee,
    0xd7, 0xee, 0xd7, 0xee, 0xd7, 0xee, 0xf8, 0xee, 0xf8, 0xee, 0xd7, 0xee, 0xd7, 0xee, 0xf8, 0xee,
    0xd7, 0xee, 0xf8, 0xee, 0xd7, 0xee, 0xd7, 0xee, 0xf8, 0xee, 0xf8, 0xee, 0xf8, 0xee, 0xf8, 0xee,
    0xf8, 0xee, 0xd7, 0xee, 0xd7, 0xee, 0xd7, 0xee, 0xd7, 0xee, 0xd7, 0xee, 0xd7, 0xee, 0xf8, 0xee,
    0xf8, 0xee, 0xf8, 0xee, 0xf8, 0xee, 0xf8, 0xee, 0xd7, 0xee, 0xf8, 0xee, 0xf8, 0xee, 0xf8, 0xee,
    0xd7, 0xee, 0xf8, 0xee, 0xd7, 0xee, 0xd7, 0xee, 0xd7, 0xee, 0xd7, 0xee, 0xf8, 0xee, 0x95, 0xe6,
    0x95, 0xe6, 0xd7, 0xee, 0xd7, 0xee, 0xd7, 0xee, 0xd7, 0xee, 0xf8, 0xee, 0xd7, 0xee, 0xf8, 0xee,
    0xd7, 0xee, 0xf8, 0xee, 0xd7, 0xee, 0xf8, 0xee, 0xf8, 0xee, 0xf8, 0xee, 0xd7, 0xee, 0xd7, 0xee,
    0xd7, 0xee, 0xd7, 0xee, 0xd7, 0xee, 0xd7, 0xee, 0xf8, 0xee, 0xf8, 0xee, 0xf8, 0xee, 0xd7, 0xee,
    0xf8, 0xee, 0xf8, 0xee, 0xf8, 0xee, 0xd7, 0xee, 0xf8, 0xee, 0xf8, 0xee, 0xf8, 0xee, 0xf8, 0xee,
    0xd7, 0xee, 0xd7, 0xee, 0xf8, 0xee, 0xd7, 0xee, 0xd7, 0xee, 0xf8, 0xee, 0xd7, 0xee, 0xd7, 0xee,
    0xd7, 0xee, 0xd7, 0xee, 0xd7, 0xee, 0xf8, 0xee, 0xd7, 0xee, 0xd7, 0xee, 0xd7, 0xee, 0xb6, 0xe6,
    0xd7, 0xee, 0xf8, 0xee, 0xf8, 0xee, 0xf8, 0xee, 0xd7, 0xee, 0xd7, 0xee, 0xd7, 0xee, 0xd7, 0xee,
    0xd7, 0xee, 0xd7, 0xee, 0xb6, 0xe6, 0xd7, 0xee, 0xd7, 0xee, 0xd7, 0xee, 0xf8, 0xee, 0xd7, 0xee,
    0xf8, 0xee, 0xf8, 0xee, 0xd7, 0xee, 0xd7, 0xee, 0xd7, 0xee, 0xd7, 0xee, 0xd7, 0xee, 0xd7, 0xee,
    0xf8, 0xee, 0xf8, 0xee, 0xd7, 0xee, 0xd7, 0xee, 0xf8, 0xee, 0xf8, 0xee, 0xf8, 0xee, 0xd7, 0xee,
    0xf8, 0xee, 0xf8, 0xee, 0xd7, 0xee, 0xf8, 0xee, 0xf8, 0xee, 0xd7, 0xee, 0xd7, 0xee, 0xd7, 0xee,
    0xd7, 0xee, 0xd7, 0xee, 0xf8, 0xee, 0xf8, 0xee, 0xd7, 0xee, 0xd7, 0xee, 0xd7, 0xee, 0xd7, 0xee,
    0xd7, 0xee, 0xd7, 0xee, 0xd7, 0xee, 0xd7, 0xee, 0xd7, 0xee, 0xd7, 0xee, 0xd7, 0xee, 0xd7, 0xee,
    0xd7, 0xee, 0xd7, 0xee, 0xd7, 0xee, 0xd7, 0xee, 0xd7, 0xee, 0xd7, 0xee, 0xd7, 0xee, 0xd7, 0xee,
    0xd7, 0xee, 0xd7, 0xee, 0xd7, 0xee, 0xf8, 0xee, 0xd7, 0xee, 0xd7, 0xee, 0xd7, 0xee, 0xd7, 0xee,
    0xd7, 0xee, 0xd7, 0xee, 0xf8, 0xee, 0xf8, 0xee, 0xd7, 0xee, 0xd7, 0xee, 0xd7, 0xee, 0xd7, 0xee,
    0xd7, 0xee, 0xf8, 0xee, 0xd7, 0xee, 0xd7, 0xee, 0xd7, 0xee, 0xd7, 0xee, 0xd7, 0xee, 0xd7, 0xee,
    0xd7, 0xee, 0xb6, 0xe6, 0xd7, 0xee, 0xd7, 0xee, 0xf8, 0xee, 0xd7, 0xee, 0xd7, 0xee, 0xf8, 0xee,
    0xd7, 0xee, 0xd7, 0xee, 0xf8, 0xee, 0xf8, 0xee, 0xd7, 0xee, 0xd7, 0xee, 0xd7, 0xee, 0xd7, 0xee,
    0xd7, 0xee, 0x75, 0xe6, 0xb6, 0xe6, 0xd7, 0xee, 0xd7, 0xee, 0xd7, 0xee, 0xd7, 0xee, 0xf8, 0xee,
    0xf8, 0xee, 0xd7, 0xee, 0xd7, 0xee, 0xf8, 0xee, 0xd7, 0xee, 0xf8, 0xee, 0xd7, 0xee, 0xd7, 0xee,
    0xd7, 0xee, 0xd7, 0xee, 0xd7, 0xee, 0xd7, 0xee, 0xd7, 0xee, 0xf8, 0xee, 0xd7, 0xee, 0xd7, 0xee,
    0xd7, 0xee, 0xd7, 0xee, 0xd7, 0xee, 0xd7, 0xee, 0xd7, 0xee, 0xf8, 0xee, 0xf8, 0xee, 0xd7, 0xee,
    0xd7, 0xee, 0xd7, 0xee, 0xf8, 0xee, 0xf8, 0xee, 0xd7, 0xee, 0xd7, 0xee, 0xf8, 0xee, 0xf8, 0xee,
    0xd7, 0xee, 0xf8, 0xee, 0xf8, 0xee, 0xf8, 0xee, 0xf8, 0xee, 0xf8, 0xee, 0xf8, 0xee, 0xd7, 0xee,
    0xd7, 0xee, 0xf8, 0xee, 0xf8, 0xee, 0xf8, 0xee, 0xf8, 0xee, 0xd7, 0xee, 0xd7, 0xee, 0xf8, 0xee,
    0xd7, 0xee, 0xd7, 0xee, 0xd7, 0xee, 0xf8, 0xee, 0xf8, 0xee, 0xf8, 0xee, 0xf8, 0xee, 0xf8, 0xee,
    0xf8, 0xee, 0xf8, 0xee, 0xf8, 0xee, 0xd7, 0xee, 0xd7, 0xee, 0xd7, 0xee, 0xd7, 0xee, 0xd7, 0xee,
    0xf8, 0xee, 0xf8, 0xee, 0xf8, 0xee, 0xd7, 0xee, 0xd7, 0xee, 0xf8, 0xee, 0xd7, 0xee, 0xf8, 0xee,
    0xf8, 0xee, 0xd7, 0xee, 0xd7, 0xee, 0xd7, 0xee, 0xd7, 0xee, 0xf8, 0xee, 0xf8, 0xee, 0xf8, 0xee,
    0xd7, 0xee, 0xd7, 0xee, 0xd7, 0xee, 0xd7, 0xee, 0xd7, 0xee, 0xf8, 0xee, 0xd7, 0xee, 0xf8, 0xee,
    0xf8, 0xee, 0xf8, 0xee, 0xf8, 0xee, 0xd7, 0xee, 0xf8, 0xee, 0xf8, 0xee, 0xf8, 0xee, 0xd7, 0xee,
    0xd7, 0xee, 0xd7, 0xee, 0xd7, 0xee, 0xd7, 0xee, 0xf8, 0xee, 0xf8, 0xee, 0xf8, 0xee, 0xf8, 0xee,
    0xf8, 0xee, 0xd7, 0xee, 0xf8, 0xee, 0xf8, 0xee, 0xd7, 0xee, 0xd7, 0xee, 0xf8, 0xee, 0xd7, 0xee,
    0xd7, 0xee, 0xd7, 0xee, 0xd7, 0xee, 0xd7, 0xee, 0xd7, 0xee, 0xd7, 0xee, 0xd7, 0xee, 0xd7, 0xee,
    0xd7, 0xee, 0xf8, 0xee, 0xf8, 0xee, 0xf8, 0xee, 0xf8, 0xee, 0xd7, 0xee, 0xd7, 0xee, 0xd7, 0xee,
    0xd7, 0xee, 0xd7, 0xee, 0xf8, 0xee, 0xf8, 0xee, 0xd7, 0xee, 0xd7, 0xee, 0xf8, 0xee, 0xd7, 0xee,
    0xd7, 0xee, 0xf8, 0xee, 0xd7, 0xee, 0xd7, 0xee, 0xd7, 0xee, 0xd7, 0xee, 0xf8, 0xee, 0xf8, 0xee,
    0xd7, 0xee, 0xd7, 0xee, 0xd7, 0xee, 0xf8, 0xee, 0xd7, 0xee, 0xd7, 0xee, 0xf8, 0xee, 0xf8, 0xee,
    0xf8, 0xee, 0xf8, 0xee, 0xd7, 0xee, 0xd7, 0xee, 0xf8, 0xee, 0xf8, 0xee, 0xd7, 0xee, 0xd7, 0xee,
    0xf8, 0xee, 0xd7, 0xee, 0xd7, 0xee, 0xf8, 0xee, 0xd7, 0xee, 0xd7, 0xee, 0xd7, 0xee, 0xd7, 0xee,
    0xd7, 0xee, 0xf8, 0xee, 0xf8, 0xee, 0xf8, 0xee, 0xd7, 0xee, 0xd7, 0xee, 0xd7, 0xee, 0xd7, 0xee,
    0xf8, 0xee, 0xd7, 0xee, 0xd7, 0xee, 0xd7, 0xee, 0xd7, 0xee, 0xd7, 0xee, 0xd7, 0xee, 0xd7, 0xee,
    0xd7, 0xee, 0xd7, 0xee, 0xd7, 0xee, 0xd7, 0xee, 0xd7, 0xee, 0xd7, 0xee, 0xd7, 0xee, 0xd7, 0xee,
    0xd7, 0xee, 0xd7, 0xee, 0xd7, 0xee, 0xd7, 0xee, 0xf8, 0xee, 0xf8, 0xee, 0xf8, 0xee, 0xd7, 0xee,
    0xd7, 0xee, 0xd7, 0xee, 0xd7, 0xee, 0xd7, 0xee, 0xd7, 0xee, 0xd7, 0xee, 0xd7, 0xee, 0xf8, 0xee,
    0xd7, 0xee, 0xd7, 0xee, 0xd7, 0xee, 0xd7, 0xee, 0xd7, 0xee, 0xd7, 0xee, 0xd7, 0xee, 0xd7, 0xee,
    0xd7, 0xee, 0xd7, 0xee, 0xd7, 0xee, 0xd7, 0xee, 0xd7, 0xee, 0xd7, 0xee, 0xd7, 0xee, 0xd7, 0xee,
    0xd7, 0xee, 0xd7, 0xee, 0xd7, 0xee, 0xd7, 0xee, 0xd7, 0xee, 0xd7, 0xee, 0xd7, 0xee, 0xd7, 0xee,
    0xd7, 0xee, 0xb6, 0xe6, 0xd7, 0xee, 0xf8, 0xee, 0xd7, 0xee, 0xd7, 0xee, 0xd7, 0xee, 0xd7, 0xee,
    0xf8, 0xee, 0xd7, 0xee, 0xd7, 0xee, 0xd7, 0xee, 0xd7, 0xee, 0xf8, 0xee, 0xd7, 0xee, 0xd7, 0xee,
    0xd7, 0xee, 0xd7, 0xee, 0xd7, 0xee, 0xd7, 0xee, 0xd7, 0xee, 0xf8, 0xee, 0xd7, 0xee, 0xd7, 0xee,
    0xd7, 0xee, 0xd7, 0xee, 0xd7, 0xee, 0xd7, 0xee, 0xf8, 0xee, 0xd7, 0xee, 0xf8, 0xee, 0xf8, 0xee,
    0xf8, 0xee, 0xd7, 0xee, 0xf8, 0xee, 0xd7, 0xee, 0xd7, 0xee, 0xf8, 0xee, 0xf8, 0xee, 0xd7, 0xee,
    0xd7, 0xee, 0xd7, 0xee, 0xf8, 0xee, 0xf8, 0xee, 0xd7, 0xee, 0xf8, 0xee, 0xd7, 0xee, 0xd7, 0xee,
    0xf8, 0xee, 0xf8, 0xee, 0xd7, 0xee, 0xd7, 0xee, 0xf8, 0xee, 0xd7, 0xee, 0xf8, 0xee, 0xd7, 0xee,
    0xb6, 0xe6, 0xd7, 0xee, 0xf8, 0xee, 0xf8, 0xee, 0xf8, 0xee, 0xf8, 0xee, 0xf8, 0xee, 0xf8, 0xee,
    0xf8, 0xee, 0xf8, 0xee, 0xf8, 0xee, 0xd7, 0xee, 0xd7, 0xee, 0xd7, 0xee, 0xd7, 0xee, 0xd7, 0xee,
    0xf8, 0xee, 0xf8, 0xee, 0xd7, 0xee, 0xd7, 0xee, 0xf8, 0xee, 0xd7, 0xee, 0xd7, 0xee, 0xd7, 0xee,
    0xf8, 0xee, 0xf8, 0xee, 0xf8, 0xee, 0xf8, 0xee, 0xf8, 0xee, 0xf8, 0xee, 0xf8, 0xee, 0xf8, 0xee,
    0xd7, 0xee, 0xf8, 0xee, 0xd7, 0xee, 0xd7, 0xee, 0xd7, 0xee, 0xd7, 0xee, 0xd7, 0xee, 0xf8, 0xee,
    0xf8, 0xee, 0xf8, 0xee, 0xd7, 0xee, 0xd7, 0xee, 0xd7, 0xee, 0xf8, 0xee, 0xf8, 0xee, 0xf8, 0xee,
    0xf8, 0xee, 0xd7, 0xee, 0xd7, 0xee, 0xf8, 0xee, 0xf8, 0xee, 0xf8, 0xee, 0xd7, 0xee, 0xf8, 0xee,
    0xf8, 0xee, 0xd7, 0xee, 0xf8, 0xee, 0xf8, 0xee, 0xd7, 0xee, 0xd7, 0xee, 0xf8, 0xee, 0xf8, 0xee,
    0xd7, 0xee, 0xd7, 0xee, 0xd7, 0xee, 0xd7, 0xee, 0xd7, 0xee, 0xd7, 0xee, 0xd7, 0xee, 0xd7, 0xee,
    0xd7, 0xee, 0xf8, 0xee, 0xf8, 0xee, 0xf8, 0xee, 0xf8, 0xee, 0xf8, 0xee, 0xd7, 0xee, 0xf8, 0xee,
    0xb6, 0xe6, 0xd7, 0xee, 0xd7, 0xee, 0xd7, 0xee, 0xd7, 0xee, 0xd7, 0xee, 0xd7, 0xee, 0xd7, 0xee,
    0xd7, 0xee, 0xd7, 0xee, 0xf8, 0xee, 0xf8, 0xee, 0xd7, 0xee, 0xd7, 0xee, 0xd7, 0xee, 0xf8, 0xee,
    0xd7, 0xee, 0xd7, 0xee, 0xd7, 0xee, 0xd7, 0xee, 0xf8, 0xee, 0xf8, 0xee, 0xf8, 0xee, 0xf8, 0xee,
    0xf8, 0xee, 0xd7, 0xee, 0xd7, 0xee, 0xf8, 0xee, 0xd7, 0xee, 0xd7, 0xee, 0xd7, 0xee, 0xd7, 0xee,
    0xd7, 0xee, 0xd7, 0xee, 0xf8, 0xee, 0xf8, 0xee, 0xf8, 0xee, 0xd7, 0xee, 0xd7, 0xee, 0xd7, 0xee,
    0xf8, 0xee, 0xf8, 0xee, 0xf8, 0xee, 0xf8, 0xee, 0xf8, 0xee, 0xd7, 0xee, 0xd7, 0xee, 0xf8, 0xee,
    0xf8, 0xee, 0xd7, 0xee, 0xd7, 0xee, 0xd7, 0xee, 0xd7, 0xee, 0xd7, 0xee, 0xd7, 0xee, 0xd7, 0xee,
    0xd7, 0xee, 0xd7, 0xee, 0xd7, 0xee, 0xd7, 0xee, 0xd7, 0xee, 0xd7, 0xee, 0xd7, 0xee, 0xd7, 0xee,
    0xd7, 0xee, 0xd7, 0xee, 0xd7, 0xee, 0xf8, 0xee, 0xf8, 0xee, 0xf8, 0xee, 0xf8, 0xee, 0xf8, 0xee,
    0xf8, 0xee, 0xd7, 0xee, 0xd7, 0xee, 0xd7, 0xee, 0xd7, 0xee, 0xd7, 0xee, 0xd7, 0xee, 0xd7, 0xee,
    0xd7, 0xee, 0xd7, 0xee, 0xd7, 0xee, 0xd7, 0xee, 0xd7, 0xee, 0xd7, 0xee, 0xd7, 0xee, 0xd7, 0xee,
    0xd7, 0xee, 0xd7, 0xee, 0xf8, 0xee, 0xd7, 0xee, 0xf8, 0xee, 0xf8, 0xee, 0xd7, 0xee, 0xd7, 0xee,
    0xd7, 0xee, 0xd7, 0xee, 0xd7, 0xee, 0xd7, 0xee, 0xd7, 0xee, 0xd7, 0xee, 0xd7, 0xee, 0xd7, 0xee,
    0xd7, 0xee, 0xd7, 0xee, 0xd7, 0xee, 0xd7, 0xee, 0xd7, 0xee, 0xd7, 0xee, 0xd7, 0xee, 0xf8, 0xee,
    0xd7, 0xee, 0xd7, 0xee, 0xd7, 0xee, 0xd7, 0xee, 0xd7, 0xee, 0xf8, 0xee, 0xd7, 0xee, 0xd7, 0xee,
    0xd7, 0xee, 0xd7, 0xee, 0xd7, 0xee, 0xd7, 0xee, 0xd7, 0xee, 0xd7, 0xee, 0xd7, 0xee, 0xd7, 0xee,
    0xd7, 0xee, 0xd7, 0xee, 0xd7, 0xee, 0xd7, 0xee, 0xd7, 0xee, 0xf8, 0xee, 0xd7, 0xee, 0xd7, 0xee,
    0xd7, 0xee, 0xd7, 0xee, 0xd7, 0xee, 0xf8, 0xee, 0xd7, 0xee, 0xd7, 0xee, 0xf8, 0xee, 0xd7, 0xee,
    0xf8, 0xee, 0xd7, 0xee, 0xf8, 0xee, 0xf8, 0xee, 0xd7, 0xee, 0xd7, 0xee, 0xd7, 0xee, 0xd7, 0xee,
    0xd7, 0xee, 0xd7, 0xee, 0xf8, 0xee, 0xd7, 0xee, 0xf8, 0xee, 0xd7, 0xee, 0xd7, 0xee, 0xd7, 0xee,
    0xf8, 0xee, 0xf8, 0xee, 0xf8, 0xee, 0xf8, 0xee, 0xd7, 0xee, 0xf8, 0xee, 0xd7, 0xee, 0xf8, 0xee,
    0xf8, 0xee, 0xf8, 0xee, 0xf8, 0xee, 0xf8, 0xee, 0xd7, 0xee, 0xf8, 0xee, 0xd7, 0xee, 0xd7, 0xee,
    0xd7, 0xee, 0xf8, 0xee, 0xd7, 0xee, 0xf8, 0xee, 0xf8, 0xee, 0xf8, 0xee, 0xf8, 0xee, 0xf8, 0xee,
    0xd7, 0xee, 0xd7, 0xee, 0xd7, 0xee, 0xd7, 0xee, 0xf8, 0xee, 0xf8, 0xee, 0xd7, 0xee, 0xd7, 0xee,
    0xd7, 0xee, 0xd7, 0xee, 0xd7, 0xee, 0xd7, 0xee, 0xd7, 0xee, 0xd7, 0xee, 0xf8, 0xee, 0xd7, 0xee,
    0xd7, 0xee, 0xd7, 0xee, 0xd7, 0xee, 0xd7, 0xee, 0xd7, 0xee, 0xd7, 0xee, 0xf8, 0xee, 0xd7, 0xee,
    0xf8, 0xee, 0xf8, 0xee, 0xf8, 0xee, 0xd7, 0xee, 0xf8, 0xee, 0xf8, 0xee, 0xd7, 0xee, 0xd7, 0xee,
    0xf8, 0xee, 0xf8, 0xee, 0xd7, 0xee, 0xd7, 0xee, 0xf8, 0xee, 0xf8, 0xee, 0xf8, 0xee, 0xf8, 0xee,
    0xd7, 0xee, 0xd7, 0xee, 0xd7, 0xee, 0xd7, 0xee, 0xf8, 0xee, 0xf8, 0xee, 0xd7, 0xee, 0xd7, 0xee,
    0xf8, 0xee, 0xd7, 0xee, 0xd7, 0xee, 0xd7, 0xee, 0xd7, 0xee, 0xf8, 0xee, 0xf8, 0xee, 0xd7, 0xee,
    0xd7, 0xee, 0xd7, 0xee, 0xd7, 0xee, 0xd7, 0xee, 0xf8, 0xee, 0xd7, 0xee, 0xd7, 0xee, 0xd7, 0xee,
    0xd7, 0xee, 0xd7, 0xee, 0xf8, 0xee, 0xd7, 0xee, 0xd7, 0xee, 0xd7, 0xee, 0xd7, 0xee, 0xd7, 0xee,
    0xd7, 0xee, 0xd7, 0xee, 0xd7, 0xee, 0xf8, 0xee, 0xf8, 0xee, 0xd7, 0xee, 0xf8, 0xee, 0xf8, 0xee,
    0xd7, 0xee, 0xd7, 0xee, 0xd7, 0xee, 0xd7, 0xee, 0xf8, 0xee, 0xd7, 0xee, 0xd7, 0xee, 0xd7, 0xee,
    0xf8, 0xee, 0xd7, 0xee, 0xd7, 0xee, 0xf8, 0xee, 0xf8, 0xee, 0xd7, 0xee, 0xd7, 0xee, 0xf8, 0xee,
    0xd7, 0xee, 0xf8, 0xee, 0xf8, 0xee, 0xf8, 0xee, 0xf8, 0xee, 0xf8, 0xee, 0xf8, 0xee, 0xf8, 0xee,
    0xf8, 0xee, 0xd7, 0xee, 0xd7, 0xee, 0xd7, 0xee, 0xd7, 0xee, 0xd7, 0xee, 0xd7, 0xee, 0xd7, 0xee,
    0xd7, 0xee, 0xd7, 0xee, 0xd7, 0xee, 0xd7, 0xee, 0xd7, 0xee, 0xf8, 0xee, 0xf8, 0xee, 0xd7, 0xee,
    0xf8, 0xee, 0xd7, 0xee, 0xd7, 0xee, 0xd7, 0xee, 0xf8, 0xee, 0xd7, 0xee, 0xd7, 0xee, 0xf8, 0xee,
    0xf8, 0xee, 0xd7, 0xee, 0xd7, 0xee, 0xd7, 0xee, 0xd7, 0xee, 0xd7, 0xee, 0xd7, 0xee, 0xf8, 0xee,
    0xd7, 0xee, 0xd7, 0xee, 0xd7, 0xee, 0xf8, 0xee, 0xd7, 0xee, 0xd7, 0xee, 0xd7, 0xee, 0xf8, 0xee,
    0xd7, 0xee, 0xd7, 0xee, 0xf8, 0xee, 0xf8, 0xee, 0xd7, 0xee, 0xd7, 0xee, 0xd7, 0xee, 0xf8, 0xee,
    0xf8, 0xee, 0xd7, 0xee, 0xd7, 0xee, 0xd7, 0xee, 0xd7, 0xee, 0xd7, 0xee, 0xd7, 0xee, 0xd7, 0xee,
    0xd7, 0xee, 0xd7, 0xee, 0xd7, 0xee, 0xd7, 0xee, 0xf8, 0xee, 0xd7, 0xee, 0xd7, 0xee, 0xd7, 0xee,
    0xd7, 0xee, 0xd7, 0xee, 0xd7, 0xee, 0xd7, 0xee, 0xf8, 0xee, 0xf8, 0xee, 0xf8, 0xee, 0xd7, 0xee,
    0xd7, 0xee, 0xf8, 0xee, 0xd7, 0xee, 0xd7, 0xee, 0xd7, 0xee, 0xd7, 0xee, 0xd7, 0xee, 0xf8, 0xee,
    0xd7, 0xee, 0xd7, 0xee, 0xd7, 0xee, 0xd7, 0xee, 0xf8, 0xee, 0xf8, 0xee, 0xf8, 0xee, 0xd7, 0xee,
    0xd7, 0xee, 0xf8, 0xee, 0xf8, 0xee, 0xd7, 0xee, 0xd7, 0xee, 0xd7, 0xee, 0xd7, 0xee, 0xd7, 0xee,
    0xf8, 0xee, 0xf8, 0xee, 0xf8, 0xee, 0xd7, 0xee, 0xf8, 0xee, 0xd7, 0xee, 0xd7, 0xee, 0xd7, 0xee,
    0xd7, 0xee, 0xd7, 0xee, 0xf8, 0xee, 0xf8, 0xee, 0xb6, 0xee, 0xb6, 0xe6, 0xd7, 0xee, 0xf8, 0xee,
    0xf8, 0xee, 0xf8, 0xee, 0xf8, 0xee, 0xf8, 0xee, 0xf8, 0xee, 0xf8, 0xee, 0xd7, 0xee, 0xd7, 0xee,
    0xd7, 0xee, 0xf8, 0xee, 0xf8, 0xee, 0xf8, 0xee, 0xf8, 0xee, 0xf8, 0xee, 0xd7, 0xee, 0xd7, 0xee,
    0xd7, 0xee, 0xd7, 0xee, 0xd7, 0xee, 0xf8, 0xee, 0xf8, 0xee, 0xf8, 0xee, 0xf8, 0xee, 0xf8, 0xee,
    0xd7, 0xee, 0xd7, 0xee, 0xd7, 0xee, 0xd7, 0xee, 0xd7, 0xee, 0xd7, 0xee, 0xf8, 0xee, 0xd7, 0xee,
    0xd7, 0xee, 0xd7, 0xee, 0xd7, 0xee, 0xf8, 0xee, 0xf8, 0xee, 0xf8, 0xee, 0xf8, 0xee, 0xd7, 0xee,
    0xd7, 0xee, 0xd7, 0xee, 0xd7, 0xee, 0xf8, 0xee, 0xd7, 0xee, 0xd7, 0xee, 0xd7, 0xee, 0xd7, 0xee,
    0xd7, 0xee, 0xf8, 0xee, 0xd7, 0xee, 0xd7, 0xee, 0xf8, 0xee, 0xd7, 0xee, 0xf8, 0xee, 0xd7, 0xee,
    0xd7, 0xee, 0xd7, 0xee, 0xd7, 0xee, 0xd7, 0xee, 0xf8, 0xee, 0xf8, 0xee, 0xf8, 0xee, 0xf8, 0xee,
    0xd7, 0xee, 0xd7, 0xee, 0xf8, 0xee, 0xf8, 0xee, 0xf8, 0xee, 0xd7, 0xee, 0xd7, 0xee, 0xd7, 0xee,
    0xf8, 0xee, 0xf8, 0xee, 0xd7, 0xee, 0xd7, 0xee, 0xf8, 0xee, 0xf8, 0xee, 0xf8, 0xee, 0xd7, 0xee,
    0xd7, 0xee, 0xd7, 0xee, 0xd7, 0xee, 0xd7, 0xee, 0xf8, 0xee, 0xd7, 0xee, 0xd7, 0xee, 0xd7, 0xee,
    0xd7, 0xee, 0xd7, 0xee, 0xf8, 0xee, 0xd7, 0xee, 0xd7, 0xee, 0xd7, 0xee, 0xd7, 0xee, 0xd7, 0xee,
    0xd7, 0xee, 0xf8, 0xee, 0xf8, 0xee, 0xf8, 0xee, 0xf8, 0xee, 0xf8, 0xee, 0xf8, 0xee, 0xd7, 0xee,
    0xf8, 0xee, 0xd7, 0xee, 0xd7, 0xee, 0xd7, 0xee, 0xd7, 0xee, 0xd7, 0xee, 0xf8, 0xee, 0xd7, 0xee,
    0xd7, 0xee, 0xd7, 0xee, 0xd7, 0xee, 0xd7, 0xee, 0xd7, 0xee, 0xd7, 0xee, 0xd7, 0xee, 0xf8, 0xee,
    0xd7, 0xee, 0xf8, 0xee, 0xf8, 0xee, 0xd7, 0xee, 0xf8, 0xee, 0xf8, 0xee, 0xf8, 0xee, 0xf8, 0xee,
    0xf8, 0xee, 0xd7, 0xee, 0xd7, 0xee, 0xd7, 0xee, 0xd7, 0xee, 0xd7, 0xee, 0xd7, 0xee, 0xf8, 0xee,
    0xd7, 0xee, 0xd7, 0xee, 0xf8, 0xee, 0xd7, 0xee, 0xb6, 0xe6, 0xd7, 0xee, 0xd7, 0xee, 0xf8, 0xee,
    0xf8, 0xee, 0xd7, 0xee, 0xd7, 0xee, 0xd7, 0xee, 0xd7, 0xee, 0xd7, 0xee, 0xd7, 0xee, 0xd7, 0xee,
    0xf8, 0xee, 0xf8, 0xee, 0xd7, 0xee, 0xd7, 0xee, 0xd7, 0xee, 0xd7, 0xee, 0xf8, 0xee, 0xd7, 0xee,
    0xd7, 0xee, 0xb6, 0xe6, 0xd7, 0xee, 0xf8, 0xee, 0xd7, 0xee, 0xd7, 0xee, 0xf8, 0xee, 0xd7, 0xee,
    0xd7, 0xee, 0xd7, 0xee, 0xd7, 0xee, 0xd7, 0xee, 0xd7, 0xee, 0xd7, 0xee, 0xd7, 0xee, 0xd7, 0xee,
    0xd7, 0xee, 0xd7, 0xee, 0xd7, 0xee, 0xd7, 0xee, 0xf8, 0xee, 0xf8, 0xee, 0xd7, 0xee, 0xd7, 0xee,
    0xd7, 0xee, 0xd7, 0xee, 0xb6, 0xe6, 0xf8, 0xee, 0xf8, 0xee, 0xd7, 0xee, 0xd7, 0xee, 0xd7, 0xee,
    0xd7, 0xee, 0xd7, 0xee, 0xd7, 0xee, 0xd7, 0xee, 0xf8, 0xee, 0xd7, 0xee, 0xd7, 0xee, 0xd7, 0xee,
    0xd7, 0xee, 0xd7, 0xee, 0xd7, 0xee, 0xd7, 0xee, 0xd7, 0xee, 0xd7, 0xee, 0xd7, 0xee, 0xd7, 0xee,
    0xf8, 0xee, 0xd7, 0xee, 0xd7, 0xee, 0xd7, 0xee, 0xf8, 0xee, 0xf8, 0xee, 0xd7, 0xee, 0xf8, 0xee,
    0xd7, 0xee, 0xd7, 0xee, 0xd7, 0xee, 0xf8, 0xee, 0xf8, 0xee, 0xf8, 0xee, 0xf8, 0xee, 0xf8, 0xee,
    0xd7, 0xee, 0xd7, 0xee, 0xf8, 0xee, 0xf8, 0xee, 0xf8, 0xee, 0xf8, 0xee, 0xf8, 0xee, 0xd7, 0xee,
    0xd7, 0xee, 0xd7, 0xee, 0xd7, 0xee, 0xb6, 0xee, 0xb6, 0xe6, 0xd7, 0xee, 0xd7, 0xee, 0xd7, 0xee,
    0xd7, 0xee, 0xf8, 0xee, 0xf8, 0xee, 0xd7, 0xee, 0xf8, 0xee, 0xd7, 0xee, 0xd7, 0xee, 0xd7, 0xee,
    0xd7, 0xee, 0xd7, 0xee, 0xf8, 0xee, 0xf8, 0xee, 0xd7, 0xee, 0xd7, 0xee, 0xd7, 0xee, 0xd7, 0xee,
    0xd7, 0xee, 0xd7, 0xee, 0xd7, 0xee, 0xf8, 0xee, 0xf8, 0xee, 0xf8, 0xee, 0xf8, 0xee, 0xf8, 0xee,
    0xd7, 0xee, 0xd7, 0xee, 0xd7, 0xee, 0xd7, 0xee, 0xd7, 0xee, 0xf8, 0xee, 0xf8, 0xee, 0xf8, 0xee,
    0xf8, 0xee, 0xd7, 0xee, 0xd7, 0xee, 0xf8, 0xee, 0xf8, 0xee, 0xf8, 0xee, 0xf8, 0xee, 0xf8, 0xee,
    0xf8, 0xee, 0xd7, 0xee, 0xd7, 0xee, 0xd7, 0xee, 0xd7, 0xee, 0xf8, 0xee, 0xf8, 0xee, 0xd7, 0xee,
    0xd7, 0xee, 0xf8, 0xee, 0xd7, 0xee, 0xd7, 0xee, 0xf8, 0xee, 0xf8, 0xee, 0xd7, 0xee, 0xf8, 0xee,
    0xf8, 0xee, 0xf8, 0xee, 0xf8, 0xee, 0xf8, 0xee, 0xd7, 0xee, 0xf8, 0xee, 0xf8, 0xee, 0xf8, 0xee,
    0xd7, 0xee, 0xf8, 0xee, 0xf8, 0xee, 0xf8, 0xee, 0xb6, 0xe6, 0x95, 0xe6, 0xd7, 0xee, 0xd7, 0xee,
    0xd7, 0xee, 0xf8, 0xee, 0xf8, 0xee, 0xf8, 0xee, 0xf8, 0xee, 0xf8, 0xee, 0xf8, 0xee, 0xf8, 0xee,
    0xd7, 0xee, 0xf8, 0xee, 0xd7, 0xee, 0xb6, 0xe6, 0xd7, 0xee, 0xf8, 0xee, 0xd7, 0xee, 0xd7, 0xee,
    0xd7, 0xee, 0xd7, 0xee, 0xd7, 0xee, 0xd7, 0xee, 0xb6, 0xee, 0xd7, 0xee, 0xf8, 0xee, 0xd7, 0xee,
    0xd7, 0xee, 0xd7, 0xee, 0xf8, 0xee, 0xd7, 0xee, 0xd7, 0xee, 0xf8, 0xee, 0xf8, 0xee, 0xd7, 0xee,
    0xd7, 0xee, 0xd7, 0xee, 0xf8, 0xee, 0xd7, 0xee, 0xd7, 0xee, 0xf8, 0xee, 0xf8, 0xee, 0xd7, 0xee,
    0xf8, 0xee, 0xd7, 0xee, 0xd7, 0xee, 0xd7, 0xee, 0xd7, 0xee, 0xd7, 0xee, 0xf8, 0xee, 0xf8, 0xee,
    0xf8, 0xee, 0xf8, 0xee, 0xd7, 0xee, 0xd7, 0xee, 0xf8, 0xee, 0xf8, 0xee, 0xf8, 0xee, 0xf8, 0xee,
    0xd7, 0xee, 0xd7, 0xee, 0xd7, 0xee, 0xd7, 0xee, 0xf8, 0xee, 0xd7, 0xee, 0xf8, 0xee, 0xf8, 0xee,
    0xd7, 0xee, 0xf8, 0xee, 0xf8, 0xee, 0xd7, 0xee, 0xb6, 0xe6, 0xd7, 0xee, 0xd7, 0xee, 0xd7, 0xee,
    0xd7, 0xee, 0xd7, 0xee, 0xd7, 0xee, 0xd7, 0xee, 0xd7, 0xee, 0xd7, 0xee, 0xd7, 0xee, 0xf8, 0xee,
    0xf8, 0xee, 0xf8, 0xee, 0xd7, 0xee, 0xd7, 0xee, 0xd7, 0xee, 0xd7, 0xee, 0xd7, 0xee, 0xd7, 0xee,
    0xd7, 0xee, 0xd7, 0xee, 0xd7, 0xee, 0xf8, 0xee, 0xf8, 0xee, 0xf8, 0xee, 0xf8, 0xee, 0xd7, 0xee,
    0xf8, 0xee, 0xd7, 0xee, 0xd7, 0xee, 0xd7, 0xee, 0xd7, 0xee, 0xd7, 0xee, 0xd7, 0xee, 0xf8, 0xee,
    0xd7, 0xee, 0xd7, 0xee, 0xd7, 0xee, 0xd7, 0xee, 0xf8, 0xee, 0xd7, 0xee, 0xd7, 0xee, 0xd7, 0xee,
    0xd7, 0xee, 0xd7, 0xee, 0xb6, 0xe6, 0xf8, 0xee, 0xd7, 0xee, 0xd7, 0xee, 0xd7, 0xee, 0xd7, 0xee,
    0xd7, 0xee, 0xd7, 0xee, 0xf8, 0xee, 0xd7, 0xee, 0xf8, 0xee, 0xd7, 0xee, 0xd7, 0xee, 0xd7, 0xee,
    0xd7, 0xee, 0xd7, 0xee, 0xd7, 0xee, 0xd7, 0xee, 0xd7, 0xee, 0xf8, 0xee, 0xf8, 0xee, 0xd7, 0xee,
    0xd7, 0xee, 0xf8, 0xee, 0xd7, 0xee, 0xd7, 0xee, 0xd7, 0xee, 0xd7, 0xee, 0xf8, 0xee, 0xf8, 0xee,
    0xf8, 0xee, 0xd7, 0xee, 0xd7, 0xee, 0xf8, 0xee, 0xf8, 0xee, 0xf8, 0xee, 0xf8, 0xee, 0xf8, 0xee,
    0xd7, 0xee, 0xd7, 0xee, 0xf8, 0xee, 0xf8, 0xee, 0xf8, 0xee, 0xd7, 0xee, 0xf8, 0xee, 0xf8, 0xee,
    0xd7, 0xee, 0xb6, 0xee, 0xd7, 0xee, 0xd7, 0xee, 0xf8, 0xee, 0xd7, 0xee, 0xd7, 0xee, 0xd7, 0xee,
    0xd7, 0xee, 0xd7, 0xee, 0xd7, 0xee, 0xf8, 0xee, 0xd7, 0xee, 0xf8, 0xee, 0xd7, 0xee, 0xd7, 0xee,
    0xf8, 0xee, 0xd7, 0xee, 0xd7, 0xee, 0xd7, 0xee, 0xd7, 0xee, 0xd7, 0xee, 0xd7, 0xee, 0xd7, 0xee,
    0xd7, 0xee, 0xf8, 0xee, 0xd7, 0xee, 0xd7, 0xee, 0xf8, 0xee, 0xf8, 0xee, 0xf8, 0xee, 0xf8, 0xee,
    0xf8, 0xee, 0xd7, 0xee, 0xd7, 0xee, 0xd7, 0xee, 0xf8, 0xee, 0xf8, 0xee, 0xf8, 0xee, 0xf8, 0xee,
    0xf8, 0xee, 0xf8, 0xee, 0xd7, 0xee, 0xd7, 0xee, 0xf8, 0xee, 0xf8, 0xee, 0xd7, 0xee, 0xf8, 0xee,
    0xd7, 0xee, 0xd7, 0xee, 0xd7, 0xee, 0xd7, 0xee, 0xf8, 0xee, 0xd7, 0xee, 0xf8, 0xee, 0xd7, 0xee,
    0xd7, 0xee, 0xf8, 0xee, 0xf8, 0xee, 0xf8, 0xee, 0xf8, 0xee, 0xf8, 0xee, 0xf8, 0xee, 0xf8, 0xee,
    0xf8, 0xee, 0xf8, 0xee, 0xf8, 0xee, 0xf8, 0xee, 0xf8, 0xee, 0xd7, 0xee, 0xd7, 0xee, 0xf8, 0xee,
    0xf8, 0xee, 0xd7, 0xee, 0xd7, 0xee, 0xf8, 0xee, 0xd7, 0xee, 0x95, 0xe6, 0xd7, 0xee, 0xd7, 0xee,
    0xd7, 0xee, 0xd7, 0xee, 0xd7, 0xee, 0xf8, 0xee, 0xf8, 0xee, 0xf8, 0xee, 0xf8, 0xee, 0xf8, 0xee,
    0xf8, 0xee, 0xf8, 0xee, 0xd7, 0xee, 0xd7, 0xee, 0xd7, 0xee, 0xd7, 0xee, 0xd7, 0xee, 0xd7, 0xee,
    0xf8, 0xee, 0xd7, 0xee, 0xd7, 0xee, 0xd7, 0xee, 0xd7, 0xee, 0xd7, 0xee, 0xd7, 0xee, 0xd7, 0xee,
    0xd7, 0xee, 0xd7, 0xee, 0xd7, 0xee, 0xd7, 0xee, 0xd7, 0xee, 0xd7, 0xee, 0xd7, 0xee, 0xd7, 0xee,
    0xf8, 0xee, 0xf8, 0xee, 0xf8, 0xee, 0xf8, 0xee, 0xd7, 0xee, 0xf8, 0xee, 0xf8, 0xee, 0xd7, 0xee,
    0xf8, 0xee, 0xf8, 0xee, 0xd7, 0xee, 0xd7, 0xee, 0xd7, 0xee, 0xd7, 0xee, 0xd7, 0xee, 0xf8, 0xee,
    0xf8, 0xee, 0xd7, 0xee, 0xd7, 0xee, 0xf8, 0xee, 0xf8, 0xee, 0xd7, 0xee, 0xd7, 0xee, 0xf8, 0xee,
    0xf8, 0xee, 0xd7, 0xee, 0xf8, 0xee, 0xf8, 0xee, 0xd7, 0xee, 0xd7, 0xee, 0xf8, 0xee, 0xf8, 0xee,
    0xd7, 0xee, 0xf8, 0xee, 0xd7, 0xee, 0xd7, 0xee, 0xd7, 0xee, 0xd7, 0xee, 0xd7, 0xee, 0xd7, 0xee,
    0xf8, 0xee, 0xd7, 0xee, 0xd7, 0xee, 0xd7, 0xee, 0xd7, 0xee, 0xd7, 0xee, 0xd7, 0xee, 0xd7, 0xee,
    0xf8, 0xee, 0xf8, 0xee, 0xd7, 0xee, 0xd7, 0xee, 0xf8, 0xee, 0xf8, 0xee, 0xf8, 0xee, 0xf8, 0xee,
    0xd7, 0xee, 0xd7, 0xee, 0xd7, 0xee, 0xd7, 0xee, 0xd7, 0xee, 0xf8, 0xee, 0xf8, 0xee, 0xf8, 0xee,
    0xd7, 0xee, 0xd7, 0xee, 0xd7, 0xee, 0xd7, 0xee, 0xd7, 0xee, 0xd7, 0xee, 0xd7, 0xee, 0xd7, 0xee,
    0xf8, 0xee, 0xd7, 0xee, 0xd7, 0xee, 0xd7, 0xee, 0xf8, 0xee, 0xd7, 0xee, 0xd7, 0xee, 0xd7, 0xee,
    0xf8, 0xee, 0xd7, 0xee, 0xb6, 0xe6, 0xd7, 0xee, 0xf8, 0xee, 0xd7, 0xee, 0xd7, 0xee, 0xd7, 0xee,
    0xd7, 0xee, 0xd7, 0xee, 0xf8, 0xee, 0xf8, 0xee, 0xd7, 0xee, 0xd7, 0xee, 0xd7, 0xee, 0xd7, 0xee,
    0xd7, 0xee, 0xd7, 0xee, 0xd7, 0xee, 0xd7, 0xee, 0xd7, 0xee, 0xf8, 0xee, 0xf8, 0xee, 0xf8, 0xee,
    0xd7, 0xee, 0xf8, 0xee, 0xd7, 0xee, 0xd7, 0xee, 0xd7, 0xee, 0xd7, 0xee, 0xf8, 0xee, 0xf8, 0xee,
    0xf8, 0xee, 0xd7, 0xee, 0xd7, 0xee, 0xf8, 0xee, 0xd7, 0xee, 0xd7, 0xee, 0xf8, 0xee, 0xd7, 0xee,
    0xd7, 0xee, 0xd7, 0xee, 0xd7, 0xee, 0xd7, 0xee, 0xf8, 0xee, 0xf8, 0xee, 0xf8, 0xee, 0xf8, 0xee,
    0xd7, 0xee, 0xf8, 0xee, 0xf8, 0xee, 0xf8, 0xee, 0xd7, 0xee, 0xd7, 0xee, 0xd7, 0xee, 0xd7, 0xee,
    0xd7, 0xee, 0xd7, 0xee, 0xd7, 0xee, 0xd7, 0xee, 0xd7, 0xee, 0xf8, 0xee, 0xd7, 0xee, 0xd7, 0xee,
    0xd7, 0xee, 0xd7, 0xee, 0xd7, 0xee, 0xd7, 0xee, 0xd7, 0xee, 0xb6, 0xe6, 0xd7, 0xee, 0xd7, 0xee,
    0xf8, 0xee, 0xf8, 0xee, 0xf8, 0xee, 0xd7, 0xee, 0xd7, 0xee, 0xf8, 0xee, 0xf8, 0xee, 0xf8, 0xee,
    0xd7, 0xee, 0xd7, 0xee, 0xd7, 0xee, 0xf8, 0xee, 0xf8, 0xee, 0xf8, 0xee, 0xf8, 0xee, 0xf8, 0xee,
    0xf8, 0xee, 0xf8, 0xee, 0xd7, 0xee, 0xd7, 0xee, 0xf8, 0xee, 0xf8, 0xee, 0xd7, 0xee, 0xd7, 0xee,
    0xf8, 0xee, 0xd7, 0xee, 0xd7, 0xee, 0xd7, 0xee, 0xf8, 0xee, 0xf8, 0xee, 0xd7, 0xee, 0xd7, 0xee,
    0xd7, 0xee, 0xd7, 0xee, 0xf8, 0xee, 0xf8, 0xee, 0xf8, 0xee, 0xf8, 0xee, 0xf8, 0xee, 0xf8, 0xee,
    0xf8, 0xee, 0xf8, 0xee, 0xf8, 0xee, 0xf8, 0xee, 0xf8, 0xee, 0xf8, 0xee, 0xd7, 0xee, 0xd7, 0xee,
    0xf8, 0xee, 0xd7, 0xee, 0xf8, 0xee, 0xd7, 0xee, 0xd7, 0xee, 0xd7, 0xee, 0xd7, 0xee, 0xd7, 0xee,
    0xd7, 0xee, 0xd7, 0xee, 0xd7, 0xee, 0xf8, 0xee, 0xf8, 0xee, 0xf8, 0xee, 0xd7, 0xee, 0xf8, 0xee,
    0xf8, 0xee, 0xf8, 0xee, 0xd7, 0xee, 0xd7, 0xee, 0xd7, 0xee, 0xb6, 0xe6, 0xd7, 0xee, 0xd7, 0xee,
    0xf8, 0xee, 0xd7, 0xee, 0xd7, 0xee, 0xd7, 0xee, 0xd7, 0xee, 0xd7, 0xee, 0xd7, 0xee, 0xd7, 0xee,
    0xf8, 0xee, 0xf8, 0xee, 0xd7, 0xee, 0xd7, 0xee, 0xd7, 0xee, 0xd7, 0xee, 0xd7, 0xee, 0xd7, 0xee,
    0xf8, 0xee, 0xf8, 0xee, 0xf8, 0xee, 0xf8, 0xee, 0xf8, 0xee, 0xf8, 0xee, 0xf8, 0xee, 0xf8, 0xee,
    0xf8, 0xee, 0xd7, 0xee, 0xd7, 0xee, 0xd7, 0xee, 0xf8, 0xee, 0xf8, 0xee, 0xf8, 0xee, 0xf8, 0xee,
    0xf8, 0xee, 0xd7, 0xee, 0xd7, 0xee, 0xd7, 0xee, 0xd7, 0xee, 0xf8, 0xee, 0xd7, 0xee, 0xf8, 0xee,
    0xf8, 0xee, 0xf8, 0xee, 0xd7, 0xee, 0xd7, 0xee, 0xd7, 0xee, 0xd7, 0xee, 0xd7, 0xee, 0xd7, 0xee,
    0xf8, 0xee, 0xd7, 0xee, 0xd7, 0xee, 0xd7, 0xee, 0xf8, 0xee, 0xd7, 0xee, 0xd7, 0xee, 0xf8, 0xee,
    0xd7, 0xee, 0xd7, 0xee, 0xd7, 0xee, 0xd7, 0xee, 0xd7, 0xee, 0xd7, 0xee, 0xd7, 0xee, 0xd7, 0xee,
    0xd7, 0xee, 0xf8, 0xee, 0xd7, 0xee, 0xd7, 0xee, 0xf8, 0xee, 0xd7, 0xee, 0xd7, 0xee, 0xf8, 0xee,
    0xd7, 0xee, 0xd7, 0xee, 0xd7, 0xee, 0xd7, 0xee, 0xd7, 0xee, 0xd7, 0xee, 0xd7, 0xee, 0xd7, 0xee,
    0xd7, 0xee, 0xd7, 0xee, 0xd7, 0xee, 0xd7, 0xee, 0xd7, 0xee, 0xd7, 0xee, 0xd7, 0xee, 0xd7, 0xee,
    0xd7, 0xee, 0xd7, 0xee, 0xd7, 0xee, 0xd7, 0xee, 0xd7, 0xee, 0xd7, 0xee, 0xd7, 0xee, 0xd7, 0xee,
    0xf8, 0xee, 0xd7, 0xee, 0xd7, 0xee, 0xd7, 0xee, 0xf8, 0xee, 0xf8, 0xee, 0xf8, 0xee, 0xd7, 0xee,
    0xd7, 0xee, 0xd7, 0xee, 0xf8, 0xee, 0xf8, 0xee, 0xf8, 0xee, 0xf8, 0xee, 0xf8, 0xee, 0xf8, 0xee,
    0xf8, 0xee, 0xd7, 0xee, 0xf8, 0xee, 0xd7, 0xee, 0xd7, 0xee, 0xd7, 0xee, 0xd7, 0xee, 0xd7, 0xee,
    0xf8, 0xee, 0xf8, 0xee, 0xf8, 0xee, 0xd7, 0xee, 0xf8, 0xee, 0xd7, 0xee, 0xf8, 0xee, 0xd7, 0xee,
    0xd7, 0xee, 0xf8, 0xee, 0xd7, 0xee, 0xd7, 0xee, 0xd7, 0xee, 0xf8, 0xee, 0xf8, 0xee, 0xd7, 0xee,
    0xd7, 0xee, 0xd7, 0xee, 0xd7, 0xee, 0xd7, 0xee, 0xf8, 0xee, 0xf8, 0xee, 0xd7, 0xee, 0xd7, 0xee,
    0xf8, 0xee, 0xd7, 0xee, 0xf8, 0xee, 0xf8, 0xee, 0xd7, 0xee, 0xd7, 0xee, 0xd7, 0xee, 0xd7, 0xee,
    0xd7, 0xee, 0xd7, 0xee, 0xd7, 0xee, 0xd7, 0xee, 0xd7, 0xee, 0xd7, 0xee, 0xd7, 0xee, 0xd7, 0xee,
    0xd7, 0xee, 0xd7, 0xee, 0xd7, 0xee, 0xd7, 0xee, 0xd7, 0xee, 0xd7, 0xee, 0xd7, 0xee, 0xf8, 0xee,
    0xf8, 0xee, 0xf8, 0xee, 0xf8, 0xee, 0xd7, 0xee, 0xb6, 0xee, 0xd7, 0xee, 0xf8, 0xee, 0xf8, 0xee,
    0xf8, 0xee, 0xd7, 0xee, 0xd7, 0xee, 0xf8, 0xee, 0xf8, 0xee, 0xf8, 0xee, 0xf8, 0xee, 0xd7, 0xee,
    0xf8, 0xee, 0xf8, 0xee, 0xd7, 0xee, 0xd7, 0xee, 0xd7, 0xee, 0xf8, 0xee, 0xf8, 0xee, 0xf8, 0xee,
    0xf8, 0xee, 0xf8, 0xee, 0xf8, 0xee, 0xf8, 0xee, 0xf8, 0xee, 0xf8, 0xee, 0xf8, 0xee, 0xf8, 0xee,
    0xd7, 0xee, 0xd7, 0xee, 0xf8, 0xee, 0xd7, 0xee, 0xf8, 0xee, 0xd7, 0xee, 0xd7, 0xee, 0xf8, 0xee,
    0xd7, 0xee, 0xf8, 0xee, 0xf8, 0xee, 0xd7, 0xee, 0xd7, 0xee, 0xf8, 0xee, 0xf8, 0xee, 0xf8, 0xee,
    0xf8, 0xee, 0xd7, 0xee, 0xd7, 0xee, 0xd7, 0xee, 0xd7, 0xee, 0xd7, 0xee, 0xf8, 0xee, 0xd7, 0xee,
    0xd7, 0xee, 0xf8, 0xee, 0xf8, 0xee, 0xf8, 0xee, 0xf8, 0xee, 0xf8, 0xee, 0xd7, 0xee, 0xf8, 0xee,
    0xf8, 0xee, 0xf8, 0xee, 0xd7, 0xee, 0xf8, 0xee, 0xd7, 0xee, 0xd7, 0xee, 0xd7, 0xee, 0xd7, 0xee,
    0xf8, 0xee, 0xf8, 0xee, 0xd7, 0xee, 0xd7, 0xee, 0xd7, 0xee, 0xd7, 0xee, 0xd7, 0xee, 0xd7, 0xee,
    0xf8, 0xee, 0xf8, 0xee, 0xd7, 0xee, 0xd7, 0xee, 0xf8, 0xee, 0xd7, 0xee, 0xf8, 0xee, 0xd7, 0xee,
    0xf8, 0xee, 0xf8, 0xee, 0xf8, 0xee, 0xf8, 0xee, 0xf8, 0xee, 0xf8, 0xee, 0xf8, 0xee, 0xf8, 0xee,
    0xf8, 0xee, 0xf8, 0xee, 0xd7, 0xee, 0xd7, 0xee, 0xf8, 0xee, 0xf8, 0xee, 0xf8, 0xee, 0xf8, 0xee,
    0xf8, 0xee, 0xd7, 0xee, 0xf8, 0xee, 0xf8, 0xee, 0xd7, 0xee, 0xd7, 0xee, 0xf8, 0xee, 0xd7, 0xee,
    0xf8, 0xee, 0xd7, 0xee, 0xd7, 0xee, 0xd7, 0xee, 0xd7, 0xee, 0xd7, 0xee, 0xd7, 0xee, 0xd7, 0xee,
    0xd7, 0xee, 0xd7, 0xee, 0xd7, 0xee, 0xf8, 0xee, 0xd7, 0xee, 0xd7, 0xee, 0xd7, 0xee, 0xd7, 0xee,
    0xd7, 0xee, 0xd7, 0xee, 0xd7, 0xee, 0xd7, 0xee, 0xd7, 0xee, 0xd7, 0xee, 0xd7, 0xee, 0xd7, 0xee,
    0xd7, 0xee, 0xf8, 0xee, 0xd7, 0xee, 0xd7, 0xee, 0xf8, 0xee, 0xd7, 0xee, 0xd7, 0xee, 0xf8, 0xee,
    0xf8, 0xee, 0xd7, 0xee, 0xd7, 0xee, 0xf8, 0xee, 0xd7, 0xee, 0xd7, 0xee, 0xf8, 0xee, 0xd7, 0xee,
    0xd7, 0xee, 0xd7, 0xee, 0xd7, 0xee, 0xd7, 0xee, 0xd7, 0xee, 0xf8, 0xee, 0xd7, 0xee, 0xd7, 0xee,
    0xf8, 0xee, 0xd7, 0xee, 0xd7, 0xee, 0xd7, 0xee, 0xd7, 0xee, 0xd7, 0xee, 0xd7, 0xee, 0xd7, 0xee,
    0xd7, 0xee, 0xd7, 0xee, 0xd7, 0xee, 0xd7, 0xee, 0xf8, 0xee, 0xf8, 0xee, 0xf8, 0xee, 0xd7, 0xee,
    0xd7, 0xee, 0xd7, 0xee, 0xd7, 0xee, 0xf8, 0xee, 0xf8, 0xee, 0xf8, 0xee, 0xf8, 0xee, 0xf8, 0xee,
    0xf8, 0xee, 0xd7, 0xee, 0xd7, 0xee, 0xd7, 0xee, 0xd7, 0xee, 0xd7, 0xee, 0xd7, 0xee, 0xd7, 0xee,
    0xd7, 0xee, 0xf8, 0xee, 0xf8, 0xee, 0xd7, 0xee, 0xd7, 0xee, 0xf8, 0xee, 0xd7, 0xee, 0xd7, 0xee,
    0xd7, 0xee, 0xd7, 0xee, 0xf8, 0xee, 0xd7, 0xee, 0xf8, 0xee, 0xf8, 0xee, 0xf8, 0xee, 0xf8, 0xee,
    0xd7, 0xee, 0xd7, 0xee, 0xd7, 0xee, 0xd7, 0xee, 0xf8, 0xee, 0xd7, 0xee, 0xd7, 0xee, 0xd7, 0xee,
    0xf8, 0xee, 0xd7, 0xee, 0xd7, 0xee, 0xd7, 0xee, 0xd7, 0xee, 0xd7, 0xee, 0xd7, 0xee, 0xd7, 0xee,
    0xd7, 0xee, 0xf8, 0xee, 0xf8, 0xee, 0xd7, 0xee, 0xd7, 0xee, 0xd7, 0xee, 0xd7, 0xee, 0xd7, 0xee,
    0xd7, 0xee, 0xd7, 0xee, 0xd7, 0xee, 0xd7, 0xee, 0xf8, 0xee, 0xf8, 0xee, 0xd7, 0xee, 0xd7, 0xee,
    0xd7, 0xee, 0xd7, 0xee, 0xd7, 0xee, 0xd7, 0xee, 0xd7, 0xee, 0xd7, 0xee, 0xd7, 0xee, 0xf8, 0xee,
    0xd7, 0xee, 0xd7, 0xee, 0xd7, 0xee, 0xf8, 0xee, 0xf8, 0xee, 0xf8, 0xee, 0xf8, 0xee, 0xd7, 0xee,
    0xf8, 0xee, 0xf8, 0xee, 0xf8, 0xee, 0xd7, 0xee, 0xd7, 0xee, 0xf8, 0xee, 0xf8, 0xee, 0xd7, 0xee,
    0xf8, 0xee, 0xf8, 0xee, 0xf8, 0xee, 0xf8, 0xee, 0xf8, 0xee, 0xf8, 0xee, 0xf8, 0xee, 0xf8, 0xee,
    0xf8, 0xee, 0xd7, 0xee, 0xd7, 0xee, 0xf8, 0xee, 0xf8, 0xee, 0xf8, 0xee, 0xd7, 0xee, 0xd7, 0xee,
    0xf8, 0xee, 0xf8, 0xee, 0xd7, 0xee, 0xd7, 0xee, 0xd7, 0xee, 0xf8, 0xee, 0xf8, 0xee, 0xf8, 0xee,
    0xf8, 0xee, 0xd7, 0xee, 0xd7, 0xee, 0xd7, 0xee, 0xd7, 0xee, 0xf8, 0xee, 0xf8, 0xee, 0xd7, 0xee,
    0xb6, 0xe6, 0xd7, 0xee, 0xf8, 0xee, 0xf8, 0xee, 0xd7, 0xee, 0xd7, 0xee, 0xd7, 0xee, 0xd7, 0xee,
    0xd7, 0xee, 0xd7, 0xee, 0xd7, 0xee, 0xd7, 0xee, 0xd7, 0xee, 0xd7, 0xee, 0xf8, 0xee, 0xf8, 0xee,
    0xf8, 0xee, 0xd7, 0xee, 0xd7, 0xee, 0xf8, 0xee, 0xf8, 0xee, 0xd7, 0xee, 0xd7, 0xee, 0xd7, 0xee,
    0xf8, 0xee, 0xf8, 0xee, 0xd7, 0xee, 0xd7, 0xee, 0xf8, 0xee, 0xd7, 0xee, 0xf8, 0xee, 0xf8, 0xee,
    0xf8, 0xee, 0xf8, 0xee, 0xf8, 0xee, 0xf8, 0xee, 0xf8, 0xee, 0xf8, 0xee, 0xf8, 0xee, 0xf8, 0xee,
    0xf8, 0xee, 0xf8, 0xee, 0xd7, 0xee, 0xd7, 0xee, 0xd7, 0xee, 0xd7, 0xee, 0xd7, 0xee, 0xd7, 0xee,
    0xf8, 0xee, 0xf8, 0xee, 0xf8, 0xee, 0xd7, 0xee, 0xd7, 0xee, 0xd7, 0xee, 0xf8, 0xee, 0xf8, 0xee,
    0xf8, 0xee, 0xd7, 0xee, 0xf8, 0xee, 0xd7, 0xee, 0xd7, 0xee, 0xd7, 0xee, 0xd7, 0xee, 0xf8, 0xee,
    0xd7, 0xee, 0xd7, 0xee, 0xd7, 0xee, 0xf8, 0xee, 0xd7, 0xee, 0xf8, 0xee, 0xf8, 0xee, 0xf8, 0xee,
    0xd7, 0xee, 0xd7, 0xee, 0xd7, 0xee, 0xd7, 0xee, 0xd7, 0xee, 0xd7, 0xee, 0xd7, 0xee, 0xd7, 0xee,
    0xd7, 0xee, 0xd7, 0xee, 0xd7, 0xee, 0xd7, 0xee, 0xd7, 0xee, 0xd7, 0xee, 0xf8, 0xee, 0xf8, 0xee,
    0xd7, 0xee, 0xf8, 0xee, 0xd7, 0xee, 0xd7, 0xee, 0xd7, 0xee, 0xd7, 0xee, 0xf8, 0xee, 0xd7, 0xee,
    0xd7, 0xee, 0xd7, 0xee, 0xf8, 0xee, 0xd7, 0xee, 0xd7, 0xee, 0xd7, 0xee, 0xf8, 0xee, 0xf8, 0xee,
    0xf8, 0xee, 0xd7, 0xee, 0xd7, 0xee, 0xd7, 0xee, 0xd7, 0xee, 0xd7, 0xee, 0xd7, 0xee, 0xd7, 0xee,
    0xd7, 0xee, 0xd7, 0xee, 0xd7, 0xee, 0xf8, 0xee, 0xd7, 0xee, 0xf8, 0xee, 0xf8, 0xee, 0xf8, 0xee,
    0xf8, 0xee, 0xf8, 0xee, 0xd7, 0xee, 0xd7, 0xee, 0xd7, 0xee, 0xd7, 0xee, 0xf8, 0xee, 0xf8, 0xee,
    0xd7, 0xee, 0xd7, 0xee, 0xd7, 0xee, 0xd7, 0xee, 0xd7, 0xee, 0xd7, 0xee, 0xd7, 0xee, 0xd7, 0xee,
    0xf8, 0xee, 0xf8, 0xee, 0xf8, 0xee, 0xd7, 0xee, 0xf8, 0xee, 0xf8, 0xee, 0xd7, 0xee, 0xd7, 0xee,
    0xd7, 0xee, 0xf8, 0xee, 0xf8, 0xee, 0xd7, 0xee, 0xd7, 0xee, 0xf8, 0xee, 0xf8, 0xee, 0xf8, 0xee,
    0xf8, 0xee, 0xf8, 0xee, 0xd7, 0xee, 0xd7, 0xee, 0xd7, 0xee, 0xd7, 0xee, 0xf8, 0xee, 0xf8, 0xee,
    0xf8, 0xee, 0xd7, 0xee, 0xd7, 0xee, 0xd7, 0xee, 0xd7, 0xee, 0xd7, 0xee, 0xf8, 0xee, 0xf8, 0xee,
    0xd7, 0xee, 0xf8, 0xee, 0xf8, 0xee, 0xd7, 0xee, 0xd7, 0xee, 0xd7, 0xee, 0xd7, 0xee, 0xd7, 0xee,
    0xd7, 0xee, 0xd7, 0xee, 0xd7, 0xee, 0xf8, 0xee, 0xf8, 0xee, 0xd7, 0xee, 0xd7, 0xee, 0xd7, 0xee,
    0xd7, 0xee, 0xd7, 0xee, 0xd7, 0xee, 0xd7, 0xee, 0xd7, 0xee, 0xf8, 0xee, 0xd7, 0xee, 0xd7, 0xee,
    0xd7, 0xee, 0xd7, 0xee, 0xd7, 0xee, 0xf8, 0xee, 0xf8, 0xee, 0xf8, 0xee, 0xf8, 0xee, 0xd7, 0xee,
    0xd7, 0xee, 0xd7, 0xee, 0xf8, 0xee, 0xd7, 0xee, 0xd7, 0xee, 0xf8, 0xee, 0xf8, 0xee, 0xd7, 0xee,
    0xd7, 0xee, 0xd7, 0xee, 0xf8, 0xee, 0xf8, 0xee, 0xf8, 0xee, 0xf8, 0xee, 0xf8, 0xee, 0xf8, 0xee,
    0xf8, 0xee, 0xd7, 0xee, 0xd7, 0xee, 0xf8, 0xee, 0xd7, 0xee, 0xd7, 0xee, 0xf8, 0xee, 0xd7, 0xee,
    0xf8, 0xee, 0xf8, 0xee, 0xf8, 0xee, 0xd7, 0xee, 0xf8, 0xee, 0xf8, 0xee, 0xf8, 0xee, 0xd7, 0xee,
    0xd7, 0xee, 0xd7, 0xee, 0xb6, 0xe6, 0xd7, 0xee, 0xd7, 0xee, 0xd7, 0xee, 0xd7, 0xee, 0xf8, 0xee,
    0xd7, 0xee, 0xd7, 0xee, 0xf8, 0xee, 0xd7, 0xee, 0xf8, 0xee, 0xf8, 0xee, 0xd7, 0xee, 0xd7, 0xee,
    0xd7, 0xee, 0xd7, 0xee, 0xd7, 0xee, 0xd7, 0xee, 0xd7, 0xee, 0xd7, 0xee, 0xd7, 0xee, 0xf8, 0xee,
    0xd7, 0xee, 0xd7, 0xee, 0xd7, 0xee, 0xf8, 0xee, 0xf8, 0xee, 0xd7, 0xee, 0xd7, 0xee, 0xd7, 0xee,
    0xf8, 0xee, 0xf8, 0xee, 0xf8, 0xee, 0xf8, 0xee, 0xf8, 0xee, 0xf8, 0xee, 0xf8, 0xee, 0xf8, 0xee,
    0xf8, 0xee, 0xf8, 0xee, 0xf8, 0xee, 0xf8, 0xee, 0xf8, 0xee, 0xf8, 0xee, 0xf8, 0xee, 0xf8, 0xee,
    0xf8, 0xee, 0xf8, 0xee, 0xd7, 0xee, 0xd7, 0xee, 0xd7, 0xee, 0xd7, 0xee, 0xd7, 0xee, 0xd7, 0xee,
    0xd7, 0xee, 0xd7, 0xee, 0xd7, 0xee, 0xf8, 0xee, 0xd7, 0xee, 0xd7, 0xee, 0xd7, 0xee, 0xd7, 0xee,
    0xf8, 0xee, 0xd7, 0xee, 0xd7, 0xee, 0xd7, 0xee, 0xd7, 0xee, 0xf8, 0xee, 0xd7, 0xee, 0xf8, 0xee,
    0xd7, 0xee, 0xd7, 0xee, 0xd7, 0xee, 0xd7, 0xee, 0xd7, 0xee, 0xd7, 0xee, 0xd7, 0xee, 0xd7, 0xee,
    0xf8, 0xee, 0xd7, 0xee, 0xd7, 0xee, 0xd7, 0xee, 0xd7, 0xee, 0xd7, 0xee, 0xd7, 0xee, 0xf8, 0xee,
    0xd7, 0xee, 0xd7, 0xee, 0xf8, 0xee, 0xd7, 0xee, 0xd7, 0xee, 0xf8, 0xee, 0xf8, 0xee, 0xf8, 0xee,
    0xd7, 0xee, 0xd7, 0xee, 0xf8, 0xee, 0xd7, 0xee, 0xd7, 0xee, 0xd7, 0xee, 0xf8, 0xee, 0xf8, 0xee,
    0xd7, 0xee, 0xd7, 0xee, 0xf8, 0xee, 0xf8, 0xee, 0xd7, 0xee, 0xd7, 0xee, 0xf8, 0xee, 0xf8, 0xee,
    0xd7, 0xee, 0xd7, 0xee, 0xd7, 0xee, 0xd7, 0xee, 0xd7, 0xee, 0xd7, 0xee, 0xf8, 0xee, 0xf8, 0xee,
    0xf8, 0xee, 0xd7, 0xee, 0xf8, 0xee, 0xf8, 0xee, 0xd7, 0xee, 0xd7, 0xee, 0xf8, 0xee, 0xf8, 0xee,
    0xf8, 0xee, 0xf8, 0xee, 0xd7, 0xee, 0xd7, 0xee, 0xd7, 0xee, 0xd7, 0xee, 0xd7, 0xee, 0xd7, 0xee,
    0xd7, 0xee, 0xd7, 0xee, 0xd7, 0xee, 0xf8, 0xee, 0xd7, 0xee, 0xd7, 0xee, 0xd7, 0xee, 0xf8, 0xee,
    0xd7, 0xee, 0xd7, 0xee, 0xd7, 0xee, 0xd7, 0xee, 0xf8, 0xee, 0xd7, 0xee, 0xd7, 0xee, 0xd7, 0xee,
    0xd7, 0xee, 0xf8, 0xee, 0xf8, 0xee, 0xd7, 0xee, 0xd7, 0xee, 0xd7, 0xee, 0xd7, 0xee, 0xf8, 0xee,
    0xd7, 0xee, 0xd7, 0xee, 0xd7, 0xee, 0xd7, 0xee, 0xd7, 0xee, 0xd7, 0xee, 0xd7, 0xee, 0xf8, 0xee,
    0xd7, 0xee, 0xd7, 0xee, 0xd7, 0xee, 0xd7, 0xee, 0xd7, 0xee, 0xd7, 0xee, 0xd7, 0xee, 0xd7, 0xee,
    0xf8, 0xee, 0xf8, 0xee, 0xd7, 0xee, 0xd7, 0xee, 0xf8, 0xee, 0xd7, 0xee, 0xd7, 0xee, 0xd7, 0xee,
    0xd7, 0xee, 0xd7, 0xee, 0xd7, 0xee, 0xf8, 0xee, 0xd7, 0xee, 0xd7, 0xee, 0xd7, 0xee, 0xd7, 0xee,
    0xd7, 0xee, 0xd7, 0xee, 0xf8, 0xee, 0xf8, 0xee, 0xd7, 0xee, 0xd7, 0xee, 0xd7, 0xee, 0xd7, 0xee,
    0xd7, 0xee, 0xd7, 0xee, 0xf8, 0xee, 0xf8, 0xee, 0xf8, 0xee, 0xf8, 0xee, 0xf8, 0xee, 0xd7, 0xee,
    0xd7, 0xee, 0xd7, 0xee, 0xf8, 0xee, 0xd7, 0xee, 0xd7, 0xee, 0xf8, 0xee, 0xf8, 0xee, 0xd7, 0xee,
    0xf8, 0xee, 0xd7, 0xee, 0xf8, 0xee, 0xf8, 0xee, 0xf8, 0xee, 0xf8, 0xee, 0xf8, 0xee, 0xf8, 0xee,
    0xf8, 0xee, 0xf8, 0xee, 0xd7, 0xee, 0xd7, 0xee, 0xb6, 0xee, 0xb6, 0xee, 0xd7, 0xee, 0xd7, 0xee,
    0xd7, 0xee, 0xf8, 0xee, 0xf8, 0xee, 0xf8, 0xee, 0xd7, 0xee, 0xd7, 0xee, 0xd7, 0xee, 0xd7, 0xee,
    0xd7, 0xee, 0xd7, 0xee, 0xd7, 0xee, 0xd7, 0xee, 0xd7, 0xee, 0xd7, 0xee, 0xf8, 0xee, 0xd7, 0xee,
    0xf8, 0xee, 0xf8, 0xee, 0xf8, 0xee, 0xd7, 0xee, 0xf8, 0xee, 0xf8, 0xee, 0xd7, 0xee, 0xd7, 0xee,
    0xf8, 0xee, 0xf8, 0xee, 0xd7, 0xee, 0xf8, 0xee, 0xd7, 0xee, 0xd7, 0xee, 0xd7, 0xee, 0xd7, 0xee,
    0xd7, 0xee, 0xd7, 0xee, 0xf8, 0xee, 0xd7, 0xee, 0xd7, 0xee, 0xf8, 0xee, 0xf8, 0xee, 0xd7, 0xee,
    0xf8, 0xee, 0xf8, 0xee, 0xf8, 0xee, 0xf8, 0xee, 0xd7, 0xee, 0xd7, 0xee, 0xf8, 0xee, 0xf8, 0xee,
    0xd7, 0xee, 0xf8, 0xee, 0xf8, 0xee, 0xf8, 0xee, 0xf8, 0xee, 0xf8, 0xee, 0xd7, 0xee, 0xd7, 0xee,
    0xf8, 0xee, 0xf8, 0xee, 0xf8, 0xee, 0xf8, 0xee, 0xf8, 0xee, 0xd7, 0xee, 0xd7, 0xee, 0xd7, 0xee,
    0xd7, 0xee, 0xd7, 0xee, 0xd7, 0xee, 0xd7, 0xee, 0xd7, 0xee, 0xd7, 0xee, 0xd7, 0xee, 0xd7, 0xee,
    0xd7, 0xee, 0xd7, 0xee, 0xf8, 0xee, 0xd7, 0xee, 0xd7, 0xee, 0xf8, 0xee, 0xf8, 0xee, 0xf8, 0xee,
    0xd7, 0xee, 0xd7, 0xee, 0xd7, 0xee, 0xd7, 0xee, 0xd7, 0xee, 0xd7, 0xee, 0xd7, 0xee, 0xd7, 0xee,
    0xf8, 0xee, 0xf8, 0xee, 0xd7, 0xee, 0xd7, 0xee, 0xd7, 0xee, 0xf8, 0xee, 0xf8, 0xee, 0xd7, 0xee,
    0xd7, 0xee, 0xf8, 0xee, 0xd7, 0xee, 0xd7, 0xee, 0xf8, 0xee, 0xf8, 0xee, 0xf8, 0xee, 0xd7, 0xee,
    0xf8, 0xee, 0xd7, 0xee, 0xd7, 0xee, 0xd7, 0xee, 0xd7, 0xee, 0xd7, 0xee, 0xf8, 0xee, 0xf8, 0xee,
    0xf8, 0xee, 0xd7, 0xee, 0xf8, 0xee, 0xf8, 0xee, 0xd7, 0xee, 0xd7, 0xee, 0xd7, 0xee, 0xd7, 0xee,
    0xd7, 0xee, 0xd7, 0xee, 0xd7, 0xee, 0xd7, 0xee, 0xd7, 0xee, 0xf8, 0xee, 0xf8, 0xee, 0xf8, 0xee,
    0xf8, 0xee, 0xf8, 0xee, 0xf8, 0xee, 0xf8, 0xee, 0xf8, 0xee, 0xd7, 0xee, 0xd7, 0xee, 0xd7, 0xee,
    0xf8, 0xee, 0xd7, 0xee, 0xf8, 0xee, 0xf8, 0xee, 0xd7, 0xee, 0xd7, 0xee, 0xd7, 0xee, 0xd7, 0xee,
    0xd7, 0xee, 0xd7, 0xee, 0xf8, 0xee, 0xd7, 0xee, 0xf8, 0xee, 0xd7, 0xee, 0xd7, 0xee, 0xd7, 0xee,
    0xd7, 0xee, 0xd7, 0xee, 0xb6, 0xe6, 0xf8, 0xee, 0xf8, 0xee, 0xf8, 0xee, 0xf8, 0xee, 0xf8, 0xee,
    0xf8, 0xee, 0xd7, 0xee, 0xf8, 0xee, 0xd7, 0xee, 0xf8, 0xee, 0xf8, 0xee, 0xf8, 0xee, 0xd7, 0xee,
    0xd7, 0xee, 0xd7, 0xee, 0xf8, 0xee, 0xf8, 0xee, 0xd7, 0xee, 0xd7, 0xee, 0xd7, 0xee, 0xf8, 0xee,
    0xf8, 0xee, 0xd7, 0xee, 0xd7, 0xee, 0xd7, 0xee, 0xd7, 0xee, 0xd7, 0xee, 0xd7, 0xee, 0xd7, 0xee,
    0xf8, 0xee, 0xf8, 0xee, 0xf8, 0xee, 0xd7, 0xee, 0xd7, 0xee, 0xd7, 0xee, 0xd7, 0xee, 0xf8, 0xee,
    0xf8, 0xee, 0xf8, 0xee, 0xd7, 0xee, 0xf8, 0xee, 0xd7, 0xee, 0xd7, 0xee, 0xd7, 0xee, 0xd7, 0xee,
    0xd7, 0xee, 0xd7, 0xee, 0xd7, 0xee, 0xd7, 0xee, 0xd7, 0xee, 0xd7, 0xee, 0xf8, 0xee, 0xd7, 0xee,
    0xb6, 0xe6, 0xd7, 0xee, 0xf8, 0xee, 0xf8, 0xee, 0xf8, 0xee, 0xd7, 0xee, 0xf8, 0xee, 0xd7, 0xee,
    0xd7, 0xee, 0xf8, 0xee, 0xd7, 0xee, 0xf8, 0xee, 0xf8, 0xee, 0xf8, 0xee, 0xd7, 0xee, 0xd7, 0xee,
    0xf8, 0xee, 0xf8, 0xee, 0xf8, 0xee, 0xf8, 0xee, 0xf8, 0xee, 0xf8, 0xee, 0xf8, 0xee, 0xf8, 0xee,
    0xf8, 0xee, 0xf8, 0xee, 0xf8, 0xee, 0xd7, 0xee, 0xd7, 0xee, 0xd7, 0xee, 0xd7, 0xee, 0xd7, 0xee,
    0xd7, 0xee, 0xd7, 0xee, 0xd7, 0xee, 0xd7, 0xee, 0xd7, 0xee, 0xd7, 0xee, 0xd7, 0xee, 0xd7, 0xee,
    0xd7, 0xee, 0xd7, 0xee, 0xd7, 0xee, 0xd7, 0xee, 0xd7, 0xee, 0xd7, 0xee, 0xd7, 0xee, 0xd7, 0xee,
    0xf8, 0xee, 0xf8, 0xee, 0xd7, 0xee, 0xd7, 0xee, 0xf8, 0xee, 0xf8, 0xee, 0xd7, 0xee, 0xd7, 0xee,
    0xd7, 0xee, 0xf8, 0xee, 0xd7, 0xee, 0xd7, 0xee, 0xd7, 0xee, 0xd7, 0xee, 0xd7, 0xee, 0xd7, 0xee,
    0xd7, 0xee, 0xd7, 0xee, 0xf8, 0xee, 0xf8, 0xee, 0xf8, 0xee, 0xf8, 0xee, 0xf8, 0xee, 0xd7, 0xee,
    0xd7, 0xee, 0xd7, 0xee, 0xd7, 0xee, 0xd7, 0xee, 0xd7, 0xee, 0xd7, 0xee, 0xf8, 0xee, 0xd7, 0xee,
    0xd7, 0xee, 0xf8, 0xee, 0xf8, 0xee, 0xf8, 0xee, 0xf8, 0xee, 0xf8, 0xee, 0xd7, 0xee, 0xf8, 0xee,
    0xf8, 0xee, 0xf8, 0xee, 0xf8, 0xee, 0xd7, 0xee, 0xd7, 0xee, 0xd7, 0xee, 0xd7, 0xee, 0xf8, 0xee,
    0xd7, 0xee, 0xd7, 0xee, 0xd7, 0xee, 0xd7, 0xee, 0xd7, 0xee, 0xd7, 0xee, 0xd7, 0xee, 0xd7, 0xee,
    0xd7, 0xee, 0xd7, 0xee, 0xf8, 0xee, 0xd7, 0xee, 0xd7, 0xee, 0xf8, 0xee, 0xf8, 0xee, 0xd7, 0xee,
    0xd7, 0xee, 0xd7, 0xee, 0xd7, 0xee, 0xd7, 0xee, 0xd7, 0xee, 0xd7, 0xee, 0xd7, 0xee, 0xd7, 0xee,
    0xd7, 0xee, 0xd7, 0xee, 0xd7, 0xee, 0xd7, 0xee, 0xf8, 0xee, 0xf8, 0xee, 0xf8, 0xee, 0xd7, 0xee,
    0xd7, 0xee, 0xd7, 0xee, 0xd7, 0xee, 0xd7, 0xee, 0xd7, 0xee, 0xd7, 0xee, 0xd7, 0xee, 0xd7, 0xee,
    0xd7, 0xee, 0xd7, 0xee, 0xf8, 0xee, 0xf8, 0xee, 0xf8, 0xee, 0xd7, 0xee, 0xd7, 0xee, 0xf8, 0xee,
    0xd7, 0xee, 0xd7, 0xee, 0xd7, 0xee, 0xd7, 0xee, 0xd7, 0xee, 0xd7, 0xee, 0xd7, 0xee, 0xf8, 0xee,
    0xf8, 0xee, 0xd7, 0xee, 0xf8, 0xee, 0xd7, 0xee, 0xd7, 0xee, 0xf8, 0xee, 0xd7, 0xee, 0xf8, 0xee,
    0xd7, 0xee, 0xf8, 0xee, 0xd7, 0xee, 0xd7, 0xee, 0xf8, 0xee, 0xf8, 0xee, 0xd7, 0xee, 0xd7, 0xee,
    0xd7, 0xee, 0xd7, 0xee, 0xf8, 0xee, 0xf8, 0xee, 0xd7, 0xee, 0xd7, 0xee, 0xd7, 0xee, 0xd7, 0xee,
    0xd7, 0xee, 0xd7, 0xee, 0x19, 0xef, 0xf8, 0xee, 0xd7, 0xee, 0xd7, 0xee, 0xd7, 0xee, 0xd7, 0xee,
    0xd7, 0xee, 0xd7, 0xee, 0xd7, 0xee, 0xf8, 0xee, 0xf8, 0xee, 0xf8, 0xee, 0xf8, 0xee, 0xf8, 0xee,
    0xf8, 0xee, 0xd7, 0xee, 0xf8, 0xee, 0xf8, 0xee, 0xd7, 0xee, 0xd7, 0xee, 0xf8, 0xee, 0xf8, 0xee,
    0xd7, 0xee, 0xd7, 0xee, 0xf8, 0xee, 0xf8, 0xee, 0xf8, 0xee, 0xf8, 0xee, 0xd7, 0xee, 0xd7, 0xee,
    0xf8, 0xee, 0xd7, 0xee, 0xd7, 0xee, 0xd7, 0xee, 0xf8, 0xee, 0xd7, 0xee, 0xd7, 0xee, 0xd7, 0xee,
    0xd7, 0xee, 0xd7, 0xee, 0xf8, 0xee, 0xd7, 0xee, 0xd7, 0xee, 0xd7, 0xee, 0xf8, 0xee, 0xf8, 0xee,
    0xf8, 0xee, 0xf8, 0xee, 0xf8, 0xee, 0xf8, 0xee, 0xf8, 0xee, 0xd7, 0xee, 0xd7, 0xee, 0xd7, 0xee,
    0xd7, 0xee, 0xd7, 0xee, 0xd7, 0xee, 0xd7, 0xee, 0xd7, 0xee, 0xd7, 0xee, 0xd7, 0xee, 0xd7, 0xee,
    0xd7, 0xee, 0xd7, 0xee, 0xf8, 0xee, 0xd7, 0xee, 0xd7, 0xee, 0xf8, 0xee, 0xf8, 0xee, 0xf8, 0xee,
    0xf8, 0xee, 0xf8, 0xee, 0xd7, 0xee, 0xf8, 0xee, 0xf8, 0xee, 0xd7, 0xee, 0xd7, 0xee, 0xd7, 0xee,
    0xf8, 0xee, 0xf8, 0xee, 0xf8, 0xee, 0xf8, 0xee, 0xf8, 0xee, 0xf8, 0xee, 0xf8, 0xee, 0xd7, 0xee,
    0xd7, 0xee, 0xd7, 0xee, 0xd7, 0xee, 0xf8, 0xee, 0xf8, 0xee, 0xf8, 0xee, 0xf8, 0xee, 0xd7, 0xee,
    0xd7, 0xee, 0xd7, 0xee, 0xd7, 0xee, 0xf8, 0xee, 0xd7, 0xee, 0xf8, 0xee, 0xf8, 0xee, 0xf8, 0xee,
    0xd7, 0xee, 0xd7, 0xee, 0xd7, 0xee, 0xd7, 0xee, 0xd7, 0xee, 0xd7, 0xee, 0xd7, 0xee, 0xd7, 0xee,
    0xf8, 0xee, 0xf8, 0xee, 0xf8, 0xee, 0xf8, 0xee, 0xf8, 0xee, 0xf8, 0xee, 0xd7, 0xee, 0xf8, 0xee,
    0xf8, 0xee, 0xd7, 0xee, 0xd7, 0xee, 0xd7, 0xee, 0xf8, 0xee, 0xd7, 0xee, 0xd7, 0xee, 0xd7, 0xee,
    0xd7, 0xee, 0xd7, 0xee, 0xf8, 0xee, 0xf8, 0xee, 0xd7, 0xee, 0xf8, 0xee, 0xd7, 0xee, 0xd7, 0xee,
    0xd7, 0xee, 0xf8, 0xee, 0xf8, 0xee, 0xd7, 0xee, 0xd7, 0xee, 0xd7, 0xee, 0xf8, 0xee, 0xf8, 0xee,
    0xf8, 0xee, 0xf8, 0xee, 0xf8, 0xee, 0xf8, 0xee, 0xf8, 0xee, 0xf8, 0xee, 0xd7, 0xee, 0xf8, 0xee,
    0xf8, 0xee, 0xf8, 0xee, 0xd7, 0xee, 0xd7, 0xee, 0xf8, 0xee, 0xd7, 0xee, 0xd7, 0xee, 0xf8, 0xee,
    0xf8, 0xee, 0xf8, 0xee, 0xd7, 0xee, 0xf8, 0xee, 0xd7, 0xee, 0xd7, 0xee, 0xd7, 0xee, 0xd7, 0xee,
    0xd7, 0xee, 0xd7, 0xee, 0xd7, 0xee, 0xf8, 0xee, 0xd7, 0xee, 0xf8, 0xee, 0xf8, 0xee, 0xf8, 0xee,
    0xf8, 0xee, 0xf8, 0xee, 0xd7, 0xee, 0xd7, 0xee, 0xf8, 0xee, 0xd7, 0xee, 0xd7, 0xee, 0xd7, 0xee,
    0xd7, 0xee, 0xd7, 0xee, 0xf8, 0xee, 0xf8, 0xee, 0xd7, 0xee, 0xd7, 0xee, 0xf8, 0xee, 0xd7, 0xee,
    0xd7, 0xee, 0xf8, 0xee, 0xd7, 0xee, 0xd7, 0xee, 0xf8, 0xee, 0xd7, 0xee, 0xf8, 0xee, 0xd7, 0xee,
    0xd7, 0xee, 0xd7, 0xee, 0xd7, 0xee, 0xf8, 0xee, 0xf8, 0xee, 0xd7, 0xee, 0xd7, 0xee, 0xd7, 0xee,
    0xd7, 0xee, 0xf8, 0xee, 0xd7, 0xee, 0xd7, 0xee, 0xd7, 0xee, 0xd7, 0xee, 0xd7, 0xee, 0xf8, 0xee,
    0xd7, 0xee, 0xd7, 0xee, 0xd7, 0xee, 0xd7, 0xee, 0xd7, 0xee, 0xf8, 0xee, 0xd7, 0xee, 0xd7, 0xee,
    0xd7, 0xee, 0xd7, 0xee, 0xd7, 0xee, 0xd7, 0xee, 0xd7, 0xee, 0xf8, 0xee, 0xf8, 0xee, 0xd7, 0xee,
    0xd7, 0xee, 0xd7, 0xee, 0xd7, 0xee, 0xd7, 0xee, 0xd7, 0xee, 0xd7, 0xee, 0xd7, 0xee, 0xd7, 0xee,
    0xf8, 0xee, 0xf8, 0xee, 0xf8, 0xee, 0xf8, 0xee, 0xd7, 0xee, 0xf8, 0xee, 0xd7, 0xee, 0xd7, 0xee,
    0xd7, 0xee, 0xd7, 0xee, 0xd7, 0xee, 0xd7, 0xee, 0xd7, 0xee, 0xf8, 0xee, 0xf8, 0xee, 0xd7, 0xee,
    0xd7, 0xee, 0xd7, 0xee, 0xd7, 0xee, 0xd7, 0xee, 0xd7, 0xee, 0xf8, 0xee, 0xf8, 0xee, 0xf8, 0xee,
    0xd7, 0xee, 0xd7, 0xee, 0xf8, 0xee, 0xf8, 0xee, 0xf8, 0xee, 0xd7, 0xee, 0xf8, 0xee, 0xd7, 0xee,
    0xd7, 0xee, 0xd7, 0xee, 0xd7, 0xee, 0xd7, 0xee, 0xf8, 0xee, 0xd7, 0xee, 0xd7, 0xee, 0xd7, 0xee,
    0xd7, 0xee, 0xd7, 0xee, 0xd7, 0xee, 0xd7, 0xee, 0xd7, 0xee, 0xf8, 0xee, 0xf8, 0xee, 0xf8, 0xee,
    0xf8, 0xee, 0xf8, 0xee, 0xd7, 0xee, 0xd7, 0xee, 0xd7, 0xee, 0xd7, 0xee, 0xd7, 0xee, 0xd7, 0xee,
    0xd7, 0xee, 0xd7, 0xee, 0xd7, 0xee, 0xd7, 0xee, 0xd7, 0xee, 0xf8, 0xee, 0xf8, 0xee, 0xd7, 0xee,
    0xd7, 0xee, 0xb6, 0xee, 0xd7, 0xee, 0xf8, 0xee, 0xf8, 0xee, 0xf8, 0xee, 0xf8, 0xee, 0xf8, 0xee,
    0xf8, 0xee, 0xf8, 0xee, 0xf8, 0xee, 0xd7, 0xee, 0xf8, 0xee, 0xf8, 0xee, 0xf8, 0xee, 0xd7, 0xee,
    0xd7, 0xee, 0xf8, 0xee, 0xf8, 0xee, 0xf8, 0xee, 0xf8, 0xee, 0xf8, 0xee, 0xf8, 0xee, 0xd7, 0xee,
    0xd7, 0xee, 0xf8, 0xee, 0xf8, 0xee, 0xf8, 0xee, 0xf8, 0xee, 0xf8, 0xee, 0xf8, 0xee, 0xf8, 0xee,
    0xd7, 0xee, 0xd7, 0xee, 0xf8, 0xee, 0xf8, 0xee, 0xf8, 0xee, 0xf8, 0xee, 0xf8, 0xee, 0xf8, 0xee,
    0xf8, 0xee, 0xf8, 0xee, 0xf8, 0xee, 0xf8, 0xee, 0xd7, 0xee, 0xd7, 0xee, 0xd7, 0xee, 0xd7, 0xee,
    0xf8, 0xee, 0xf8, 0xee, 0xf8, 0xee, 0xd7, 0xee, 0xf8, 0xee, 0xd7, 0xee, 0xd7, 0xee, 0xf8, 0xee,
    0xf8, 0xee, 0xd7, 0xee, 0xd7, 0xee, 0xd7, 0xee, 0xd7, 0xee, 0xd7, 0xee, 0xd7, 0xee, 0xd7, 0xee,
    0xd7, 0xee, 0xd7, 0xee, 0xf8, 0xee, 0xd7, 0xee, 0xd7, 0xee, 0xd7, 0xee, 0xd7, 0xee, 0xd7, 0xee,
    0xf8, 0xee, 0xf8, 0xee, 0xd7, 0xee, 0xd7, 0xee, 0xd7, 0xee, 0xd7, 0xee, 0xf8, 0xee, 0xd7, 0xee,
    0xd7, 0xee, 0xf8, 0xee, 0xf8, 0xee, 0xf8, 0xee, 0xd7, 0xee, 0xd7, 0xee, 0xd7, 0xee, 0xf8, 0xee,
    0xd7, 0xee, 0xf8, 0xee, 0xd7, 0xee, 0xf8, 0xee, 0xd7, 0xee, 0xf8, 0xee, 0xd7, 0xee, 0xf8, 0xee,
    0xd7, 0xee, 0xd7, 0xee, 0xf8, 0xee, 0xf8, 0xee, 0xf8, 0xee, 0xf8, 0xee, 0xd7, 0xee, 0xd7, 0xee,
    0xf8, 0xee, 0xd7, 0xee, 0xd7, 0xee, 0xd7, 0xee, 0xd7, 0xee, 0xf8, 0xee, 0xf8, 0xee, 0xf8, 0xee,
    0xf8, 0xee, 0xd7, 0xee, 0xd7, 0xee, 0xd7, 0xee, 0xd7, 0xee, 0xf8, 0xee, 0xf8, 0xee, 0xd7, 0xee,
    0xd7, 0xee, 0xd7, 0xee, 0xd7, 0xee, 0xf8, 0xee, 0xf8, 0xee, 0xf8, 0xee, 0xf8, 0xee, 0xd7, 0xee,
    0xf8, 0xee, 0xf8, 0xee, 0xd7, 0xee, 0xd7, 0xee, 0xd7, 0xee, 0xd7, 0xee, 0xd7, 0xee, 0xd7, 0xee,
    0xd7, 0xee, 0xf8, 0xee, 0xd7, 0xee, 0xd7, 0xee, 0xd7, 0xee, 0xd7, 0xee, 0xd7, 0xee, 0xd7, 0xee,
    0xd7, 0xee, 0xf8, 0xee, 0xd7, 0xee, 0xd7, 0xee, 0xd7, 0xee, 0xd7, 0xee, 0xd7, 0xee, 0xd7, 0xee,
    0xf8, 0xee, 0xd7, 0xee, 0xf8, 0xee, 0xd7, 0xee, 0xd7, 0xee, 0xd7, 0xee, 0xf8, 0xee, 0xf8, 0xee,
    0xd7, 0xee, 0xd7, 0xee, 0xd7, 0xee, 0xd7, 0xee, 0xd7, 0xee, 0xd7, 0xee, 0xf8, 0xee, 0x75, 0xe6,
    0x75, 0xe6, 0xd7, 0xee, 0xd7, 0xee, 0xd7, 0xee, 0xf8, 0xee, 0xd7, 0xee, 0xd7, 0xee, 0xf8, 0xee,
    0xf8, 0xee, 0xf8, 0xee, 0xf8, 0xee, 0xd7, 0xee, 0xf8, 0xee, 0xf8, 0xee, 0xd7, 0xee, 0xd7, 0xee,
    0xd7, 0xee, 0xd7, 0xee, 0xd7, 0xee, 0xd7, 0xee, 0xd7, 0xee, 0xf8, 0xee, 0xf8, 0xee, 0xd7, 0xee,
    0xf8, 0xee, 0xf8, 0xee, 0xd7, 0xee, 0xd7, 0xee, 0xd7, 0xee, 0xf8, 0xee, 0xd7, 0xee, 0xd7, 0xee,
    0xf8, 0xee, 0xd7, 0xee, 0xf8, 0xee, 0xf8, 0xee, 0xf8, 0xee, 0xd7, 0xee, 0xd7, 0xee, 0xd7, 0xee,
    0xd7, 0xee, 0xd7, 0xee, 0xd7, 0xee, 0xf8, 0xee, 0xf8, 0xee, 0xf8, 0xee, 0xd7, 0xee, 0xd7, 0xee,
    0xd7, 0xee, 0xf8, 0xee, 0xf8, 0xee, 0xf8, 0xee, 0xf8, 0xee, 0xf8, 0xee, 0xd7, 0xee, 0xd7, 0xee,
    0xf8, 0xee, 0xf8, 0xee, 0xd7, 0xee, 0xf8, 0xee, 0xd7, 0xee, 0xd7, 0xee, 0xf8, 0xee, 0xd7, 0xee,
    0xf8, 0xee, 0xf8, 0xee, 0xd7, 0xee, 0xd7, 0xee, 0xf8, 0xee, 0xf8, 0xee, 0xf8, 0xee, 0xd7, 0xee,
    0xd7, 0xee, 0xd7, 0xee, 0xd7, 0xee, 0xf8, 0xee, 0xd7, 0xee, 0xf8, 0xee, 0xf8, 0xee, 0xf8, 0xee,
    0xf8, 0xee, 0xf8, 0xee, 0xf8, 0xee, 0xf8, 0xee, 0xf8, 0xee, 0xf8, 0xee, 0xd7, 0xee, 0xf8, 0xee,
    0xb6, 0xe6, 0xf8, 0xee, 0xf8, 0xee, 0xf8, 0xee, 0xf8, 0xee, 0xd7, 0xee, 0xd7, 0xee, 0xf8, 0xee,
    0xf8, 0xee, 0xf8, 0xee, 0xf8, 0xee, 0xf8, 0xee, 0xf8, 0xee, 0xf8, 0xee, 0xf8, 0xee, 0xf8, 0xee,
    0xf8, 0xee, 0xd7, 0xee, 0xd7, 0xee, 0xf8, 0xee, 0xf8, 0xee, 0xf8, 0xee, 0xf8, 0xee, 0xf8, 0xee,
    0xd7, 0xee, 0xf8, 0xee, 0xf8, 0xee, 0xf8, 0xee, 0xf8, 0xee, 0xf8, 0xee, 0xf8, 0xee, 0xf8, 0xee,
    0xf8, 0xee, 0xd7, 0xee, 0xd7, 0xee, 0xd7, 0xee, 0xd7, 0xee, 0xf8, 0xee, 0xd7, 0xee, 0xd7, 0xee,
    0xd7, 0xee, 0xd7, 0xee, 0xd7, 0xee, 0xd7, 0xee, 0xd7, 0xee, 0xf8, 0xee, 0xf8, 0xee, 0xd7, 0xee,
    0xd7, 0xee, 0xd7, 0xee, 0xd7, 0xee, 0xd7, 0xee, 0xf8, 0xee, 0xf8, 0xee, 0xf8, 0xee, 0xd7, 0xee,
    0xf8, 0xee, 0xf8, 0xee, 0xd7, 0xee, 0xd7, 0xee, 0xd7, 0xee, 0xd7, 0xee, 0xd7, 0xee, 0xf8, 0xee,
    0xd7, 0xee, 0xd7, 0xee, 0xd7, 0xee, 0xd7, 0xee, 0xd7, 0xee, 0xf8, 0xee, 0xd7, 0xee, 0xd7, 0xee,
    0xf8, 0xee, 0xd7, 0xee, 0xd7, 0xee, 0xf8, 0xee, 0xd7, 0xee, 0xf8, 0xee, 0xf8, 0xee, 0xf8, 0xee,
    0xd7, 0xee, 0xd7, 0xee, 0xf8, 0xee, 0xf8, 0xee, 0xd7, 0xee, 0xf8, 0xee, 0xd7, 0xee, 0xd7, 0xee,
    0xd7, 0xee, 0xd7, 0xee, 0xd7, 0xee, 0xd7, 0xee, 0xd7, 0xee, 0xf8, 0xee, 0xf8, 0xee, 0xf8, 0xee,
    0xf8, 0xee, 0xd7, 0xee, 0xd7, 0xee, 0xd7, 0xee, 0xd7, 0xee, 0xf8, 0xee, 0xd7, 0xee, 0xd7, 0xee,
    0xd7, 0xee, 0xd7, 0xee, 0xf8, 0xee, 0xf8, 0xee, 0xf8, 0xee, 0xd7, 0xee, 0xd7, 0xee, 0xd7, 0xee,
    0xd7, 0xee, 0xd7, 0xee, 0xd7, 0xee, 0xd7, 0xee, 0xd7, 0xee, 0xf8, 0xee, 0xd7, 0xee, 0xf8, 0xee,
    0xf8, 0xee, 0xd7, 0xee, 0xd7, 0xee, 0xd7, 0xee, 0xd7, 0xee, 0xd7, 0xee, 0xf8, 0xee, 0xd7, 0xee,
    0xd7, 0xee, 0xd7, 0xee, 0xd7, 0xee, 0xd7, 0xee, 0xd7, 0xee, 0xd7, 0xee, 0xd7, 0xee, 0xd7, 0xee,
    0xf8, 0xee, 0xf8, 0xee, 0xd7, 0xee, 0xd7, 0xee, 0xd7, 0xee, 0xd7, 0xee, 0xd7, 0xee, 0xd7, 0xee,
    0xf8, 0xee, 0xf8, 0xee, 0xd7, 0xee, 0xd7, 0xee, 0xd7, 0xee, 0xd7, 0xee, 0xd7, 0xee, 0x75, 0xe6,
    0x74, 0xe6, 0x95, 0xe6, 0xd7, 0xee, 0xd7, 0xee, 0xd7, 0xee, 0xd7, 0xee, 0xd7, 0xee, 0xf8, 0xee,
    0xf8, 0xee, 0xf8, 0xee, 0xd7, 0xee, 0xd7, 0xee, 0xf8, 0xee, 0xf8, 0xee, 0xd7, 0xee, 0xd7, 0xee,
    0xf8, 0xee, 0xd7, 0xee, 0xd7, 0xee, 0xf8, 0xee, 0xd7, 0xee, 0xd7, 0xee, 0xd7, 0xee, 0xd7, 0xee,
    0xf8, 0xee, 0xf8, 0xee, 0xf8, 0xee, 0xd7, 0xee, 0xd7, 0xee, 0xd7, 0xee, 0xd7, 0xee, 0xd7, 0xee,
    0xd7, 0xee, 0xd7, 0xee, 0xd7, 0xee, 0xf8, 0xee, 0xd7, 0xee, 0xd7, 0xee, 0xd7, 0xee, 0xd7, 0xee,
    0xd7, 0xee, 0xd7, 0xee, 0xd7, 0xee, 0xf8, 0xee, 0xf8, 0xee, 0xf8, 0xee, 0xf8, 0xee, 0xd7, 0xee,
    0xd7, 0xee, 0xf8, 0xee, 0xf8, 0xee, 0xf8, 0xee, 0xf8, 0xee, 0xf8, 0xee, 0xf8, 0xee, 0xd7, 0xee,
    0xd7, 0xee, 0xd7, 0xee, 0xf8, 0xee, 0xf8, 0xee, 0xd7, 0xee, 0xd7, 0xee, 0xd7, 0xee, 0xf8, 0xee,
    0xf8, 0xee, 0xf8, 0xee, 0xf8, 0xee, 0xf8, 0xee, 0xd7, 0xee, 0xd7, 0xee, 0xd7, 0xee, 0xd7, 0xee,
    0xf8, 0xee, 0xd7, 0xee, 0xd7, 0xee, 0xf8, 0xee, 0xd7, 0xee, 0xd7, 0xee, 0xd7, 0xee, 0xf8, 0xee,
    0xf8, 0xee, 0xf8, 0xee, 0xd7, 0xee, 0xf8, 0xee, 0xf8, 0xee, 0xf8, 0xee, 0xf8, 0xee, 0xf8, 0xee,
    0xd7, 0xee, 0xd7, 0xee, 0xf8, 0xee, 0xf8, 0xee, 0xd7, 0xee, 0xd7, 0xee, 0xd7, 0xee, 0xf8, 0xee,
    0xf8, 0xee, 0xf8, 0xee, 0xf8, 0xee, 0xf8, 0xee, 0xf8, 0xee, 0xd7, 0xee, 0xf8, 0xee, 0xf8, 0xee,
    0xf8, 0xee, 0xf8, 0xee, 0xd7, 0xee, 0xf8, 0xee, 0xf8, 0xee, 0xf8, 0xee, 0xf8, 0xee, 0xf8, 0xee,
    0xd7, 0xee, 0xf8, 0xee, 0xd7, 0xee, 0xd7, 0xee, 0xd7, 0xee, 0xf8, 0xee, 0xf8, 0xee, 0xf8, 0xee,
    0xf8, 0xee, 0xf8, 0xee, 0xd7, 0xee, 0xd7, 0xee, 0xd7, 0xee, 0xf8, 0xee, 0xd7, 0xee, 0xd7, 0xee,
    0xd7, 0xee, 0xd7, 0xee, 0xd7, 0xee, 0xd7, 0xee, 0xd7, 0xee, 0xf8, 0xee, 0xd7, 0xee, 0xd7, 0xee,
    0xd7, 0xee, 0xf8, 0xee, 0xd7, 0xee, 0xd7, 0xee, 0xf8, 0xee, 0xd7, 0xee, 0xd7, 0xee, 0xd7, 0xee,
    0xd7, 0xee, 0xd7, 0xee, 0xd7, 0xee, 0xd7, 0xee, 0xf8, 0xee, 0xf8, 0xee, 0xd7, 0xee, 0xf8, 0xee,
    0xf8, 0xee, 0xd7, 0xee, 0xd7, 0xee, 0xf8, 0xee, 0xd7, 0xee, 0xd7, 0xee, 0xd7, 0xee, 0xd7, 0xee,
    0xf8, 0xee, 0xd7, 0xee, 0xd7, 0xee, 0xd7, 0xee, 0xf8, 0xee, 0xd7, 0xee, 0xf8, 0xee, 0xd7, 0xee,
    0xd7, 0xee, 0xd7, 0xee, 0xf8, 0xee, 0xf8, 0xee, 0xd7, 0xee, 0xf8, 0xee, 0xf8, 0xee, 0xd7, 0xee,
    0xd7, 0xee, 0xd7, 0xee, 0xd7, 0xee, 0xd7, 0xee, 0xd7, 0xee, 0xd7, 0xee, 0xd7, 0xee, 0xf8, 0xee,
    0xf8, 0xee, 0xf8, 0xee, 0xf8, 0xee, 0xd7, 0xee, 0xd7, 0xee, 0xf8, 0xee, 0xf8, 0xee, 0xf8, 0xee,
    0xd7, 0xee, 0xd7, 0xee, 0xd7, 0xee, 0xd7, 0xee, 0xd7, 0xee, 0xd7, 0xee, 0xd7, 0xee, 0xd7, 0xee,
    0xd7, 0xee, 0xd7, 0xee, 0xd7, 0xee, 0xd7, 0xee, 0xf8, 0xee, 0xf8, 0xee, 0xf8, 0xee, 0xd7, 0xee,
    0xf8, 0xee, 0xd7, 0xee, 0xd7, 0xee, 0xf8, 0xee, 0xf8, 0xee, 0xd7, 0xee, 0xf8, 0xee, 0xd7, 0xee,
    0xd7, 0xee, 0xd7, 0xee, 0xf8, 0xee, 0xd7, 0xee, 0xd7, 0xee, 0xd7, 0xee, 0xf8, 0xee, 0xd7, 0xee,
    0xf8, 0xee, 0xf8, 0xee, 0xd7, 0xee, 0xd7, 0xee, 0xd7, 0xee, 0xd7, 0xee, 0xd7, 0xee, 0xd7, 0xee,
    0xf8, 0xee, 0xd7, 0xee, 0xd7, 0xee, 0xd7, 0xee, 0xd7, 0xee, 0xd7, 0xee, 0xd7, 0xee, 0x95, 0xe6,
    0x74, 0xe6, 0xb6, 0xe6, 0xd7, 0xee, 0xd7, 0xee, 0xd7, 0xee, 0xd7, 0xee, 0xd7, 0xee, 0xf8, 0xee,
    0xf8, 0xee, 0xd7, 0xee, 0xd7, 0xee, 0xd7, 0xee, 0xd7, 0xee, 0xd7, 0xee, 0xd7, 0xee, 0xd7, 0xee,
    0xf8, 0xee, 0xd7, 0xee, 0xf8, 0xee, 0xf8, 0xee, 0xd7, 0xee, 0xd7, 0xee, 0xd7, 0xee, 0xd7, 0xee,
    0xf8, 0xee, 0xf8, 0xee, 0xd7, 0xee, 0xd7, 0xee, 0xd7, 0xee, 0xd7, 0xee, 0xd7, 0xee, 0xf8, 0xee,
    0xf8, 0xee, 0xd7, 0xee, 0xf8, 0xee, 0xf8, 0xee, 0xf8, 0xee, 0xd7, 0xee, 0xd7, 0xee, 0xd7, 0xee,
    0xf8, 0xee, 0xd7, 0xee, 0xd7, 0xee, 0xf8, 0xee, 0xf8, 0xee, 0xf8, 0xee, 0xf8, 0xee, 0xd7, 0xee,
    0xd7, 0xee, 0xd7, 0xee, 0xd7, 0xee, 0xf8, 0xee, 0xd7, 0xee, 0xf8, 0xee, 0xd7, 0xee, 0xf8, 0xee,
    0xf8, 0xee, 0xf8, 0xee, 0xf8, 0xee, 0xd7, 0xee, 0xd7, 0xee, 0xf8, 0xee, 0xd7, 0xee, 0xd7, 0xee,
    0xf8, 0xee, 0xf8, 0xee, 0xf8, 0xee, 0xd7, 0xee, 0xd7, 0xee, 0xd7, 0xee, 0xd7, 0xee, 0xd7, 0xee,
    0xf8, 0xee, 0xf8, 0xee, 0xd7, 0xee, 0xf8, 0xee, 0xf8, 0xee, 0xd7, 0xee, 0xd7, 0xee, 0xf8, 0xee,
    0xf8, 0xee, 0xd7, 0xee, 0xf8, 0xee, 0xf8, 0xee, 0xf8, 0xee, 0xf8, 0xee, 0xf8, 0xee, 0xf8, 0xee,
    0xf8, 0xee, 0xd7, 0xee, 0xd7, 0xee, 0xd7, 0xee, 0xd7, 0xee, 0xd7, 0xee, 0xd7, 0xee, 0xf8, 0xee,
    0xf8, 0xee, 0xf8, 0xee, 0xf8, 0xee, 0xf8, 0xee, 0xf8, 0xee, 0xd7, 0xee, 0xd7, 0xee, 0xf8, 0xee,
    0xf8, 0xee, 0xf8, 0xee, 0xf8, 0xee, 0xf8, 0xee, 0xf8, 0xee, 0xf8, 0xee, 0xf8, 0xee, 0xd7, 0xee,
    0xf8, 0xee, 0xf8, 0xee, 0xf8, 0xee, 0xf8, 0xee, 0xf8, 0xee, 0xf8, 0xee, 0xf8, 0xee, 0xf8, 0xee,
    0xd7, 0xee, 0xd7, 0xee, 0xd7, 0xee, 0xf8, 0xee, 0xd7, 0xee, 0xd7, 0xee, 0xd7, 0xee, 0xd7, 0xee,
    0xd7, 0xee, 0xf8, 0xee, 0xd7, 0xee, 0xd7, 0xee, 0xd7, 0xee, 0xd7, 0xee, 0xd7, 0xee, 0xd7, 0xee,
    0xf8, 0xee, 0xf8, 0xee, 0xf8, 0xee, 0xf8, 0xee, 0xd7, 0xee, 0xd7, 0xee, 0xd7, 0xee, 0xd7, 0xee,
    0xd7, 0xee, 0xd7, 0xee, 0xd7, 0xee, 0xf8, 0xee, 0xf8, 0xee, 0xf8, 0xee, 0xf8, 0xee, 0xf8, 0xee,
    0xf8, 0xee, 0xd7, 0xee, 0xd7, 0xee, 0xd7, 0xee, 0xd7, 0xee, 0xd7, 0xee, 0xd7, 0xee, 0xf8, 0xee,
    0xf8, 0xee, 0xf8, 0xee, 0xd7, 0xee, 0xd7, 0xee, 0xf8, 0xee, 0xf8, 0xee, 0xf8, 0xee, 0xd7, 0xee,
    0xd7, 0xee, 0xf8, 0xee, 0xf8, 0xee, 0xd7, 0xee, 0xf8, 0xee, 0xf8, 0xee, 0xf8, 0xee, 0xd7, 0xee,
    0xf8, 0xee, 0xd7, 0xee, 0xd7, 0xee, 0xf8, 0xee, 0xf8, 0xee, 0xd7, 0xee, 0xf8, 0xee, 0xf8, 0xee,
    0xf8, 0xee, 0xf8, 0xee, 0xf8, 0xee, 0xf8, 0xee, 0xd7, 0xee, 0xf8, 0xee, 0xf8, 0xee, 0xd7, 0xee,
    0xd7, 0xee, 0xd7, 0xee, 0xd7, 0xee, 0xf8, 0xee, 0xd7, 0xee, 0xd7, 0xee, 0xd7, 0xee, 0xd7, 0xee,
    0xd7, 0xee, 0xd7, 0xee, 0xd7, 0xee, 0xd7, 0xee, 0xf8, 0xee, 0xf8, 0xee, 0xf8, 0xee, 0xf8, 0xee,
    0xf8, 0xee, 0xf8, 0xee, 0xd7, 0xee, 0xd7, 0xee, 0xf8, 0xee, 0xf8, 0xee, 0xf8, 0xee, 0xd7, 0xee,
    0xd7, 0xee, 0xd7, 0xee, 0xd7, 0xee, 0xd7, 0xee, 0xd7, 0xee, 0xd7, 0xee, 0xd7, 0xee, 0xd7, 0xee,
    0xd7, 0xee, 0xd7, 0xee, 0xf8, 0xee, 0xd7, 0xee, 0xd7, 0xee, 0xd7, 0xee, 0xd7, 0xee, 0xf8, 0xee,
    0xd7, 0xee, 0xd7, 0xee, 0xf8, 0xee, 0xf8, 0xee, 0xd7, 0xee, 0xd7, 0xee, 0xd7, 0xee, 0xd7, 0xee,
    0xb6, 0xe6, 0xd7, 0xee, 0xd7, 0xee, 0xd7, 0xee, 0xf8, 0xee, 0xf8, 0xee, 0xf8, 0xee, 0xf8, 0xee,
    0xd7, 0xee, 0xd7, 0xee, 0xd7, 0xee, 0xd7, 0xee, 0xd7, 0xee, 0xd7, 0xee, 0xf8, 0xee, 0xf8, 0xee,
    0xf8, 0xee, 0xf8, 0xee, 0xf8, 0xee, 0xf8, 0xee, 0xd7, 0xee, 0xd7, 0xee, 0xf8, 0xee, 0xd7, 0xee,
    0xf8, 0xee, 0xf8, 0xee, 0xd7, 0xee, 0xd7, 0xee, 0xd7, 0xee, 0xd7, 0xee, 0xd7, 0xee, 0xd7, 0xee,
    0xd7, 0xee, 0xd7, 0xee, 0xf8, 0xee, 0xf8, 0xee, 0xd7, 0xee, 0xd7, 0xee, 0xd7, 0xee, 0xd7, 0xee,
    0xd7, 0xee, 0xd7, 0xee, 0xd7, 0xee, 0xf8, 0xee, 0xf8, 0xee, 0xf8, 0xee, 0xf8, 0xee, 0xd7, 0xee,
    0xd7, 0xee, 0xd7, 0xee, 0xf8, 0xee, 0xd7, 0xee, 0xf8, 0xee, 0xf8, 0xee, 0xd7, 0xee, 0xf8, 0xee,
    0xf8, 0xee, 0xf8, 0xee, 0xf8, 0xee, 0xd7, 0xee, 0xd7, 0xee, 0xf8, 0xee, 0xd7, 0xee, 0xd7, 0xee,
    0xf8, 0xee, 0xf8, 0xee, 0xf8, 0xee, 0xf8, 0xee, 0xf8, 0xee, 0xd7, 0xee, 0xf8, 0xee, 0xf8, 0xee,
    0xd7, 0xee, 0xf8, 0xee, 0xd7, 0xee, 0xd7, 0xee, 0xf8, 0xee, 0xf8, 0xee, 0xf8, 0xee, 0xf8, 0xee,
    0xf8, 0xee, 0xf8, 0xee, 0xf8, 0xee, 0xf8, 0xee, 0xf8, 0xee, 0xf8, 0xee, 0xf8, 0xee, 0xf8, 0xee,
    0xf8, 0xee, 0xf8, 0xee, 0xf8, 0xee, 0xd7, 0xee, 0xf8, 0xee, 0xf8, 0xee, 0xf8, 0xee, 0xf8, 0xee,
    0xf8, 0xee, 0xf8, 0xee, 0xf8, 0xee, 0xf8, 0xee, 0xf8, 0xee, 0xd7, 0xee, 0xf8, 0xee, 0xf8, 0xee,
    0xf8, 0xee, 0xd7, 0xee, 0xf8, 0xee, 0xf8, 0xee, 0xf8, 0xee, 0xf8, 0xee, 0xf8, 0xee, 0xf8, 0xee,
    0xf8, 0xee, 0xf8, 0xee, 0xf8, 0xee, 0xf8, 0xee, 0xf8, 0xee, 0xf8, 0xee, 0xf8, 0xee, 0xf8, 0xee,
    0xd7, 0xee, 0xd7, 0xee, 0xd7, 0xee, 0xf8, 0xee, 0xd7, 0xee, 0xd7, 0xee, 0xd7, 0xee, 0xd7, 0xee,
    0xf8, 0xee, 0xf8, 0xee, 0xf8, 0xee, 0xf8, 0xee, 0xd7, 0xee, 0xd7, 0xee, 0xd7, 0xee, 0xf8, 0xee,
    0xf8, 0xee, 0xd7, 0xee, 0xf8, 0xee, 0xf8, 0xee, 0xd7, 0xee, 0xd7, 0xee, 0xd7, 0xee, 0xf8, 0xee,
    0xd7, 0xee, 0xd7, 0xee, 0xf8, 0xee, 0xf8, 0xee, 0xf8, 0xee, 0xf8, 0xee, 0xf8, 0xee, 0xf8, 0xee,
    0xf8, 0xee, 0xd7, 0xee, 0xf8, 0xee, 0xd7, 0xee, 0xf8, 0xee, 0xd7, 0xee, 0xd7, 0xee, 0xf8, 0xee,
    0xf8, 0xee, 0xf8, 0xee, 0xf8, 0xee, 0xd7, 0xee, 0xf8, 0xee, 0xf8, 0xee, 0xf8, 0xee, 0xd7, 0xee,
    0xf8, 0xee, 0xf8, 0xee, 0xd7, 0xee, 0xd7, 0xee, 0xd7, 0xee, 0xd7, 0xee, 0xd7, 0xee, 0xd7, 0xee,
    0xd7, 0xee, 0xf8, 0xee, 0xd7, 0xee, 0xd7, 0xee, 0xf8, 0xee, 0xf8, 0xee, 0xf8, 0xee, 0xf8, 0xee,
    0xf8, 0xee, 0xf8, 0xee, 0xf8, 0xee, 0xf8, 0xee, 0xf8, 0xee, 0xd7, 0xee, 0xd7, 0xee, 0xd7, 0xee,
    0xf8, 0xee, 0xd7, 0xee, 0xd7, 0xee, 0xf8, 0xee, 0xd7, 0xee, 0xd7, 0xee, 0xf8, 0xee, 0xd7, 0xee,
    0xd7, 0xee, 0xd7, 0xee, 0xd7, 0xee, 0xd7, 0xee, 0xf8, 0xee, 0xf8, 0xee, 0xf8, 0xee, 0xf8, 0xee,
    0xd7, 0xee, 0xd7, 0xee, 0xf8, 0xee, 0xf8, 0xee, 0xd7, 0xee, 0xd7, 0xee, 0xf8, 0xee, 0xd7, 0xee,
    0xb6, 0xe6, 0xd7, 0xee, 0xd7, 0xee, 0xd7, 0xee, 0xd7, 0xee, 0xd7, 0xee, 0xd7, 0xee, 0xd7, 0xee,
    0xd7, 0xee, 0xd7, 0xee, 0xd7, 0xee, 0xd7, 0xee, 0xd7, 0xee, 0xd7, 0xee, 0xd7, 0xee, 0xd7, 0xee,
    0xd7, 0xee, 0xd7, 0xee, 0xd7, 0xee, 0xf8, 0xee, 0xd7, 0xee, 0xd7, 0xee, 0xd7, 0xee, 0xd7, 0xee,
    0xf8, 0xee, 0xd7, 0xee, 0xd7, 0xee, 0xd7, 0xee, 0xf8, 0xee, 0xf8, 0xee, 0xf8, 0xee, 0xf8, 0xee,
    0xd7, 0xee, 0xd7, 0xee, 0xd7, 0xee, 0xd7, 0xee, 0xd7, 0xee, 0xd7, 0xee, 0xd7, 0xee, 0xf8, 0xee,
    0xf8, 0xee, 0xd7, 0xee, 0xf8, 0xee, 0xd7, 0xee, 0xd7, 0xee, 0xd7, 0xee, 0xf8, 0xee, 0xd7, 0xee,
    0xd7, 0xee, 0xf8, 0xee, 0xd7, 0xee, 0xd7, 0xee, 0xd7, 0xee, 0xd7, 0xee, 0xd7, 0xee, 0xd7, 0xee,
    0xf8, 0xee, 0xd7, 0xee, 0xf8, 0xee, 0xd7, 0xee, 0xf8, 0xee, 0xd7, 0xee, 0xd7, 0xee, 0xd7, 0xee,
    0xd7, 0xee, 0xd7, 0xee, 0xf8, 0xee, 0xf8, 0xee, 0xd7, 0xee, 0xf8, 0xee, 0xd7, 0xee, 0xd7, 0xee,
    0xd7, 0xee, 0xd7, 0xee, 0xd7, 0xee, 0xd7, 0xee, 0xd7, 0xee, 0xd7, 0xee, 0xd7, 0xee, 0xf8, 0xee,
    0xf8, 0xee, 0xf8, 0xee, 0xf8, 0xee, 0xf8, 0xee, 0xf8, 0xee, 0xd7, 0xee, 0xf8, 0xee, 0xd7, 0xee,
    0xf8, 0xee, 0xd7, 0xee, 0xd7, 0xee, 0xd7, 0xee, 0xd7, 0xee, 0xf8, 0xee, 0xf8, 0xee, 0xf8, 0xee,
    0xd7, 0xee, 0xf8, 0xee, 0xd7, 0xee, 0xd7, 0xee, 0xf8, 0xee, 0xf8, 0xee, 0xf8, 0xee, 0xf8, 0xee,
    0xf8, 0xee, 0xf8, 0xee, 0xf8, 0xee, 0xf8, 0xee, 0xf8, 0xee, 0xf8, 0xee, 0xd7, 0xee, 0xd7, 0xee,
    0xf8, 0xee, 0xf8, 0xee, 0xf8, 0xee, 0xf8, 0xee, 0xd7, 0xee, 0xd7, 0xee, 0xf8, 0xee, 0xf8, 0xee,
    0xf8, 0xee, 0xf8, 0xee, 0xf8, 0xee, 0xd7, 0xee, 0xf8, 0xee, 0xf8, 0xee, 0xf8, 0xee, 0xf8, 0xee,
    0xf8, 0xee, 0xf8, 0xee, 0xd7, 0xee, 0xd7, 0xee, 0xf8, 0xee, 0xf8, 0xee, 0xf8, 0xee, 0xf8, 0xee,
    0xf8, 0xee, 0xf8, 0xee, 0xf8, 0xee, 0xd7, 0xee, 0xd7, 0xee, 0xd7, 0xee, 0xf8, 0xee, 0xf8, 0xee,
    0xd7, 0xee, 0xd7, 0xee, 0xd7, 0xee, 0xd7, 0xee, 0xd7, 0xee, 0xd7, 0xee, 0xd7, 0xee, 0xd7, 0xee,
    0xd7, 0xee, 0xd7, 0xee, 0xd7, 0xee, 0xf8, 0xee, 0xf8, 0xee, 0xd7, 0xee, 0xd7, 0xee, 0xd7, 0xee,
    0xf8, 0xee, 0xf8, 0xee, 0xf8, 0xee, 0xf8, 0xee, 0xd7, 0xee, 0xd7, 0xee, 0xd7, 0xee, 0xd7, 0xee,
    0xd7, 0xee, 0xd7, 0xee, 0xf8, 0xee, 0xf8, 0xee, 0xf8, 0xee, 0xf8, 0xee, 0xf8, 0xee, 0xf8, 0xee,
    0xf8, 0xee, 0xd7, 0xee, 0xf8, 0xee, 0xf8, 0xee, 0xd7, 0xee, 0xf8, 0xee, 0xf8, 0xee, 0xf8, 0xee,
    0xf8, 0xee, 0xd7, 0xee, 0xf8, 0xee, 0xd7, 0xee, 0xf8, 0xee, 0xf8, 0xee, 0xf8, 0xee, 0xf8, 0xee,
    0xf8, 0xee, 0xf8, 0xee, 0xd7, 0xee, 0xf8, 0xee, 0xd7, 0xee, 0xf8, 0xee, 0xd7, 0xee, 0xf8, 0xee,
    0xd7, 0xee, 0xd7, 0xee, 0xf8, 0xee, 0xf8, 0xee, 0xf8, 0xee, 0xf8, 0xee, 0xf8, 0xee, 0xf8, 0xee,
    0xf8, 0xee, 0xd7, 0xee, 0xf8, 0xee, 0xf8, 0xee, 0xd7, 0xee, 0xd7, 0xee, 0xf8, 0xee, 0xf8, 0xee,
    0xf8, 0xee, 0xf8, 0xee, 0xd7, 0xee, 0xf8, 0xee, 0xd7, 0xee, 0xf8, 0xee, 0xd7, 0xee, 0xd7, 0xee,
    0xd7, 0xee, 0xd7, 0xee, 0xd7, 0xee, 0xd7, 0xee, 0xd7, 0xee, 0xd7, 0xee, 0xf8, 0xee, 0xf8, 0xee,
    0xd7, 0xee, 0xf8, 0xee, 0xf8, 0xee, 0xd7, 0xee, 0xd7, 0xee, 0xf8, 0xee, 0xd7, 0xee, 0xf8, 0xee,
    0xd7, 0xee, 0xd7, 0xee, 0xd7, 0xee, 0xd7, 0xee, 0xf8, 0xee, 0xf8, 0xee, 0xd7, 0xee, 0xf8, 0xee,
    0xd7, 0xee, 0xd7, 0xee, 0xd7, 0xee, 0xd7, 0xee, 0xf8, 0xee, 0xd7, 0xee, 0xd7, 0xee, 0xd7, 0xee,
    0xd7, 0xee, 0xf8, 0xee, 0xf8, 0xee, 0xd7, 0xee, 0xd7, 0xee, 0xf8, 0xee, 0xd7, 0xee, 0xd7, 0xee,
    0xd7, 0xee, 0xd7, 0xee, 0xd7, 0xee, 0xd7, 0xee, 0xd7, 0xee, 0xd7, 0xee, 0xd7, 0xee, 0xd7, 0xee,
    0xd7, 0xee, 0xd7, 0xee, 0xd7, 0xee, 0xf8, 0xee, 0xf8, 0xee, 0xd7, 0xee, 0xf8, 0xee, 0xf8, 0xee,
    0xf8, 0xee, 0xd7, 0xee, 0xf8, 0xee, 0xf8, 0xee, 0xf8, 0xee, 0xf8, 0xee, 0xf8, 0xee, 0xf8, 0xee,
    0xd7, 0xee, 0xf8, 0xee, 0xd7, 0xee, 0xd7, 0xee, 0xf8, 0xee, 0xd7, 0xee, 0xd7, 0xee, 0xd7, 0xee,
    0xf8, 0xee, 0xd7, 0xee, 0xf8, 0xee, 0xd7, 0xee, 0xd7, 0xee, 0xf8, 0xee, 0xd7, 0xee, 0xd7, 0xee,
    0xf8, 0xee, 0xd7, 0xee, 0xd7, 0xee, 0xd7, 0xee, 0xf8, 0xee, 0xf8, 0xee, 0xd7, 0xee, 0xd7, 0xee,
    0xd7, 0xee, 0xd7, 0xee, 0xd7, 0xee, 0xd7, 0xee, 0xd7, 0xee, 0xd7, 0xee, 0xd7, 0xee, 0xf8, 0xee,
    0xf8, 0xee, 0xf8, 0xee, 0xd7, 0xee, 0xd7, 0xee, 0xd7, 0xee, 0xd7, 0xee, 0xd7, 0xee, 0xf8, 0xee,
    0xd7, 0xee, 0xd7, 0xee, 0xd7, 0xee, 0xd7, 0xee, 0xd7, 0xee, 0xd7, 0xee, 0xd7, 0xee, 0xd7, 0xee,
    0xd7, 0xee, 0xd7, 0xee, 0xd7, 0xee, 0xd7, 0xee, 0xf8, 0xee, 0xf8, 0xee, 0xf8, 0xee, 0xf8, 0xee,
    0xf8, 0xee, 0xf8, 0xee, 0xf8, 0xee, 0xf8, 0xee, 0xf8, 0xee, 0xd7, 0xee, 0xd7, 0xee, 0xd7, 0xee,
    0xf8, 0xee, 0xf8, 0xee, 0xf8, 0xee, 0xf8, 0xee, 0xf8, 0xee, 0xd7, 0xee, 0xd7, 0xee, 0xf8, 0xee,
    0xf8, 0xee, 0xf8, 0xee, 0xf8, 0xee, 0xf8, 0xee, 0xf8, 0xee, 0xd7, 0xee, 0xd7, 0xee, 0xf8, 0xee,
    0xf8, 0xee, 0xf8, 0xee, 0xf8, 0xee, 0xd7, 0xee, 0xf8, 0xee, 0xf8, 0xee, 0xf8, 0xee, 0xf8, 0xee,
    0xd7, 0xee, 0xf8, 0xee, 0xf8, 0xee, 0xd7, 0xee, 0xd7, 0xee, 0xf8, 0xee, 0xf8, 0xee, 0xf8, 0xee,
    0xd7, 0xee, 0xd7, 0xee, 0xd7, 0xee, 0xd7, 0xee, 0xd7, 0xee, 0xd7, 0xee, 0xd7, 0xee, 0xf8, 0xee,
    0xd7, 0xee, 0xd7, 0xee, 0xd7, 0xee, 0xd7, 0xee, 0xd7, 0xee, 0xd7, 0xee, 0xd7, 0xee, 0xd7, 0xee,
    0xf8, 0xee, 0xf8, 0xee, 0xf8, 0xee, 0xf8, 0xee, 0xd7, 0xee, 0xd7, 0xee, 0xf8, 0xee, 0xd7, 0xee,
    0xd7, 0xee, 0xf8, 0xee, 0xf8, 0xee, 0xf8, 0xee, 0xf8, 0xee, 0xf8, 0xee, 0xd7, 0xee, 0xd7, 0xee,
    0xf8, 0xee, 0xf8, 0xee, 0xf8, 0xee, 0xf8, 0xee, 0xf8, 0xee, 0xf8, 0xee, 0xd7, 0xee, 0xf8, 0xee,
    0xf8, 0xee, 0xd7, 0xee, 0xf8, 0xee, 0xd7, 0xee, 0xf8, 0xee, 0xf8, 0xee, 0xf8, 0xee, 0xf8, 0xee,
    0xd7, 0xee, 0xd7, 0xee, 0xf8, 0xee, 0xf8, 0xee, 0xd7, 0xee, 0xf8, 0xee, 0xd7, 0xee, 0xd7, 0xee,
    0xd7, 0xee, 0xf8, 0xee, 0xd7, 0xee, 0xd7, 0xee, 0xf8, 0xee, 0xf8, 0xee, 0xd7, 0xee, 0xf8, 0xee,
    0xd7, 0xee, 0xd7, 0xee, 0xd7, 0xee, 0xd7, 0xee, 0xf8, 0xee, 0xf8, 0xee, 0xd7, 0xee, 0xd7, 0xee,
    0xf8, 0xee, 0xf8, 0xee, 0xd7, 0xee, 0xf8, 0xee, 0xd7, 0xee, 0xd7, 0xee, 0xd7, 0xee, 0xd7, 0xee,
    0xf8, 0xee, 0xf8, 0xee, 0xd7, 0xee, 0xd7, 0xee, 0xd7, 0xee, 0xd7, 0xee, 0xd7, 0xee, 0xf8, 0xee,
    0xd7, 0xee, 0xf8, 0xee, 0xd7, 0xee, 0xd7, 0xee, 0xd7, 0xee, 0xd7, 0xee, 0xd7, 0xee, 0xf8, 0xee,
    0xd7, 0xee, 0xd7, 0xee, 0xd7, 0xee, 0xd7, 0xee, 0xf8, 0xee, 0xf8, 0xee, 0xf8, 0xee, 0xf8, 0xee,
    0xf8, 0xee, 0xd7, 0xee, 0xd7, 0xee, 0xf8, 0xee, 0xd7, 0xee, 0xd7, 0xee, 0xd7, 0xee, 0xd7, 0xee,
    0xd7, 0xee, 0xf8, 0xee, 0xf8, 0xee, 0xf8, 0xee, 0xd7, 0xee, 0xd7, 0xee, 0xd7, 0xee, 0xd7, 0xee,
    0xd7, 0xee, 0xd7, 0xee, 0xd7, 0xee, 0xd7, 0xee, 0xd7, 0xee, 0xd7, 0xee, 0xd7, 0xee, 0xd7, 0xee,
    0xd7, 0xee, 0xd7, 0xee, 0xd7, 0xee, 0xd7, 0xee, 0xf8, 0xee, 0xd7, 0xee, 0xd7, 0xee, 0xf8, 0xee,
    0xf8, 0xee, 0xd7, 0xee, 0xf8, 0xee, 0xf8, 0xee, 0xf8, 0xee, 0xf8, 0xee, 0xf8, 0xee, 0xd7, 0xee,
    0xf8, 0xee, 0xd7, 0xee, 0x75, 0xe6, 0xb6, 0xee, 0xf8, 0xee, 0xd7, 0xee, 0xd7, 0xee, 0xd7, 0xee,
    0xd7, 0xee, 0xf8, 0xee, 0xd7, 0xee, 0xd7, 0xee, 0xd7, 0xee, 0xd7, 0xee, 0xf8, 0xee, 0xd7, 0xee,
    0xd7, 0xee, 0xd7, 0xee, 0xd7, 0xee, 0xd7, 0xee, 0xf8, 0xee, 0xf8, 0xee, 0xf8, 0xee, 0xd7, 0xee,
    0xd7, 0xee, 0xf8, 0xee, 0xd7, 0xee, 0xd7, 0xee, 0xd7, 0xee, 0xd7, 0xee, 0xf8, 0xee, 0xd7, 0xee,
    0xd7, 0xee, 0xf8, 0xee, 0xd7, 0xee, 0xd7, 0xee, 0xd7, 0xee, 0xd7, 0xee, 0xd7, 0xee, 0xd7, 0xee,
    0xd7, 0xee, 0xd7, 0xee, 0xd7, 0xee, 0xd7, 0xee, 0xf8, 0xee, 0xd7, 0xee, 0xd7, 0xee, 0xf8, 0xee,
    0xf8, 0xee, 0xf8, 0xee, 0xf8, 0xee, 0xd7, 0xee, 0xd7, 0xee, 0xd7, 0xee, 0xf8, 0xee, 0xf8, 0xee,
    0xf8, 0xee, 0xf8, 0xee, 0xf8, 0xee, 0xf8, 0xee, 0xf8, 0xee, 0xd7, 0xee, 0xd7, 0xee, 0xd7, 0xee,
    0xd7, 0xee, 0xf8, 0xee, 0xf8, 0xee, 0xf8, 0xee, 0xf8, 0xee, 0xd7, 0xee, 0xd7, 0xee, 0xd7, 0xee,
    0xd7, 0xee, 0xd7, 0xee, 0xf8, 0xee, 0xf8, 0xee, 0xf8, 0xee, 0xf8, 0xee, 0xd7, 0xee, 0xf8, 0xee,
    0xf8, 0xee, 0xf8, 0xee, 0xf8, 0xee, 0xd7, 0xee, 0xd7, 0xee, 0xf8, 0xee, 0xf8, 0xee, 0xd7, 0xee,
    0xd7, 0xee, 0xf8, 0xee, 0xf8, 0xee, 0xf8, 0xee, 0xf8, 0xee, 0xf8, 0xee, 0xf8, 0xee, 0xf8, 0xee,
    0xf8, 0xee, 0xd7, 0xee, 0xf8, 0xee, 0xd7, 0xee, 0xd7, 0xee, 0xd7, 0xee, 0xf8, 0xee, 0xf8, 0xee,
    0xf8, 0xee, 0xd7, 0xee, 0xd7, 0xee, 0xd7, 0xee, 0xd7, 0xee, 0xd7, 0xee, 0xd7, 0xee, 0xd7, 0xee,
    0xf8, 0xee, 0xf8, 0xee, 0xf8, 0xee, 0xd7, 0xee, 0xf8, 0xee, 0xf8, 0xee, 0xf8, 0xee, 0xf8, 0xee,
    0xd7, 0xee, 0xd7, 0xee, 0xf8, 0xee, 0xf8, 0xee, 0xf8, 0xee, 0xf8, 0xee, 0xd7, 0xee, 0xd7, 0xee,
    0xd7, 0xee, 0xd7, 0xee, 0xf8, 0xee, 0xd7, 0xee, 0xf8, 0xee, 0xd7, 0xee, 0xd7, 0xee, 0xd7, 0xee,
    0xf8, 0xee, 0xf8, 0xee, 0xf8, 0xee, 0xf8, 0xee, 0xd7, 0xee, 0xd7, 0xee, 0xf8, 0xee, 0xf8, 0xee,
    0xd7, 0xee, 0xd7, 0xee, 0xf8, 0xee, 0xd7, 0xee, 0xd7, 0xee, 0xd7, 0xee, 0xd7, 0xee, 0xd7, 0xee,
    0xd7, 0xee, 0xd7, 0xee, 0xd7, 0xee, 0xd7, 0xee, 0xd7, 0xee, 0xf8, 0xee, 0xd7, 0xee, 0xd7, 0xee,
    0xd7, 0xee, 0xd7, 0xee, 0xd7, 0xee, 0xd7, 0xee, 0xf8, 0xee, 0xd7, 0xee, 0xf8, 0xee, 0xd7, 0xee,
    0xd7, 0xee, 0xd7, 0xee, 0xd7, 0xee, 0xf8, 0xee, 0xf8, 0xee, 0xd7, 0xee, 0xd7, 0xee, 0xf8, 0xee,
    0xf8, 0xee, 0xf8, 0xee, 0xf8, 0xee, 0xd7, 0xee, 0xd7, 0xee, 0xd7, 0xee, 0xd7, 0xee, 0xd7, 0xee,
    0xd7, 0xee, 0xf8, 0xee, 0xf8, 0xee, 0xd7, 0xee, 0xd7, 0xee, 0xd7, 0xee, 0xf8, 0xee, 0xf8, 0xee,
    0xf8, 0xee, 0xd7, 0xee, 0xd7, 0xee, 0xd7, 0xee, 0xf8, 0xee, 0xd7, 0xee, 0xf8, 0xee, 0xf8, 0xee,
    0xd7, 0xee, 0xd7, 0xee, 0xf8, 0xee, 0xf8, 0xee, 0xf8, 0xee, 0xd7, 0xee, 0xf8, 0xee, 0xd7, 0xee,
    0xd7, 0xee, 0xd7, 0xee, 0xf8, 0xee, 0xd7, 0xee, 0xd7, 0xee, 0xd7, 0xee, 0xf8, 0xee, 0xf8, 0xee,
    0xd7, 0xee, 0xd7, 0xee, 0xd7, 0xee, 0xd7, 0xee, 0xd7, 0xee, 0xd7, 0xee, 0xd7, 0xee, 0xd7, 0xee,
    0xd7, 0xee, 0xd7, 0xee, 0xd7, 0xee, 0xf8, 0xee, 0xd7, 0xee, 0xd7, 0xee, 0xf8, 0xee, 0xf8, 0xee,
    0xd7, 0xee, 0xd7, 0xee, 0xf8, 0xee, 0xd7, 0xee, 0xd7, 0xee, 0xd7, 0xee, 0xd7, 0xee, 0xd7, 0xee,
    0xd7, 0xee, 0xd7, 0xee, 0xb6, 0xee, 0xd7, 0xee, 0xf8, 0xee, 0xd7, 0xee, 0xd7, 0xee, 0xf8, 0xee,
    0xf8, 0xee, 0xf8, 0xee, 0xd7, 0xee, 0xf8, 0xee, 0xf8, 0xee, 0xd7, 0xee, 0xd7, 0xee, 0xf8, 0xee,
    0xd7, 0xee, 0xd7, 0xee, 0xd7, 0xee, 0xf8, 0xee, 0xd7, 0xee, 0xd7, 0xee, 0xf8, 0xee, 0xd7, 0xee,
    0xd7, 0xee, 0xf8, 0xee, 0xf8, 0xee, 0xf8, 0xee, 0xd7, 0xee, 0xd7, 0xee, 0xd7, 0xee, 0xd7, 0xee,
    0xd7, 0xee, 0xd7, 0xee, 0xd7, 0xee, 0xd7, 0xee, 0xd7, 0xee, 0xd7, 0xee, 0xd7, 0xee, 0xd7, 0xee,
    0xd7, 0xee, 0xd7, 0xee, 0xd7, 0xee, 0xf8, 0xee, 0xd7, 0xee, 0xf8, 0xee, 0xf8, 0xee, 0xd7, 0xee,
    0xd7, 0xee, 0xf8, 0xee, 0xd7, 0xee, 0xd7, 0xee, 0xd7, 0xee, 0xd7, 0xee, 0xf8, 0xee, 0xd7, 0xee,
    0xd7, 0xee, 0xd7, 0xee, 0xd7, 0xee, 0xf8, 0xee, 0xf8, 0xee, 0xd7, 0xee, 0xd7, 0xee, 0xf8, 0xee,
    0xf8, 0xee, 0xf8, 0xee, 0xf8, 0xee, 0xf8, 0xee, 0xd7, 0xee, 0xd7, 0xee, 0xd7, 0xee, 0xd7, 0xee,
    0xd7, 0xee, 0xd7, 0xee, 0xd7, 0xee, 0xf8, 0xee, 0xd7, 0xee, 0xf8, 0xee, 0xf8, 0xee, 0xf8, 0xee,
    0xf8, 0xee, 0xf8, 0xee, 0xf8, 0xee, 0xf8, 0xee, 0xd7, 0xee, 0xd7, 0xee, 0xf8, 0xee, 0xd7, 0xee,
    0xd7, 0xee, 0xd7, 0xee, 0xd7, 0xee, 0xf8, 0xee, 0xf8, 0xee, 0xf8, 0xee, 0xd7, 0xee, 0xf8, 0xee,
    0xf8, 0xee, 0xd7, 0xee, 0xd7, 0xee, 0xd7, 0xee, 0xd7, 0xee, 0xf8, 0xee, 0xf8, 0xee, 0xf8, 0xee,
    0xf8, 0xee, 0xd7, 0xee, 0xd7, 0xee, 0xd7, 0xee, 0xd7, 0xee, 0xd7, 0xee, 0xd7, 0xee, 0xd7, 0xee,
    0xd7, 0xee, 0xd7, 0xee, 0xd7, 0xee, 0xd7, 0xee, 0xf8, 0xee, 0xd7, 0xee, 0xf8, 0xee, 0xf8, 0xee,
    0xd7, 0xee, 0xd7, 0xee, 0xd7, 0xee, 0xd7, 0xee, 0xf8, 0xee, 0xf8, 0xee, 0xf8, 0xee, 0xd7, 0xee,
    0xd7, 0xee, 0xd7, 0xee, 0xd7, 0xee, 0xd7, 0xee, 0xd7, 0xee, 0xf8, 0xee, 0xd7, 0xee, 0xd7, 0xee,
    0xd7, 0xee, 0xd7, 0xee, 0xd7, 0xee, 0xd7, 0xee, 0xd7, 0xee, 0xd7, 0xee, 0xf8, 0xee, 0xd7, 0xee,
    0xd7, 0xee, 0xd7, 0xee, 0xf8, 0xee, 0xf8, 0xee, 0xd7, 0xee, 0xd7, 0xee, 0xf8, 0xee, 0xd7, 0xee,
    0xd7, 0xee, 0xd7, 0xee, 0xf8, 0xee, 0xd7, 0xee, 0xd7, 0xee, 0xd7, 0xee, 0xd7, 0xee, 0xd7, 0xee,
    0xd7, 0xee, 0xd7, 0xee, 0xd7, 0xee, 0xf8, 0xee, 0xf8, 0xee, 0xf8, 0xee, 0xd7, 0xee, 0xf8, 0xee,
    0xd7, 0xee, 0xd7, 0xee, 0xd7, 0xee, 0xf8, 0xee, 0xd7, 0xee, 0xd7, 0xee, 0xd7, 0xee, 0xf8, 0xee,
    0xf8, 0xee, 0xf8, 0xee, 0xf8, 0xee, 0xf8, 0xee, 0xf8, 0xee, 0xd7, 0xee, 0xd7, 0xee, 0xf8, 0xee,
    0xd7, 0xee, 0xd7, 0xee, 0xf8, 0xee, 0xd7, 0xee, 0xd7, 0xee, 0xf8, 0xee, 0xd7, 0xee, 0xf8, 0xee,
    0xf8, 0xee, 0xd7, 0xee, 0xd7, 0xee, 0xd7, 0xee, 0xf8, 0xee, 0xf8, 0xee, 0xf8, 0xee, 0xf8, 0xee,
    0xf8, 0xee, 0xd7, 0xee, 0xd7, 0xee, 0xf8, 0xee, 0xf8, 0xee, 0xd7, 0xee, 0xd7, 0xee, 0xd7, 0xee,
    0xd7, 0xee, 0xd7, 0xee, 0xf8, 0xee, 0xd7, 0xee, 0xd7, 0xee, 0xd7, 0xee, 0xd7, 0xee, 0xd7, 0xee,
    0xd7, 0xee, 0xd7, 0xee, 0xd7, 0xee, 0xd7, 0xee, 0xd7, 0xee, 0xd7, 0xee, 0xd7, 0xee, 0xf8, 0xee,
    0xd7, 0xee, 0xd7, 0xee, 0xd7, 0xee, 0xf8, 0xee, 0xd7, 0xee, 0xd7, 0xee, 0xd7, 0xee, 0xd7, 0xee,
    0xd7, 0xee, 0xd7, 0xee, 0xd7, 0xee, 0xd7, 0xee, 0xd7, 0xee, 0xd7, 0xee, 0xf8, 0xee, 0xd7, 0xee,
    0xd7, 0xee, 0xf8, 0xee, 0xf8, 0xee, 0xd7, 0xee, 0xf8, 0xee, 0xb6, 0xe6, 0xd7, 0xee, 0xf8, 0xee,
    0xf8, 0xee, 0xd7, 0xee, 0xf8, 0xee, 0xf8, 0xee, 0xf8, 0xee, 0xf8, 0xee, 0xf8, 0xee, 0xd7, 0xee,
    0xf8, 0xee, 0xd7, 0xee, 0xd7, 0xee, 0xd7, 0xee, 0xf8, 0xee, 0xd7, 0xee, 0xd7, 0xee, 0xd7, 0xee,
    0xd7, 0xee, 0xf8, 0xee, 0xd7, 0xee, 0xf8, 0xee, 0xd7, 0xee, 0xd7, 0xee, 0xd7, 0xee, 0xd7, 0xee,
    0xf8, 0xee, 0xf8, 0xee, 0xf8, 0xee, 0xd7, 0xee, 0xd7, 0xee, 0xd7, 0xee, 0xd7, 0xee, 0xd7, 0xee,
    0xd7, 0xee, 0xd7, 0xee, 0xd7, 0xee, 0xd7, 0xee, 0xd7, 0xee, 0xf8, 0xee, 0xf8, 0xee, 0xd7, 0xee,
    0xf8, 0xee, 0xf8, 0xee, 0xd7, 0xee, 0xd7, 0xee, 0xd7, 0xee, 0xf8, 0xee, 0xf8, 0xee, 0xf8, 0xee,
    0xd7, 0xee, 0xd7, 0xee, 0xf8, 0xee, 0xf8, 0xee, 0xd7, 0xee, 0xd7, 0xee, 0xf8, 0xee, 0xf8, 0xee,
    0xf8, 0xee, 0xf8, 0xee, 0xf8, 0xee, 0xf8, 0xee, 0xd7, 0xee, 0xd7, 0xee, 0xf8, 0xee, 0xd7, 0xee,
    0xf8, 0xee, 0xd7, 0xee, 0xd7, 0xee, 0xd7, 0xee, 0xd7, 0xee, 0xd7, 0xee, 0xd7, 0xee, 0xf8, 0xee,
    0xf8, 0xee, 0xf8, 0xee, 0xf8, 0xee, 0xf8, 0xee, 0xd7, 0xee, 0xf8, 0xee, 0xf8, 0xee, 0xf8, 0xee,
    0xd7, 0xee, 0xd7, 0xee, 0xf8, 0xee, 0xf8, 0xee, 0xf8, 0xee, 0xf8, 0xee, 0xf8, 0xee, 0xd7, 0xee,
    0xd7, 0xee, 0xd7, 0xee, 0xd7, 0xee, 0xd7, 0xee, 0xd7, 0xee, 0xf8, 0xee, 0xf8, 0xee, 0xf8, 0xee,
    0xd7, 0xee, 0xd7, 0xee, 0xd7, 0xee, 0xd7, 0xee, 0xd7, 0xee, 0xd7, 0xee, 0xd7, 0xee, 0xd7, 0xee,
    0xd7, 0xee, 0xd7, 0xee, 0xd7, 0xee, 0xd7, 0xee, 0xf8, 0xee, 0xd7, 0xee, 0xd7, 0xee, 0xd7, 0xee,
    0xd7, 0xee, 0xf8, 0xee, 0xf8, 0xee, 0xd7, 0xee, 0xf8, 0xee, 0xf8, 0xee, 0xd7, 0xee, 0xd7, 0xee,
    0xf8, 0xee, 0xf8, 0xee, 0xf8, 0xee, 0xf8, 0xee, 0xf8, 0xee, 0xd7, 0xee, 0xf8, 0xee, 0xd7, 0xee,
    0xb6, 0xe6, 0xd7, 0xee, 0xf8, 0xee, 0xd7, 0xee, 0xf8, 0xee, 0xf8, 0xee, 0xd7, 0xee, 0xd7, 0xee,
    0xd7, 0xee, 0xd7, 0xee, 0xf8, 0xee, 0xf8, 0xee, 0xd7, 0xee, 0xd7, 0xee, 0xd7, 0xee, 0xd7, 0xee,
    0xd7, 0xee, 0xd7, 0xee, 0xd7, 0xee, 0xd7, 0xee, 0xd7, 0xee, 0xf8, 0xee, 0xf8, 0xee, 0xd7, 0xee,
    0xd7, 0xee, 0xd7, 0xee, 0xd7, 0xee, 0xf8, 0xee, 0xd7, 0xee, 0xd7, 0xee, 0xd7, 0xee, 0xf8, 0xee,
    0xf8, 0xee, 0xd7, 0xee, 0xd7, 0xee, 0xd7, 0xee, 0xf8, 0xee, 0xd7, 0xee, 0xd7, 0xee, 0xd7, 0xee,
    0xf8, 0xee, 0xf8, 0xee, 0xd7, 0xee, 0xd7, 0xee, 0xd7, 0xee, 0xd7, 0xee, 0xd7, 0xee, 0xd7, 0xee,
    0xd7, 0xee, 0xf8, 0xee, 0xf8, 0xee, 0xf8, 0xee, 0xf8, 0xee, 0xf8, 0xee, 0xd7, 0xee, 0xf8, 0xee,
    0xf8, 0xee, 0xf8, 0xee, 0xd7, 0xee, 0xd7, 0xee, 0xd7, 0xee, 0xd7, 0xee, 0xf8, 0xee, 0xd7, 0xee,
    0xf8, 0xee, 0xd7, 0xee, 0xd7, 0xee, 0xf8, 0xee, 0xf8, 0xee, 0xf8, 0xee, 0xd7, 0xee, 0xd7, 0xee,
    0xd7, 0xee, 0xd7, 0xee, 0xd7, 0xee, 0xf8, 0xee, 0xf8, 0xee, 0xd7, 0xee, 0xd7, 0xee, 0xf8, 0xee,
    0xd7, 0xee, 0xd7, 0xee, 0xd7, 0xee, 0xd7, 0xee, 0xd7, 0xee, 0xd7, 0xee, 0xd7, 0xee, 0xf8, 0xee,
    0xd7, 0xee, 0xd7, 0xee, 0xd7, 0xee, 0xd7, 0xee, 0xd7, 0xee, 0xf8, 0xee, 0xd7, 0xee, 0xd7, 0xee,
    0xd7, 0xee, 0xd7, 0xee, 0xf8, 0xee, 0xf8, 0xee, 0xf8, 0xee, 0xd7, 0xee, 0xd7, 0xee, 0xd7, 0xee,
    0xf8, 0xee, 0xf8, 0xee, 0xf8, 0xee, 0xf8, 0xee, 0xf8, 0xee, 0xd7, 0xee, 0xb6, 0xe6, 0xd7, 0xee,
    0xf8, 0xee, 0xd7, 0xee, 0xf8, 0xee, 0xf8, 0xee, 0xf8, 0xee, 0xd7, 0xee, 0xf8, 0xee, 0xd7, 0xee,
    0xd7, 0xee, 0xf8, 0xee, 0xd7, 0xee, 0xd7, 0xee, 0xd7, 0xee, 0xd7, 0xee, 0xd7, 0xee, 0xd7, 0xee,
    0xd7, 0xee, 0xf8, 0xee, 0xf8, 0xee, 0xd7, 0xee, 0xd7, 0xee, 0xd7, 0xee, 0xb6, 0xe6, 0x95, 0xe6,
    0xf8, 0xee, 0xf8, 0xee, 0xd7, 0xee, 0xd7, 0xee, 0xd7, 0xee, 0xd7, 0xee, 0xd7, 0xee, 0xd7, 0xee,
    0xd7, 0xee, 0xd7, 0xee, 0xd7, 0xee, 0xd7, 0xee, 0xd7, 0xee, 0xf8, 0xee, 0xf8, 0xee, 0xd7, 0xee,
    0xf8, 0xee, 0xf8, 0xee, 0xd7, 0xee, 0xd7, 0xee, 0xf8, 0xee, 0xf8, 0xee, 0xf8, 0xee, 0xf8, 0xee,
    0xd7, 0xee, 0xd7, 0xee, 0xf8, 0xee, 0xf8, 0xee, 0xd7, 0xee, 0xd7, 0xee, 0xf8, 0xee, 0xf8, 0xee,
    0xf8, 0xee, 0xd7, 0xee, 0xf8, 0xee, 0xf8, 0xee, 0xf8, 0xee, 0xf8, 0xee, 0xd7, 0xee, 0xd7, 0xee,
    0xd7, 0xee, 0xd7, 0xee, 0xf8, 0xee, 0xd7, 0xee, 0xd7, 0xee, 0xd7, 0xee, 0xd7, 0xee, 0xd7, 0xee,
    0xd7, 0xee, 0xd7, 0xee, 0xf8, 0xee, 0xf8, 0xee, 0xd7, 0xee, 0xd7, 0xee, 0xf8, 0xee, 0xd7, 0xee,
    0xd7, 0xee, 0xf8, 0xee, 0xf8, 0xee, 0xf8, 0xee, 0xf8, 0xee, 0xf8, 0xee, 0xf8, 0xee, 0xf8, 0xee,
    0xf8, 0xee, 0xf8, 0xee, 0xf8, 0xee, 0xd7, 0xee, 0xd7, 0xee, 0xf8, 0xee, 0xf8, 0xee, 0xd7, 0xee,
    0xd7, 0xee, 0xd7, 0xee, 0xd7, 0xee, 0xd7, 0xee, 0xd7, 0xee, 0xd7, 0xee, 0xd7, 0xee, 0xd7, 0xee,
    0xd7, 0xee, 0xd7, 0xee, 0xd7, 0xee, 0xf8, 0xee, 0xf8, 0xee, 0xf8, 0xee, 0xd7, 0xee, 0xd7, 0xee,
    0xd7, 0xee, 0xd7, 0xee, 0xd7, 0xee, 0xd7, 0xee, 0xf8, 0xee, 0xd7, 0xee, 0xd7, 0xee, 0xf8, 0xee,
    0xf8, 0xee, 0xf8, 0xee, 0xf8, 0xee, 0xf8, 0xee, 0xd7, 0xee, 0xf8, 0xee, 0xf8, 0xee, 0xd7, 0xee,
    0xb6, 0xe6, 0xd7, 0xee, 0xd7, 0xee, 0xd7, 0xee, 0xf8, 0xee, 0xf8, 0xee, 0xd7, 0xee, 0xf8, 0xee,
    0xd7, 0xee, 0xd7, 0xee, 0xd7, 0xee, 0xd7, 0xee, 0xd7, 0xee, 0xf8, 0xee, 0xd7, 0xee, 0xd7, 0xee,
    0xf8, 0xee, 0xd7, 0xee, 0xd7, 0xee, 0xf8, 0xee, 0xf8, 0xee, 0xf8, 0xee, 0xd7, 0xee, 0xf8, 0xee,
    0xd7, 0xee, 0xd7, 0xee, 0xd7, 0xee, 0xf8, 0xee, 0xf8, 0xee, 0xd7, 0xee, 0xd7, 0xee, 0xf8, 0xee,
    0xd7, 0xee, 0xd7, 0xee, 0xd7, 0xee, 0xd7, 0xee, 0xd7, 0xee, 0xd7, 0xee, 0xd7, 0xee, 0xd7, 0xee,
    0xd7, 0xee, 0xd7, 0xee, 0xd7, 0xee, 0xd7, 0xee, 0xd7, 0xee, 0xd7, 0xee, 0xd7, 0xee, 0xd7, 0xee,
    0xd7, 0xee, 0xd7, 0xee, 0xf8, 0xee, 0xf8, 0xee, 0xd7, 0xee, 0xf8, 0xee, 0xd7, 0xee, 0xf8, 0xee,
    0xf8, 0xee, 0xf8, 0xee, 0xf8, 0xee, 0xf8, 0xee, 0xf8, 0xee, 0xd7, 0xee, 0xf8, 0xee, 0xd7, 0xee,
    0xf8, 0xee, 0xf8, 0xee, 0xf8, 0xee, 0xf8, 0xee, 0xf8, 0xee, 0xd7, 0xee, 0xd7, 0xee, 0xd7, 0xee,
    0xd7, 0xee, 0xd7, 0xee, 0xd7, 0xee, 0xf8, 0xee, 0xd7, 0xee, 0xd7, 0xee, 0xf8, 0xee, 0xd7, 0xee,
    0xd7, 0xee, 0xd7, 0xee, 0xd7, 0xee, 0xf8, 0xee, 0xd7, 0xee, 0xd7, 0xee, 0xf8, 0xee, 0xf8, 0xee,
    0xd7, 0xee, 0xd7, 0xee, 0xd7, 0xee, 0xd7, 0xee, 0xd7, 0xee, 0xf8, 0xee, 0xd7, 0xee, 0xd7, 0xee,
    0xd7, 0xee, 0xf8, 0xee, 0xf8, 0xee, 0xd7, 0xee, 0xd7, 0xee, 0xd7, 0xee, 0xd7, 0xee, 0xd7, 0xee,
    0xf8, 0xee, 0xf8, 0xee, 0xf8, 0xee, 0xf8, 0xee, 0xd7, 0xee, 0xd7, 0xee, 0xd7, 0xee, 0xd7, 0xee,
    0xf8, 0xee, 0xf8, 0xee, 0xf8, 0xee, 0xf8, 0xee, 0xf8, 0xee, 0xd7, 0xee, 0xf8, 0xee, 0xf8, 0xee,
    0xf8, 0xee, 0xf8, 0xee, 0xf8, 0xee, 0xd7, 0xee, 0xd7, 0xee, 0xf8, 0xee, 0xf8, 0xee, 0xd7, 0xee,
    0xf8, 0xee, 0xf8, 0xee, 0xf8, 0xee, 0xf8, 0xee, 0xd7, 0xee, 0xd7, 0xee, 0xb6, 0xe6, 0x75, 0xe6,
    0x95, 0xe6, 0xd7, 0xee, 0xd7, 0xee, 0xd7, 0xee, 0xd7, 0xee, 0xd7, 0xee, 0xd7, 0xee, 0xd7, 0xee,
    0xd7, 0xee, 0xd7, 0xee, 0xf8, 0xee, 0xf8, 0xee, 0xf8, 0xee, 0xf8, 0xee, 0xd7, 0xee, 0xd7, 0xee,
    0xf8, 0xee, 0xd7, 0xee, 0xd7, 0xee, 0xd7, 0xee, 0xf8, 0xee, 0xf8, 0xee, 0xf8, 0xee, 0xd7, 0xee,
    0xf8, 0xee, 0xd7, 0xee, 0xf8, 0xee, 0xf8, 0xee, 0xd7, 0xee, 0xf8, 0xee, 0xf8, 0xee, 0xf8, 0xee,
    0xf8, 0xee, 0xf8, 0xee, 0xf8, 0xee, 0xd7, 0xee, 0xf8, 0xee, 0xf8, 0xee, 0xd7, 0xee, 0xf8, 0xee,
    0xf8, 0xee, 0xd7, 0xee, 0xf8, 0xee, 0xf8, 0xee, 0xf8, 0xee, 0xd7, 0xee, 0xd7, 0xee, 0xd7, 0xee,
    0xd7, 0xee, 0xd7, 0xee, 0xd7, 0xee, 0xf8, 0xee, 0xf8, 0xee, 0xf8, 0xee, 0xf8, 0xee, 0xd7, 0xee,
    0xf8, 0xee, 0xd7, 0xee, 0xf8, 0xee, 0xf8, 0xee, 0xf8, 0xee, 0xf8, 0xee, 0xf8, 0xee, 0xf8, 0xee,
    0xf8, 0xee, 0xf8, 0xee, 0xf8, 0xee, 0xf8, 0xee, 0xd7, 0xee, 0xf8, 0xee, 0xf8, 0xee, 0xd7, 0xee,
    0xd7, 0xee, 0xd7, 0xee, 0xd7, 0xee, 0xd7, 0xee, 0xd7, 0xee, 0xd7, 0xee, 0xd7, 0xee, 0xb6, 0xee,
    0xd7, 0xee, 0xd7, 0xee, 0xd7, 0xee, 0xf8, 0xee, 0xf8, 0xee, 0xf8, 0xee, 0xd7, 0xee, 0xd7, 0xee,
    0xd7, 0xee, 0xd7, 0xee, 0xd7, 0xee, 0xd7, 0xee, 0xd7, 0xee, 0xf8, 0xee, 0xf8, 0xee, 0xd7, 0xee,
    0xf8, 0xee, 0xd7, 0xee, 0xf8, 0xee, 0xd7, 0xee, 0xf8, 0xee, 0xd7, 0xee, 0xf8, 0xee, 0xf8, 0xee,
    0xd7, 0xee, 0xb6, 0xee, 0xd7, 0xee, 0xd7, 0xee, 0xd7, 0xee, 0xd7, 0xee, 0xd7, 0xee, 0xd7, 0xee,
    0xf8, 0xee, 0xd7, 0xee, 0xd7, 0xee, 0xd7, 0xee, 0xf8, 0xee, 0xf8, 0xee, 0xd7, 0xee, 0xd7, 0xee,
    0xf8, 0xee, 0xd7, 0xee, 0xf8, 0xee, 0xf8, 0xee, 0xf8, 0xee, 0xf8, 0xee, 0xd7, 0xee, 0xf8, 0xee,
    0xd7, 0xee, 0xd7, 0xee, 0xf8, 0xee, 0xf8, 0xee, 0xf8, 0xee, 0xd7, 0xee, 0xf8, 0xee, 0xd7, 0xee,
    0xd7, 0xee, 0xf8, 0xee, 0xf8, 0xee, 0xd7, 0xee, 0xf8, 0xee, 0xf8, 0xee, 0xd7, 0xee, 0xd7, 0xee,
    0xd7, 0xee, 0xd7, 0xee, 0xf8, 0xee, 0xd7, 0xee, 0xd7, 0xee, 0xd7, 0xee, 0xd7, 0xee, 0xd7, 0xee,
    0xd7, 0xee, 0xd7, 0xee, 0xf8, 0xee, 0xf8, 0xee, 0xf8, 0xee, 0xf8, 0xee, 0xd7, 0xee, 0xf8, 0xee,
    0xf8, 0xee, 0xd7, 0xee, 0xd7, 0xee, 0xf8, 0xee, 0xf8, 0xee, 0xd7, 0xee, 0xf8, 0xee, 0xd7, 0xee,
    0xd7, 0xee, 0xf8, 0xee, 0xd7, 0xee, 0xd7, 0xee, 0xd7, 0xee, 0xd7, 0xee, 0xd7, 0xee, 0xd7, 0xee,
    0xd7, 0xee, 0xd7, 0xee, 0xd7, 0xee, 0xf8, 0xee, 0xf8, 0xee, 0xd7, 0xee, 0xd7, 0xee, 0xf8, 0xee,
    0xf8, 0xee, 0xd7, 0xee, 0xd7, 0xee, 0xd7, 0xee, 0xd7, 0xee, 0xd7, 0xee, 0xf8, 0xee, 0xf8, 0xee,
    0xd7, 0xee, 0xd7, 0xee, 0xd7, 0xee, 0xd7, 0xee, 0xf8, 0xee, 0xf8, 0xee, 0xd7, 0xee, 0xd7, 0xee,
    0xd7, 0xee, 0xf8, 0xee, 0xf8, 0xee, 0xd7, 0xee, 0xd7, 0xee, 0xd7, 0xee, 0xf8, 0xee, 0xd7, 0xee,
    0xf8, 0xee, 0xf8, 0xee, 0xf8, 0xee, 0xf8, 0xee, 0xf8, 0xee, 0xf8, 0xee, 0xd7, 0xee, 0xf8, 0xee,
    0xf8, 0xee, 0xd7, 0xee, 0xf8, 0xee, 0xf8, 0xee, 0xf8, 0xee, 0xd7, 0xee, 0xd7, 0xee, 0xd7, 0xee,
    0xf8, 0xee, 0xf8, 0xee, 0xf8, 0xee, 0xf8, 0xee, 0xd7, 0xee, 0xd7, 0xee, 0xd7, 0xee, 0xd7, 0xee,
    0xd7, 0xee, 0xd7, 0xee, 0xd7, 0xee, 0xd7, 0xee, 0xf8, 0xee, 0xd7, 0xee, 0xd7, 0xee, 0x95, 0xe6,
    0xb6, 0xe6, 0xd7, 0xee, 0xf8, 0xee, 0xf8, 0xee, 0xd7, 0xee, 0xd7, 0xee, 0xd7, 0xee, 0xd7, 0xee,
    0xd7, 0xee, 0xd7, 0xee, 0xf8, 0xee, 0xf8, 0xee, 0xf8, 0xee, 0xd7, 0xee, 0xd7, 0xee, 0xd7, 0xee,
    0xd7, 0xee, 0xd7, 0xee, 0xd7, 0xee, 0xd7, 0xee, 0xd7, 0xee, 0xd7, 0xee, 0xf8, 0xee, 0xd7, 0xee,
    0xd7, 0xee, 0xd7, 0xee, 0xf8, 0xee, 0xf8, 0xee, 0xf8, 0xee, 0xf8, 0xee, 0xf8, 0xee, 0xf8, 0xee,
    0xd7, 0xee, 0xd7, 0xee, 0xf8, 0xee, 0xf8, 0xee, 0xd7, 0xee, 0xf8, 0xee, 0xf8, 0xee, 0xf8, 0xee,
    0xf8, 0xee, 0xd7, 0xee, 0xd7, 0xee, 0xf8, 0xee, 0xf8, 0xee, 0xd7, 0xee, 0xd7, 0xee, 0xd7, 0xee,
    0xf8, 0xee, 0xd7, 0xee, 0xd7, 0xee, 0xf8, 0xee, 0xd7, 0xee, 0xd7, 0xee, 0xf8, 0xee, 0xf8, 0xee,
    0xf8, 0xee, 0xf8, 0xee, 0xf8, 0xee, 0xf8, 0xee, 0xf8, 0xee, 0xd7, 0xee, 0xf8, 0xee, 0xd7, 0xee,
    0xd7, 0xee, 0xd7, 0xee, 0xd7, 0xee, 0xd7, 0xee, 0xf8, 0xee, 0xd7, 0xee, 0xd7, 0xee, 0xd7, 0xee,
    0xf8, 0xee, 0xd7, 0xee, 0xd7, 0xee, 0xd7, 0xee, 0xf8, 0xee, 0xf8, 0xee, 0xd7, 0xee, 0xd7, 0xee,
    0xd7, 0xee, 0xd7, 0xee, 0xd7, 0xee, 0xd7, 0xee, 0xf8, 0xee, 0xf8, 0xee, 0xd7, 0xee, 0xd7, 0xee,
    0xd7, 0xee, 0xd7, 0xee, 0xd7, 0xee, 0xd7, 0xee, 0xf8, 0xee, 0xf8, 0xee, 0xd7, 0xee, 0xd7, 0xee,
    0xd7, 0xee, 0xf8, 0xee, 0xd7, 0xee, 0xd7, 0xee, 0xd7, 0xee, 0xd7, 0xee, 0xf8, 0xee, 0xd7, 0xee,
    0xd7, 0xee, 0xd7, 0xee, 0xd7, 0xee, 0xd7, 0xee, 0xd7, 0xee, 0xf8, 0xee, 0xf8, 0xee, 0xf8, 0xee,
    0xd7, 0xee, 0xd7, 0xee, 0xd7, 0xee, 0xd7, 0xee, 0xd7, 0xee, 0xf8, 0xee, 0xd7, 0xee, 0xd7, 0xee,
    0xf8, 0xee, 0xf8, 0xee, 0xd7, 0xee, 0xd7, 0xee, 0xf8, 0xee, 0xd7, 0xee, 0xf8, 0xee, 0xf8, 0xee,
    0xd7, 0xee, 0xd7, 0xee, 0xd7, 0xee, 0xf8, 0xee, 0xd7, 0xee, 0xd7, 0xee, 0xd7, 0xee, 0xf8, 0xee,
    0xf8, 0xee, 0xd7, 0xee, 0xf8, 0xee, 0xf8, 0xee, 0xf8, 0xee, 0xf8, 0xee, 0xd7, 0xee, 0xd7, 0xee,
    0xd7, 0xee, 0xd7, 0xee, 0xf8, 0xee, 0xf8, 0xee, 0xf8, 0xee, 0xd7, 0xee, 0xd7, 0xee, 0xd7, 0xee,
    0xd7, 0xee, 0xd7, 0xee, 0xd7, 0xee, 0xd7, 0xee, 0xf8, 0xee, 0xf8, 0xee, 0xf8, 0xee, 0xf8, 0xee,
    0xf8, 0xee, 0xd7, 0xee, 0xd7, 0xee, 0xf8, 0xee, 0xd7, 0xee, 0xd7, 0xee, 0xd7, 0xee, 0xd7, 0xee,
    0xf8, 0xee, 0xf8, 0xee, 0xd7, 0xee, 0xd7, 0xee, 0xd7, 0xee, 0xd7, 0xee, 0xd7, 0xee, 0xd7, 0xee,
    0xf8, 0xee, 0xf8, 0xee, 0xf8, 0xee, 0xd7, 0xee, 0xd7, 0xee, 0xd7, 0xee, 0xd7, 0xee, 0xf8, 0xee,
    0xd7, 0xee, 0xd7, 0xee, 0xd7, 0xee, 0xd7, 0xee, 0xd7, 0xee, 0xd7, 0xee, 0xd7, 0xee, 0xf8, 0xee,
    0xd7, 0xee, 0xd7, 0xee, 0xd7, 0xee, 0xd7, 0xee, 0xd7, 0xee, 0xd7, 0xee, 0xd7, 0xee, 0xd7, 0xee,
    0xd7, 0xee, 0xd7, 0xee, 0xd7, 0xee, 0xd7, 0xee, 0xd7, 0xee, 0xf8, 0xee, 0xf8, 0xee, 0xd7, 0xee,
    0xf8, 0xee, 0xd7, 0xee, 0xf8, 0xee, 0xd7, 0xee, 0xf8, 0xee, 0xf8, 0xee, 0xd7, 0xee, 0xf8, 0xee,
    0xf8, 0xee, 0xf8, 0xee, 0xf8, 0xee, 0xf8, 0xee, 0xf8, 0xee, 0xd7, 0xee, 0xd7, 0xee, 0xf8, 0xee,
    0xf8, 0xee, 0xf8, 0xee, 0xf8, 0xee, 0xd7, 0xee, 0xf8, 0xee, 0xd7, 0xee, 0xd7, 0xee, 0xd7, 0xee,
    0xd7, 0xee, 0xd7, 0xee, 0xf8, 0xee, 0xd7, 0xee, 0xd7, 0xee, 0xd7, 0xee, 0xd7, 0xee, 0xd7, 0xee,
    0xf8, 0xee, 0xd7, 0xee, 0xd7, 0xee, 0xd7, 0xee, 0xd7, 0xee, 0xd7, 0xee, 0xf8, 0xee, 0xd7, 0xee,
    0xf8, 0xee, 0xf8, 0xee, 0xd7, 0xee, 0xd7, 0xee, 0xd7, 0xee, 0xd7, 0xee, 0xf8, 0xee, 0xd7, 0xee,
    0xd7, 0xee, 0xd7, 0xee, 0xf8, 0xee, 0xf8, 0xee, 0xf8, 0xee, 0xf8, 0xee, 0xf8, 0xee, 0xd7, 0xee,
    0xd7, 0xee, 0xd7, 0xee, 0xf8, 0xee, 0xf8, 0xee, 0xd7, 0xee, 0xd7, 0xee, 0xf8, 0xee, 0xd7, 0xee,
    0xd7, 0xee, 0xf8, 0xee, 0xf8, 0xee, 0xf8, 0xee, 0xf8, 0xee, 0xf8, 0xee, 0xf8, 0xee, 0xf8, 0xee,
    0xf8, 0xee, 0xf8, 0xee, 0xd7, 0xee, 0xf8, 0xee, 0xf8, 0xee, 0xd7, 0xee, 0xd7, 0xee, 0xd7, 0xee,
    0xd7, 0xee, 0xd7, 0xee, 0xd7, 0xee, 0xd7, 0xee, 0xd7, 0xee, 0xd7, 0xee, 0xd7, 0xee, 0xd7, 0xee,
    0xd7, 0xee, 0xd7, 0xee, 0xf8, 0xee, 0xf8, 0xee, 0xf8, 0xee, 0xf8, 0xee, 0xf8, 0xee, 0xf8, 0xee,
    0xd7, 0xee, 0xd7, 0xee, 0xd7, 0xee, 0xd7, 0xee, 0xf8, 0xee, 0xd7, 0xee, 0xd7, 0xee, 0xd7, 0xee,
    0xf8, 0xee, 0xd7, 0xee, 0xd7, 0xee, 0xd7, 0xee, 0xd7, 0xee, 0xf8, 0xee, 0xd7, 0xee, 0xd7, 0xee,
    0xd7, 0xee, 0xd7, 0xee, 0xd7, 0xee, 0xd7, 0xee, 0xd7, 0xee, 0xd7, 0xee, 0xd7, 0xee, 0xd7, 0xee,
    0xd7, 0xee, 0xd7, 0xee, 0xd7, 0xee, 0xf8, 0xee, 0xf8, 0xee, 0xd7, 0xee, 0xd7, 0xee, 0xd7, 0xee,
    0xd7, 0xee, 0xf8, 0xee, 0xf8, 0xee, 0xd7, 0xee, 0xf8, 0xee, 0xf8, 0xee, 0xd7, 0xee, 0xf8, 0xee,
    0xf8, 0xee, 0xf8, 0xee, 0xd7, 0xee, 0xd7, 0xee, 0xd7, 0xee, 0xd7, 0xee, 0xf8, 0xee, 0xd7, 0xee,
    0xd7, 0xee, 0xd7, 0xee, 0xd7, 0xee, 0xd7, 0xee, 0xf8, 0xee, 0xf8, 0xee, 0xf8, 0xee, 0xf8, 0xee,
    0xf8, 0xee, 0xd7, 0xee, 0xd7, 0xee, 0xd7, 0xee, 0xd7, 0xee, 0xd7, 0xee, 0xd7, 0xee, 0xd7, 0xee,
    0xd7, 0xee, 0xd7, 0xee, 0xd7, 0xee, 0xf8, 0xee, 0xf8, 0xee, 0xd7, 0xee, 0xd7, 0xee, 0xd7, 0xee,
    0xf8, 0xee, 0xd7, 0xee, 0xf8, 0xee, 0xf8, 0xee, 0xd7, 0xee, 0xf8, 0xee, 0xd7, 0xee, 0xd7, 0xee,
    0xf8, 0xee, 0xd7, 0xee, 0xd7, 0xee, 0xf8, 0xee, 0xf8, 0xee, 0xd7, 0xee, 0xd7, 0xee, 0xd7, 0xee,
    0xd7, 0xee, 0xd7, 0xee, 0xf8, 0xee, 0xf8, 0xee, 0xf8, 0xee, 0xf8, 0xee, 0xf8, 0xee, 0xf8, 0xee,
    0xd7, 0xee, 0xf8, 0xee, 0xd7, 0xee, 0xf8, 0xee, 0xd7, 0xee, 0xf8, 0xee, 0xd7, 0xee, 0xd7, 0xee,
    0xf8, 0xee, 0xf8, 0xee, 0xf8, 0xee, 0xf8, 0xee, 0xd7, 0xee, 0xd7, 0xee, 0xd7, 0xee, 0xf8, 0xee,
    0xd7, 0xee, 0xd7, 0xee, 0xf8, 0xee, 0xd7, 0xee, 0xf8, 0xee, 0xd7, 0xee, 0xd7, 0xee, 0xd7, 0xee,
    0xf8, 0xee, 0xd7, 0xee, 0xd7, 0xee, 0xd7, 0xee, 0xd7, 0xee, 0xd7, 0xee, 0xd7, 0xee, 0xf8, 0xee,
    0xf8, 0xee, 0xd7, 0xee, 0xd7, 0xee, 0xd7, 0xee, 0xf8, 0xee, 0xf8, 0xee, 0xd7, 0xee, 0xd7, 0xee,
    0xd7, 0xee, 0xd7, 0xee, 0xd7, 0xee, 0xd7, 0xee, 0xf8, 0xee, 0xf8, 0xee, 0xf8, 0xee, 0xf8, 0xee,
    0xd7, 0xee, 0xd7, 0xee, 0xd7, 0xee, 0xf8, 0xee, 0xf8, 0xee, 0xd7, 0xee, 0xd7, 0xee, 0xf8, 0xee,
    0xd7, 0xee, 0xd7, 0xee, 0xd7, 0xee, 0xd7, 0xee, 0xd7, 0xee, 0xd7, 0xee, 0xd7, 0xee, 0xf8, 0xee,
    0xd7, 0xee, 0xd7, 0xee, 0xf8, 0xee, 0xf8, 0xee, 0xf8, 0xee, 0xd7, 0xee, 0xd7, 0xee, 0xd7, 0xee,
    0xd7, 0xee, 0xd7, 0xee, 0xf8, 0xee, 0xd7, 0xee, 0xd7, 0xee, 0xf8, 0xee, 0xd7, 0xee, 0xd7, 0xee,
    0xd7, 0xee, 0xd7, 0xee, 0xd7, 0xee, 0xd7, 0xee, 0xd7, 0xee, 0xd7, 0xee, 0xd7, 0xee, 0xd7, 0xee,
    0xf8, 0xee, 0xf8, 0xee, 0xf8, 0xee, 0xd7, 0xee, 0xd7, 0xee, 0xd7, 0xee, 0xd7, 0xee, 0xd7, 0xee,
    0xd7, 0xee, 0xd7, 0xee, 0xf8, 0xee, 0xd7, 0xee, 0xf8, 0xee, 0xf8, 0xee, 0xd7, 0xee, 0xd7, 0xee,
    0xd7, 0xee, 0xf8, 0xee, 0xd7, 0xee, 0xd7, 0xee, 0xd7, 0xee, 0xf8, 0xee, 0xf8, 0xee, 0xf8, 0xee,
    0xd7, 0xee, 0xd7, 0xee, 0xd7, 0xee, 0xd7, 0xee, 0xd7, 0xee, 0xf8, 0xee, 0xd7, 0xee, 0xf8, 0xee,
    0xf8, 0xee, 0xf8, 0xee, 0xf8, 0xee, 0xf8, 0xee, 0xf8, 0xee, 0xd7, 0xee, 0xd7, 0xee, 0xd7, 0xee,
    0xd7, 0xee, 0xd7, 0xee, 0xd7, 0xee, 0xf8, 0xee, 0xf8, 0xee, 0xd7, 0xee, 0xd7, 0xee, 0xf8, 0xee,
    0xf8, 0xee, 0xd7, 0xee, 0xd7, 0xee, 0xf8, 0xee, 0xd7, 0xee, 0xf8, 0xee, 0xf8, 0xee, 0xd7, 0xee,
    0xd7, 0xee, 0xd7, 0xee, 0xf8, 0xee, 0xf8, 0xee, 0xf8, 0xee, 0xd7, 0xee, 0xf8, 0xee, 0xd7, 0xee,
    0xd7, 0xee, 0xd7, 0xee, 0xd7, 0xee, 0xf8, 0xee, 0xf8, 0xee, 0xf8, 0xee, 0xf8, 0xee, 0xd7, 0xee,
    0xd7, 0xee, 0xd7, 0xee, 0xd7, 0xee, 0xd7, 0xee, 0xf8, 0xee, 0xd7, 0xee, 0xf8, 0xee, 0xd7, 0xee,
    0xd7, 0xee, 0xf8, 0xee, 0xd7, 0xee, 0xd7, 0xee, 0xd7, 0xee, 0xd7, 0xee, 0xd7, 0xee, 0xd7, 0xee,
    0xd7, 0xee, 0xf8, 0xee, 0xd7, 0xee, 0xd7, 0xee, 0xd7, 0xee, 0xd7, 0xee, 0xd7, 0xee, 0xf8, 0xee,
    0xf8, 0xee, 0xf8, 0xee, 0xf8, 0xee, 0xd7, 0xee, 0xd7, 0xee, 0xd7, 0xee, 0xf8, 0xee, 0xd7, 0xee,
    0xd7, 0xee, 0xd7, 0xee, 0xd7, 0xee, 0xd7, 0xee, 0xf8, 0xee, 0xf8, 0xee, 0xf8, 0xee, 0xf8, 0xee,
    0xf8, 0xee, 0xd7, 0xee, 0xf8, 0xee, 0xd7, 0xee, 0xf8, 0xee, 0xd7, 0xee, 0xd7, 0xee, 0xd7, 0xee,
    0xd7, 0xee, 0xd7, 0xee, 0xd7, 0xee, 0xd7, 0xee, 0xd7, 0xee, 0xf8, 0xee, 0xf8, 0xee, 0xd7, 0xee,
    0xd7, 0xee, 0xf8, 0xee, 0xd7, 0xee, 0xd7, 0xee, 0xd7, 0xee, 0xd7, 0xee, 0xd7, 0xee, 0xd7, 0xee,
    0xf8, 0xee, 0xf8, 0xee, 0xf8, 0xee, 0xf8, 0xee, 0xd7, 0xee, 0xf8, 0xee, 0xd7, 0xee, 0xf8, 0xee,
    0xf8, 0xee, 0xd7, 0xee, 0xf8, 0xee, 0xf8, 0xee, 0xf8, 0xee, 0xd7, 0xee, 0xd7, 0xee, 0xd7, 0xee,
    0xd7, 0xee, 0xd7, 0xee, 0xd7, 0xee, 0xd7, 0xee, 0xd7, 0xee, 0xd7, 0xee, 0xd7, 0xee, 0xd7, 0xee,
    0xf8, 0xee, 0xd7, 0xee, 0xd7, 0xee, 0xf8, 0xee, 0xd7, 0xee, 0xd7, 0xee, 0xd7, 0xee, 0xf8, 0xee,
    0xf8, 0xee, 0xd7, 0xee, 0xd7, 0xee, 0xd7, 0xee, 0xd7, 0xee, 0xd7, 0xee, 0xd7, 0xee, 0xd7, 0xee,
    0xd7, 0xee, 0xd7, 0xee, 0xd7, 0xee, 0xd7, 0xee, 0xd7, 0xee, 0xd7, 0xee, 0xd7, 0xee, 0xd7, 0xee,
    0xf8, 0xee, 0xd7, 0xee, 0xd7, 0xee, 0xf8, 0xee, 0xd7, 0xee, 0xf8, 0xee, 0xd7, 0xee, 0xd7, 0xee,
    0xd7, 0xee, 0xd7, 0xee, 0xd7, 0xee, 0xd7, 0xee, 0xf8, 0xee, 0xd7, 0xee, 0xd7, 0xee, 0xf8, 0xee,
    0xd7, 0xee, 0xd7, 0xee, 0xd7, 0xee, 0xf8, 0xee, 0xf8, 0xee, 0xd7, 0xee, 0xd7, 0xee, 0xd7, 0xee,
    0xd7, 0xee, 0xd7, 0xee, 0xd7, 0xee, 0xf8, 0xee, 0xd7, 0xee, 0xd7, 0xee, 0xd7, 0xee, 0xf8, 0xee,
    0xd7, 0xee, 0xf8, 0xee, 0xf8, 0xee, 0xf8, 0xee, 0xd7, 0xee, 0xd7, 0xee, 0xf8, 0xee, 0xd7, 0xee,
    0xd7, 0xee, 0xf8, 0xee, 0xf8, 0xee, 0xd7, 0xee, 0xd7, 0xee, 0xf8, 0xee, 0xd7, 0xee, 0xf8, 0xee,
    0xf8, 0xee, 0xd7, 0xee, 0xd7, 0xee, 0xd7, 0xee, 0xf8, 0xee, 0xd7, 0xee, 0xd7, 0xee, 0xd7, 0xee,
    0xd7, 0xee, 0xd7, 0xee, 0xd7, 0xee, 0xd7, 0xee, 0xf8, 0xee, 0xd7, 0xee, 0xd7, 0xee, 0xd7, 0xee,
    0xd7, 0xee, 0xd7, 0xee, 0xd7, 0xee, 0xd7, 0xee, 0xd7, 0xee, 0xf8, 0xee, 0xd7, 0xee, 0xd7, 0xee,
    0xf8, 0xee, 0xf8, 0xee, 0xd7, 0xee, 0xd7, 0xee, 0xd7, 0xee, 0xd7, 0xee, 0xf8, 0xee, 0xd7, 0xee,
    0xf8, 0xee, 0xd7, 0xee, 0xd7, 0xee, 0xd7, 0xee, 0xd7, 0xee, 0xd7, 0xee, 0xd7, 0xee, 0xd7, 0xee,
    0xd7, 0xee, 0xd7, 0xee, 0xf8, 0xee, 0xf8, 0xee, 0xf8, 0xee, 0xd7, 0xee, 0xd7, 0xee, 0xf8, 0xee,
    0xd7, 0xee, 0xd7, 0xee, 0xf8, 0xee, 0xf8, 0xee, 0xf8, 0xee, 0xf8, 0xee, 0xd7, 0xee, 0xf8, 0xee,
    0xf8, 0xee, 0xd7, 0xee, 0xd7, 0xee, 0xd7, 0xee, 0xd7, 0xee, 0xd7, 0xee, 0xf8, 0xee, 0xf8, 0xee,
    0xd7, 0xee, 0xf8, 0xee, 0xf8, 0xee, 0xf8, 0xee, 0xf8, 0xee, 0xf8, 0xee, 0xf8, 0xee, 0xf8, 0xee,
    0xd7, 0xee, 0xd7, 0xee, 0xd7, 0xee, 0xd7, 0xee, 0xd7, 0xee, 0xd7, 0xee, 0xf8, 0xee, 0xd7, 0xee,
    0xd7, 0xee, 0xf8, 0xee, 0xd7, 0xee, 0xd7, 0xee, 0xf8, 0xee, 0xf8, 0xee, 0xd7, 0xee, 0xd7, 0xee,
    0xd7, 0xee, 0xd7, 0xee, 0xf8, 0xee, 0xd7, 0xee, 0xf8, 0xee, 0xd7, 0xee, 0xf8, 0xee, 0xd7, 0xee,
    0xd7, 0xee, 0xf8, 0xee, 0xd7, 0xee, 0xf8, 0xee, 0xd7, 0xee, 0xd7, 0xee, 0xd7, 0xee, 0xf8, 0xee,
    0xf8, 0xee, 0xf8, 0xee, 0xf8, 0xee, 0xd7, 0xee, 0xf8, 0xee, 0xf8, 0xee, 0xd7, 0xee, 0xd7, 0xee,
    0xf8, 0xee, 0xf8, 0xee, 0xf8, 0xee, 0xf8, 0xee, 0xf8, 0xee, 0xf8, 0xee, 0xf8, 0xee, 0xf8, 0xee,
    0xd7, 0xee, 0xd7, 0xee, 0xd7, 0xee, 0xd7, 0xee, 0xf8, 0xee, 0xf8, 0xee, 0xd7, 0xee, 0xd7, 0xee,
    0xf8, 0xee, 0xd7, 0xee, 0xd7, 0xee, 0xd7, 0xee, 0xd7, 0xee, 0xd7, 0xee, 0xd7, 0xee, 0xf8, 0xee,
    0xf8, 0xee, 0xd7, 0xee, 0xf8, 0xee, 0xf8, 0xee, 0xd7, 0xee, 0xd7, 0xee, 0xf8, 0xee, 0xd7, 0xee,
    0xd7, 0xee, 0xf8, 0xee, 0xf8, 0xee, 0xf8, 0xee, 0xf8, 0xee, 0xf8, 0xee, 0xf8, 0xee, 0xd7, 0xee,
    0xd7, 0xee, 0xd7, 0xee, 0xd7, 0xee, 0xd7, 0xee, 0xf8, 0xee, 0xf8, 0xee, 0xd7, 0xee, 0xf8, 0xee,
    0xd7, 0xee, 0xd7, 0xee, 0xd7, 0xee, 0xf8, 0xee, 0xd7, 0xee, 0xf8, 0xee, 0xd7, 0xee, 0xd7, 0xee,
    0xd7, 0xee, 0xd7, 0xee, 0xd7, 0xee, 0xf8, 0xee, 0xf8, 0xee, 0xd7, 0xee, 0xd7, 0xee, 0xd7, 0xee,
    0xf8, 0xee, 0xd7, 0xee, 0xf8, 0xee, 0xd7, 0xee, 0xd7, 0xee, 0xf8, 0xee, 0xf8, 0xee, 0xf8, 0xee,
    0xd7, 0xee, 0xd7, 0xee, 0xd7, 0xee, 0xd7, 0xee, 0xf8, 0xee, 0xf8, 0xee, 0xd7, 0xee, 0xd7, 0xee,
    0xf8, 0xee, 0xd7, 0xee, 0xd7, 0xee, 0xd7, 0xee, 0xd7, 0xee, 0xf8, 0xee, 0xd7, 0xee, 0xd7, 0xee,
    0xd7, 0xee, 0xd7, 0xee, 0xf8, 0xee, 0xf8, 0xee, 0xf8, 0xee, 0xf8, 0xee, 0xd7, 0xee, 0xd7, 0xee,
    0xd7, 0xee, 0xd7, 0xee, 0xf8, 0xee, 0xd7, 0xee, 0xd7, 0xee, 0xd7, 0xee, 0xd7, 0xee, 0xd7, 0xee,
    0xd7, 0xee, 0xd7, 0xee, 0xd7, 0xee, 0xd7, 0xee, 0xd7, 0xee, 0xd7, 0xee, 0xd7, 0xee, 0xd7, 0xee,
    0xd7, 0xee, 0xd7, 0xee, 0xf8, 0xee, 0xf8, 0xee, 0xd7, 0xee, 0xd7, 0xee, 0xf8, 0xee, 0xd7, 0xee,
    0xf8, 0xee, 0xf8, 0xee, 0xf8, 0xee, 0xf8, 0xee, 0xd7, 0xee, 0xd7, 0xee, 0xd7, 0xee, 0xf8, 0xee,
    0xf8, 0xee, 0xd7, 0xee, 0xd7, 0xee, 0xd7, 0xee, 0xf8, 0xee, 0xd7, 0xee, 0xf8, 0xee, 0xd7, 0xee,
    0xd7, 0xee, 0xd7, 0xee, 0xd7, 0xee, 0xd7, 0xee, 0xd7, 0xee, 0xd7, 0xee, 0xd7, 0xee, 0xd7, 0xee,
    0xd7, 0xee, 0xd7, 0xee, 0xd7, 0xee, 0xd7, 0xee, 0xf8, 0xee, 0xd7, 0xee, 0xd7, 0xee, 0xd7, 0xee,
    0xf8, 0xee, 0xf8, 0xee, 0xf8, 0xee, 0xd7, 0xee, 0xd7, 0xee, 0xf8, 0xee, 0xf8, 0xee, 0xf8, 0xee,
    0xf8, 0xee, 0xd7, 0xee, 0xd7, 0xee, 0xd7, 0xee, 0xd7, 0xee, 0xd7, 0xee, 0xf8, 0xee, 0xd7, 0xee,
    0xd7, 0xee, 0xf8, 0xee, 0xf8, 0xee, 0xf8, 0xee, 0xf8, 0xee, 0xf8, 0xee, 0xd7, 0xee, 0xf8, 0xee,
    0xd7, 0xee, 0xf8, 0xee, 0xd7, 0xee, 0xf8, 0xee, 0xf8, 0xee, 0xd7, 0xee, 0xf8, 0xee, 0xf8, 0xee,
    0xf8, 0xee, 0xf8, 0xee, 0xd7, 0xee, 0xd7, 0xee, 0xd7, 0xee, 0xd7, 0xee, 0xd7, 0xee, 0xd7, 0xee,
    0xd7, 0xee, 0xd7, 0xee, 0xd7, 0xee, 0xd7, 0xee, 0xd7, 0xee, 0xd7, 0xee, 0xd7, 0xee, 0xf8, 0xee,
    0xd7, 0xee, 0xd7, 0xee, 0xf8, 0xee, 0xd7, 0xee, 0xd7, 0xee, 0xd7, 0xee, 0xd7, 0xee, 0xd7, 0xee,
    0xd7, 0xee, 0xf8, 0xee, 0xf8, 0xee, 0xd7, 0xee, 0xd7, 0xee, 0xf8, 0xee, 0xf8, 0xee, 0xd7, 0xee,
    0xf8, 0xee, 0xd7, 0xee, 0xd7, 0xee, 0xf8, 0xee, 0xf8, 0xee, 0xf8, 0xee, 0xf8, 0xee, 0xd7, 0xee,
    0xd7, 0xee, 0xd7, 0xee, 0xf8, 0xee, 0xf8, 0xee, 0xf8, 0xee, 0xf8, 0xee, 0xf8, 0xee, 0xf8, 0xee,
    0xf8, 0xee, 0xf8, 0xee, 0xd7, 0xee, 0xf8, 0xee, 0xf8, 0xee, 0xf8, 0xee, 0xd7, 0xee, 0xf8, 0xee,
    0xf8, 0xee, 0xf8, 0xee, 0xf8, 0xee, 0xf8, 0xee, 0xf8, 0xee, 0xf8, 0xee, 0xf8, 0xee, 0xf8, 0xee,
    0xd7, 0xee, 0xd7, 0xee, 0xf8, 0xee, 0xd7, 0xee, 0xd7, 0xee, 0xd7, 0xee, 0xd7, 0xee, 0xd7, 0xee,
    0xd7, 0xee, 0xf8, 0xee, 0xd7, 0xee, 0xd7, 0xee, 0xd7, 0xee, 0xf8, 0xee, 0xf8, 0xee, 0xf8, 0xee,
    0xd7, 0xee, 0xf8, 0xee, 0xf8, 0xee, 0xf8, 0xee, 0xd7, 0xee, 0xf8, 0xee, 0xf8, 0xee, 0xd7, 0xee,
    0xf8, 0xee, 0xf8, 0xee, 0xd7, 0xee, 0xd7, 0xee, 0xf8, 0xee, 0xf8, 0xee, 0xd7, 0xee, 0xd7, 0xee,
    0xf8, 0xee, 0xf8, 0xee, 0xd7, 0xee, 0xd7, 0xee, 0xf8, 0xee, 0xf8, 0xee, 0xd7, 0xee, 0xf8, 0xee,
    0xd7, 0xee, 0xf8, 0xee, 0xf8, 0xee, 0xd7, 0xee, 0xf8, 0xee, 0xf8, 0xee, 0xf8, 0xee, 0xf8, 0xee,
    0xf8, 0xee, 0xd7, 0xee, 0xd7, 0xee, 0xf8, 0xee, 0xf8, 0xee, 0xd7, 0xee, 0xd7, 0xee, 0xd7, 0xee,
    0xd7, 0xee, 0xd7, 0xee, 0xf8, 0xee, 0xd7, 0xee, 0xd7, 0xee, 0xd7, 0xee, 0xf8, 0xee, 0xd7, 0xee,
    0xf8, 0xee, 0xd7, 0xee, 0xf8, 0xee, 0xf8, 0xee, 0xd7, 0xee, 0xd7, 0xee, 0xd7, 0xee, 0xd7, 0xee,
    0xd7, 0xee, 0xd7, 0xee, 0xd7, 0xee, 0xd7, 0xee, 0xd7, 0xee, 0xf8, 0xee, 0xd7, 0xee, 0xd7, 0xee,
    0xd7, 0xee, 0xd7, 0xee, 0xd7, 0xee, 0xf8, 0xee, 0xf8, 0xee, 0xf8, 0xee, 0xf8, 0xee, 0xd7, 0xee,
    0xd7, 0xee, 0xd7, 0xee, 0xf8, 0xee, 0xd7, 0xee, 0xd7, 0xee, 0xf8, 0xee, 0xd7, 0xee, 0xd7, 0xee,
    0xd7, 0xee, 0xd7, 0xee, 0xd7, 0xee, 0xd7, 0xee, 0xd7, 0xee, 0xd7, 0xee, 0xd7, 0xee, 0xd7, 0xee,
    0xd7, 0xee, 0xd7, 0xee, 0xd7, 0xee, 0xf8, 0xee, 0xd7, 0xee, 0xd7, 0xee, 0xd7, 0xee, 0xf8, 0xee,
    0xf8, 0xee, 0xf8, 0xee, 0xf8, 0xee, 0xd7, 0xee, 0xd7, 0xee, 0xd7, 0xee, 0xf8, 0xee, 0xf8, 0xee,
    0xd7, 0xee, 0xf8, 0xee, 0xd7, 0xee, 0xd7, 0xee, 0xd7, 0xee, 0xd7, 0xee, 0xf8, 0xee, 0xd7, 0xee,
    0xd7, 0xee, 0xd7, 0xee, 0xd7, 0xee, 0xd7, 0xee, 0xd7, 0xee, 0xd7, 0xee, 0xd7, 0xee, 0xf8, 0xee,
    0xd7, 0xee, 0xd7, 0xee, 0xf8, 0xee, 0xf8, 0xee, 0xf8, 0xee, 0xd7, 0xee, 0xd7, 0xee, 0xf8, 0xee,
    0xf8, 0xee, 0xd7, 0xee, 0xf8, 0xee, 0xd7, 0xee, 0xd7, 0xee, 0xf8, 0xee, 0xf8, 0xee, 0xd7, 0xee,
    0xf8, 0xee, 0xf8, 0xee, 0xd7, 0xee, 0xd7, 0xee, 0xf8, 0xee, 0xd7, 0xee, 0xd7, 0xee, 0xd7, 0xee,
    0xf8, 0xee, 0xf8, 0xee, 0xd7, 0xee, 0xf8, 0xee, 0xf8, 0xee, 0xd7, 0xee, 0xf8, 0xee, 0xf8, 0xee,
    0xd7, 0xee, 0xf8, 0xee, 0xf8, 0xee, 0xf8, 0xee, 0xd7, 0xee, 0xd7, 0xee, 0xf8, 0xee, 0xf8, 0xee,
    0xd7, 0xee, 0xf8, 0xee, 0xf8, 0xee, 0xd7, 0xee, 0xf8, 0xee, 0xd7, 0xee, 0xd7, 0xee, 0xd7, 0xee,
    0xd7, 0xee, 0xd7, 0xee, 0xd7, 0xee, 0xd7, 0xee, 0xd7, 0xee, 0xd7, 0xee, 0xd7, 0xee, 0xf8, 0xee,
    0xf8, 0xee, 0xd7, 0xee, 0xd7, 0xee, 0xf8, 0xee, 0xf8, 0xee, 0xf8, 0xee, 0xd7, 0xee, 0xd7, 0xee,
    0xf8, 0xee, 0xf8, 0xee, 0xd7, 0xee, 0xd7, 0xee, 0xf8, 0xee, 0xf8, 0xee, 0xf8, 0xee, 0xf8, 0xee,
    0xd7, 0xee, 0xd7, 0xee, 0xf8, 0xee, 0xf8, 0xee, 0xd7, 0xee, 0xf8, 0xee, 0xf8, 0xee, 0xd7, 0xee,
    0xd7, 0xee, 0xf8, 0xee, 0xf8, 0xee, 0xf8, 0xee, 0xf8, 0xee, 0xf8, 0xee, 0xf8, 0xee, 0xf8, 0xee,
    0xf8, 0xee, 0xf8, 0xee, 0xf8, 0xee, 0xf8, 0xee, 0xf8, 0xee, 0xf8, 0xee, 0xf8, 0xee, 0xf8, 0xee,
    0xd7, 0xee, 0xd7, 0xee, 0xd7, 0xee, 0xd7, 0xee, 0xd7, 0xee, 0xf8, 0xee, 0xf8, 0xee, 0xd7, 0xee,
    0xd7, 0xee, 0xd7, 0xee, 0xd7, 0xee, 0xd7, 0xee, 0xd7, 0xee, 0xd7, 0xee, 0xd7, 0xee, 0xd7, 0xee,
    0xd7, 0xee, 0xd7, 0xee, 0xf8, 0xee, 0xf8, 0xee, 0xf8, 0xee, 0xf8, 0xee, 0xf8, 0xee, 0xf8, 0xee,
    0xf8, 0xee, 0xf8, 0xee, 0xf8, 0xee, 0xf8, 0xee, 0xf8, 0xee, 0xf8, 0xee, 0xf8, 0xee, 0xd7, 0xee,
    0xd7, 0xee, 0xd7, 0xee, 0xd7, 0xee, 0xd7, 0xee, 0xd7, 0xee, 0xd7, 0xee, 0xd7, 0xee, 0xd7, 0xee,
    0xf8, 0xee, 0xf8, 0xee, 0xf8, 0xee, 0xf8, 0xee, 0xf8, 0xee, 0xf8, 0xee, 0xd7, 0xee, 0xd7, 0xee,
    0xd7, 0xee, 0xf8, 0xee, 0xf8, 0xee, 0xd7, 0xee, 0xd7, 0xee, 0xf8, 0xee, 0xf8, 0xee, 0xf8, 0xee,
    0xf8, 0xee, 0xd7, 0xee, 0xd7, 0xee, 0xd7, 0xee, 0xd7, 0xee, 0xf8, 0xee, 0xd7, 0xee, 0xd7, 0xee,
    0xd7, 0xee, 0xd7, 0xee, 0xd7, 0xee, 0xf8, 0xee, 0xd7, 0xee, 0xd7, 0xee, 0xd7, 0xee, 0xf8, 0xee,
    0xf8, 0xee, 0xd7, 0xee, 0xd7, 0xee, 0xf8, 0xee, 0xd7, 0xee, 0xd7, 0xee, 0xf8, 0xee, 0xd7, 0xee,
    0xd7, 0xee, 0xf8, 0xee, 0xd7, 0xee, 0xd7, 0xee, 0xd7, 0xee, 0xd7, 0xee, 0xd7, 0xee, 0xd7, 0xee,
    0xd7, 0xee, 0xf8, 0xee, 0xf8, 0xee, 0xf8, 0xee, 0xf8, 0xee, 0xf8, 0xee, 0xf8, 0xee, 0xd7, 0xee,
    0xd7, 0xee, 0xd7, 0xee, 0xf8, 0xee, 0xd7, 0xee, 0xd7, 0xee, 0xf8, 0xee, 0xf8, 0xee, 0xd7, 0xee,
    0xd7, 0xee, 0xd7, 0xee, 0xd7, 0xee, 0xd7, 0xee, 0xd7, 0xee, 0xd7, 0xee, 0xd7, 0xee, 0xd7, 0xee,
    0xf8, 0xee, 0xd7, 0xee, 0xf8, 0xee, 0xf8, 0xee, 0xf8, 0xee, 0xd7, 0xee, 0xd7, 0xee, 0xd7, 0xee,
    0xd7, 0xee, 0xd7, 0xee, 0xd7, 0xee, 0xd7, 0xee, 0xd7, 0xee, 0xd7, 0xee, 0xf8, 0xee, 0xd7, 0xee,
    0xd7, 0xee, 0xf8, 0xee, 0xd7, 0xee, 0xd7, 0xee, 0xf8, 0xee, 0xf8, 0xee, 0xd7, 0xee, 0xf8, 0xee,
    0xd7, 0xee, 0xd7, 0xee, 0xd7, 0xee, 0xd7, 0xee, 0xd7, 0xee, 0xd7, 0xee, 0xf8, 0xee, 0xd7, 0xee,
    0xd7, 0xee, 0xf8, 0xee, 0xf8, 0xee, 0xf8, 0xee, 0xf8, 0xee, 0xf8, 0xee, 0xd7, 0xee, 0xd7, 0xee,
    0xf8, 0xee, 0xd7, 0xee, 0xd7, 0xee, 0xf8, 0xee, 0xd7, 0xee, 0xd7, 0xee, 0xf8, 0xee, 0xd7, 0xee,
    0xf8, 0xee, 0xd7, 0xee, 0xd7, 0xee, 0xd7, 0xee, 0xf8, 0xee, 0xf8, 0xee, 0xf8, 0xee, 0xd7, 0xee,
    0xd7, 0xee, 0xd7, 0xee, 0xd7, 0xee, 0xd7, 0xee, 0xd7, 0xee, 0xd7, 0xee, 0xf8, 0xee, 0xf8, 0xee,
    0xf8, 0xee, 0xf8, 0xee, 0xf8, 0xee, 0xf8, 0xee, 0xf8, 0xee, 0xd7, 0xee, 0xf8, 0xee, 0xd7, 0xee,
    0xd7, 0xee, 0xf8, 0xee, 0xf8, 0xee, 0xf8, 0xee, 0xf8, 0xee, 0xf8, 0xee, 0xd7, 0xee, 0xd7, 0xee,
    0xd7, 0xee, 0xd7, 0xee, 0xd7, 0xee, 0xd7, 0xee, 0xd7, 0xee, 0xd7, 0xee, 0xf8, 0xee, 0xd7, 0xee,
    0xf8, 0xee, 0xf8, 0xee, 0xb6, 0xe6, 0xd7, 0xee, 0xf8, 0xee, 0xf8, 0xee, 0xd7, 0xee, 0xf8, 0xee,
    0xd7, 0xee, 0xd7, 0xee, 0xd7, 0xee, 0xf8, 0xee, 0xf8, 0xee, 0xf8, 0xee, 0xd7, 0xee, 0xd7, 0xee,
    0xd7, 0xee, 0xd7, 0xee, 0xf8, 0xee, 0xf8, 0xee, 0xf8, 0xee, 0xf8, 0xee, 0xf8, 0xee, 0xf8, 0xee,
    0xd7, 0xee, 0xd7, 0xee, 0xd7, 0xee, 0xf8, 0xee, 0xd7, 0xee, 0xf8, 0xee, 0xf8, 0xee, 0xf8, 0xee,
    0xf8, 0xee, 0xf8, 0xee, 0xf8, 0xee, 0xf8, 0xee, 0xf8, 0xee, 0xd7, 0xee, 0xb6, 0xe6, 0xb6, 0xe6,
    0xb6, 0xe6, 0xb6, 0xee, 0xd7, 0xee, 0xd7, 0xee, 0xd7, 0xee, 0xf8, 0xee, 0xf8, 0xee, 0xd7, 0xee,
    0xd7, 0xee, 0xd7, 0xee, 0xd7, 0xee, 0xd7, 0xee, 0xf8, 0xee, 0xd7, 0xee, 0xb6, 0xe6, 0xd7, 0xee,
    0xd7, 0xee, 0xd7, 0xee, 0xd7, 0xee, 0xf8, 0xee, 0xf8, 0xee, 0xf8, 0xee, 0xf8, 0xee, 0xf8, 0xee,
    0xd7, 0xee, 0xf8, 0xee, 0xf8, 0xee, 0xf8, 0xee, 0xd7, 0xee, 0xd7, 0xee, 0xf8, 0xee, 0xf8, 0xee,
    0xd7, 0xee, 0xd7, 0xee, 0xd7, 0xee, 0xf8, 0xee, 0xb6, 0xe6, 0xd7, 0xee, 0xd7, 0xee, 0xd7, 0xee,
    0xf8, 0xee, 0xf8, 0xee, 0xf8, 0xee, 0xf8, 0xee, 0xf8, 0xee, 0xf8, 0xee, 0xd7, 0xee, 0xd7, 0xee,
    0xf8, 0xee, 0xf8, 0xee, 0xf8, 0xee, 0xd7, 0xee, 0xf8, 0xee, 0xd7, 0xee, 0xd7, 0xee, 0xf8, 0xee,
    0xd7, 0xee, 0xd7, 0xee, 0xf8, 0xee, 0xf8, 0xee, 0xf8, 0xee, 0xf8, 0xee, 0xf8, 0xee, 0xd7, 0xee,
    0xd7, 0xee, 0xd7, 0xee, 0xd7, 0xee, 0xf8, 0xee, 0xd7, 0xee, 0xd7, 0xee, 0xd7, 0xee, 0xd7, 0xee,
    0xd7, 0xee, 0xd7, 0xee, 0xd7, 0xee, 0xd7, 0xee, 0xd7, 0xee, 0xd7, 0xee, 0xd7, 0xee, 0xd7, 0xee,
    0xf8, 0xee, 0xd7, 0xee, 0xd7, 0xee, 0xd7, 0xee, 0xf8, 0xee, 0xf8, 0xee, 0xd7, 0xee, 0xd7, 0xee,
    0xf8, 0xee, 0xd7, 0xee, 0xf8, 0xee, 0xd7, 0xee, 0xf8, 0xee, 0xf8, 0xee, 0xd7, 0xee, 0xb6, 0xe6,
    0xd7, 0xee, 0xd7, 0xee, 0xd7, 0xee, 0xd7, 0xee, 0xf8, 0xee, 0xf8, 0xee, 0xf8, 0xee, 0xd7, 0xee,
    0xd7, 0xee, 0xd7, 0xee, 0xd7, 0xee, 0xd7, 0xee, 0xf8, 0xee, 0xd7, 0xee, 0xd7, 0xee, 0xd7, 0xee,
    0xf8, 0xee, 0xf8, 0xee, 0xf8, 0xee, 0xf8, 0xee, 0xd7, 0xee, 0xd7, 0xee, 0xf8, 0xee, 0xf8, 0xee,
    0xd7, 0xee, 0xd7, 0xee, 0xd7, 0xee, 0xf8, 0xee, 0xd7, 0xee, 0xd7, 0xee, 0xd7, 0xee, 0xd7, 0xee,
    0xd7, 0xee, 0xf8, 0xee, 0xf8, 0xee, 0xd7, 0xee, 0xf8, 0xee, 0xf8, 0xee, 0xd7, 0xee, 0xf8, 0xee,
    0xf8, 0xee, 0xd7, 0xee, 0xd7, 0xee, 0xd7, 0xee, 0xd7, 0xee, 0xf8, 0xee, 0xf8, 0xee, 0xd7, 0xee,
    0xf8, 0xee, 0xf8, 0xee, 0xd7, 0xee, 0xf8, 0xee, 0xf8, 0xee, 0xd7, 0xee, 0xd7, 0xee, 0xf8, 0xee,
    0xf8, 0xee, 0xf8, 0xee, 0xd7, 0xee, 0xd7, 0xee, 0xd7, 0xee, 0xd7, 0xee, 0xf8, 0xee, 0xd7, 0xee,
    0xd7, 0xee, 0xd7, 0xee, 0xd7, 0xee, 0xd7, 0xee, 0xd7, 0xee, 0xd7, 0xee, 0xd7, 0xee, 0xf8, 0xee,
    0xd7, 0xee, 0xd7, 0xee, 0xf8, 0xee, 0xf8, 0xee, 0xf8, 0xee, 0xf8, 0xee, 0xd7, 0xee, 0xd7, 0xee,
    0xd7, 0xee, 0xf8, 0xee, 0xf8, 0xee, 0xd7, 0xee, 0xd7, 0xee, 0xd7, 0xee, 0xd7, 0xee, 0xf8, 0xee,
    0xd7, 0xee, 0xf8, 0xee, 0xf8, 0xee, 0xd7, 0xee, 0xd7, 0xee, 0xf8, 0xee, 0xf8, 0xee, 0xf8, 0xee,
    0xf8, 0xee, 0xf8, 0xee, 0xd7, 0xee, 0xd7, 0xee, 0xd7, 0xee, 0xf8, 0xee, 0xd7, 0xee, 0xd7, 0xee,
    0xd7, 0xee, 0xf8, 0xee, 0xb6, 0xe6, 0xb6, 0xe6, 0xf8, 0xee, 0xd7, 0xee, 0xd7, 0xee, 0xf8, 0xee,
    0xf8, 0xee, 0xd7, 0xee, 0xd7, 0xee, 0xd7, 0xee, 0xf8, 0xee, 0xf8, 0xee, 0xd7, 0xee, 0xd7, 0xee,
    0xf8, 0xee, 0xd7, 0xee, 0xf8, 0xee, 0xf8, 0xee, 0xf8, 0xee, 0xf8, 0xee, 0xf8, 0xee, 0xf8, 0xee,
    0xf8, 0xee, 0xf8, 0xee, 0xf8, 0xee, 0xf8, 0xee, 0xf8, 0xee, 0xf8, 0xee, 0xf8, 0xee, 0xf8, 0xee,
    0xd7, 0xee, 0xd7, 0xee, 0xd7, 0xee, 0xd7, 0xee, 0xd7, 0xee, 0xd7, 0xee, 0xd7, 0xee, 0xd7, 0xee,
    0xf8, 0xee, 0xf8, 0xee, 0xf8, 0xee, 0xf8, 0xee, 0xf8, 0xee, 0xd7, 0xee, 0xf8, 0xee, 0xd7, 0xee,
    0xf8, 0xee, 0xf8, 0xee, 0xf8, 0xee, 0xd7, 0xee, 0xf8, 0xee, 0xd7, 0xee, 0xd7, 0xee, 0xd7, 0xee,
    0xd7, 0xee, 0xd7, 0xee, 0xf8, 0xee, 0xf8, 0xee, 0xd7, 0xee, 0xd7, 0xee, 0xd7, 0xee, 0xd7, 0xee,
    0xd7, 0xee, 0xd7, 0xee, 0xd7, 0xee, 0xd7, 0xee, 0xd7, 0xee, 0xd7, 0xee, 0xd7, 0xee, 0xd7, 0xee,
    0xb6, 0xe6, 0xd7, 0xee, 0xd7, 0xee, 0xd7, 0xee, 0xd7, 0xee, 0xd7, 0xee, 0xd7, 0xee, 0xd7, 0xee,
    0xd7, 0xee, 0xf8, 0xee, 0xf8, 0xee, 0xd7, 0xee, 0xd7, 0xee, 0xf8, 0xee, 0xf8, 0xee, 0xd7, 0xee,
    0xf8, 0xee, 0xf8, 0xee, 0xf8, 0xee, 0xd7, 0xee, 0xd7, 0xee, 0xd7, 0xee, 0xd7, 0xee, 0xf8, 0xee,
    0xd7, 0xee, 0xf8, 0xee, 0xf8, 0xee, 0xf8, 0xee, 0xf8, 0xee, 0xd7, 0xee, 0xf8, 0xee, 0xf8, 0xee,
    0xd7, 0xee, 0xd7, 0xee, 0xd7, 0xee, 0xf8, 0xee, 0xd7, 0xee, 0xd7, 0xee, 0xd7, 0xee, 0xd7, 0xee,
    0xd7, 0xee, 0xd7, 0xee, 0xd7, 0xee, 0xd7, 0xee, 0xd7, 0xee, 0xd7, 0xee, 0xd7, 0xee, 0xd7, 0xee,
    0xf8, 0xee, 0xf8, 0xee, 0xd7, 0xee, 0xd7, 0xee, 0xd7, 0xee, 0xd7, 0xee, 0xd7, 0xee, 0xd7, 0xee,
    0xf8, 0xee, 0xf8, 0xee, 0xf8, 0xee, 0xf8, 0xee, 0xf8, 0xee, 0xd7, 0xee, 0xd7, 0xee, 0xd7, 0xee,
    0xf8, 0xee, 0xf8, 0xee, 0xd7, 0xee, 0xd7, 0xee, 0xd7, 0xee, 0xf8, 0xee, 0xf8, 0xee, 0xd7, 0xee,
    0xd7, 0xee, 0xd7, 0xee, 0xd7, 0xee, 0xf8, 0xee, 0xf8, 0xee, 0xf8, 0xee, 0xd7, 0xee, 0xd7, 0xee,
    0xd7, 0xee, 0xd7, 0xee, 0xd7, 0xee, 0xd7, 0xee, 0xd7, 0xee, 0xd7, 0xee, 0xd7, 0xee, 0xf8, 0xee,
    0xd7, 0xee, 0xd7, 0xee, 0xd7, 0xee, 0xd7, 0xee, 0xd7, 0xee, 0xf8, 0xee, 0xd7, 0xee, 0xd7, 0xee,
    0xf8, 0xee, 0xf8, 0xee, 0xf8, 0xee, 0xd7, 0xee, 0xd7, 0xee, 0xd7, 0xee, 0xd7, 0xee, 0xf8, 0xee,
    0xf8, 0xee, 0xd7, 0xee, 0xd7, 0xee, 0xd7, 0xee, 0xd7, 0xee, 0xf8, 0xee, 0xf8, 0xee, 0xf8, 0xee,
    0xd7, 0xee, 0xf8, 0xee, 0xd7, 0xee, 0xd7, 0xee, 0xd7, 0xee, 0xd7, 0xee, 0xd7, 0xee, 0xf8, 0xee,
    0xf8, 0xee, 0xf8, 0xee, 0xd7, 0xee, 0xd7, 0xee, 0xd7, 0xee, 0xd7, 0xee, 0xf8, 0xee, 0xf8, 0xee,
    0xf8, 0xee, 0xd7, 0xee, 0xd7, 0xee, 0xf8, 0xee, 0xf8, 0xee, 0xf8, 0xee, 0xd7, 0xee, 0xf8, 0xee,
    0xf8, 0xee, 0xf8, 0xee, 0xf8, 0xee, 0xf8, 0xee, 0xd7, 0xee, 0xf8, 0xee, 0xd7, 0xee, 0xf8, 0xee,
    0xd7, 0xee, 0xd7, 0xee, 0xd7, 0xee, 0xd7, 0xee, 0xd7, 0xee, 0xd7, 0xee, 0xf8, 0xee, 0xf8, 0xee,
    0xd7, 0xee, 0xf8, 0xee, 0xd7, 0xee, 0xd7, 0xee, 0xf8, 0xee, 0xf8, 0xee, 0xf8, 0xee, 0xf8, 0xee,
    0xf8, 0xee, 0xf8, 0xee, 0xd7, 0xee, 0xf8, 0xee, 0xf8, 0xee, 0xf8, 0xee, 0xd7, 0xee, 0xd7, 0xee,
    0xd7, 0xee, 0xd7, 0xee, 0xf8, 0xee, 0xd7, 0xee, 0xd7, 0xee, 0xd7, 0xee, 0xd7, 0xee, 0xf8, 0xee,
    0xf8, 0xee, 0xd7, 0xee, 0xf8, 0xee, 0xf8, 0xee, 0xd7, 0xee, 0xd7, 0xee, 0xf8, 0xee, 0xf8, 0xee,
    0xd7, 0xee, 0xd7, 0xee, 0xf8, 0xee, 0xf8, 0xee, 0xf8, 0xee, 0xf8, 0xee, 0xf8, 0xee, 0xf8, 0xee,
    0xf8, 0xee, 0xf8, 0xee, 0xf8, 0xee, 0xf8, 0xee, 0xd7, 0xee, 0xf8, 0xee, 0xf8, 0xee, 0xf8, 0xee,
    0xd7, 0xee, 0xb6, 0xe6, 0xd7, 0xee, 0xd7, 0xee, 0xd7, 0xee, 0xf8, 0xee, 0xd7, 0xee, 0xd7, 0xee,
    0xf8, 0xee, 0xd7, 0xee, 0xd7, 0xee, 0xf8, 0xee, 0xf8, 0xee, 0xd7, 0xee, 0xf8, 0xee, 0xd7, 0xee,
    0xd7, 0xee, 0xf8, 0xee, 0xf8, 0xee, 0xf8, 0xee, 0xf8, 0xee, 0xf8, 0xee, 0xd7, 0xee, 0xf8, 0xee,
    0xf8, 0xee, 0xf8, 0xee, 0xf8, 0xee, 0xd7, 0xee, 0xd7, 0xee, 0xd7, 0xee, 0xd7, 0xee, 0xd7, 0xee,
    0xf8, 0xee, 0xd7, 0xee, 0xd7, 0xee, 0xd7, 0xee, 0xd7, 0xee, 0xd7, 0xee, 0xd7, 0xee, 0xd7, 0xee,
    0xd7, 0xee, 0xf8, 0xee, 0xd7, 0xee, 0xd7, 0xee, 0xf8, 0xee, 0xd7, 0xee, 0xd7, 0xee, 0xd7, 0xee,
    0xd7, 0xee, 0xd7, 0xee, 0xf8, 0xee, 0xd7, 0xee, 0xd7, 0xee, 0xd7, 0xee, 0xd7, 0xee, 0xd7, 0xee,
    0xd7, 0xee, 0xf8, 0xee, 0xf8, 0xee, 0xf8, 0xee, 0xf8, 0xee, 0xf8, 0xee, 0xd7, 0xee, 0xf8, 0xee,
    0xd7, 0xee, 0xd7, 0xee, 0xd7, 0xee, 0xf8, 0xee, 0xf8, 0xee, 0xd7, 0xee, 0xd7, 0xee, 0xf8, 0xee,
    0xf8, 0xee, 0xd7, 0xee, 0xd7, 0xee, 0xd7, 0xee, 0xd7, 0xee, 0xd7, 0xee, 0xd7, 0xee, 0xd7, 0xee,
    0xf8, 0xee, 0xf8, 0xee, 0xf8, 0xee, 0xd7, 0xee, 0xd7, 0xee, 0xd7, 0xee, 0xd7, 0xee, 0xd7, 0xee,
    0xf8, 0xee, 0xf8, 0xee, 0xd7, 0xee, 0xd7, 0xee, 0xf8, 0xee, 0xd7, 0xee, 0xd7, 0xee, 0xf8, 0xee,
    0xf8, 0xee, 0xf8, 0xee, 0xf8, 0xee, 0xf8, 0xee, 0xd7, 0xee, 0xd7, 0xee, 0xd7, 0xee, 0xd7, 0xee,
    0xf8, 0xee, 0xf8, 0xee, 0xf8, 0xee, 0xf8, 0xee, 0xf8, 0xee, 0xf8, 0xee, 0xf8, 0xee, 0xd7, 0xee,
    0xd7, 0xee, 0xd7, 0xee, 0xd7, 0xee, 0xf8, 0xee, 0xf8, 0xee, 0xf8, 0xee, 0xd7, 0xee, 0xd7, 0xee,
    0xf8, 0xee, 0xd7, 0xee, 0xd7, 0xee, 0xd7, 0xee, 0xd7, 0xee, 0xf8, 0xee, 0xd7, 0xee, 0xd7, 0xee,
    0xf8, 0xee, 0xd7, 0xee, 0xd7, 0xee, 0xd7, 0xee, 0xd7, 0xee, 0xd7, 0xee, 0xd7, 0xee, 0xd7, 0xee,
    0xd7, 0xee, 0xd7, 0xee, 0xf8, 0xee, 0xd7, 0xee, 0xd7, 0xee, 0xd7, 0xee, 0xf8, 0xee, 0xf8, 0xee,
    0xf8, 0xee, 0xd7, 0xee, 0xd7, 0xee, 0xf8, 0xee, 0xf8, 0xee, 0xf8, 0xee, 0xf8, 0xee, 0xf8, 0xee,
    0xd7, 0xee, 0xf8, 0xee, 0xf8, 0xee, 0xd7, 0xee, 0xf8, 0xee, 0xf8, 0xee, 0xd7, 0xee, 0xd7, 0xee,
    0xf8, 0xee, 0xf8, 0xee, 0xd7, 0xee, 0xd7, 0xee, 0xd7, 0xee, 0xd7, 0xee, 0xd7, 0xee, 0xd7, 0xee,
    0xf8, 0xee, 0xd7, 0xee, 0xd7, 0xee, 0xd7, 0xee, 0xf8, 0xee, 0xf8, 0xee, 0xf8, 0xee, 0xd7, 0xee,
    0xd7, 0xee, 0xf8, 0xee, 0xd7, 0xee, 0xf8, 0xee, 0xf8, 0xee, 0xd7, 0xee, 0xd7, 0xee, 0xf8, 0xee,
    0xd7, 0xee, 0xd7, 0xee, 0xd7, 0xee, 0xd7, 0xee, 0xd7, 0xee, 0xd7, 0xee, 0xf8, 0xee, 0xd7, 0xee,
    0xf8, 0xee, 0xf8, 0xee, 0xf8, 0xee, 0xd7, 0xee, 0xf8, 0xee, 0xf8, 0xee, 0xd7, 0xee, 0xf8, 0xee,
    0xf8, 0xee, 0xf8, 0xee, 0xf8, 0xee, 0xf8, 0xee, 0xf8, 0xee, 0xf8, 0xee, 0xd7, 0xee, 0xf8, 0xee,
    0xf8, 0xee, 0xd7, 0xee, 0xd7, 0xee, 0xd7, 0xee, 0xd7, 0xee, 0xd7, 0xee, 0xf8, 0xee, 0xf8, 0xee,
    0xf8, 0xee, 0xd7, 0xee, 0xf8, 0xee, 0xf8, 0xee, 0xf8, 0xee, 0xd7, 0xee, 0xd7, 0xee, 0xf8, 0xee,
    0xf8, 0xee, 0xf8, 0xee, 0xf8, 0xee, 0xf8, 0xee, 0xf8, 0xee, 0xf8, 0xee, 0xd7, 0xee, 0xd7, 0xee,
    0xf8, 0xee, 0xf8, 0xee, 0xf8, 0xee, 0xf8, 0xee, 0xf8, 0xee, 0xf8, 0xee, 0xd7, 0xee, 0xb6, 0xee,
    0xb6, 0xe6, 0xd7, 0xee, 0xd7, 0xee, 0xd7, 0xee, 0xf8, 0xee, 0xf8, 0xee, 0xd7, 0xee, 0xf8, 0xee,
    0xd7, 0xee, 0xd7, 0xee, 0xf8, 0xee, 0xf8, 0xee, 0xd7, 0xee, 0xd7, 0xee, 0xf8, 0xee, 0xf8, 0xee,
    0xf8, 0xee, 0xf8, 0xee, 0xf8, 0xee, 0xf8, 0xee, 0xf8, 0xee, 0xd7, 0xee, 0xd7, 0xee, 0xd7, 0xee,
    0xd7, 0xee, 0xd7, 0xee, 0xb6, 0xe6, 0xd7, 0xee, 0xf8, 0xee, 0xf8, 0xee, 0xf8, 0xee, 0xf8, 0xee,
    0xf8, 0xee, 0xf8, 0xee, 0xf8, 0xee, 0xf8, 0xee, 0xf8, 0xee, 0xd7, 0xee, 0xd7, 0xee, 0xd7, 0xee,
    0xf8, 0xee, 0xf8, 0xee, 0xf8, 0xee, 0xf8, 0xee, 0xd7, 0xee, 0xf8, 0xee, 0xf8, 0xee, 0xf8, 0xee,
    0xf8, 0xee, 0xd7, 0xee, 0xd7, 0xee, 0xd7, 0xee, 0xd7, 0xee, 0xd7, 0xee, 0xd7, 0xee, 0xd7, 0xee,
    0xd7, 0xee, 0xd7, 0xee, 0xd7, 0xee, 0xf8, 0xee, 0xf8, 0xee, 0xf8, 0xee, 0xf8, 0xee, 0xf8, 0xee,
    0xd7, 0xee, 0xd7, 0xee, 0xd7, 0xee, 0xf8, 0xee, 0xf8, 0xee, 0xd7, 0xee, 0xd7, 0xee, 0xf8, 0xee,
    0xd7, 0xee, 0xd7, 0xee, 0xd7, 0xee, 0xd7, 0xee, 0xd7, 0xee, 0xd7, 0xee, 0xd7, 0xee, 0xd7, 0xee,
    0xd7, 0xee, 0xf8, 0xee, 0xd7, 0xee, 0xf8, 0xee, 0xf8, 0xee, 0xd7, 0xee, 0xd7, 0xee, 0xd7, 0xee,
    0xf8, 0xee, 0xf8, 0xee, 0xd7, 0xee, 0xf8, 0xee, 0xf8, 0xee, 0xd7, 0xee, 0xd7, 0xee, 0xf8, 0xee,
    0xd7, 0xee, 0xd7, 0xee, 0xf8, 0xee, 0xd7, 0xee, 0xd7, 0xee, 0xd7, 0xee, 0xd7, 0xee, 0xd7, 0xee,
    0xf8, 0xee, 0xf8, 0xee, 0xf8, 0xee, 0xf8, 0xee, 0xf8, 0xee, 0xf8, 0xee, 0xd7, 0xee, 0xd7, 0xee,
    0xd7, 0xee, 0xd7, 0xee, 0xd7, 0xee, 0xd7, 0xee, 0xf8, 0xee, 0xd7, 0xee, 0xd7, 0xee, 0xd7, 0xee,
    0xf8, 0xee, 0xd7, 0xee, 0xd7, 0xee, 0xf8, 0xee, 0xf8, 0xee, 0xf8, 0xee, 0xf8, 0xee, 0xf8, 0xee,
    0xd7, 0xee, 0xd7, 0xee, 0xd7, 0xee, 0xd7, 0xee, 0xd7, 0xee, 0xd7, 0xee, 0xd7, 0xee, 0xd7, 0xee,
    0xd7, 0xee, 0xd7, 0xee, 0xd7, 0xee, 0xd7, 0xee, 0xf8, 0xee, 0xf8, 0xee, 0xd7, 0xee, 0xd7, 0xee,
    0xf8, 0xee, 0xf8, 0xee, 0xd7, 0xee, 0xf8, 0xee, 0xf8, 0xee, 0xf8, 0xee, 0xf8, 0xee, 0xd7, 0xee,
    0xf8, 0xee, 0xd7, 0xee, 0xf8, 0xee, 0xd7, 0xee, 0xd7, 0xee, 0xd7, 0xee, 0xd7, 0xee, 0xd7, 0xee,
    0xf8, 0xee, 0xf8, 0xee, 0xf8, 0xee, 0xd7, 0xee, 0xd7, 0xee, 0xd7, 0xee, 0xf8, 0xee, 0xf8, 0xee,
    0xf8, 0xee, 0xd7, 0xee, 0xd7, 0xee, 0xd7, 0xee, 0xd7, 0xee, 0xf8, 0xee, 0xd7, 0xee, 0xd7, 0xee,
    0xd7, 0xee, 0xd7, 0xee, 0xd7, 0xee, 0xd7, 0xee, 0xd7, 0xee, 0xf8, 0xee, 0xd7, 0xee, 0xf8, 0xee,
    0xf8, 0xee, 0xd7, 0xee, 0xd7, 0xee, 0xf8, 0xee, 0xf8, 0xee, 0xd7, 0xee, 0xd7, 0xee, 0xf8, 0xee,
    0xf8, 0xee, 0xf8, 0xee, 0xf8, 0xee, 0xd7, 0xee, 0xd7, 0xee, 0xf8, 0xee, 0xf8, 0xee, 0xd7, 0xee,
    0xf8, 0xee, 0xf8, 0xee, 0xd7, 0xee, 0xd7, 0xee, 0xf8, 0xee, 0xf8, 0xee, 0xd7, 0xee, 0xf8, 0xee,
    0xf8, 0xee, 0xf8, 0xee, 0xd7, 0xee, 0xd7, 0xee, 0xf8, 0xee, 0xd7, 0xee, 0xd7, 0xee, 0xf8, 0xee,
    0xf8, 0xee, 0xd7, 0xee, 0xd7, 0xee, 0xd7, 0xee, 0xf8, 0xee, 0xf8, 0xee, 0xf8, 0xee, 0xf8, 0xee,
    0xf8, 0xee, 0xf8, 0xee, 0xf8, 0xee, 0xf8, 0xee, 0xd7, 0xee, 0xf8, 0xee, 0xf8, 0xee, 0xf8, 0xee,
    0xd7, 0xee, 0xf8, 0xee, 0xf8, 0xee, 0xf8, 0xee, 0xf8, 0xee, 0xd7, 0xee, 0xd7, 0xee, 0xd7, 0xee,
    0xd7, 0xee, 0xd7, 0xee, 0xd7, 0xee, 0xd7, 0xee, 0xd7, 0xee, 0xd7, 0xee, 0xf8, 0xee, 0xd7, 0xee,
    0xd7, 0xee, 0xd7, 0xee, 0xf8, 0xee, 0xf8, 0xee, 0xd7, 0xee, 0xf8, 0xee, 0xf8, 0xee, 0xd7, 0xee,
    0xf8, 0xee, 0xf8, 0xee, 0xf8, 0xee, 0xd7, 0xee, 0xd7, 0xee, 0xd7, 0xee, 0xf8, 0xee, 0xd7, 0xee,
    0xb6, 0xe6, 0xd7, 0xee, 0xd7, 0xee, 0xd7, 0xee, 0xf8, 0xee, 0xf8, 0xee, 0xf8, 0xee, 0xf8, 0xee,
    0xf8, 0xee, 0xf8, 0xee, 0xd7, 0xee, 0xf8, 0xee, 0xd7, 0xee, 0xd7, 0xee, 0xd7, 0xee, 0xf8, 0xee,
    0xf8, 0xee, 0xf8, 0xee, 0xf8, 0xee, 0xf8, 0xee, 0xf8, 0xee, 0xf8, 0xee, 0xf8, 0xee, 0xf8, 0xee,
    0xd7, 0xee, 0xd7, 0xee, 0xd7, 0xee, 0xf8, 0xee, 0xd7, 0xee, 0xf8, 0xee, 0xf8, 0xee, 0xf8, 0xee,
    0xf8, 0xee, 0xf8, 0xee, 0xd7, 0xee, 0xd7, 0xee, 0xf8, 0xee, 0xd7, 0xee, 0xf8, 0xee, 0xd7, 0xee,
    0xf8, 0xee, 0xd7, 0xee, 0xd7, 0xee, 0xd7, 0xee, 0xf8, 0xee, 0xd7, 0xee, 0xd7, 0xee, 0xf8, 0xee,
    0xd7, 0xee, 0xd7, 0xee, 0xf8, 0xee, 0xd7, 0xee, 0xd7, 0xee, 0xd7, 0xee, 0xd7, 0xee, 0xd7, 0xee,
    0xf8, 0xee, 0xd7, 0xee, 0xd7, 0xee, 0xf8, 0xee, 0xf8, 0xee, 0xf8, 0xee, 0xd7, 0xee, 0xd7, 0xee,
    0xf8, 0xee, 0xf8, 0xee, 0xd7, 0xee, 0xd7, 0xee, 0xd7, 0xee, 0xd7, 0xee, 0xf8, 0xee, 0xf8, 0xee,
    0xf8, 0xee, 0xd7, 0xee, 0xd7, 0xee, 0xd7, 0xee, 0xd7, 0xee, 0xd7, 0xee, 0xd7, 0xee, 0xf8, 0xee,
    0xf8, 0xee, 0xf8, 0xee, 0xd7, 0xee, 0xd7, 0xee, 0xd7, 0xee, 0xf8, 0xee, 0xd7, 0xee, 0xf8, 0xee,
    0xd7, 0xee, 0xf8, 0xee, 0xd7, 0xee, 0xd7, 0xee, 0xf8, 0xee, 0xd7, 0xee, 0xd7, 0xee, 0xd7, 0xee,
    0xf8, 0xee, 0xf8, 0xee, 0xd7, 0xee, 0xd7, 0xee, 0xf8, 0xee, 0xf8, 0xee, 0xf8, 0xee, 0xf8, 0xee,
    0xf8, 0xee, 0xd7, 0xee, 0xd7, 0xee, 0xf8, 0xee, 0xd7, 0xee, 0xd7, 0xee, 0xd7, 0xee, 0xd7, 0xee,
    0xd7, 0xee, 0xd7, 0xee, 0xf8, 0xee, 0xd7, 0xee, 0xd7, 0xee, 0xd7, 0xee, 0xd7, 0xee, 0xd7, 0xee,
    0xf8, 0xee, 0xd7, 0xee, 0xd7, 0xee, 0xf8, 0xee, 0xf8, 0xee, 0xf8, 0xee, 0xd7, 0xee, 0xf8, 0xee,
    0xf8, 0xee, 0xd7, 0xee, 0xf8, 0xee, 0xd7, 0xee, 0xd7, 0xee, 0xd7, 0xee, 0xd7, 0xee, 0xf8, 0xee,
    0xf8, 0xee, 0xf8, 0xee, 0xf8, 0xee, 0xd7, 0xee, 0xd7, 0xee, 0xf8, 0xee, 0xd7, 0xee, 0xd7, 0xee,
    0xd7, 0xee, 0xd7, 0xee, 0xd7, 0xee, 0xd7, 0xee, 0xd7, 0xee, 0xf8, 0xee, 0xf8, 0xee, 0xd7, 0xee,
    0xf8, 0xee, 0xd7, 0xee, 0xd7, 0xee, 0xd7, 0xee, 0xd7, 0xee, 0xd7, 0xee, 0xd7, 0xee, 0xd7, 0xee,
    0xd7, 0xee, 0xd7, 0xee, 0xd7, 0xee, 0xf8, 0xee, 0xd7, 0xee, 0xd7, 0xee, 0xf8, 0xee, 0xf8, 0xee,
    0xf8, 0xee, 0xf8, 0xee, 0xf8, 0xee, 0xd7, 0xee, 0xd7, 0xee, 0xd7, 0xee, 0xd7, 0xee, 0xf8, 0xee,
    0xf8, 0xee, 0xd7, 0xee, 0xd7, 0xee, 0xd7, 0xee, 0xf8, 0xee, 0xf8, 0xee, 0xf8, 0xee, 0xf8, 0xee,
    0xf8, 0xee, 0xd7, 0xee, 0xd7, 0xee, 0xd7, 0xee, 0xd7, 0xee, 0xf8, 0xee, 0xd7, 0xee, 0xd7, 0xee,
    0xf8, 0xee, 0xd7, 0xee, 0xd7, 0xee, 0xd7, 0xee, 0xd7, 0xee, 0xd7, 0xee, 0xf8, 0xee, 0xf8, 0xee,
    0xf8, 0xee, 0xf8, 0xee, 0xf8, 0xee, 0xf8, 0xee, 0xf8, 0xee, 0xf8, 0xee, 0xf8, 0xee, 0xf8, 0xee,
    0xd7, 0xee, 0xf8, 0xee, 0xf8, 0xee, 0xf8, 0xee, 0xd7, 0xee, 0xd7, 0xee, 0xf8, 0xee, 0xf8, 0xee,
    0xf8, 0xee, 0xf8, 0xee, 0xd7, 0xee, 0xd7, 0xee, 0xd7, 0xee, 0xd7, 0xee, 0xf8, 0xee, 0xf8, 0xee,
    0xf8, 0xee, 0xd7, 0xee, 0xd7, 0xee, 0xd7, 0xee, 0xd7, 0xee, 0xd7, 0xee, 0xd7, 0xee, 0xf8, 0xee,
    0xf8, 0xee, 0xf8, 0xee, 0xf8, 0xee, 0xd7, 0xee, 0xd7, 0xee, 0xd7, 0xee, 0xd7, 0xee, 0xd7, 0xee,
    0xd7, 0xee, 0xd7, 0xee, 0xf8, 0xee, 0xd7, 0xee, 0xf8, 0xee, 0xf8, 0xee, 0xf8, 0xee, 0xf8, 0xee,
    0xd7, 0xee, 0xd7, 0xee, 0xd7, 0xee, 0xd7, 0xee, 0xd7, 0xee, 0xd7, 0xee, 0xd7, 0xee, 0xd7, 0xee,
    0xf8, 0xee, 0xd7, 0xee, 0xf8, 0xee, 0xf8, 0xee, 0xf8, 0xee, 0xf8, 0xee, 0xd7, 0xee, 0xd7, 0xee,
    0xd7, 0xee, 0xf8, 0xee, 0xf8, 0xee, 0xd7, 0xee, 0xf8, 0xee, 0xf8, 0xee, 0xf8, 0xee, 0xd7, 0xee,
    0xf8, 0xee, 0xf8, 0xee, 0xf8, 0xee, 0xd7, 0xee, 0xd7, 0xee, 0xd7, 0xee, 0xd7, 0xee, 0xd7, 0xee,
    0xf8, 0xee, 0xd7, 0xee, 0xf8, 0xee, 0xd7, 0xee, 0xd7, 0xee, 0xd7, 0xee, 0xd7, 0xee, 0xf8, 0xee,
    0xf8, 0xee, 0xf8, 0xee, 0xd7, 0xee, 0xd7, 0xee, 0xd7, 0xee, 0xd7, 0xee, 0xd7, 0xee, 0xd7, 0xee,
    0xf8, 0xee, 0xd7, 0xee, 0xf8, 0xee, 0xf8, 0xee, 0xf8, 0xee, 0xf8, 0xee, 0xd7, 0xee, 0xd7, 0xee,
    0xd7, 0xee, 0xf8, 0xee, 0xd7, 0xee, 0xd7, 0xee, 0xd7, 0xee, 0xf8, 0xee, 0xf8, 0xee, 0xf8, 0xee,
    0xf8, 0xee, 0xd7, 0xee, 0xd7, 0xee, 0xd7, 0xee, 0xd7, 0xee, 0xd7, 0xee, 0xd7, 0xee, 0xd7, 0xee,
    0xf8, 0xee, 0xf8, 0xee, 0xd7, 0xee, 0xd7, 0xee, 0xf8, 0xee, 0xf8, 0xee, 0xd7, 0xee, 0xd7, 0xee,
    0xf8, 0xee, 0xf8, 0xee, 0xd7, 0xee, 0xd7, 0xee, 0xf8, 0xee, 0xf8, 0xee, 0xd7, 0xee, 0xd7, 0xee,
    0xf8, 0xee, 0xf8, 0xee, 0xd7, 0xee, 0xd7, 0xee, 0xd7, 0xee, 0xf8, 0xee, 0xf8, 0xee, 0xf8, 0xee,
    0xf8, 0xee, 0xd7, 0xee, 0xd7, 0xee, 0xf8, 0xee, 0xd7, 0xee, 0xd7, 0xee, 0xf8, 0xee, 0xd7, 0xee,
    0xf8, 0xee, 0xd7, 0xee, 0xd7, 0xee, 0xd7, 0xee, 0xd7, 0xee, 0xd7, 0xee, 0xd7, 0xee, 0xd7, 0xee,
    0xd7, 0xee, 0xd7, 0xee, 0xf8, 0xee, 0xf8, 0xee, 0xf8, 0xee, 0xf8, 0xee, 0xf8, 0xee, 0xf8, 0xee,
    0xf8, 0xee, 0xd7, 0xee, 0xd7, 0xee, 0xd7, 0xee, 0xd7, 0xee, 0xd7, 0xee, 0xf8, 0xee, 0xf8, 0xee,
    0xf8, 0xee, 0xf8, 0xee, 0xf8, 0xee, 0xf8, 0xee, 0xd7, 0xee, 0xf8, 0xee, 0xf8, 0xee, 0xf8, 0xee,
    0xf8, 0xee, 0xd7, 0xee, 0xd7, 0xee, 0xd7, 0xee, 0xd7, 0xee, 0xd7, 0xee, 0xf8, 0xee, 0xd7, 0xee,
    0xf8, 0xee, 0xd7, 0xee, 0xf8, 0xee, 0xd7, 0xee, 0xd7, 0xee, 0xd7, 0xee, 0xd7, 0xee, 0xd7, 0xee,
    0xd7, 0xee, 0xd7, 0xee, 0xf8, 0xee, 0xf8, 0xee, 0xd7, 0xee, 0xf8, 0xee, 0xf8, 0xee, 0xf8, 0xee,
    0xf8, 0xee, 0xf8, 0xee, 0xf8, 0xee, 0xf8, 0xee, 0xd7, 0xee, 0xd7, 0xee, 0xd7, 0xee, 0xf8, 0xee,
    0xd7, 0xee, 0xd7, 0xee, 0xf8, 0xee, 0xf8, 0xee, 0xf8, 0xee, 0xf8, 0xee, 0xf8, 0xee, 0xd7, 0xee,
    0xd7, 0xee, 0xd7, 0xee, 0xd7, 0xee, 0xd7, 0xee, 0xd7, 0xee, 0xd7, 0xee, 0xd7, 0xee, 0xd7, 0xee,
    0xd7, 0xee, 0xf8, 0xee, 0xd7, 0xee, 0xd7, 0xee, 0xd7, 0xee, 0xf8, 0xee, 0xf8, 0xee, 0xf8, 0xee,
    0xf8, 0xee, 0xf8, 0xee, 0xf8, 0xee, 0xd7, 0xee, 0xd7, 0xee, 0xf8, 0xee, 0xf8, 0xee, 0xf8, 0xee,
    0xf8, 0xee, 0xd7, 0xee, 0xd7, 0xee, 0xd7, 0xee, 0xf8, 0xee, 0xf8, 0xee, 0xd7, 0xee, 0xf8, 0xee,
    0xf8, 0xee, 0xd7, 0xee, 0xd7, 0xee, 0xd7, 0xee, 0xd7, 0xee, 0xd7, 0xee, 0xf8, 0xee, 0xf8, 0xee,
    0xf8, 0xee, 0xd7, 0xee, 0xf8, 0xee, 0xd7, 0xee, 0xd7, 0xee, 0xd7, 0xee, 0xd7, 0xee, 0xd7, 0xee,
    0xf8, 0xee, 0xf8, 0xee, 0xf8, 0xee, 0xf8, 0xee, 0xf8, 0xee, 0xd7, 0xee, 0xd7, 0xee, 0xd7, 0xee,
    0xf8, 0xee, 0xf8, 0xee, 0xd7, 0xee, 0xd7, 0xee, 0xf8, 0xee, 0xf8, 0xee, 0xf8, 0xee, 0xf8, 0xee,
    0xd7, 0xee, 0xf8, 0xee, 0xd7, 0xee, 0xd7, 0xee, 0xd7, 0xee, 0xf8, 0xee, 0xd7, 0xee, 0xf8, 0xee,
    0xf8, 0xee, 0xf8, 0xee, 0xd7, 0xee, 0xf8, 0xee, 0xf8, 0xee, 0xf8, 0xee, 0xf8, 0xee, 0xd7, 0xee,
    0xd7, 0xee, 0xd7, 0xee, 0xd7, 0xee, 0xd7, 0xee, 0xd7, 0xee, 0xf8, 0xee, 0xd7, 0xee, 0xd7, 0xee,
    0xf8, 0xee, 0xd7, 0xee, 0xd7, 0xee, 0xf8, 0xee, 0xd7, 0xee, 0xd7, 0xee, 0xd7, 0xee, 0xd7, 0xee,
    0xd7, 0xee, 0xd7, 0xee, 0xf8, 0xee, 0xf8, 0xee, 0xf8, 0xee, 0xf8, 0xee, 0xf8, 0xee, 0xf8, 0xee,
    0xf8, 0xee, 0xf8, 0xee, 0xf8, 0xee, 0xf8, 0xee, 0xd7, 0xee, 0xd7, 0xee, 0xd7, 0xee, 0xd7, 0xee,
    0xd7, 0xee, 0xf8, 0xee, 0xf8, 0xee, 0xf8, 0xee, 0xf8, 0xee, 0xd7, 0xee, 0xd7, 0xee, 0xd7, 0xee,
    0xd7, 0xee, 0xd7, 0xee, 0xd7, 0xee, 0xd7, 0xee, 0xf8, 0xee, 0xf8, 0xee, 0xf8, 0xee, 0xf8, 0xee,
    0xf8, 0xee, 0xd7, 0xee, 0xd7, 0xee, 0xd7, 0xee, 0xd7, 0xee, 0xd7, 0xee, 0xd7, 0xee, 0xd7, 0xee,
    0xd7, 0xee, 0xd7, 0xee, 0xd7, 0xee, 0xd7, 0xee, 0xf8, 0xee, 0xd7, 0xee, 0xd7, 0xee, 0xd7, 0xee,
    0xd7, 0xee, 0xd7, 0xee, 0xd7, 0xee, 0xd7, 0xee, 0xf8, 0xee, 0xd7, 0xee, 0xd7, 0xee, 0xf8, 0xee,
    0xf8, 0xee, 0xd7, 0xee, 0xd7, 0xee, 0xd7, 0xee, 0xf8, 0xee, 0xf8, 0xee, 0xf8, 0xee, 0xf8, 0xee,
    0xf8, 0xee, 0xd7, 0xee, 0xd7, 0xee, 0xd7, 0xee, 0xd7, 0xee, 0xd7, 0xee, 0xd7, 0xee, 0xf8, 0xee,
    0xf8, 0xee, 0xf8, 0xee, 0xf8, 0xee, 0xd7, 0xee, 0xd7, 0xee, 0xf8, 0xee, 0xd7, 0xee, 0xd7, 0xee,
    0xd7, 0xee, 0xd7, 0xee, 0xd7, 0xee, 0xf8, 0xee, 0xf8, 0xee, 0xd7, 0xee, 0xd7, 0xee, 0xf8, 0xee,
    0xf8, 0xee, 0xf8, 0xee, 0xd7, 0xee, 0xf8, 0xee, 0xf8, 0xee, 0xd7, 0xee, 0xd7, 0xee, 0xf8, 0xee,
    0xf8, 0xee, 0xf8, 0xee, 0xf8, 0xee, 0xd7, 0xee, 0xd7, 0xee, 0xf8, 0xee, 0xf8, 0xee, 0xf8, 0xee,
    0xd7, 0xee, 0xf8, 0xee, 0xf8, 0xee, 0xd7, 0xee, 0xd7, 0xee, 0xd7, 0xee, 0xd7, 0xee, 0xd7, 0xee,
    0xd7, 0xee, 0xd7, 0xee, 0xd7, 0xee, 0xd7, 0xee, 0xd7, 0xee, 0xd7, 0xee, 0xd7, 0xee, 0xf8, 0xee,
    0xf8, 0xee, 0xd7, 0xee, 0xd7, 0xee, 0xf8, 0xee, 0xf8, 0xee, 0xf8, 0xee, 0xf8, 0xee, 0xf8, 0xee,
    0xf8, 0xee, 0xf8, 0xee, 0xf8, 0xee, 0xf8, 0xee, 0xd7, 0xee, 0xd7, 0xee, 0xd7, 0xee, 0xd7, 0xee,
    0xd7, 0xee, 0xd7, 0xee, 0xd7, 0xee, 0xd7, 0xee, 0xf8, 0xee, 0xf8, 0xee, 0xd7, 0xee, 0xd7, 0xee,
    0xd7, 0xee, 0xd7, 0xee, 0xd7, 0xee, 0xf8, 0xee, 0xf8, 0xee, 0xf8, 0xee, 0xd7, 0xee, 0xd7, 0xee,
    0xd7, 0xee, 0xd7, 0xee, 0xd7, 0xee, 0xd7, 0xee, 0xd7, 0xee, 0xf8, 0xee, 0xf8, 0xee, 0xf8, 0xee,
    0xd7, 0xee, 0xd7, 0xee, 0xd7, 0xee, 0xd7, 0xee, 0xd7, 0xee, 0xd7, 0xee, 0xd7, 0xee, 0xf8, 0xee,
    0xf8, 0xee, 0xd7, 0xee, 0xd7, 0xee, 0xf8, 0xee, 0xf8, 0xee, 0xd7, 0xee, 0xd7, 0xee, 0xd7, 0xee,
    0xd7, 0xee, 0xd7, 0xee, 0xd7, 0xee, 0xd7, 0xee, 0xd7, 0xee, 0xd7, 0xee, 0xf8, 0xee, 0xf8, 0xee,
    0xf8, 0xee, 0xf8, 0xee, 0xd7, 0xee, 0xd7, 0xee, 0xd7, 0xee, 0xd7, 0xee, 0xd7, 0xee, 0xf8, 0xee,
    0xf8, 0xee, 0xf8, 0xee, 0xf8, 0xee, 0xd7, 0xee, 0xd7, 0xee, 0xd7, 0xee, 0xd7, 0xee, 0xd7, 0xee,
    0xf8, 0xee, 0xf8, 0xee, 0xd7, 0xee, 0xd7, 0xee, 0xf8, 0xee, 0xf8, 0xee, 0xf8, 0xee, 0xd7, 0xee,
    0xd7, 0xee, 0xd7, 0xee, 0xf8, 0xee, 0xd7, 0xee, 0xf8, 0xee, 0xf8, 0xee, 0xf8, 0xee, 0xf8, 0xee,
    0xf8, 0xee, 0xf8, 0xee, 0xd7, 0xee, 0xd7, 0xee, 0xf8, 0xee, 0xf8, 0xee, 0xf8, 0xee, 0xd7, 0xee,
    0xd7, 0xee, 0xd7, 0xee, 0xf8, 0xee, 0xd7, 0xee, 0xd7, 0xee, 0xd7, 0xee, 0xf8, 0xee, 0xd7, 0xee,
    0xd7, 0xee, 0xd7, 0xee, 0xd7, 0xee, 0xd7, 0xee, 0xd7, 0xee, 0xd7, 0xee, 0xd7, 0xee, 0xd7, 0xee,
    0xf8, 0xee, 0xf8, 0xee, 0xf8, 0xee, 0xf8, 0xee, 0xd7, 0xee, 0xd7, 0xee, 0xf8, 0xee, 0xd7, 0xee,
    0xf8, 0xee, 0xf8, 0xee, 0xd7, 0xee, 0xf8, 0xee, 0xf8, 0xee, 0xd7, 0xee, 0xf8, 0xee, 0xd7, 0xee,
    0xd7, 0xee, 0xf8, 0xee, 0xf8, 0xee, 0xf8, 0xee, 0xf8, 0xee, 0xd7, 0xee, 0xd7, 0xee, 0xd7, 0xee,
    0xf8, 0xee, 0xd7, 0xee, 0xd7, 0xee, 0xf8, 0xee, 0xf8, 0xee, 0xf8, 0xee, 0xd7, 0xee, 0xd7, 0xee,
    0xd7, 0xee, 0xb6, 0xe6, 0xd7, 0xee, 0xd7, 0xee, 0xd7, 0xee, 0xd7, 0xee, 0xd7, 0xee, 0xd7, 0xee,
    0xd7, 0xee, 0xd7, 0xee, 0xd7, 0xee, 0xd7, 0xee, 0xd7, 0xee, 0xf8, 0xee, 0xf8, 0xee, 0xd7, 0xee,
    0xd7, 0xee, 0xd7, 0xee, 0xd7, 0xee, 0xd7, 0xee, 0xd7, 0xee, 0xf8, 0xee, 0xd7, 0xee, 0xd7, 0xee,
    0xf8, 0xee, 0xf8, 0xee, 0xd7, 0xee, 0xd7, 0xee, 0xf8, 0xee, 0xf8, 0xee, 0xf8, 0xee, 0xf8, 0xee,
    0xd7, 0xee, 0xd7, 0xee, 0xd7, 0xee, 0xf8, 0xee, 0xf8, 0xee, 0xd7, 0xee, 0xd7, 0xee, 0xf8, 0xee,
    0xf8, 0xee, 0xf8, 0xee, 0xf8, 0xee, 0xd7, 0xee, 0xd7, 0xee, 0xd7, 0xee, 0xd7, 0xee, 0xd7, 0xee,
    0xd7, 0xee, 0xd7, 0xee, 0xd7, 0xee, 0xd7, 0xee, 0xd7, 0xee, 0xd7, 0xee, 0xd7, 0xee, 0xf8, 0xee,
    0xf8, 0xee, 0xf8, 0xee, 0xf8, 0xee, 0xf8, 0xee, 0xf8, 0xee, 0xf8, 0xee, 0xd7, 0xee, 0xf8, 0xee,
    0xd7, 0xee, 0xd7, 0xee, 0xd7, 0xee, 0xd7, 0xee, 0xd7, 0xee, 0xd7, 0xee, 0xf8, 0xee, 0xd7, 0xee,
    0xf8, 0xee, 0xf8, 0xee, 0xf8, 0xee, 0xf8, 0xee, 0xf8, 0xee, 0xf8, 0xee, 0xf8, 0xee, 0xd7, 0xee,
    0xf8, 0xee, 0xd7, 0xee, 0xd7, 0xee, 0xd7, 0xee, 0xd7, 0xee, 0xd7, 0xee, 0xd7, 0xee, 0xd7, 0xee,
    0xd7, 0xee, 0xd7, 0xee, 0xd7, 0xee, 0xf8, 0xee, 0xf8, 0xee, 0xf8, 0xee, 0xf8, 0xee, 0xf8, 0xee,
    0xf8, 0xee, 0xf8, 0xee, 0xf8, 0xee, 0xf8, 0xee, 0xd7, 0xee, 0xd7, 0xee, 0xd7, 0xee, 0xd7, 0xee,
    0xf8, 0xee, 0xd7, 0xee, 0xd7, 0xee, 0xd7, 0xee, 0xd7, 0xee, 0xd7, 0xee, 0xd7, 0xee, 0xf8, 0xee,
    0xf8, 0xee, 0xf8, 0xee, 0xf8, 0xee, 0xd7, 0xee, 0xf8, 0xee, 0xf8, 0xee, 0xf8, 0xee, 0xd7, 0xee,
    0xd7, 0xee, 0xd7, 0xee, 0xd7, 0xee, 0xd7, 0xee, 0xf8, 0xee, 0xf8, 0xee, 0xf8, 0xee, 0xd7, 0xee,
    0xd7, 0xee, 0xd7, 0xee, 0xd7, 0xee, 0xd7, 0xee, 0xd7, 0xee, 0xd7, 0xee, 0xf8, 0xee, 0xd7, 0xee,
    0xd7, 0xee, 0xd7, 0xee, 0xf8, 0xee, 0xf8, 0xee, 0xd7, 0xee, 0xd7, 0xee, 0xd7, 0xee, 0xf8, 0xee,
    0xd7, 0xee, 0xd7, 0xee, 0xd7, 0xee, 0xd7, 0xee, 0xd7, 0xee, 0xf8, 0xee, 0xf8, 0xee, 0xf8, 0xee,
    0xd7, 0xee, 0xf8, 0xee, 0xd7, 0xee, 0xd7, 0xee, 0xd7, 0xee, 0xd7, 0xee, 0xb6, 0xe6, 0xb6, 0xe6,
    0xd7, 0xee, 0xf8, 0xee, 0xd7, 0xee, 0xd7, 0xee, 0xd7, 0xee, 0xd7, 0xee, 0xd7, 0xee, 0xd7, 0xee,
    0xd7, 0xee, 0xf8, 0xee, 0xd7, 0xee, 0xd7, 0xee, 0xd7, 0xee, 0xf8, 0xee, 0xd7, 0xee, 0xd7, 0xee,
    0xd7, 0xee, 0xf8, 0xee, 0xd7, 0xee, 0xf8, 0xee, 0xd7, 0xee, 0xf8, 0xee, 0xf8, 0xee, 0xf8, 0xee,
    0xf8, 0xee, 0xf8, 0xee, 0xf8, 0xee, 0xd7, 0xee, 0xf8, 0xee, 0xf8, 0xee, 0xd7, 0xee, 0xd7, 0xee,
    0xf8, 0xee, 0xf8, 0xee, 0xf8, 0xee, 0xd7, 0xee, 0xd7, 0xee, 0xd7, 0xee, 0xd7, 0xee, 0xd7, 0xee,
    0xd7, 0xee, 0xd7, 0xee, 0xd7, 0xee, 0xd7, 0xee, 0xd7, 0xee, 0xd7, 0xee, 0xd7, 0xee, 0xd7, 0xee,
    0xd7, 0xee, 0xf8, 0xee, 0xf8, 0xee, 0xd7, 0xee, 0xd7, 0xee, 0xf8, 0xee, 0xf8, 0xee, 0xd7, 0xee,
    0xf8, 0xee, 0xf8, 0xee, 0xd7, 0xee, 0xd7, 0xee, 0xf8, 0xee, 0xf8, 0xee, 0xf8, 0xee, 0xf8, 0xee,
    0xd7, 0xee, 0xd7, 0xee, 0xd7, 0xee, 0xd7, 0xee, 0xd7, 0xee, 0xf8, 0xee, 0xd7, 0xee, 0xd7, 0xee,
    0xd7, 0xee, 0xd7, 0xee, 0xd7, 0xee, 0xf8, 0xee, 0xf8, 0xee, 0xd7, 0xee, 0xd7, 0xee, 0xd7, 0xee,
    0xd7, 0xee, 0xd7, 0xee, 0xf8, 0xee, 0xf8, 0xee, 0xf8, 0xee, 0xd7, 0xee, 0xd7, 0xee, 0xd7, 0xee,
    0xd7, 0xee, 0xd7, 0xee, 0xd7, 0xee, 0xf8, 0xee, 0xf8, 0xee, 0xf8, 0xee, 0xf8, 0xee, 0xf8, 0xee,
    0xd7, 0xee, 0xd7, 0xee, 0xf8, 0xee, 0xd7, 0xee, 0xd7, 0xee, 0xd7, 0xee, 0xd7, 0xee, 0xd7, 0xee,
    0xd7, 0xee, 0xd7, 0xee, 0xd7, 0xee, 0xd7, 0xee, 0xf8, 0xee, 0xf8, 0xee, 0xf8, 0xee, 0xf8, 0xee,
    0xf8, 0xee, 0xd7, 0xee, 0xd7, 0xee, 0xd7, 0xee, 0xd7, 0xee, 0xf8, 0xee, 0xd7, 0xee, 0xf8, 0xee,
    0xf8, 0xee, 0xf8, 0xee, 0xd7, 0xee, 0xd7, 0xee, 0xd7, 0xee, 0xd7, 0xee, 0xd7, 0xee, 0xd7, 0xee,
    0xd7, 0xee, 0xd7, 0xee, 0xf8, 0xee, 0xf8, 0xee, 0xd7, 0xee, 0xd7, 0xee, 0xd7, 0xee, 0xf8, 0xee,
    0xf8, 0xee, 0xf8, 0xee, 0xf8, 0xee, 0xf8, 0xee, 0xf8, 0xee, 0xf8, 0xee, 0xf8, 0xee, 0xd7, 0xee,
    0xd7, 0xee, 0xd7, 0xee, 0xd7, 0xee, 0xd7, 0xee, 0xd7, 0xee, 0xd7, 0xee, 0xd7, 0xee, 0xf8, 0xee,
    0xd7, 0xee, 0xf8, 0xee, 0xf8, 0xee, 0xd7, 0xee, 0xf8, 0xee, 0xd7, 0xee, 0xd7, 0xee, 0xf8, 0xee,
    0xf8, 0xee, 0xf8, 0xee, 0xd7, 0xee, 0xd7, 0xee, 0xd7, 0xee, 0xf8, 0xee, 0xf8, 0xee, 0xd7, 0xee,
    0xd7, 0xee, 0xf8, 0xee, 0xd7, 0xee, 0xd7, 0xee, 0xd7, 0xee, 0xd7, 0xee, 0xf8, 0xee, 0xd7, 0xee,
    0xf8, 0xee, 0xf8, 0xee, 0xf8, 0xee, 0xf8, 0xee, 0xf8, 0xee, 0xf8, 0xee, 0xf8, 0xee, 0xf8, 0xee,
    0xd7, 0xee, 0xd7, 0xee, 0xf8, 0xee, 0xf8, 0xee, 0xf8, 0xee, 0xd7, 0xee, 0xf8, 0xee, 0xf8, 0xee,
    0xf8, 0xee, 0xf8, 0xee, 0xd7, 0xee, 0xd7, 0xee, 0xf8, 0xee, 0xf8, 0xee, 0xf8, 0xee, 0xf8, 0xee,
    0xd7, 0xee, 0xf8, 0xee, 0xf8, 0xee, 0xd7, 0xee, 0xd7, 0xee, 0xf8, 0xee, 0xf8, 0xee, 0xf8, 0xee,
    0xf8, 0xee, 0xd7, 0xee, 0xd7, 0xee, 0xd7, 0xee, 0xf8, 0xee, 0xf8, 0xee, 0xd7, 0xee, 0xd7, 0xee,
    0xf8, 0xee, 0xd7, 0xee, 0xf8, 0xee, 0xf8, 0xee, 0xf8, 0xee, 0xd7, 0xee, 0xd7, 0xee, 0xd7, 0xee,
    0xd7, 0xee, 0xd7, 0xee, 0xd7, 0xee, 0xd7, 0xee, 0xd7, 0xee, 0xd7, 0xee, 0xd7, 0xee, 0xd7, 0xee,
    0xf8, 0xee, 0xf8, 0xee, 0xf8, 0xee, 0xd7, 0xee, 0xf8, 0xee, 0xd7, 0xee, 0xb6, 0xe6, 0x95, 0xe6,
    0xb6, 0xe6, 0xd7, 0xee, 0xd7, 0xee, 0xd7, 0xee, 0xf8, 0xee, 0xf8, 0xee, 0xd7, 0xee, 0xf8, 0xee,
    0xf8, 0xee, 0xf8, 0xee, 0xf8, 0xee, 0xf8, 0xee, 0xd7, 0xee, 0xd7, 0xee, 0xd7, 0xee, 0xd7, 0xee,
    0xf8, 0xee, 0xf8, 0xee, 0xf8, 0xee, 0xf8, 0xee, 0xf8, 0xee, 0xd7, 0xee, 0xf8, 0xee, 0xf8, 0xee,
    0xf8, 0xee, 0xf8, 0xee, 0xf8, 0xee, 0xd7, 0xee, 0xd7, 0xee, 0xd7, 0xee, 0xd7, 0xee, 0xd7, 0xee,
    0xf8, 0xee, 0xd7, 0xee, 0xf8, 0xee, 0xf8, 0xee, 0xd7, 0xee, 0xd7, 0xee, 0xd7, 0xee, 0xd7, 0xee,
    0xd7, 0xee, 0xb6, 0xe6, 0xd7, 0xee, 0xd7, 0xee, 0xd7, 0xee, 0xd7, 0xee, 0xd7, 0xee, 0xf8, 0xee,
    0xd7, 0xee, 0xd7, 0xee, 0xd7, 0xee, 0xd7, 0xee, 0xd7, 0xee, 0xf8, 0xee, 0xf8, 0xee, 0xf8, 0xee,
    0xf8, 0xee, 0xf8, 0xee, 0xf8, 0xee, 0xf8, 0xee, 0xf8, 0xee, 0xf8, 0xee, 0xf8, 0xee, 0xd7, 0xee,
    0xd7, 0xee, 0xd7, 0xee, 0xd7, 0xee, 0xf8, 0xee, 0xd7, 0xee, 0xf8, 0xee, 0xf8, 0xee, 0xd7, 0xee,
    0xd7, 0xee, 0xf8, 0xee, 0xf8, 0xee, 0xd7, 0xee, 0xd7, 0xee, 0xd7, 0xee, 0xd7, 0xee, 0xd7, 0xee,
    0xd7, 0xee, 0xf8, 0xee, 0xf8, 0xee, 0xf8, 0xee, 0xf8, 0xee, 0xf8, 0xee, 0xf8, 0xee, 0xd7, 0xee,
    0xd7, 0xee, 0xf8, 0xee, 0xd7, 0xee, 0xd7, 0xee, 0xf8, 0xee, 0xf8, 0xee, 0xf8, 0xee, 0xf8, 0xee,
    0xd7, 0xee, 0xd7, 0xee, 0xd7, 0xee, 0xd7, 0xee, 0xd7, 0xee, 0xd7, 0xee, 0xd7, 0xee, 0xd7, 0xee,
    0xd7, 0xee, 0xd7, 0xee, 0xd7, 0xee, 0xd7, 0xee, 0xf8, 0xee, 0xf8, 0xee, 0xd7, 0xee, 0xd7, 0xee,
    0xd7, 0xee, 0xd7, 0xee, 0xd7, 0xee, 0xd7, 0xee, 0xd7, 0xee, 0xf8, 0xee, 0xf8, 0xee, 0xf8, 0xee,
    0xf8, 0xee, 0xf8, 0xee, 0xd7, 0xee, 0xd7, 0xee, 0xd7, 0xee, 0xf8, 0xee, 0xd7, 0xee, 0xd7, 0xee,
    0xd7, 0xee, 0xb6, 0xe6, 0xd7, 0xee, 0xf8, 0xee, 0xf8, 0xee, 0xd7, 0xee, 0xd7, 0xee, 0xd7, 0xee,
    0xd7, 0xee, 0xd7, 0xee, 0xd7, 0xee, 0xf8, 0xee, 0xd7, 0xee, 0xd7, 0xee, 0xd7, 0xee, 0xf8, 0xee,
    0xf8, 0xee, 0xf8, 0xee, 0xd7, 0xee, 0xd7, 0xee, 0xd7, 0xee, 0xd7, 0xee, 0xd7, 0xee, 0xd7, 0xee,
    0xd7, 0xee, 0xf8, 0xee, 0xf8, 0xee, 0xd7, 0xee, 0xd7, 0xee, 0xf8, 0xee, 0xf8, 0xee, 0xf8, 0xee,
    0xf8, 0xee, 0xf8, 0xee, 0xd7, 0xee, 0xf8, 0xee, 0xd7, 0xee, 0xf8, 0xee, 0xd7, 0xee, 0xd7, 0xee,
    0xd7, 0xee, 0xf8, 0xee, 0xf8, 0xee, 0xd7, 0xee, 0xf8, 0xee, 0xd7, 0xee, 0xd7, 0xee, 0xd7, 0xee,
    0xd7, 0xee, 0xf8, 0xee, 0xd7, 0xee, 0xd7, 0xee, 0xf8, 0xee, 0xf8, 0xee, 0xf8, 0xee, 0xf8, 0xee,
    0xf8, 0xee, 0xf8, 0xee, 0xf8, 0xee, 0xd7, 0xee, 0xd7, 0xee, 0xd7, 0xee, 0xf8, 0xee, 0xf8, 0xee,
    0xf8, 0xee, 0xf8, 0xee, 0xf8, 0xee, 0xf8, 0xee, 0xf8, 0xee, 0xf8, 0xee, 0xf8, 0xee, 0xd7, 0xee,
    0xf8, 0xee, 0xf8, 0xee, 0xd7, 0xee, 0xd7, 0xee, 0xd7, 0xee, 0xd7, 0xee, 0xf8, 0xee, 0xf8, 0xee,
    0xd7, 0xee, 0xd7, 0xee, 0xd7, 0xee, 0xd7, 0xee, 0xf8, 0xee, 0xf8, 0xee, 0xd7, 0xee, 0xf8, 0xee,
    0xd7, 0xee, 0xd7, 0xee, 0xd7, 0xee, 0xd7, 0xee, 0xd7, 0xee, 0xd7, 0xee, 0xd7, 0xee, 0xd7, 0xee,
    0xd7, 0xee, 0xd7, 0xee, 0xd7, 0xee, 0xd7, 0xee, 0xd7, 0xee, 0xf8, 0xee, 0xd7, 0xee, 0xd7, 0xee,
    0xf8, 0xee, 0xf8, 0xee, 0xd7, 0xee, 0xf8, 0xee, 0xf8, 0xee, 0xd7, 0xee, 0xd7, 0xee, 0xd7, 0xee,
    0xd7, 0xee, 0xd7, 0xee, 0xd7, 0xee, 0xf8, 0xee, 0xf8, 0xee, 0xf8, 0xee, 0xd7, 0xee, 0xd7, 0xee,
    0xf8, 0xee, 0xf8, 0xee, 0xf8, 0xee, 0xf8, 0xee, 0xd7, 0xee, 0xd7, 0xee, 0xd7, 0xee, 0xd7, 0xee,
    0xf8, 0xee, 0xf8, 0xee, 0xf8, 0xee, 0xf8, 0xee, 0xf8, 0xee, 0xd7, 0xee, 0xf8, 0xee, 0xf8, 0xee,
    0xf8, 0xee, 0xf8, 0xee, 0xf8, 0xee, 0xf8, 0xee, 0xf8, 0xee, 0xd7, 0xee, 0xd7, 0xee, 0xd7, 0xee,
    0xf8, 0xee, 0xd7, 0xee, 0xd7, 0xee, 0xf8, 0xee, 0xf8, 0xee, 0xf8, 0xee, 0xd7, 0xee, 0xd7, 0xee,
    0xf8, 0xee, 0xd7, 0xee, 0xd7, 0xee, 0xd7, 0xee, 0xd7, 0xee, 0xd7, 0xee, 0xf8, 0xee, 0xd7, 0xee,
    0xd7, 0xee, 0xd7, 0xee, 0xd7, 0xee, 0xd7, 0xee, 0xd7, 0xee, 0xf8, 0xee, 0xf8, 0xee, 0xf8, 0xee,
    0xf8, 0xee, 0xf8, 0xee, 0xf8, 0xee, 0xf8, 0xee, 0xf8, 0xee, 0xf8, 0xee, 0xf8, 0xee, 0xd7, 0xee,
    0xd7, 0xee, 0xd7, 0xee, 0xd7, 0xee, 0xd7, 0xee, 0xf8, 0xee, 0xf8, 0xee, 0xf8, 0xee, 0xd7, 0xee,
    0xd7, 0xee, 0xd7, 0xee, 0xf8, 0xee, 0xf8, 0xee, 0xd7, 0xee, 0xd7, 0xee, 0xd7, 0xee, 0xd7, 0xee,
    0xd7, 0xee, 0xf8, 0xee, 0xf8, 0xee, 0xf8, 0xee, 0xd7, 0xee, 0xf8, 0xee, 0xf8, 0xee, 0xd7, 0xee,
    0xd7, 0xee, 0xd7, 0xee, 0xd7, 0xee, 0xd7, 0xee, 0xf8, 0xee, 0xf8, 0xee, 0xf8, 0xee, 0xd7, 0xee,
    0xd7, 0xee, 0xd7, 0xee, 0xd7, 0xee, 0xd7, 0xee, 0xd7, 0xee, 0xd7, 0xee, 0xd7, 0xee, 0xf8, 0xee,
    0xd7, 0xee, 0xd7, 0xee, 0xd7, 0xee, 0xf8, 0xee, 0xf8, 0xee, 0xf8, 0xee, 0xf8, 0xee, 0xf8, 0xee,
    0xd7, 0xee, 0xf8, 0xee, 0xd7, 0xee, 0xd7, 0xee, 0xf8, 0xee, 0xd7, 0xee, 0xd7, 0xee, 0xd7, 0xee,
    0xd7, 0xee, 0xf8, 0xee, 0xf8, 0xee, 0xf8, 0xee, 0xd7, 0xee, 0xf8, 0xee, 0xf8, 0xee, 0xd7, 0xee,
    0xf8, 0xee, 0xd7, 0xee, 0xd7, 0xee, 0xd7, 0xee, 0xf8, 0xee, 0xd7, 0xee, 0xd7, 0xee, 0xd7, 0xee,
    0xd7, 0xee, 0xf8, 0xee, 0xd7, 0xee, 0xf8, 0xee, 0xf8, 0xee, 0xf8, 0xee, 0xf8, 0xee, 0xf8, 0xee,
    0xd7, 0xee, 0xf8, 0xee, 0xd7, 0xee, 0xd7, 0xee, 0xd7, 0xee, 0xf8, 0xee, 0xf8, 0xee, 0xd7, 0xee,
    0xd7, 0xee, 0xf8, 0xee, 0xf8, 0xee, 0xf8, 0xee, 0xd7, 0xee, 0xf8, 0xee, 0xf8, 0xee, 0xf8, 0xee,
    0xf8, 0xee, 0xd7, 0xee, 0xd7, 0xee, 0xf8, 0xee, 0xf8, 0xee, 0xf8, 0xee, 0xd7, 0xee, 0xd7, 0xee,
    0xf8, 0xee, 0xd7, 0xee, 0xd7, 0xee, 0xd7, 0xee, 0xd7, 0xee, 0xd7, 0xee, 0xd7, 0xee, 0xd7, 0xee,
    0xf8, 0xee, 0xd7, 0xee, 0xd7, 0xee, 0xf8, 0xee, 0xf8, 0xee, 0xf8, 0xee, 0xf8, 0xee, 0xf8, 0xee,
    0xf8, 0xee, 0xf8, 0xee, 0xd7, 0xee, 0xd7, 0xee, 0xd7, 0xee, 0xd7, 0xee, 0xf8, 0xee, 0xf8, 0xee,
    0xf8, 0xee, 0xf8, 0xee, 0xf8, 0xee, 0xf8, 0xee, 0xf8, 0xee, 0xf8, 0xee, 0xf8, 0xee, 0xf8, 0xee,
    0xf8, 0xee, 0xd7, 0xee, 0xd7, 0xee, 0xd7, 0xee, 0xd7, 0xee, 0xd7, 0xee, 0xd7, 0xee, 0xd7, 0xee,
    0xf8, 0xee, 0xd7, 0xee, 0xd7, 0xee, 0xd7, 0xee, 0xf8, 0xee, 0xd7, 0xee, 0xd7, 0xee, 0xd7, 0xee,
    0xf8, 0xee, 0xd7, 0xee, 0xd7, 0xee, 0xd7, 0xee, 0xd7, 0xee, 0xd7, 0xee, 0xd7, 0xee, 0xd7, 0xee,
    0xd7, 0xee, 0xd7, 0xee, 0xd7, 0xee, 0xd7, 0xee, 0xf8, 0xee, 0xf8, 0xee, 0xf8, 0xee, 0xd7, 0xee,
    0xd7, 0xee, 0xf8, 0xee, 0xd7, 0xee, 0xf8, 0xee, 0xf8, 0xee, 0xd7, 0xee, 0xd7, 0xee, 0xd7, 0xee,
    0xd7, 0xee, 0xd7, 0xee, 0xd7, 0xee, 0xd7, 0xee, 0xf8, 0xee, 0xd7, 0xee, 0xd7, 0xee, 0xd7, 0xee,
    0xf8, 0xee, 0xf8, 0xee, 0xf8, 0xee, 0xf8, 0xee, 0xd7, 0xee, 0xd7, 0xee, 0xd7, 0xee, 0xf8, 0xee,
    0xf8, 0xee, 0xf8, 0xee, 0xf8, 0xee, 0xf8, 0xee, 0xf8, 0xee, 0xd7, 0xee, 0xd7, 0xee, 0xf8, 0xee,
    0xd7, 0xee, 0xd7, 0xee, 0xf8, 0xee, 0xf8, 0xee, 0xf8, 0xee, 0xd7, 0xee, 0xf8, 0xee, 0xd7, 0xee,
    0xf8, 0xee, 0xf8, 0xee, 0xd7, 0xee, 0xf8, 0xee, 0xf8, 0xee, 0xd7, 0xee, 0xd7, 0xee, 0xd7, 0xee,
    0xd7, 0xee, 0xd7, 0xee, 0xd7, 0xee, 0xd7, 0xee, 0xd7, 0xee, 0xd7, 0xee, 0xd7, 0xee, 0xd7, 0xee,
    0xd7, 0xee, 0xd7, 0xee, 0xf8, 0xee, 0xd7, 0xee, 0xd7, 0xee, 0xd7, 0xee, 0xf8, 0xee, 0xd7, 0xee,
    0xf8, 0xee, 0xf8, 0xee, 0xf8, 0xee, 0xf8, 0xee, 0xf8, 0xee, 0xd7, 0xee, 0xf8, 0xee, 0xd7, 0xee,
    0xd7, 0xee, 0xd7, 0xee, 0xd7, 0xee, 0xd7, 0xee, 0xf8, 0xee, 0xf8, 0xee, 0xf8, 0xee, 0xd7, 0xee,
    0xd7, 0xee, 0xd7, 0xee, 0xd7, 0xee, 0xd7, 0xee, 0xd7, 0xee, 0xd7, 0xee, 0xd7, 0xee, 0xd7, 0xee,
    0xf8, 0xee, 0xf8, 0xee, 0xf8, 0xee, 0xf8, 0xee, 0xf8, 0xee, 0xf8, 0xee, 0xf8, 0xee, 0xd7, 0xee,
    0xd7, 0xee, 0xd7, 0xee, 0xd7, 0xee, 0xf8, 0xee, 0xf8, 0xee, 0xf8, 0xee, 0xf8, 0xee, 0xd7, 0xee,
    0xd7, 0xee, 0xd7, 0xee, 0xd7, 0xee, 0xf8, 0xee, 0xd7, 0xee, 0xd7, 0xee, 0xd7, 0xee, 0xf8, 0xee,
    0xf8, 0xee, 0xd7, 0xee, 0xd7, 0xee, 0xf8, 0xee, 0xf8, 0xee, 0xf8, 0xee, 0xf8, 0xee, 0xf8, 0xee,
    0xf8, 0xee, 0xd7, 0xee, 0xd7, 0xee, 0xd7, 0xee, 0xf8, 0xee, 0xf8, 0xee, 0xf8, 0xee, 0xd7, 0xee,
    0xd7, 0xee, 0xd7, 0xee, 0xd7, 0xee, 0xd7, 0xee, 0xd7, 0xee, 0xd7, 0xee, 0xd7, 0xee, 0xd7, 0xee,
    0xf8, 0xee, 0xf8, 0xee, 0xf8, 0xee, 0xd7, 0xee, 0xd7, 0xee, 0xf8, 0xee, 0xd7, 0xee, 0xd7, 0xee,
    0xf8, 0xee, 0xf8, 0xee, 0xf8, 0xee, 0xf8, 0xee, 0xf8, 0xee, 0xf8, 0xee, 0xf8, 0xee, 0xf8, 0xee,
    0xd7, 0xee, 0xd7, 0xee, 0xd7, 0xee, 0xf8, 0xee, 0xd7, 0xee, 0xf8, 0xee, 0xd7, 0xee, 0xf8, 0xee,
    0xd7, 0xee, 0xd7, 0xee, 0xf8, 0xee, 0xf8, 0xee, 0xd7, 0xee, 0xf8, 0xee, 0xf8, 0xee, 0xf8, 0xee,
    0xf8, 0xee, 0xf8, 0xee, 0xf8, 0xee, 0xf8, 0xee, 0xf8, 0xee, 0xf8, 0xee, 0xd7, 0xee, 0xd7, 0xee,
    0xf8, 0xee, 0xf8, 0xee, 0xd7, 0xee, 0xd7, 0xee, 0xd7, 0xee, 0xd7, 0xee, 0xd7, 0xee, 0xd7, 0xee,
    0xd7, 0xee, 0xd7, 0xee, 0xf8, 0xee, 0xf8, 0xee, 0xf8, 0xee, 0xf8, 0xee, 0xf8, 0xee, 0xf8, 0xee,
    0xf8, 0xee, 0xf8, 0xee, 0xf8, 0xee, 0xf8, 0xee, 0xd7, 0xee, 0xd7, 0xee, 0xf8, 0xee, 0xf8, 0xee,
    0xf8, 0xee, 0xf8, 0xee, 0xf8, 0xee, 0xf8, 0xee, 0xf8, 0xee, 0xf8, 0xee, 0xf8, 0xee, 0xf8, 0xee,
    0xf8, 0xee, 0xd7, 0xee, 0xd7, 0xee, 0xd7, 0xee, 0xd7, 0xee, 0xf8, 0xee, 0xf8, 0xee, 0xf8, 0xee,
    0xf8, 0xee, 0xd7, 0xee, 0xd7, 0xee, 0xd7, 0xee, 0xd7, 0xee, 0xd7, 0xee, 0xd7, 0xee, 0xd7, 0xee,
    0xd7, 0xee, 0xd7, 0xee, 0xd7, 0xee, 0xd7, 0xee, 0xd7, 0xee, 0xd7, 0xee, 0xf8, 0xee, 0xd7, 0xee,
    0xd7, 0xee, 0xd7, 0xee, 0xf8, 0xee, 0xf8, 0xee, 0xd7, 0xee, 0xd7, 0xee, 0xf8, 0xee, 0xd7, 0xee,
    0xd7, 0xee, 0xd7, 0xee, 0xf8, 0xee, 0xd7, 0xee, 0xd7, 0xee, 0xd7, 0xee, 0xd7, 0xee, 0xd7, 0xee,
    0xf8, 0xee, 0xf8, 0xee, 0xd7, 0xee, 0xd7, 0xee, 0xd7, 0xee, 0xd7, 0xee, 0xd7, 0xee, 0xd7, 0xee,
    0xd7, 0xee, 0xf8, 0xee, 0xf8, 0xee, 0xf8, 0xee, 0xd7, 0xee, 0xd7, 0xee, 0xd7, 0xee, 0xd7, 0xee,
    0xf8, 0xee, 0xd7, 0xee, 0xf8, 0xee, 0xd7, 0xee, 0xd7, 0xee, 0xf8, 0xee, 0xf8, 0xee, 0xf8, 0xee,
    0xd7, 0xee, 0xf8, 0xee, 0xd7, 0xee, 0xd7, 0xee, 0xd7, 0xee, 0xd7, 0xee, 0xd7, 0xee, 0xd7, 0xee,
    0xf8, 0xee, 0xf8, 0xee, 0xf8, 0xee, 0xd7, 0xee, 0xd7, 0xee, 0xf8, 0xee, 0xf8, 0xee, 0xd7, 0xee,
    0xf8, 0xee, 0xd7, 0xee, 0xd7, 0xee, 0xf8, 0xee, 0xd7, 0xee, 0xd7, 0xee, 0xd7, 0xee, 0xd7, 0xee,
    0xd7, 0xee, 0xd7, 0xee, 0xd7, 0xee, 0xd7, 0xee, 0xd7, 0xee, 0xd7, 0xee, 0xf8, 0xee, 0xf8, 0xee,
    0xf8, 0xee, 0xf8, 0xee, 0xf8, 0xee, 0xf8, 0xee, 0xd7, 0xee, 0xf8, 0xee, 0xf8, 0xee, 0xf8, 0xee,
    0xf8, 0xee, 0xd7, 0xee, 0xf8, 0xee, 0xf8, 0xee, 0xf8, 0xee, 0xd7, 0xee, 0xd7, 0xee, 0xd7, 0xee,
    0xd7, 0xee, 0xd7, 0xee, 0xd7, 0xee, 0xd7, 0xee, 0xd7, 0xee, 0xd7, 0xee, 0xd7, 0xee, 0xf8, 0xee,
    0xf8, 0xee, 0xf8, 0xee, 0xf8, 0xee, 0xf8, 0xee, 0xf8, 0xee, 0xf8, 0xee, 0xf8, 0xee, 0xd7, 0xee,
    0xd7, 0xee, 0xd7, 0xee, 0xf8, 0xee, 0xf8, 0xee, 0xf8, 0xee, 0xf8, 0xee, 0xf8, 0xee, 0xd7, 0xee,
    0xf8, 0xee, 0xf8, 0xee, 0xf8, 0xee, 0xf8, 0xee, 0xd7, 0xee, 0xd7, 0xee, 0xd7, 0xee, 0xd7, 0xee,
    0xd7, 0xee, 0xd7, 0xee, 0xd7, 0xee, 0xf8, 0xee, 0xf8, 0xee, 0xf8, 0xee, 0xf8, 0xee, 0xf8, 0xee,
    0xf8, 0xee, 0xd7, 0xee, 0xd7, 0xee, 0xd7, 0xee, 0xd7, 0xee, 0xf8, 0xee, 0xd7, 0xee, 0xf8, 0xee,
    0xd7, 0xee, 0xd7, 0xee, 0xd7, 0xee, 0xd7, 0xee, 0xf8, 0xee, 0xd7, 0xee, 0xf8, 0xee, 0xd7, 0xee,
    0xd7, 0xee, 0xf8, 0xee, 0xf8, 0xee, 0xf8, 0xee, 0xd7, 0xee, 0xd7, 0xee, 0xd7, 0xee, 0xf8, 0xee,
    0xf8, 0xee, 0xd7, 0xee, 0xf8, 0xee, 0xf8, 0xee, 0xf8, 0xee, 0xf8, 0xee, 0xf8, 0xee, 0xf8, 0xee,
    0xd7, 0xee, 0xd7, 0xee, 0xd7, 0xee, 0xf8, 0xee, 0xf8, 0xee, 0xf8, 0xee, 0xf8, 0xee, 0xf8, 0xee,
    0xd7, 0xee, 0xf8, 0xee, 0xf8, 0xee, 0xf8, 0xee, 0xf8, 0xee, 0xf8, 0xee, 0xf8, 0xee, 0xf8, 0xee,
    0xf8, 0xee, 0xf8, 0xee, 0xf8, 0xee, 0xf8, 0xee, 0xf8, 0xee, 0xf8, 0xee, 0xd7, 0xee, 0xd7, 0xee,
    0xd7, 0xee, 0xd7, 0xee, 0xd7, 0xee, 0xd7, 0xee, 0xd7, 0xee, 0xb6, 0xe6, 0x95, 0xe6, 0xd7, 0xee,
    0xd7, 0xee, 0xf8, 0xee, 0xf8, 0xee, 0xf8, 0xee, 0xf8, 0xee, 0xf8, 0xee, 0xf8, 0xee, 0xf8, 0xee,
    0xf8, 0xee, 0xd7, 0xee, 0xf8, 0xee, 0xf8, 0xee, 0xf8, 0xee, 0xf8, 0xee, 0xf8, 0xee, 0xf8, 0xee,
    0xf8, 0xee, 0xf8, 0xee, 0xf8, 0xee, 0xf8, 0xee, 0xf8, 0xee, 0xd7, 0xee, 0xf8, 0xee, 0xf8, 0xee,
    0xf8, 0xee, 0xd7, 0xee, 0xd7, 0xee, 0xd7, 0xee, 0xf8, 0xee, 0xf8, 0xee, 0xf8, 0xee, 0xf8, 0xee,
    0xf8, 0xee, 0xd7, 0xee, 0xd7, 0xee, 0xd7, 0xee, 0xf8, 0xee, 0xd7, 0xee, 0xf8, 0xee, 0xf8, 0xee,
    0xd7, 0xee, 0xd7, 0xee, 0xd7, 0xee, 0xd7, 0xee, 0xd7, 0xee, 0xd7, 0xee, 0xf8, 0xee, 0xd7, 0xee,
    0xd7, 0xee, 0xf8, 0xee, 0xf8, 0xee, 0xd7, 0xee, 0xf8, 0xee, 0xd7, 0xee, 0xf8, 0xee, 0xf8, 0xee,
    0xf8, 0xee, 0xf8, 0xee, 0xf8, 0xee, 0xd7, 0xee, 0xd7, 0xee, 0xd7, 0xee, 0xd7, 0xee, 0xd7, 0xee,
    0xf8, 0xee, 0xf8, 0xee, 0xf8, 0xee, 0xd7, 0xee, 0xd7, 0xee, 0xd7, 0xee, 0xd7, 0xee, 0xd7, 0xee,
    0xf8, 0xee, 0xf8, 0xee, 0xf8, 0xee, 0xf8, 0xee, 0xd7, 0xee, 0xd7, 0xee, 0xd7, 0xee, 0xd7, 0xee,
    0xf8, 0xee, 0xd7, 0xee, 0xf8, 0xee, 0xd7, 0xee, 0xd7, 0xee, 0xd7, 0xee, 0xf8, 0xee, 0xf8, 0xee,
    0xf8, 0xee, 0xf8, 0xee, 0xd7, 0xee, 0xd7, 0xee, 0xf8, 0xee, 0xd7, 0xee, 0xd7, 0xee, 0xd7, 0xee,
    0xf8, 0xee, 0xf8, 0xee, 0xf8, 0xee, 0xf8, 0xee, 0xf8, 0xee, 0xf8, 0xee, 0xf8, 0xee, 0xd7, 0xee,
    0xf8, 0xee, 0xd7, 0xee, 0xd7, 0xee, 0xd7, 0xee, 0xb6, 0xe6, 0xd7, 0xee, 0xd7, 0xee, 0xd7, 0xee,
    0xf8, 0xee, 0xd7, 0xee, 0xd7, 0xee, 0xd7, 0xee, 0xd7, 0xee, 0xd7, 0xee, 0xd7, 0xee, 0xd7, 0xee,
    0xd7, 0xee, 0xf8, 0xee, 0xf8, 0xee, 0xf8, 0xee, 0xf8, 0xee, 0xf8, 0xee, 0xf8, 0xee, 0xf8, 0xee,
    0xf8, 0xee, 0xf8, 0xee, 0xf8, 0xee, 0xf8, 0xee, 0xd7, 0xee, 0xd7, 0xee, 0xd7, 0xee, 0xd7, 0xee,
    0xf8, 0xee, 0xf8, 0xee, 0xf8, 0xee, 0xd7, 0xee, 0xd7, 0xee, 0xf8, 0xee, 0xf8, 0xee, 0xf8, 0xee,
    0xf8, 0xee, 0xf8, 0xee, 0xf8, 0xee, 0xf8, 0xee, 0xf8, 0xee, 0xf8, 0xee, 0xf8, 0xee, 0xd7, 0xee,
    0xd7, 0xee, 0xd7, 0xee, 0xd7, 0xee, 0xd7, 0xee, 0xf8, 0xee, 0xf8, 0xee, 0xf8, 0xee, 0xd7, 0xee,
    0xf8, 0xee, 0xf8, 0xee, 0xf8, 0xee, 0xd7, 0xee, 0xd7, 0xee, 0xd7, 0xee, 0xd7, 0xee, 0xf8, 0xee,
    0xf8, 0xee, 0xd7, 0xee, 0xd7, 0xee, 0xf8, 0xee, 0xf8, 0xee, 0xf8, 0xee, 0xf8, 0xee, 0xf8, 0xee,
    0xd7, 0xee, 0xf8, 0xee, 0xd7, 0xee, 0xd7, 0xee, 0xd7, 0xee, 0xf8, 0xee, 0xd7, 0xee, 0xd7, 0xee,
    0xf8, 0xee, 0xf8, 0xee, 0xf8, 0xee, 0xf8, 0xee, 0xf8, 0xee, 0xf8, 0xee, 0xf8, 0xee, 0xd7, 0xee,
    0xd7, 0xee, 0xd7, 0xee, 0xf8, 0xee, 0xf8, 0xee, 0xf8, 0xee, 0xd7, 0xee, 0xd7, 0xee, 0xf8, 0xee,
    0xf8, 0xee, 0xf8, 0xee, 0xf8, 0xee, 0xf8, 0xee, 0xf8, 0xee, 0xf8, 0xee, 0xd7, 0xee, 0xf8, 0xee,
    0xf8, 0xee, 0xf8, 0xee, 0xf8, 0xee, 0xd7, 0xee, 0xf8, 0xee, 0xf8, 0xee, 0xd7, 0xee, 0xd7, 0xee,
    0xd7, 0xee, 0xf8, 0xee, 0xf8, 0xee, 0xf8, 0xee, 0xf8, 0xee, 0xd7, 0xee, 0xd7, 0xee, 0xf8, 0xee,
    0xf8, 0xee, 0xf8, 0xee, 0xd7, 0xee, 0xf8, 0xee, 0xf8, 0xee, 0xd7, 0xee, 0xd7, 0xee, 0xd7, 0xee,
    0xd7, 0xee, 0xd7, 0xee, 0xd7, 0xee, 0xd7, 0xee, 0xd7, 0xee, 0xb6, 0xe6, 0xb6, 0xe6, 0xd7, 0xee,
    0xd7, 0xee, 0xd7, 0xee, 0xf8, 0xee, 0xd7, 0xee, 0xd7, 0xee, 0xf8, 0xee, 0xf8, 0xee, 0xf8, 0xee,
    0xf8, 0xee, 0xf8, 0xee, 0xf8, 0xee, 0xf8, 0xee, 0xf8, 0xee, 0xf8, 0xee, 0xf8, 0xee, 0xf8, 0xee,
    0xf8, 0xee, 0xf8, 0xee, 0xf8, 0xee, 0xf8, 0xee, 0xd7, 0xee, 0xd7, 0xee, 0xd7, 0xee, 0xd7, 0xee,
    0xd7, 0xee, 0xf8, 0xee, 0xf8, 0xee, 0xf8, 0xee, 0xf8, 0xee, 0xf8, 0xee, 0xf8, 0xee, 0xd7, 0xee,
    0xd7, 0xee, 0xd7, 0xee, 0xd7, 0xee, 0xd7, 0xee, 0xd7, 0xee, 0xf8, 0xee, 0xd7, 0xee, 0xd7, 0xee,
    0xf8, 0xee, 0xf8, 0xee, 0xf8, 0xee, 0xf8, 0xee, 0xd7, 0xee, 0xd7, 0xee, 0xd7, 0xee, 0xd7, 0xee,
    0xd7, 0xee, 0xd7, 0xee, 0xf8, 0xee, 0xd7, 0xee, 0xd7, 0xee, 0xf8, 0xee, 0xf8, 0xee, 0xf8, 0xee,
    0xd7, 0xee, 0xf8, 0xee, 0xd7, 0xee, 0xf8, 0xee, 0xd7, 0xee, 0xd7, 0xee, 0xd7, 0xee, 0xf8, 0xee,
    0xf8, 0xee, 0xf8, 0xee, 0xf8, 0xee, 0xf8, 0xee, 0xf8, 0xee, 0xd7, 0xee, 0xd7, 0xee, 0xf8, 0xee,
    0xd7, 0xee, 0xd7, 0xee, 0xf8, 0xee, 0xd7, 0xee, 0xd7, 0xee, 0xd7, 0xee, 0xd7, 0xee, 0xf8, 0xee,
    0xf8, 0xee, 0xf8, 0xee, 0xf8, 0xee, 0xd7, 0xee, 0xd7, 0xee, 0xf8, 0xee, 0xf8, 0xee, 0xf8, 0xee,
    0xf8, 0xee, 0xd7, 0xee, 0xd7, 0xee, 0xd7, 0xee, 0xf8, 0xee, 0xd7, 0xee, 0xd7, 0xee, 0xd7, 0xee,
    0xf8, 0xee, 0xf8, 0xee, 0xd7, 0xee, 0xf8, 0xee, 0xf8, 0xee, 0xf8, 0xee, 0xd7, 0xee, 0xd7, 0xee,
    0xd7, 0xee, 0xf8, 0xee, 0xd7, 0xee, 0xd7, 0xee, 0xd7, 0xee, 0xd7, 0xee, 0xd7, 0xee, 0xd7, 0xee,
    0xf8, 0xee, 0xf8, 0xee, 0xf8, 0xee, 0xd7, 0xee, 0xd7, 0xee, 0xd7, 0xee, 0xd7, 0xee, 0xd7, 0xee,
    0xd7, 0xee, 0xf8, 0xee, 0xf8, 0xee, 0xf8, 0xee, 0xd7, 0xee, 0xf8, 0xee, 0xf8, 0xee, 0xd7, 0xee,
    0xd7, 0xee, 0xf8, 0xee, 0xf8, 0xee, 0xd7, 0xee, 0xd7, 0xee, 0xd7, 0xee, 0xd7, 0xee, 0xf8, 0xee,
    0xf8, 0xee, 0xf8, 0xee, 0xd7, 0xee, 0xf8, 0xee, 0xf8, 0xee, 0xf8, 0xee, 0xd7, 0xee, 0xd7, 0xee,
    0xf8, 0xee, 0xf8, 0xee, 0xf8, 0xee, 0xd7, 0xee, 0xf8, 0xee, 0xd7, 0xee, 0xd7, 0xee, 0xd7, 0xee,
    0xd7, 0xee, 0xd7, 0xee, 0xf8, 0xee, 0xf8, 0xee, 0xd7, 0xee, 0xd7, 0xee, 0xf8, 0xee, 0xd7, 0xee,
    0xf8, 0xee, 0xd7, 0xee, 0xd7, 0xee, 0xf8, 0xee, 0xf8, 0xee, 0xd7, 0xee, 0xf8, 0xee, 0xf8, 0xee,
    0xf8, 0xee, 0xf8, 0xee, 0xd7, 0xee, 0xf8, 0xee, 0xf8, 0xee, 0xf8, 0xee, 0xf8, 0xee, 0xd7, 0xee,
    0xd7, 0xee, 0xf8, 0xee, 0xf8, 0xee, 0xd7, 0xee, 0xf8, 0xee, 0xf8, 0xee, 0xd7, 0xee, 0xd7, 0xee,
    0xd7, 0xee, 0xd7, 0xee, 0xf8, 0xee, 0xf8, 0xee, 0xf8, 0xee, 0xf8, 0xee, 0xf8, 0xee, 0xd7, 0xee,
    0xd7, 0xee, 0xd7, 0xee, 0xd7, 0xee, 0xf8, 0xee, 0xf8, 0xee, 0xd7, 0xee, 0xd7, 0xee, 0xd7, 0xee,
    0xf8, 0xee, 0xf8, 0xee, 0xf8, 0xee, 0xd7, 0xee, 0xf8, 0xee, 0xf8, 0xee, 0xf8, 0xee, 0xf8, 0xee,
    0xf8, 0xee, 0xf8, 0xee, 0xf8, 0xee, 0xf8, 0xee, 0xf8, 0xee, 0xd7, 0xee, 0xd7, 0xee, 0xd7, 0xee,
    0xd7, 0xee, 0xd7, 0xee, 0xf8, 0xee, 0xf8, 0xee, 0xf8, 0xee, 0xf8, 0xee, 0xf8, 0xee, 0xf8, 0xee,
    0xf8, 0xee, 0xf8, 0xee, 0xf8, 0xee, 0xf8, 0xee, 0xd7, 0xee, 0xd7, 0xee, 0xf8, 0xee, 0xd7, 0xee,
    0xd7, 0xee, 0xd7, 0xee, 0xd7, 0xee, 0xd7, 0xee, 0xf8, 0xee, 0xd7, 0xee, 0xd7, 0xee, 0xf8, 0xee,
    0xf8, 0xee, 0xd7, 0xee, 0xf8, 0xee, 0xf8, 0xee, 0xf8, 0xee, 0xf8, 0xee, 0xf8, 0xee, 0xf8, 0xee,
    0xd7, 0xee, 0xd7, 0xee, 0xd7, 0xee, 0xd7, 0xee, 0xf8, 0xee, 0xf8, 0xee, 0xf8, 0xee, 0xd7, 0xee,
    0xf8, 0xee, 0xf8, 0xee, 0xd7, 0xee, 0xf8, 0xee, 0xd7, 0xee, 0xf8, 0xee, 0xd7, 0xee, 0xd7, 0xee,
    0xd7, 0xee, 0xf8, 0xee, 0xf8, 0xee, 0xd7, 0xee, 0xd7, 0xee, 0xf8, 0xee, 0xf8, 0xee, 0xd7, 0xee,
    0xd7, 0xee, 0xf8, 0xee, 0xf8, 0xee, 0xd7, 0xee, 0xf8, 0xee, 0xf8, 0xee, 0xf8, 0xee, 0xd7, 0xee,
    0xd7, 0xee, 0xf8, 0xee, 0xf8, 0xee, 0xf8, 0xee, 0xf8, 0xee, 0xd7, 0xee, 0xd7, 0xee, 0xf8, 0xee,
    0xf8, 0xee, 0xf8, 0xee, 0xd7, 0xee, 0xf8, 0xee, 0xd7, 0xee, 0xf8, 0xee, 0xf8, 0xee, 0xf8, 0xee,
    0xd7, 0xee, 0xd7, 0xee, 0xd7, 0xee, 0xd7, 0xee, 0xd7, 0xee, 0xd7, 0xee, 0xf8, 0xee, 0xf8, 0xee,
    0xf8, 0xee, 0xf8, 0xee, 0xf8, 0xee, 0xf8, 0xee, 0xf8, 0xee, 0xf8, 0xee, 0xf8, 0xee, 0xf8, 0xee,
    0xd7, 0xee, 0xd7, 0xee, 0xd7, 0xee, 0xd7, 0xee, 0xd7, 0xee, 0xb6, 0xe6, 0xd7, 0xee, 0xf8, 0xee,
    0xf8, 0xee, 0xf8, 0xee, 0xf8, 0xee, 0xd7, 0xee, 0xd7, 0xee, 0xf8, 0xee, 0xf8, 0xee, 0xf8, 0xee,
    0xd7, 0xee, 0xd7, 0xee, 0xd7, 0xee, 0xf8, 0xee, 0xf8, 0xee, 0xd7, 0xee, 0xd7, 0xee, 0xd7, 0xee,
    0xf8, 0xee, 0xf8, 0xee, 0xf8, 0xee, 0xf8, 0xee, 0xf8, 0xee, 0xf8, 0xee, 0xd7, 0xee, 0xd7, 0xee,
    0xd7, 0xee, 0xd7, 0xee, 0xd7, 0xee, 0xf8, 0xee, 0xf8, 0xee, 0xf8, 0xee, 0xd7, 0xee, 0xd7, 0xee,
    0xf8, 0xee, 0xf8, 0xee, 0xf8, 0xee, 0xd7, 0xee, 0xd7, 0xee, 0xf8, 0xee, 0xd7, 0xee, 0xf8, 0xee,
    0xf8, 0xee, 0xf8, 0xee, 0xd7, 0xee, 0xf8, 0xee, 0xd7, 0xee, 0xd7, 0xee, 0xd7, 0xee, 0xd7, 0xee,
    0xd7, 0xee, 0xf8, 0xee, 0xd7, 0xee, 0xd7, 0xee, 0xd7, 0xee, 0xd7, 0xee, 0xd7, 0xee, 0xd7, 0xee,
    0xf8, 0xee, 0xf8, 0xee, 0xd7, 0xee, 0xf8, 0xee, 0xf8, 0xee, 0xf8, 0xee, 0xd7, 0xee, 0xd7, 0xee,
    0xd7, 0xee, 0xd7, 0xee, 0xd7, 0xee, 0xd7, 0xee, 0xf8, 0xee, 0xf8, 0xee, 0xd7, 0xee, 0xf8, 0xee,
    0xf8, 0xee, 0xd7, 0xee, 0xf8, 0xee, 0xf8, 0xee, 0xf8, 0xee, 0xf8, 0xee, 0xf8, 0xee, 0xf8, 0xee,
    0xf8, 0xee, 0xd7, 0xee, 0xf8, 0xee, 0xf8, 0xee, 0xd7, 0xee, 0xf8, 0xee, 0xf8, 0xee, 0xf8, 0xee,
    0xd7, 0xee, 0xf8, 0xee, 0xd7, 0xee, 0xf8, 0xee, 0xd7, 0xee, 0xf8, 0xee, 0xf8, 0xee, 0xf8, 0xee,
    0xd7, 0xee, 0xd7, 0xee, 0xf8, 0xee, 0xf8, 0xee, 0xf8, 0xee, 0xf8, 0xee, 0xf8, 0xee, 0xd7, 0xee,
    0xd7, 0xee, 0xf8, 0xee, 0xf8, 0xee, 0xf8, 0xee, 0xf8, 0xee, 0xf8, 0xee, 0xf8, 0xee, 0xf8, 0xee,
    0xd7, 0xee, 0xd7, 0xee, 0xd7, 0xee, 0xd7, 0xee, 0xd7, 0xee, 0xd7, 0xee, 0xd7, 0xee, 0xb6, 0xee,
    0xd7, 0xee, 0xf8, 0xee, 0xf8, 0xee, 0xd7, 0xee, 0xd7, 0xee, 0xf8, 0xee, 0xf8, 0xee, 0xf8, 0xee,
    0xf8, 0xee, 0xf8, 0xee, 0xd7, 0xee, 0xf8, 0xee, 0xf8, 0xee, 0xd7, 0xee, 0xd7, 0xee, 0xf8, 0xee,
    0xd7, 0xee, 0xd7, 0xee, 0xd7, 0xee, 0xf8, 0xee, 0xf8, 0xee, 0xf8, 0xee, 0xf8, 0xee, 0xf8, 0xee,
    0xd7, 0xee, 0xf8, 0xee, 0xf8, 0xee, 0xf8, 0xee, 0xd7, 0xee, 0xf8, 0xee, 0xf8, 0xee, 0xf8, 0xee,
    0xf8, 0xee, 0xf8, 0xee, 0xd7, 0xee, 0xf8, 0xee, 0xd7, 0xee, 0xf8, 0xee, 0xd7, 0xee, 0xd7, 0xee,
    0xd7, 0xee, 0xd7, 0xee, 0xf8, 0xee, 0xf8, 0xee, 0xf8, 0xee, 0xd7, 0xee, 0xf8, 0xee, 0xf8, 0xee,
    0xf8, 0xee, 0xf8, 0xee, 0xd7, 0xee, 0xf8, 0xee, 0xd7, 0xee, 0xf8, 0xee, 0xf8, 0xee, 0xd7, 0xee,
    0xf8, 0xee, 0xf8, 0xee, 0xd7, 0xee, 0xf8, 0xee, 0xf8, 0xee, 0xd7, 0xee, 0xf8, 0xee, 0xd7, 0xee,
    0xd7, 0xee, 0xf8, 0xee, 0xf8, 0xee, 0xd7, 0xee, 0xf8, 0xee, 0xf8, 0xee, 0xf8, 0xee, 0xd7, 0xee,
    0xf8, 0xee, 0xf8, 0xee, 0xf8, 0xee, 0xd7, 0xee, 0xf8, 0xee, 0xf8, 0xee, 0xf8, 0xee, 0xd7, 0xee,
    0xf8, 0xee, 0xd7, 0xee, 0xd7, 0xee, 0xf8, 0xee, 0xf8, 0xee, 0xd7, 0xee, 0xf8, 0xee, 0xf8, 0xee,
    0xf8, 0xee, 0xf8, 0xee, 0xf8, 0xee, 0xf8, 0xee, 0xd7, 0xee, 0xf8, 0xee, 0xd7, 0xee, 0xd7, 0xee,
    0xd7, 0xee, 0xd7, 0xee, 0xf8, 0xee, 0xd7, 0xee, 0xd7, 0xee, 0xf8, 0xee, 0xf8, 0xee, 0xf8, 0xee,
    0xf8, 0xee, 0xf8, 0xee, 0xd7, 0xee, 0xf8, 0xee, 0xf8, 0xee, 0xf8, 0xee, 0xf8, 0xee, 0xf8, 0xee,
    0xd7, 0xee, 0xd7, 0xee, 0xd7, 0xee, 0xd7, 0xee, 0xd7, 0xee, 0xd7, 0xee, 0xd7, 0xee, 0xd7, 0xee,
    0xf8, 0xee, 0xf8, 0xee, 0xf8, 0xee, 0xd7, 0xee, 0xd7, 0xee, 0xd7, 0xee, 0xf8, 0xee, 0xd7, 0xee,
    0xd7, 0xee, 0xd7, 0xee, 0xd7, 0xee, 0xd7, 0xee, 0xd7, 0xee, 0xf8, 0xee, 0xf8, 0xee, 0xf8, 0xee,
    0xf8, 0xee, 0xf8, 0xee, 0xf8, 0xee, 0xf8, 0xee, 0xf8, 0xee, 0xf8, 0xee, 0xd7, 0xee, 0xf8, 0xee,
    0xd7, 0xee, 0xd7, 0xee, 0xd7, 0xee, 0xf8, 0xee, 0xf8, 0xee, 0xf8, 0xee, 0xf8, 0xee, 0xf8, 0xee,
    0xf8, 0xee, 0xf8, 0xee, 0xf8, 0xee, 0xd7, 0xee, 0xd7, 0xee, 0xd7, 0xee, 0xd7, 0xee, 0xf8, 0xee,
    0xd7, 0xee, 0xd7, 0xee, 0xd7, 0xee, 0xd7, 0xee, 0xd7, 0xee, 0xf8, 0xee, 0xf8, 0xee, 0xd7, 0xee,
    0xd7, 0xee, 0xf8, 0xee, 0xd7, 0xee, 0xd7, 0xee, 0xd7, 0xee, 0xf8, 0xee, 0xd7, 0xee, 0xd7, 0xee,
    0xf8, 0xee, 0xd7, 0xee, 0xd7, 0xee, 0xf8, 0xee, 0xf8, 0xee, 0xf8, 0xee, 0xd7, 0xee, 0xd7, 0xee,
    0xf8, 0xee, 0xd7, 0xee, 0xd7, 0xee, 0xd7, 0xee, 0xd7, 0xee, 0xf8, 0xee, 0xd7, 0xee, 0xd7, 0xee,
    0xf8, 0xee, 0xf8, 0xee, 0xf8, 0xee, 0xd7, 0xee, 0xf8, 0xee, 0xf8, 0xee, 0xf8, 0xee, 0xf8, 0xee,
    0xf8, 0xee, 0xf8, 0xee, 0xd7, 0xee, 0xd7, 0xee, 0xd7, 0xee, 0xf8, 0xee, 0xd7, 0xee, 0xf8, 0xee,
    0xd7, 0xee, 0xd7, 0xee, 0xf8, 0xee, 0xf8, 0xee, 0xd7, 0xee, 0xd7, 0xee, 0xf8, 0xee, 0xf8, 0xee,
    0xd7, 0xee, 0xd7, 0xee, 0xf8, 0xee, 0xf8, 0xee, 0xd7, 0xee, 0xf8, 0xee, 0xd7, 0xee, 0xf8, 0xee,
    0xf8, 0xee, 0xd7, 0xee, 0xf8, 0xee, 0xf8, 0xee, 0xf8, 0xee, 0xf8, 0xee, 0xd7, 0xee, 0xd7, 0xee,
    0xd7, 0xee, 0xd7, 0xee, 0xf8, 0xee, 0xf8, 0xee, 0xd7, 0xee, 0xf8, 0xee, 0xf8, 0xee, 0xd7, 0xee,
    0xd7, 0xee, 0xd7, 0xee, 0xd7, 0xee, 0xd7, 0xee, 0xf8, 0xee, 0xf8, 0xee, 0xf8, 0xee, 0xd7, 0xee,
    0xd7, 0xee, 0xd7, 0xee, 0xf8, 0xee, 0xf8, 0xee, 0xf8, 0xee, 0xd7, 0xee, 0xd7, 0xee, 0xd7, 0xee,
    0xd7, 0xee, 0xd7, 0xee, 0xb6, 0xe6, 0xd7, 0xee, 0xf8, 0xee, 0xf8, 0xee, 0xf8, 0xee, 0xf8, 0xee,
    0xf8, 0xee, 0xf8, 0xee, 0xf8, 0xee, 0xd7, 0xee, 0xf8, 0xee, 0xd7, 0xee, 0xd7, 0xee, 0xf8, 0xee,
    0xd7, 0xee, 0xd7, 0xee, 0xd7, 0xee, 0xf8, 0xee, 0xd7, 0xee, 0xf8, 0xee, 0xf8, 0xee, 0xd7, 0xee,
    0xd7, 0xee, 0xd7, 0xee, 0xf8, 0xee, 0xf8, 0xee, 0xd7, 0xee, 0xd7, 0xee, 0xf8, 0xee, 0xf8, 0xee,
    0xf8, 0xee, 0xf8, 0xee, 0xf8, 0xee, 0xf8, 0xee, 0xf8, 0xee, 0xf8, 0xee, 0xf8, 0xee, 0xd7, 0xee,
    0xf8, 0xee, 0xf8, 0xee, 0xd7, 0xee, 0xf8, 0xee, 0xf8, 0xee, 0xd7, 0xee, 0xd7, 0xee, 0xd7, 0xee,
    0xd7, 0xee, 0xd7, 0xee, 0xf8, 0xee, 0xf8, 0xee, 0xf8, 0xee, 0xf8, 0xee, 0xf8, 0xee, 0xd7, 0xee,
    0xd7, 0xee, 0xd7, 0xee, 0xf8, 0xee, 0xd7, 0xee, 0xd7, 0xee, 0xf8, 0xee, 0xf8, 0xee, 0xf8, 0xee,
    0xf8, 0xee, 0xf8, 0xee, 0xd7, 0xee, 0xd7, 0xee, 0xd7, 0xee, 0xf8, 0xee, 0xd7, 0xee, 0xf8, 0xee,
    0xf8, 0xee, 0xf8, 0xee, 0xf8, 0xee, 0xd7, 0xee, 0xd7, 0xee, 0xd7, 0xee, 0xf8, 0xee, 0xd7, 0xee,
    0xd7, 0xee, 0xd7, 0xee, 0xd7, 0xee, 0xd7, 0xee, 0xd7, 0xee, 0xf8, 0xee, 0xf8, 0xee, 0xd7, 0xee,
    0xf8, 0xee, 0xd7, 0xee, 0xf8, 0xee, 0xf8, 0xee, 0xf8, 0xee, 0xf8, 0xee, 0xf8, 0xee, 0xf8, 0xee,
    0xd7, 0xee, 0xd7, 0xee, 0xd7, 0xee, 0xd7, 0xee, 0xd7, 0xee, 0xd7, 0xee, 0xd7, 0xee, 0xd7, 0xee,
    0xf8, 0xee, 0xf8, 0xee, 0xf8, 0xee, 0xd7, 0xee, 0xd7, 0xee, 0xf8, 0xee, 0xd7, 0xee, 0xd7, 0xee,
    0xd7, 0xee, 0xd7, 0xee, 0xd7, 0xee, 0xd7, 0xee, 0xd7, 0xee, 0xd7, 0xee, 0xf8, 0xee, 0xf8, 0xee,
    0xf8, 0xee, 0xf8, 0xee, 0xf8, 0xee, 0xf8, 0xee, 0xd7, 0xee, 0xf8, 0xee, 0xd7, 0xee, 0xd7, 0xee,
    0xf8, 0xee, 0xf8, 0xee, 0xd7, 0xee, 0xf8, 0xee, 0xf8, 0xee, 0xf8, 0xee, 0xf8, 0xee, 0xf8, 0xee,
    0xf8, 0xee, 0xf8, 0xee, 0xf8, 0xee, 0xf8, 0xee, 0xd7, 0xee, 0xd7, 0xee, 0xf8, 0xee, 0xd7, 0xee,
    0xd7, 0xee, 0xf8, 0xee, 0xf8, 0xee, 0xf8, 0xee, 0xd7, 0xee, 0xd7, 0xee, 0xf8, 0xee, 0xf8, 0xee,
    0xf8, 0xee, 0xf8, 0xee, 0xf8, 0xee, 0xf8, 0xee, 0xf8, 0xee, 0xf8, 0xee, 0xf8, 0xee, 0xf8, 0xee,
    0xf8, 0xee, 0xd7, 0xee, 0xf8, 0xee, 0xf8, 0xee, 0xf8, 0xee, 0xf8, 0xee, 0xf8, 0xee, 0xf8, 0xee,
    0xf8, 0xee, 0xf8, 0xee, 0xd7, 0xee, 0xd7, 0xee, 0xd7, 0xee, 0xd7, 0xee, 0xd7, 0xee, 0xd7, 0xee,
    0xf8, 0xee, 0xf8, 0xee, 0xf8, 0xee, 0xd7, 0xee, 0xf8, 0xee, 0xf8, 0xee, 0xf8, 0xee, 0xf8, 0xee,
    0xf8, 0xee, 0xf8, 0xee, 0xf8, 0xee, 0xd7, 0xee, 0xf8, 0xee, 0xd7, 0xee, 0xd7, 0xee, 0xf8, 0xee,
    0xf8, 0xee, 0xd7, 0xee, 0xf8, 0xee, 0xf8, 0xee, 0xd7, 0xee, 0xd7, 0xee, 0xd7, 0xee, 0xd7, 0xee,
    0xd7, 0xee, 0xd7, 0xee, 0xf8, 0xee, 0xf8, 0xee, 0xf8, 0xee, 0xd7, 0xee, 0xf8, 0xee, 0xf8, 0xee,
    0xf8, 0xee, 0xd7, 0xee, 0xd7, 0xee, 0xf8, 0xee, 0xf8, 0xee, 0xd7, 0xee, 0xd7, 0xee, 0xf8, 0xee,
    0xd7, 0xee, 0xd7, 0xee, 0xd7, 0xee, 0xf8, 0xee, 0xf8, 0xee, 0xf8, 0xee, 0xf8, 0xee, 0xf8, 0xee,
    0xf8, 0xee, 0xd7, 0xee, 0xd7, 0xee, 0xd7, 0xee, 0xf8, 0xee, 0xf8, 0xee, 0xf8, 0xee, 0xd7, 0xee,
    0xd7, 0xee, 0xd7, 0xee, 0xf8, 0xee, 0xf8, 0xee, 0xf8, 0xee, 0xd7, 0xee, 0xd7, 0xee, 0xd7, 0xee,
    0xf8, 0xee, 0xd7, 0xee, 0xd7, 0xee, 0xb6, 0xe6, 0xd7, 0xee, 0xd7, 0xee, 0xf8, 0xee, 0xd7, 0xee,
    0xf8, 0xee, 0xf8, 0xee, 0xd7, 0xee, 0xd7, 0xee, 0xf8, 0xee, 0xd7, 0xee, 0xd7, 0xee, 0xd7, 0xee,
    0xd7, 0xee, 0xf8, 0xee, 0xd7, 0xee, 0xf8, 0xee, 0xd7, 0xee, 0xf8, 0xee, 0xf8, 0xee, 0xf8, 0xee,
    0xd7, 0xee, 0xd7, 0xee, 0xf8, 0xee, 0xf8, 0xee, 0xf8, 0xee, 0xf8, 0xee, 0xf8, 0xee, 0xd7, 0xee,
    0xf8, 0xee, 0xf8, 0xee, 0xd7, 0xee, 0xf8, 0xee, 0xf8, 0xee, 0xf8, 0xee, 0xf8, 0xee, 0xf8, 0xee,
    0xd7, 0xee, 0xd7, 0xee, 0xd7, 0xee, 0xf8, 0xee, 0xd7, 0xee, 0xd7, 0xee, 0xf8, 0xee, 0xf8, 0xee,
    0xd7, 0xee, 0xd7, 0xee, 0xf8, 0xee, 0xd7, 0xee, 0xd7, 0xee, 0xf8, 0xee, 0xf8, 0xee, 0xd7, 0xee,
    0xd7, 0xee, 0xf8, 0xee, 0xd7, 0xee, 0xf8, 0xee, 0xf8, 0xee, 0xd7, 0xee, 0xf8, 0xee, 0xf8, 0xee,
    0xf8, 0xee, 0xf8, 0xee, 0xd7, 0xee, 0xd7, 0xee, 0xf8, 0xee, 0xd7, 0xee, 0xd7, 0xee, 0xf8, 0xee,
    0xf8, 0xee, 0xf8, 0xee, 0xd7, 0xee, 0xd7, 0xee, 0xd7, 0xee, 0xd7, 0xee, 0xd7, 0xee, 0xd7, 0xee,
    0xd7, 0xee, 0xd7, 0xee, 0xd7, 0xee, 0xd7, 0xee, 0xf8, 0xee, 0xf8, 0xee, 0xf8, 0xee, 0xf8, 0xee,
    0xf8, 0xee, 0xd7, 0xee, 0xf8, 0xee, 0xf8, 0xee, 0xf8, 0xee, 0xf8, 0xee, 0xf8, 0xee, 0xf8, 0xee,
    0xd7, 0xee, 0xd7, 0xee, 0xd7, 0xee, 0xd7, 0xee, 0xd7, 0xee, 0xd7, 0xee, 0xd7, 0xee, 0xd7, 0xee,
    0xf8, 0xee, 0xf8, 0xee, 0xd7, 0xee, 0xd7, 0xee, 0xd7, 0xee, 0xf8, 0xee, 0xf8, 0xee, 0xd7, 0xee,
    0xd7, 0xee, 0xd7, 0xee, 0xd7, 0xee, 0xf8, 0xee, 0xd7, 0xee, 0xd7, 0xee, 0xd7, 0xee, 0xf8, 0xee,
    0xd7, 0xee, 0xd7, 0xee, 0xd7, 0xee, 0xd7, 0xee, 0xd7, 0xee, 0xd7, 0xee, 0xf8, 0xee, 0xd7, 0xee,
    0xd7, 0xee, 0xf8, 0xee, 0xd7, 0xee, 0xf8, 0xee, 0xf8, 0xee, 0xf8, 0xee, 0xd7, 0xee, 0xd7, 0xee,
    0xd7, 0xee, 0xf8, 0xee, 0xf8, 0xee, 0xf8, 0xee, 0xd7, 0xee, 0xf8, 0xee, 0xd7, 0xee, 0xd7, 0xee,
    0xd7, 0xee, 0xf8, 0xee, 0xf8, 0xee, 0xf8, 0xee, 0xf8, 0xee, 0xf8, 0xee, 0xf8, 0xee, 0xf8, 0xee,
    0xf8, 0xee, 0xf8, 0xee, 0xf8, 0xee, 0xf8, 0xee, 0xf8, 0xee, 0xf8, 0xee, 0xf8, 0xee, 0xf8, 0xee,
    0xf8, 0xee, 0xf8, 0xee, 0xf8, 0xee, 0xf8, 0xee, 0xf8, 0xee, 0xf8, 0xee, 0xf8, 0xee, 0xf8, 0xee,
    0xd7, 0xee, 0xd7, 0xee, 0xd7, 0xee, 0xd7, 0xee, 0xd7, 0xee, 0xf8, 0xee, 0xd7, 0xee, 0xd7, 0xee,
    0xd7, 0xee, 0xf8, 0xee, 0xd7, 0xee, 0xf8, 0xee, 0xf8, 0xee, 0xf8, 0xee, 0xf8, 0xee, 0xd7, 0xee,
    0xd7, 0xee, 0xd7, 0xee, 0xd7, 0xee, 0xd7, 0xee, 0xf8, 0xee, 0xd7, 0xee, 0xd7, 0xee, 0xf8, 0xee,
    0xf8, 0xee, 0xf8, 0xee, 0xf8, 0xee, 0xd7, 0xee, 0xd7, 0xee, 0xd7, 0xee, 0xd7, 0xee, 0xd7, 0xee,
    0xd7, 0xee, 0xd7, 0xee, 0xf8, 0xee, 0xf8, 0xee, 0xf8, 0xee, 0xd7, 0xee, 0xf8, 0xee, 0xf8, 0xee,
    0xd7, 0xee, 0xd7, 0xee, 0xd7, 0xee, 0xd7, 0xee, 0xd7, 0xee, 0xd7, 0xee, 0xf8, 0xee, 0xf8, 0xee,
    0xf8, 0xee, 0xf8, 0xee, 0xd7, 0xee, 0xf8, 0xee, 0xf8, 0xee, 0xf8, 0xee, 0xf8, 0xee, 0xf8, 0xee,
    0xf8, 0xee, 0xf8, 0xee, 0xd7, 0xee, 0xd7, 0xee, 0xd7, 0xee, 0xf8, 0xee, 0xd7, 0xee, 0xd7, 0xee,
    0xf8, 0xee, 0xf8, 0xee, 0xf8, 0xee, 0xd7, 0xee, 0xf8, 0xee, 0xd7, 0xee, 0xf8, 0xee, 0xd7, 0xee,
    0xd7, 0xee, 0xf8, 0xee, 0xf8, 0xee, 0xf8, 0xee, 0xf8, 0xee, 0xf8, 0xee, 0xd7, 0xee, 0xd7, 0xee,
    0xd7, 0xee, 0xd7, 0xee, 0xd7, 0xee, 0xf8, 0xee, 0xf8, 0xee, 0xf8, 0xee, 0xf8, 0xee, 0xf8, 0xee,
    0xf8, 0xee, 0xf8, 0xee, 0xd7, 0xee, 0xf8, 0xee, 0xd7, 0xee, 0xf8, 0xee, 0xf8, 0xee, 0xf8, 0xee,
    0xd7, 0xee, 0xd7, 0xee, 0xd7, 0xee, 0xf8, 0xee, 0xf8, 0xee, 0xf8, 0xee, 0xf8, 0xee, 0xf8, 0xee,
    0xf8, 0xee, 0xf8, 0xee, 0xd7, 0xee, 0xf8, 0xee, 0xd7, 0xee, 0xf8, 0xee, 0xf8, 0xee, 0xf8, 0xee,
    0xd7, 0xee, 0xd7, 0xee, 0xf8, 0xee, 0xf8, 0xee, 0xf8, 0xee, 0xf8, 0xee, 0xf8, 0xee, 0xf8, 0xee,
    0xd7, 0xee, 0xd7, 0xee, 0xd7, 0xee, 0xd7, 0xee, 0xf8, 0xee, 0xf8, 0xee, 0xf8, 0xee, 0xf8, 0xee,
    0xd7, 0xee, 0xd7, 0xee, 0xd7, 0xee, 0xd7, 0xee, 0xf8, 0xee, 0xf8, 0xee, 0xf8, 0xee, 0xf8, 0xee,
    0xf8, 0xee, 0xd7, 0xee, 0xf8, 0xee, 0xf8, 0xee, 0xf8, 0xee, 0xf8, 0xee, 0xf8, 0xee, 0xf8, 0xee,
    0xf8, 0xee, 0xd7, 0xee, 0xd7, 0xee, 0xd7, 0xee, 0xd7, 0xee, 0xd7, 0xee, 0xd7, 0xee, 0xf8, 0xee,
    0xd7, 0xee, 0xd7, 0xee, 0xd7, 0xee, 0xd7, 0xee, 0xf8, 0xee, 0xf8, 0xee, 0xf8, 0xee, 0xf8, 0xee,
    0xf8, 0xee, 0xf8, 0xee, 0xd7, 0xee, 0xd7, 0xee, 0xd7, 0xee, 0xd7, 0xee, 0xd7, 0xee, 0xf8, 0xee,
    0xf8, 0xee, 0xd7, 0xee, 0xd7, 0xee, 0xd7, 0xee, 0xd7, 0xee, 0xf8, 0xee, 0xf8, 0xee, 0xd7, 0xee,
    0xf8, 0xee, 0xf8, 0xee, 0xd7, 0xee, 0xd7, 0xee, 0xd7, 0xee, 0xd7, 0xee, 0xd7, 0xee, 0xf8, 0xee,
    0xd7, 0xee, 0xd7, 0xee, 0xf8, 0xee, 0xf8, 0xee, 0xd7, 0xee, 0xd7, 0xee, 0xf8, 0xee, 0xf8, 0xee,
    0xd7, 0xee, 0xd7, 0xee, 0xd7, 0xee, 0xf8, 0xee, 0xd7, 0xee, 0xd7, 0xee, 0xf8, 0xee, 0xd7, 0xee,
    0xd7, 0xee, 0xd7, 0xee, 0xf8, 0xee, 0xf8, 0xee, 0xd7, 0xee, 0xf8, 0xee, 0xf8, 0xee, 0xd7, 0xee,
    0xf8, 0xee, 0xf8, 0xee, 0xf8, 0xee, 0xd7, 0xee, 0xd7, 0xee, 0xf8, 0xee, 0xd7, 0xee, 0xd7, 0xee,
    0xd7, 0xee, 0xf8, 0xee, 0xf8, 0xee, 0xf8, 0xee, 0xf8, 0xee, 0xf8, 0xee, 0xf8, 0xee, 0xf8, 0xee,
    0xf8, 0xee, 0xf8, 0xee, 0xd7, 0xee, 0xf8, 0xee, 0xf8, 0xee, 0xf8, 0xee, 0xf8, 0xee, 0xd7, 0xee,
    0xf8, 0xee, 0xd7, 0xee, 0xd7, 0xee, 0xf8, 0xee, 0xd7, 0xee, 0xd7, 0xee, 0xf8, 0xee, 0xf8, 0xee,
    0xf8, 0xee, 0xd7, 0xee, 0xd7, 0xee, 0xd7, 0xee, 0xd7, 0xee, 0xd7, 0xee, 0xf8, 0xee, 0xf8, 0xee,
    0xf8, 0xee, 0xd7, 0xee, 0xf8, 0xee, 0xd7, 0xee, 0xf8, 0xee, 0xf8, 0xee, 0xf8, 0xee, 0xd7, 0xee,
    0xd7, 0xee, 0xd7, 0xee, 0xd7, 0xee, 0xd7, 0xee, 0xd7, 0xee, 0xd7, 0xee, 0xd7, 0xee, 0xd7, 0xee,
    0xf8, 0xee, 0xd7, 0xee, 0xd7, 0xee, 0xd7, 0xee, 0xd7, 0xee, 0xf8, 0xee, 0xd7, 0xee, 0xd7, 0xee,
    0xd7, 0xee, 0xd7, 0xee, 0xd7, 0xee, 0xf8, 0xee, 0xd7, 0xee, 0xf8, 0xee, 0xd7, 0xee, 0xf8, 0xee,
    0xf8, 0xee, 0xd7, 0xee, 0xf8, 0xee, 0xd7, 0xee, 0xd7, 0xee, 0xd7, 0xee, 0xd7, 0xee, 0xf8, 0xee,
    0xf8, 0xee, 0xf8, 0xee, 0xf8, 0xee, 0xd7, 0xee, 0xd7, 0xee, 0xd7, 0xee, 0xf8, 0xee, 0xd7, 0xee,
    0xf8, 0xee, 0xf8, 0xee, 0xf8, 0xee, 0xf8, 0xee, 0xf8, 0xee, 0xd7, 0xee, 0xd7, 0xee, 0xf8, 0xee,
    0xf8, 0xee, 0xf8, 0xee, 0xf8, 0xee, 0xf8, 0xee, 0xd7, 0xee, 0xf8, 0xee, 0xd7, 0xee, 0xd7, 0xee,
    0xf8, 0xee, 0xf8, 0xee, 0xf8, 0xee, 0xf8, 0xee, 0xf8, 0xee, 0xf8, 0xee, 0xd7, 0xee, 0xd7, 0xee,
    0x75, 0xe6, 0x95, 0xe6, 0xd7, 0xee, 0xf8, 0xee, 0xd7, 0xee, 0xf8, 0xee, 0xf8, 0xee, 0xf8, 0xee,
    0xf8, 0xee, 0xd7, 0xee, 0xf8, 0xee, 0xd7, 0xee, 0xf8, 0xee, 0xf8, 0xee, 0xd7, 0xee, 0xd7, 0xee,
    0xd7, 0xee, 0xd7, 0xee, 0xd7, 0xee, 0xd7, 0xee, 0xd7, 0xee, 0xf8, 0xee, 0xf8, 0xee, 0xf8, 0xee,
    0xd7, 0xee, 0xf8, 0xee, 0xd7, 0xee, 0xd7, 0xee, 0xd7, 0xee, 0xf8, 0xee, 0xf8, 0xee, 0xf8, 0xee,
    0xd7, 0xee, 0xd7, 0xee, 0xf8, 0xee, 0xd7, 0xee, 0xf8, 0xee, 0xf8, 0xee, 0xd7, 0xee, 0xf8, 0xee,
    0xf8, 0xee, 0xf8, 0xee, 0xd7, 0xee, 0xd7, 0xee, 0xf8, 0xee, 0xd7, 0xee, 0xd7, 0xee, 0xf8, 0xee,
    0xd7, 0xee, 0xd7, 0xee, 0xd7, 0xee, 0xf8, 0xee, 0xf8, 0xee, 0xf8, 0xee, 0xd7, 0xee, 0xf8, 0xee,
    0xf8, 0xee, 0xd7, 0xee, 0xd7, 0xee, 0xf8, 0xee, 0xf8, 0xee, 0xd7, 0xee, 0xf8, 0xee, 0xf8, 0xee,
    0xd7, 0xee, 0xf8, 0xee, 0xd7, 0xee, 0xd7, 0xee, 0xf8, 0xee, 0xd7, 0xee, 0xd7, 0xee, 0xf8, 0xee,
    0xf8, 0xee, 0xd7, 0xee, 0xd7, 0xee, 0xf8, 0xee, 0xf8, 0xee, 0xf8, 0xee, 0xf8, 0xee, 0xf8, 0xee,
    0xd7, 0xee, 0xf8, 0xee, 0xd7, 0xee, 0xd7, 0xee, 0xd7, 0xee, 0xd7, 0xee, 0xd7, 0xee, 0xf8, 0xee,
    0xf8, 0xee, 0xd7, 0xee, 0xd7, 0xee, 0xf8, 0xee, 0xd7, 0xee, 0xf8, 0xee, 0xf8, 0xee, 0xf8, 0xee,
    0xd7, 0xee, 0xf8, 0xee, 0xd7, 0xee, 0xd7, 0xee, 0xd7, 0xee, 0xd7, 0xee, 0xd7, 0xee, 0xf8, 0xee,
    0xd7, 0xee, 0xd7, 0xee, 0xd7, 0xee, 0xf8, 0xee, 0xf8, 0xee, 0xf8, 0xee, 0xf8, 0xee, 0xf8, 0xee,
    0xd7, 0xee, 0xd7, 0xee, 0xf8, 0xee, 0xf8, 0xee, 0xf8, 0xee, 0xd7, 0xee, 0xf8, 0xee, 0xd7, 0xee,
    0xd7, 0xee, 0xf8, 0xee, 0xd7, 0xee, 0xd7, 0xee, 0xf8, 0xee, 0xf8, 0xee, 0xf8, 0xee, 0xf8, 0xee,
    0xf8, 0xee, 0xd7, 0xee, 0xf8, 0xee, 0xf8, 0xee, 0xd7, 0xee, 0xd7, 0xee, 0xf8, 0xee, 0xd7, 0xee,
    0xd7, 0xee, 0xd7, 0xee, 0xf8, 0xee, 0xd7, 0xee, 0xd7, 0xee, 0xf8, 0xee, 0xd7, 0xee, 0xd7, 0xee,
    0xd7, 0xee, 0xf8, 0xee, 0xd7, 0xee, 0xf8, 0xee, 0xf8, 0xee, 0xf8, 0xee, 0xf8, 0xee, 0xf8, 0xee,
    0xd7, 0xee, 0xf8, 0xee, 0xf8, 0xee, 0xd7, 0xee, 0xf8, 0xee, 0xf8, 0xee, 0xd7, 0xee, 0xf8, 0xee,
    0xf8, 0xee, 0xd7, 0xee, 0xd7, 0xee, 0xd7, 0xee, 0xd7, 0xee, 0xd7, 0xee, 0xd7, 0xee, 0xf8, 0xee,
    0xd7, 0xee, 0xd7, 0xee, 0xd7, 0xee, 0xd7, 0xee, 0xd7, 0xee, 0xd7, 0xee, 0xd7, 0xee, 0xd7, 0xee,
    0xd7, 0xee, 0xd7, 0xee, 0xd7, 0xee, 0xf8, 0xee, 0xf8, 0xee, 0xd7, 0xee, 0xd7, 0xee, 0xd7, 0xee,
    0xf8, 0xee, 0xd7, 0xee, 0xd7, 0xee, 0xd7, 0xee, 0xd7, 0xee, 0xf8, 0xee, 0xf8, 0xee, 0xd7, 0xee,
    0xd7, 0xee, 0xd7, 0xee, 0xd7, 0xee, 0xd7, 0xee, 0xd7, 0xee, 0xd7, 0xee, 0xd7, 0xee, 0xf8, 0xee,
    0xf8, 0xee, 0xf8, 0xee, 0xd7, 0xee, 0xf8, 0xee, 0xd7, 0xee, 0xd7, 0xee, 0xf8, 0xee, 0xd7, 0xee,
    0xf8, 0xee, 0xf8, 0xee, 0xf8, 0xee, 0xf8, 0xee, 0xf8, 0xee, 0xd7, 0xee, 0xf8, 0xee, 0xf8, 0xee,
    0xf8, 0xee, 0xf8, 0xee, 0xf8, 0xee, 0xd7, 0xee, 0xf8, 0xee, 0xf8, 0xee, 0xd7, 0xee, 0xd7, 0xee,
    0xf8, 0xee, 0xf8, 0xee, 0xf8, 0xee, 0xf8, 0xee, 0xf8, 0xee, 0xd7, 0xee, 0xd7, 0xee, 0xf8, 0xee,
    0xd7, 0xee, 0xd7, 0xee, 0xf8, 0xee, 0xf8, 0xee, 0xf8, 0xee, 0xf8, 0xee, 0xf8, 0xee, 0xf8, 0xee,
    0xb6, 0xe6, 0x74, 0xe6, 0xb6, 0xee, 0xd7, 0xee, 0xd7, 0xee, 0xd7, 0xee, 0xd7, 0xee, 0xd7, 0xee,
    0xd7, 0xee, 0xd7, 0xee, 0xf8, 0xee, 0xd7, 0xee, 0xd7, 0xee, 0xf8, 0xee, 0xd7, 0xee, 0xd7, 0xee,
    0xf8, 0xee, 0xf8, 0xee, 0xd7, 0xee, 0xd7, 0xee, 0xd7, 0xee, 0xf8, 0xee, 0xf8, 0xee, 0xf8, 0xee,
    0xd7, 0xee, 0xf8, 0xee, 0xf8, 0xee, 0xd7, 0xee, 0xf8, 0xee, 0xf8, 0xee, 0xf8, 0xee, 0xf8, 0xee,
    0xd7, 0xee, 0xf8, 0xee, 0xd7, 0xee, 0xd7, 0xee, 0xd7, 0xee, 0xd7, 0xee, 0xd7, 0xee, 0xf8, 0xee,
    0xf8, 0xee, 0xd7, 0xee, 0xf8, 0xee, 0xd7, 0xee, 0xf8, 0xee, 0xd7, 0xee, 0xf8, 0xee, 0xd7, 0xee,
    0xd7, 0xee, 0xd7, 0xee, 0xf8, 0xee, 0xd7, 0xee, 0xf8, 0xee, 0xd7, 0xee, 0xd7, 0xee, 0xd7, 0xee,
    0xd7, 0xee, 0xd7, 0xee, 0xd7, 0xee, 0xd7, 0xee, 0xd7, 0xee, 0xf8, 0xee, 0xf8, 0xee, 0xf8, 0xee,
    0xf8, 0xee, 0xf8, 0xee, 0xd7, 0xee, 0xd7, 0xee, 0xd7, 0xee, 0xd7, 0xee, 0xd7, 0xee, 0xf8, 0xee,
    0xf8, 0xee, 0xd7, 0xee, 0xd7, 0xee, 0xd7, 0xee, 0xd7, 0xee, 0xd7, 0xee, 0xd7, 0xee, 0xd7, 0xee,
    0xd7, 0xee, 0xd7, 0xee, 0xd7, 0xee, 0xd7, 0xee, 0xf8, 0xee, 0xf8, 0xee, 0xf8, 0xee, 0xd7, 0xee,
    0xd7, 0xee, 0xf8, 0xee, 0xd7, 0xee, 0xd7, 0xee, 0xf8, 0xee, 0xf8, 0xee, 0xf8, 0xee, 0xf8, 0xee,
    0xd7, 0xee, 0xf8, 0xee, 0xd7, 0xee, 0xd7, 0xee, 0xd7, 0xee, 0xd7, 0xee, 0xd7, 0xee, 0xf8, 0xee,
    0xf8, 0xee, 0xf8, 0xee, 0xf8, 0xee, 0xf8, 0xee, 0xd7, 0xee, 0xd7, 0xee, 0xf8, 0xee, 0xf8, 0xee,
    0xd7, 0xee, 0xf8, 0xee, 0xd7, 0xee, 0xf8, 0xee, 0xd7, 0xee, 0xd7, 0xee, 0xd7, 0xee, 0xf8, 0xee,
    0xd7, 0xee, 0xd7, 0xee, 0xd7, 0xee, 0xd7, 0xee, 0xf8, 0xee, 0xf8, 0xee, 0xd7, 0xee, 0xd7, 0xee,
    0xd7, 0xee, 0xd7, 0xee, 0xd7, 0xee, 0xf8, 0xee, 0xf8, 0xee, 0xd7, 0xee, 0xd7, 0xee, 0xf8, 0xee,
    0xf8, 0xee, 0xd7, 0xee, 0xd7, 0xee, 0xd7, 0xee, 0xd7, 0xee, 0xd7, 0xee, 0xd7, 0xee, 0xd7, 0xee,
    0xd7, 0xee, 0xd7, 0xee, 0xf8, 0xee, 0xf8, 0xee, 0xf8, 0xee, 0xf8, 0xee, 0xf8, 0xee, 0xd7, 0xee,
    0xf8, 0xee, 0xd7, 0xee, 0xd7, 0xee, 0xd7, 0xee, 0xd7, 0xee, 0xd7, 0xee, 0xf8, 0xee, 0xf8, 0xee,
    0xd7, 0xee, 0xd7, 0xee, 0xd7, 0xee, 0xd7, 0xee, 0xd7, 0xee, 0xd7, 0xee, 0xd7, 0xee, 0xd7, 0xee,
    0xd7, 0xee, 0xd7, 0xee, 0xf8, 0xee, 0xf8, 0xee, 0xd7, 0xee, 0xd7, 0xee, 0xd7, 0xee, 0xf8, 0xee,
    0xd7, 0xee, 0xd7, 0xee, 0xd7, 0xee, 0xd7, 0xee, 0xd7, 0xee, 0xd7, 0xee, 0xd7, 0xee, 0xd7, 0xee,
    0xd7, 0xee, 0xd7, 0xee, 0xd7, 0xee, 0xf8, 0xee, 0xf8, 0xee, 0xf8, 0xee, 0xf8, 0xee, 0xd7, 0xee,
    0xf8, 0xee, 0xf8, 0xee, 0xd7, 0xee, 0xb6, 0xe6, 0xd7, 0xee, 0xd7, 0xee, 0xf8, 0xee, 0xf8, 0xee,
    0xd7, 0xee, 0xd7, 0xee, 0xd7, 0xee, 0xf8, 0xee, 0xf8, 0xee, 0xd7, 0xee, 0xf8, 0xee, 0xd7, 0xee,
    0xd7, 0xee, 0xd7, 0xee, 0xf8, 0xee, 0xf8, 0xee, 0xf8, 0xee, 0xf8, 0xee, 0xf8, 0xee, 0xd7, 0xee,
    0xf8, 0xee, 0xf8, 0xee, 0xd7, 0xee, 0xd7, 0xee, 0xf8, 0xee, 0xf8, 0xee, 0xf8, 0xee, 0xf8, 0xee,
    0xf8, 0xee, 0xf8, 0xee, 0xf8, 0xee, 0xf8, 0xee, 0xf8, 0xee, 0xf8, 0xee, 0xf8, 0xee, 0xd7, 0xee,
    0xd7, 0xee, 0xd7, 0xee, 0xd7, 0xee, 0xd7, 0xee, 0xd7, 0xee, 0xf8, 0xee, 0xf8, 0xee, 0xd7, 0xee,
    0xf8, 0xee, 0xb6, 0xe6, 0xd7, 0xee, 0xf8, 0xee, 0xd7, 0xee, 0xf8, 0xee, 0xd7, 0xee, 0xd7, 0xee,
    0xd7, 0xee, 0xd7, 0xee, 0xf8, 0xee, 0xd7, 0xee, 0xf8, 0xee, 0xd7, 0xee, 0xd7, 0xee, 0xf8, 0xee,
    0xf8, 0xee, 0xf8, 0xee, 0xd7, 0xee, 0xd7, 0xee, 0xd7, 0xee, 0xf8, 0xee, 0xf8, 0xee, 0xf8, 0xee,
    0xd7, 0xee, 0xd7, 0xee, 0xd7, 0xee, 0xd7, 0xee, 0xd7, 0xee, 0xf8, 0xee, 0xf8, 0xee, 0xf8, 0xee,
    0xf8, 0xee, 0xf8, 0xee, 0xf8, 0xee, 0xf8, 0xee, 0xf8, 0xee, 0xd7, 0xee, 0xf8, 0xee, 0xf8, 0xee,
    0xf8, 0xee, 0xd7, 0xee, 0xf8, 0xee, 0xd7, 0xee, 0xf8, 0xee, 0xf8, 0xee, 0xd7, 0xee, 0xd7, 0xee,
    0xd7, 0xee, 0xd7, 0xee, 0xd7, 0xee, 0xd7, 0xee, 0xd7, 0xee, 0xd7, 0xee, 0xd7, 0xee, 0xd7, 0xee,
    0xf8, 0xee, 0xd7, 0xee, 0xd7, 0xee, 0xd7, 0xee, 0xd7, 0xee, 0xd7, 0xee, 0xf8, 0xee, 0xf8, 0xee,
    0xd7, 0xee, 0xf8, 0xee, 0xd7, 0xee, 0xd7, 0xee, 0xd7, 0xee, 0xd7, 0xee, 0xd7, 0xee, 0xf8, 0xee,
    0xd7, 0xee, 0xd7, 0xee, 0xd7, 0xee, 0xd7, 0xee, 0xd7, 0xee, 0xf8, 0xee, 0xd7, 0xee, 0xd7, 0xee,
    0xf8, 0xee, 0xd7, 0xee, 0xd7, 0xee, 0xd7, 0xee, 0xb6, 0xe6, 0xf8, 0xee, 0xd7, 0xee, 0xd7, 0xee,
    0xd7, 0xee, 0xf8, 0xee, 0xd7, 0xee, 0xd7, 0xee, 0xf8, 0xee, 0xf8, 0xee, 0xf8, 0xee, 0xf8, 0xee,
    0xd7, 0xee, 0xd7, 0xee, 0xd7, 0xee, 0xd7, 0xee, 0xd7, 0xee, 0xf8, 0xee, 0xf8, 0xee, 0xf8, 0xee,
    0xf8, 0xee, 0xf8, 0xee, 0xf8, 0xee, 0xf8, 0xee, 0xf8, 0xee, 0xd7, 0xee, 0xd7, 0xee, 0xf8, 0xee,
    0xd7, 0xee, 0xd7, 0xee, 0xd7, 0xee, 0xd7, 0xee, 0xd7, 0xee, 0xd7, 0xee, 0xd7, 0xee, 0xf8, 0xee,
    0xf8, 0xee, 0xd7, 0xee, 0xd7, 0xee, 0xd7, 0xee, 0xf8, 0xee, 0xf8, 0xee, 0xd7, 0xee, 0xf8, 0xee,
    0xf8, 0xee, 0xf8, 0xee, 0xd7, 0xee, 0xf8, 0xee, 0xd7, 0xee, 0xd7, 0xee, 0xd7, 0xee, 0xd7, 0xee,
    0xd7, 0xee, 0xf8, 0xee, 0xd7, 0xee, 0xd7, 0xee, 0xd7, 0xee, 0xd7, 0xee, 0xf8, 0xee, 0xd7, 0xee,
    0xd7, 0xee, 0xd7, 0xee, 0xd7, 0xee, 0xd7, 0xee, 0xf8, 0xee, 0xd7, 0xee, 0xd7, 0xee, 0xd7, 0xee,
    0xd7, 0xee, 0xd7, 0xee, 0xd7, 0xee, 0xd7, 0xee, 0xd7, 0xee, 0xd7, 0xee, 0xd7, 0xee, 0xf8, 0xee,
    0xd7, 0xee, 0xd7, 0xee, 0xd7, 0xee, 0xd7, 0xee, 0xd7, 0xee, 0xd7, 0xee, 0xd7, 0xee, 0xd7, 0xee,
    0xd7, 0xee, 0xd7, 0xee, 0xf8, 0xee, 0xd7, 0xee, 0xf8, 0xee, 0xd7, 0xee, 0xd7, 0xee, 0xd7, 0xee,
    0xd7, 0xee, 0xd7, 0xee, 0xd7, 0xee, 0xd7, 0xee, 0xf8, 0xee, 0xd7, 0xee, 0xd7, 0xee, 0xf8, 0xee,
    0xf8, 0xee, 0xd7, 0xee, 0xd7, 0xee, 0xd7, 0xee, 0xd7, 0xee, 0xd7, 0xee, 0xd7, 0xee, 0xd7, 0xee,
    0xf8, 0xee, 0xd7, 0xee, 0xd7, 0xee, 0x95, 0xe6, 0xd7, 0xee, 0xd7, 0xee, 0xd7, 0xee, 0xd7, 0xee,
    0xd7, 0xee, 0xd7, 0xee, 0xf8, 0xee, 0xf8, 0xee, 0xd7, 0xee, 0xd7, 0xee, 0xd7, 0xee, 0xd7, 0xee,
    0xd7, 0xee, 0xd7, 0xee, 0xd7, 0xee, 0xf8, 0xee, 0xf8, 0xee, 0xd7, 0xee, 0xd7, 0xee, 0xd7, 0xee,
    0xf8, 0xee, 0xf8, 0xee, 0xd7, 0xee, 0xf8, 0xee, 0xf8, 0xee, 0xf8, 0xee, 0xf8, 0xee, 0xf8, 0xee,
    0xd7, 0xee, 0xd7, 0xee, 0xd7, 0xee, 0xd7, 0xee, 0xf8, 0xee, 0xf8, 0xee, 0xf8, 0xee, 0xf8, 0xee,
    0xf8, 0xee, 0xf8, 0xee, 0xf8, 0xee, 0xd7, 0xee, 0xf8, 0xee, 0xf8, 0xee, 0xf8, 0xee, 0xd7, 0xee,
    0xf8, 0xee, 0xf8, 0xee, 0xd7, 0xee, 0xd7, 0xee, 0xd7, 0xee, 0xd7, 0xee, 0xd7, 0xee, 0xd7, 0xee,
    0xf8, 0xee, 0xf8, 0xee, 0xd7, 0xee, 0xd7, 0xee, 0xf8, 0xee, 0xf8, 0xee, 0xf8, 0xee, 0xf8, 0xee,
    0xf8, 0xee, 0xf8, 0xee, 0xf8, 0xee, 0xd7, 0xee, 0xd7, 0xee, 0xf8, 0xee, 0xf8, 0xee, 0xf8, 0xee,
    0xd7, 0xee, 0xf8, 0xee, 0xf8, 0xee, 0xd7, 0xee, 0xd7, 0xee, 0xf8, 0xee, 0xf8, 0xee, 0xd7, 0xee,
    0xf8, 0xee, 0xd7, 0xee, 0xf8, 0xee, 0xd7, 0xee, 0xd7, 0xee, 0xd7, 0xee, 0xd7, 0xee, 0xf8, 0xee,
    0xf8, 0xee, 0xf8, 0xee, 0xd7, 0xee, 0xd7, 0xee, 0xd7, 0xee, 0xd7, 0xee, 0xf8, 0xee, 0xd7, 0xee,
    0xd7, 0xee, 0xd7, 0xee, 0xf8, 0xee, 0xd7, 0xee, 0xd7, 0xee, 0xd7, 0xee, 0xd7, 0xee, 0xf8, 0xee,
    0xd7, 0xee, 0xd7, 0xee, 0xd7, 0xee, 0xd7, 0xee, 0xd7, 0xee, 0xf8, 0xee, 0xf8, 0xee, 0xf8, 0xee,
    0xf8, 0xee, 0xf8, 0xee, 0xf8, 0xee, 0xd7, 0xee, 0xd7, 0xee, 0xd7, 0xee, 0xd7, 0xee, 0xd7, 0xee,
    0xd7, 0xee, 0xd7, 0xee, 0xd7, 0xee, 0xd7, 0xee, 0xd7, 0xee, 0xd7, 0xee, 0xd7, 0xee, 0xd7, 0xee,
    0xd7, 0xee, 0xd7, 0xee, 0xd7, 0xee, 0xd7, 0xee, 0xd7, 0xee, 0xd7, 0xee, 0xd7, 0xee, 0xd7, 0xee,
    0xd7, 0xee, 0xd7, 0xee, 0xd7, 0xee, 0xd7, 0xee, 0xf8, 0xee, 0xd7, 0xee, 0xf8, 0xee, 0xf8, 0xee,
    0xd7, 0xee, 0xd7, 0xee, 0xd7, 0xee, 0xd7, 0xee, 0xf8, 0xee, 0xf8, 0xee, 0xf8, 0xee, 0xd7, 0xee,
    0xf8, 0xee, 0xf8, 0xee, 0xf8, 0xee, 0xd7, 0xee, 0xf8, 0xee, 0xd7, 0xee, 0xf8, 0xee, 0xf8, 0xee,
    0xd7, 0xee, 0xd7, 0xee, 0xd7, 0xee, 0xf8, 0xee, 0xd7, 0xee, 0xd7, 0xee, 0xd7, 0xee, 0xd7, 0xee,
    0xd7, 0xee, 0xd7, 0xee, 0xd7, 0xee, 0xf8, 0xee, 0xf8, 0xee, 0xf8, 0xee, 0xf8, 0xee, 0xf8, 0xee,
    0xf8, 0xee, 0xd7, 0xee, 0xd7, 0xee, 0xf8, 0xee, 0xf8, 0xee, 0xf8, 0xee, 0xd7, 0xee, 0xd7, 0xee,
    0xd7, 0xee, 0xd7, 0xee, 0xf8, 0xee, 0xd7, 0xee, 0xd7, 0xee, 0xd7, 0xee, 0xf8, 0xee, 0xd7, 0xee,
    0xd7, 0xee, 0xd7, 0xee, 0xd7, 0xee, 0xd7, 0xee, 0xd7, 0xee, 0xd7, 0xee, 0xd7, 0xee, 0xd7, 0xee,
    0xd7, 0xee, 0xd7, 0xee, 0xd7, 0xee, 0xd7, 0xee, 0xd7, 0xee, 0xd7, 0xee, 0xd7, 0xee, 0xd7, 0xee,
    0xd7, 0xee, 0xf8, 0xee, 0xd7, 0xee, 0xd7, 0xee, 0xd7, 0xee, 0xd7, 0xee, 0xd7, 0xee, 0xd7, 0xee,
    0xd7, 0xee, 0xd7, 0xee, 0xd7, 0xee, 0xd7, 0xee, 0xd7, 0xee, 0xd7, 0xee, 0xd7, 0xee, 0xd7, 0xee,
    0xd7, 0xee, 0xd7, 0xee, 0xf8, 0xee, 0xd7, 0xee, 0xf8, 0xee, 0xf8, 0xee, 0xf8, 0xee, 0xf8, 0xee,
    0xf8, 0xee, 0xf8, 0xee, 0xf8, 0xee, 0xd7, 0xee, 0xd7, 0xee, 0xd7, 0xee, 0xd7, 0xee, 0xd7, 0xee,
    0xd7, 0xee, 0xf8, 0xee, 0xd7, 0xee, 0x95, 0xe6, 0xd7, 0xee, 0xf8, 0xee, 0xd7, 0xee, 0xd7, 0xee,
    0xf8, 0xee, 0xf8, 0xee, 0xd7, 0xee, 0xd7, 0xee, 0xd7, 0xee, 0xf8, 0xee, 0xd7, 0xee, 0xd7, 0xee,
    0xf8, 0xee, 0xf8, 0xee, 0xf8, 0xee, 0xd7, 0xee, 0xf8, 0xee, 0xd7, 0xee, 0xd7, 0xee, 0xd7, 0xee,
    0xf8, 0xee, 0xf8, 0xee, 0xf8, 0xee, 0xf8, 0xee, 0xf8, 0xee, 0xf8, 0xee, 0xd7, 0xee, 0xd7, 0xee,
    0xd7, 0xee, 0xd7, 0xee, 0xd7, 0xee, 0xd7, 0xee, 0xd7, 0xee, 0xf8, 0xee, 0xd7, 0xee, 0xf8, 0xee,
    0xf8, 0xee, 0xf8, 0xee, 0xd7, 0xee, 0xf8, 0xee, 0xf8, 0xee, 0xf8, 0xee, 0xf8, 0xee, 0xd7, 0xee,
    0xf8, 0xee, 0xd7, 0xee, 0xd7, 0xee, 0xd7, 0xee, 0xd7, 0xee, 0xd7, 0xee, 0xd7, 0xee, 0xf8, 0xee,
    0xd7, 0xee, 0xf8, 0xee, 0xf8, 0xee, 0xd7, 0xee, 0xd7, 0xee, 0xd7, 0xee, 0xf8, 0xee, 0xf8, 0xee,
    0xf8, 0xee, 0xf8, 0xee, 0xf8, 0xee, 0xf8, 0xee, 0xd7, 0xee, 0xf8, 0xee, 0xf8, 0xee, 0xf8, 0xee,
    0xf8, 0xee, 0xf8, 0xee, 0xf8, 0xee, 0xd7, 0xee, 0xd7, 0xee, 0xf8, 0xee, 0xd7, 0xee, 0xd7, 0xee,
    0xd7, 0xee, 0xf8, 0xee, 0xf8, 0xee, 0xd7, 0xee, 0xd7, 0xee, 0xd7, 0xee, 0xd7, 0xee, 0xf8, 0xee,
    0xf8, 0xee, 0xd7, 0xee, 0xf8, 0xee, 0xd7, 0xee, 0xd7, 0xee, 0xd7, 0xee, 0xd7, 0xee, 0xd7, 0xee,
    0xf8, 0xee, 0xd7, 0xee, 0xd7, 0xee, 0xf8, 0xee, 0xd7, 0xee, 0xd7, 0xee, 0xd7, 0xee, 0xd7, 0xee,
    0xd7, 0xee, 0xd7, 0xee, 0xd7, 0xee, 0xd7, 0xee, 0xd7, 0xee, 0xd7, 0xee, 0xf8, 0xee, 0xf8, 0xee,
    0xf8, 0xee, 0xf8, 0xee, 0xf8, 0xee, 0xd7, 0xee, 0xd7, 0xee, 0xd7, 0xee, 0xd7, 0xee, 0xd7, 0xee,
    0xd7, 0xee, 0xd7, 0xee, 0xd7, 0xee, 0xd7, 0xee, 0xf8, 0xee, 0xf8, 0xee, 0xd7, 0xee, 0xd7, 0xee,
    0xd7, 0xee, 0xd7, 0xee, 0xd7, 0xee, 0xd7, 0xee, 0xf8, 0xee, 0xd7, 0xee, 0xd7, 0xee, 0xd7, 0xee,
    0xf8, 0xee, 0xd7, 0xee, 0xd7, 0xee, 0xd7, 0xee, 0xd7, 0xee, 0xd7, 0xee, 0xd7, 0xee, 0xd7, 0xee,
    0xd7, 0xee, 0xd7, 0xee, 0xf8, 0xee, 0xf8, 0xee, 0xf8, 0xee, 0xd7, 0xee, 0xf8, 0xee, 0xd7, 0xee,
    0xf8, 0xee, 0xf8, 0xee, 0xf8, 0xee, 0xd7, 0xee, 0xf8, 0xee, 0xf8, 0xee, 0xf8, 0xee, 0xf8, 0xee,
    0xd7, 0xee, 0xd7, 0xee, 0xd7, 0xee, 0xd7, 0xee, 0xd7, 0xee, 0xd7, 0xee, 0xd7, 0xee, 0xd7, 0xee,
    0xd7, 0xee, 0xf8, 0xee, 0xf8, 0xee, 0xf8, 0xee, 0xf8, 0xee, 0xf8, 0xee, 0xf8, 0xee, 0xf8, 0xee,
    0xf8, 0xee, 0xd7, 0xee, 0xd7, 0xee, 0xf8, 0xee, 0xf8, 0xee, 0xd7, 0xee, 0xd7, 0xee, 0xf8, 0xee,
    0xd7, 0xee, 0xf8, 0xee, 0xf8, 0xee, 0xd7, 0xee, 0xd7, 0xee, 0xf8, 0xee, 0xd7, 0xee, 0xd7, 0xee,
    0xf8, 0xee, 0xf8, 0xee, 0xd7, 0xee, 0xd7, 0xee, 0xd7, 0xee, 0xd7, 0xee, 0xd7, 0xee, 0xd7, 0xee,
    0xd7, 0xee, 0xd7, 0xee, 0xd7, 0xee, 0xd7, 0xee, 0xf8, 0xee, 0xf8, 0xee, 0xd7, 0xee, 0xd7, 0xee,
    0xd7, 0xee, 0xd7, 0xee, 0xd7, 0xee, 0xd7, 0xee, 0xd7, 0xee, 0xd7, 0xee, 0xd7, 0xee, 0xd7, 0xee,
    0xf8, 0xee, 0xd7, 0xee, 0xd7, 0xee, 0xd7, 0xee, 0xd7, 0xee, 0xd7, 0xee, 0xd7, 0xee, 0xf8, 0xee,
    0xd7, 0xee, 0xd7, 0xee, 0xf8, 0xee, 0xf8, 0xee, 0xf8, 0xee, 0xf8, 0xee, 0xd7, 0xee, 0xd7, 0xee,
    0xd7, 0xee, 0xf8, 0xee, 0xf8, 0xee, 0xf8, 0xee, 0xd7, 0xee, 0xd7, 0xee, 0xf8, 0xee, 0xd7, 0xee,
    0xd7, 0xee, 0xd7, 0xee, 0xd7, 0xee, 0xb6, 0xe6, 0xd7, 0xee, 0xd7, 0xee, 0xd7, 0xee, 0xd7, 0xee,
    0xd7, 0xee, 0xd7, 0xee, 0xd7, 0xee, 0xd7, 0xee, 0xd7, 0xee, 0xd7, 0xee, 0xd7, 0xee, 0xd7, 0xee,
    0xf8, 0xee, 0xf8, 0xee, 0xd7, 0xee, 0xd7, 0xee, 0xf8, 0xee, 0xd7, 0xee, 0xd7, 0xee, 0xf8, 0xee,
    0xf8, 0xee, 0xf8, 0xee, 0xf8, 0xee, 0xd7, 0xee, 0xd7, 0xee, 0xd7, 0xee, 0xd7, 0xee, 0xf8, 0xee,
    0xf8, 0xee, 0xf8, 0xee, 0xd7, 0xee, 0xd7, 0xee, 0xd7, 0xee, 0xd7, 0xee, 0xf8, 0xee, 0xd7, 0xee,
    0xd7, 0xee, 0xf8, 0xee, 0xf8, 0xee, 0xf8, 0xee, 0xf8, 0xee, 0xf8, 0xee, 0xf8, 0xee, 0xf8, 0xee,
    0xd7, 0xee, 0xd7, 0xee, 0xd7, 0xee, 0xd7, 0xee, 0xd7, 0xee, 0xd7, 0xee, 0xd7, 0xee, 0xd7, 0xee,
    0xf8, 0xee, 0xd7, 0xee, 0xd7, 0xee, 0xd7, 0xee, 0xd7, 0xee, 0xd7, 0xee, 0xd7, 0xee, 0xf8, 0xee,
    0xf8, 0xee, 0xf8, 0xee, 0xf8, 0xee, 0xf8, 0xee, 0xf8, 0xee, 0xd7, 0xee, 0xf8, 0xee, 0xd7, 0xee,
    0xf8, 0xee, 0xf8, 0xee, 0xf8, 0xee, 0xd7, 0xee, 0xd7, 0xee, 0xd7, 0xee, 0xd7, 0xee, 0xd7, 0xee,
    0xf8, 0xee, 0xd7, 0xee, 0xd7, 0xee, 0xd7, 0xee, 0xd7, 0xee, 0xd7, 0xee, 0xd7, 0xee, 0xf8, 0xee,
    0xf8, 0xee, 0xd7, 0xee, 0xd7, 0xee, 0xd7, 0xee, 0xd7, 0xee, 0xd7, 0xee, 0xd7, 0xee, 0xd7, 0xee,
    0xf8, 0xee, 0xf8, 0xee, 0xd7, 0xee, 0xd7, 0xee, 0xd7, 0xee, 0xd7, 0xee, 0xd7, 0xee, 0xd7, 0xee,
    0xf8, 0xee, 0xd7, 0xee, 0xd7, 0xee, 0xd7, 0xee, 0xd7, 0xee, 0xd7, 0xee, 0xd7, 0xee, 0xf8, 0xee,
    0xf8, 0xee, 0xf8, 0xee, 0xf8, 0xee, 0xf8, 0xee, 0xf8, 0xee, 0xf8, 0xee, 0xd7, 0xee, 0xd7, 0xee,
    0xd7, 0xee, 0xf8, 0xee, 0xd7, 0xee, 0xd7, 0xee, 0xd7, 0xee, 0xf8, 0xee, 0xf8, 0xee, 0xd7, 0xee,
    0xf8, 0xee, 0xd7, 0xee, 0xf8, 0xee, 0xf8, 0xee, 0xf8, 0xee, 0xd7, 0xee, 0xd7, 0xee, 0xd7, 0xee,
    0xd7, 0xee, 0xd7, 0xee, 0xd7, 0xee, 0xd7, 0xee, 0xd7, 0xee, 0xd7, 0xee, 0xf8, 0xee, 0xf8, 0xee,
    0xd7, 0xee, 0xd7, 0xee, 0xd7, 0xee, 0xf8, 0xee, 0xf8, 0xee, 0xd7, 0xee, 0xd7, 0xee, 0xf8, 0xee,
    0xf8, 0xee, 0xd7, 0xee, 0xf8, 0xee, 0xd7, 0xee, 0xd7, 0xee, 0xf8, 0xee, 0xf8, 0xee, 0xd7, 0xee,
    0xd7, 0xee, 0xd7, 0xee, 0xd7, 0xee, 0xb6, 0xe6, 0xd7, 0xee, 0xd7, 0xee, 0xd7, 0xee, 0xd7, 0xee,
    0xf8, 0xee, 0xf8, 0xee, 0xf8, 0xee, 0xf8, 0xee, 0xd7, 0xee, 0xf8, 0xee, 0xf8, 0xee, 0xd7, 0xee,
    0xf8, 0xee, 0xd7, 0xee, 0xd7, 0xee, 0xf8, 0xee, 0xf8, 0xee, 0xf8, 0xee, 0xd7, 0xee, 0xf8, 0xee,
    0xf8, 0xee, 0xf8, 0xee, 0xd7, 0xee, 0xd7, 0xee, 0xd7, 0xee, 0xf8, 0xee, 0xf8, 0xee, 0xf8, 0xee,
    0xf8, 0xee, 0xf8, 0xee, 0xf8, 0xee, 0xd7, 0xee, 0xd7, 0xee, 0xd7, 0xee, 0xd7, 0xee, 0xd7, 0xee,
    0xd7, 0xee, 0xd7, 0xee, 0xd7, 0xee, 0xd7, 0xee, 0xd7, 0xee, 0xf8, 0xee, 0xd7, 0xee, 0xd7, 0xee,
    0xd7, 0xee, 0xd7, 0xee, 0xf8, 0xee, 0xd7, 0xee, 0xf8, 0xee, 0xd7, 0xee, 0xd7, 0xee, 0xd7, 0xee,
    0xd7, 0xee, 0xf8, 0xee, 0xd7, 0xee, 0xf8, 0xee, 0xf8, 0xee, 0xd7, 0xee, 0xd7, 0xee, 0xf8, 0xee,
    0xd7, 0xee, 0xf8, 0xee, 0xf8, 0xee, 0xf8, 0xee, 0xd7, 0xee, 0xd7, 0xee, 0xd7, 0xee, 0xd7, 0xee,
    0xf8, 0xee, 0xd7, 0xee, 0xd7, 0xee, 0xf8, 0xee, 0xd7, 0xee, 0xd7, 0xee, 0xd7, 0xee, 0xf8, 0xee,
    0xd7, 0xee, 0xd7, 0xee, 0xd7, 0xee, 0xd7, 0xee, 0xd7, 0xee, 0xf8, 0xee, 0xd7, 0xee, 0xd7, 0xee,
    0xd7, 0xee, 0xd7, 0xee, 0xd7, 0xee, 0xd7, 0xee, 0xd7, 0xee, 0xd7, 0xee, 0xd7, 0xee, 0xf8, 0xee,
    0xd7, 0xee, 0xf8, 0xee, 0xf8, 0xee, 0xd7, 0xee, 0xd7, 0xee, 0xd7, 0xee, 0xd7, 0xee, 0xd7, 0xee,
    0xd7, 0xee, 0xd7, 0xee, 0xd7, 0xee, 0xf8, 0xee, 0xd7, 0xee, 0xd7, 0xee, 0xd7, 0xee, 0xd7, 0xee,
    0xd7, 0xee, 0xd7, 0xee, 0xf8, 0xee, 0xd7, 0xee, 0xd7, 0xee, 0xf8, 0xee, 0xf8, 0xee, 0xd7, 0xee,
    0xd7, 0xee, 0xd7, 0xee, 0xd7, 0xee, 0xd7, 0xee, 0xd7, 0xee, 0xf8, 0xee, 0xd7, 0xee, 0xd7, 0xee,
    0xd7, 0xee, 0xf8, 0xee, 0xd7, 0xee, 0xd7, 0xee, 0xf8, 0xee, 0xd7, 0xee, 0xd7, 0xee, 0xd7, 0xee,
    0xf8, 0xee, 0xd7, 0xee, 0xd7, 0xee, 0xd7, 0xee, 0xd7, 0xee, 0xf8, 0xee, 0xf8, 0xee, 0xf8, 0xee,
    0xd7, 0xee, 0xd7, 0xee, 0xf8, 0xee, 0xf8, 0xee, 0xf8, 0xee, 0xd7, 0xee, 0xf8, 0xee, 0xf8, 0xee,
    0xf8, 0xee, 0xf8, 0xee, 0xf8, 0xee, 0xd7, 0xee, 0xd7, 0xee, 0xf8, 0xee, 0xf8, 0xee, 0xf8, 0xee,
    0xf8, 0xee, 0xd7, 0xee, 0xd7, 0xee, 0xd7, 0xee, 0xd7, 0xee, 0xf8, 0xee, 0xd7, 0xee, 0xf8, 0xee,
    0xf8, 0xee, 0xd7, 0xee, 0xd7, 0xee, 0xd7, 0xee, 0xd7, 0xee, 0xd7, 0xee, 0xf8, 0xee, 0xd7, 0xee,
    0xd7, 0xee, 0xf8, 0xee, 0xd7, 0xee, 0xd7, 0xee, 0xd7, 0xee, 0xf8, 0xee, 0xd7, 0xee, 0xd7, 0xee,
    0xd7, 0xee, 0xd7, 0xee, 0xd7, 0xee, 0xd7, 0xee, 0xd7, 0xee, 0xd7, 0xee, 0xd7, 0xee, 0xf8, 0xee,
    0xf8, 0xee, 0xf8, 0xee, 0xf8, 0xee, 0xf8, 0xee, 0xd7, 0xee, 0xd7, 0xee, 0xf8, 0xee, 0xf8, 0xee,
    0xd7, 0xee, 0xd7, 0xee, 0xd7, 0xee, 0xf8, 0xee, 0xd7, 0xee, 0xf8, 0xee, 0xd7, 0xee, 0xd7, 0xee,
    0xd7, 0xee, 0xd7, 0xee, 0xd7, 0xee, 0xf8, 0xee, 0xf8, 0xee, 0xf8, 0xee, 0xd7, 0xee, 0xd7, 0xee,
    0xd7, 0xee, 0xd7, 0xee, 0xd7, 0xee, 0xd7, 0xee, 0xd7, 0xee, 0xd7, 0xee, 0xd7, 0xee, 0xd7, 0xee,
    0xd7, 0xee, 0xf8, 0xee, 0xf8, 0xee, 0xd7, 0xee, 0xf8, 0xee, 0xd7, 0xee, 0xd7, 0xee, 0xd7, 0xee,
    0xf8, 0xee, 0xd7, 0xee, 0xd7, 0xee, 0xd7, 0xee, 0xf8, 0xee, 0xf8, 0xee, 0xf8, 0xee, 0xd7, 0xee,
    0xd7, 0xee, 0xd7, 0xee, 0xd7, 0xee, 0xb6, 0xe6, 0xb6, 0xe6, 0xd7, 0xee, 0xd7, 0xee, 0xd7, 0xee,
    0xf8, 0xee, 0xf8, 0xee, 0xd7, 0xee, 0xd7, 0xee, 0xf8, 0xee, 0xd7, 0xee, 0xd7, 0xee, 0xd7, 0xee,
    0xf8, 0xee, 0xf8, 0xee, 0xf8, 0xee, 0xd7, 0xee, 0xf8, 0xee, 0xf8, 0xee, 0xf8, 0xee, 0xf8, 0xee,
    0xf8, 0xee, 0xf8, 0xee, 0xf8, 0xee, 0xf8, 0xee, 0xd7, 0xee, 0xd7, 0xee, 0xd7, 0xee, 0xf8, 0xee,
    0xd7, 0xee, 0xf8, 0xee, 0xd7, 0xee, 0xd7, 0xee, 0xd7, 0xee, 0xd7, 0xee, 0xd7, 0xee, 0xd7, 0xee,
    0xd7, 0xee, 0xd7, 0xee, 0xd7, 0xee, 0xd7, 0xee, 0xd7, 0xee, 0xd7, 0xee, 0xd7, 0xee, 0xd7, 0xee,
    0xd7, 0xee, 0xf8, 0xee, 0xf8, 0xee, 0xf8, 0xee, 0xf8, 0xee, 0xd7, 0xee, 0xd7, 0xee, 0xd7, 0xee,
    0xd7, 0xee, 0xd7, 0xee, 0xd7, 0xee, 0xd7, 0xee, 0xd7, 0xee, 0xd7, 0xee, 0xd7, 0xee, 0xd7, 0xee,
    0xf8, 0xee, 0xd7, 0xee, 0xd7, 0xee, 0xf8, 0xee, 0xd7, 0xee, 0xd7, 0xee, 0xd7, 0xee, 0xd7, 0xee,
    0xf8, 0xee, 0xd7, 0xee, 0xf8, 0xee, 0xf8, 0xee, 0xd7, 0xee, 0xd7, 0xee, 0xd7, 0xee, 0xf8, 0xee,
    0xd7, 0xee, 0xf8, 0xee, 0xf8, 0xee, 0xd7, 0xee, 0xd7, 0xee, 0xd7, 0xee, 0xd7, 0xee, 0xd7, 0xee,
    0xd7, 0xee, 0xf8, 0xee, 0xd7, 0xee, 0xd7, 0xee, 0xd7, 0xee, 0xd7, 0xee, 0xd7, 0xee, 0xd7, 0xee,
    0xd7, 0xee, 0xf8, 0xee, 0xd7, 0xee, 0xd7, 0xee, 0xd7, 0xee, 0xd7, 0xee, 0xd7, 0xee, 0xd7, 0xee,
    0xd7, 0xee, 0xd7, 0xee, 0xd7, 0xee, 0xd7, 0xee, 0xf8, 0xee, 0xd7, 0xee, 0xf8, 0xee, 0xd7, 0xee,
    0xd7, 0xee, 0xd7, 0xee, 0xd7, 0xee, 0xf8, 0xee, 0xd7, 0xee, 0xd7, 0xee, 0xd7, 0xee, 0xd7, 0xee,
    0xd7, 0xee, 0xd7, 0xee, 0xd7, 0xee, 0xd7, 0xee, 0xd7, 0xee, 0xd7, 0xee, 0xd7, 0xee, 0xd7, 0xee,
    0xf8, 0xee, 0xd7, 0xee, 0xd7, 0xee, 0xf8, 0xee, 0xd7, 0xee, 0xd7, 0xee, 0xd7, 0xee, 0xd7, 0xee,
    0xd7, 0xee, 0xd7, 0xee, 0xd7, 0xee, 0xd7, 0xee, 0xd7, 0xee, 0xf8, 0xee, 0xf8, 0xee, 0xf8, 0xee,
    0xf8, 0xee, 0xf8, 0xee, 0xd7, 0xee, 0xd7, 0xee, 0xf8, 0xee, 0xd7, 0xee, 0xf8, 0xee, 0xf8, 0xee,
    0xf8, 0xee, 0xf8, 0xee, 0xd7, 0xee, 0xd7, 0xee, 0xd7, 0xee, 0xd7, 0xee, 0xd7, 0xee, 0xd7, 0xee,
    0xf8, 0xee, 0xf8, 0xee, 0xf8, 0xee, 0xd7, 0xee, 0xd7, 0xee, 0xd7, 0xee, 0xd7, 0xee, 0xf8, 0xee,
    0xd7, 0xee, 0xd7, 0xee, 0xf8, 0xee, 0xd7, 0xee, 0xd7, 0xee, 0xf8, 0xee, 0xf8, 0xee, 0xf8, 0xee,
    0xd7, 0xee, 0xd7, 0xee, 0xf8, 0xee, 0xd7, 0xee, 0xd7, 0xee, 0xd7, 0xee, 0xd7, 0xee, 0xd7, 0xee,
    0xd7, 0xee, 0xd7, 0xee, 0xd7, 0xee, 0xf8, 0xee, 0xf8, 0xee, 0xd7, 0xee, 0xf8, 0xee, 0xd7, 0xee,
    0xf8, 0xee, 0xd7, 0xee, 0xf8, 0xee, 0xf8, 0xee, 0xd7, 0xee, 0xd7, 0xee, 0xf8, 0xee, 0xf8, 0xee,
    0xf8, 0xee, 0xd7, 0xee, 0xf8, 0xee, 0xf8, 0xee, 0xf8, 0xee, 0xf8, 0xee, 0xd7, 0xee, 0xd7, 0xee,
    0xd7, 0xee, 0xd7, 0xee, 0xd7, 0xee, 0xf8, 0xee, 0xf8, 0xee, 0xf8, 0xee, 0xf8, 0xee, 0xd7, 0xee,
    0xd7, 0xee, 0xd7, 0xee, 0xd7, 0xee, 0xf8, 0xee, 0xf8, 0xee, 0xf8, 0xee, 0xf8, 0xee, 0xf8, 0xee,
    0xd7, 0xee, 0xd7, 0xee, 0xf8, 0xee, 0xd7, 0xee, 0xf8, 0xee, 0xf8, 0xee, 0xd7, 0xee, 0xf8, 0xee,
    0xd7, 0xee, 0xd7, 0xee, 0xd7, 0xee, 0xf8, 0xee, 0xd7, 0xee, 0xd7, 0xee, 0xf8, 0xee, 0xd7, 0xee,
    0xd7, 0xee, 0xd7, 0xee, 0xb6, 0xe6, 0xd7, 0xee, 0xd7, 0xee, 0xd7, 0xee, 0xd7, 0xee, 0xd7, 0xee,
    0xf8, 0xee, 0xf8, 0xee, 0xd7, 0xee, 0xd7, 0xee, 0xf8, 0xee, 0xd7, 0xee, 0xd7, 0xee, 0xd7, 0xee,
    0xf8, 0xee, 0xd7, 0xee, 0xd7, 0xee, 0xd7, 0xee, 0xd7, 0xee, 0xd7, 0xee, 0xd7, 0xee, 0xf8, 0xee,
    0xf8, 0xee, 0xf8, 0xee, 0xf8, 0xee, 0xf8, 0xee, 0xd7, 0xee, 0xd7, 0xee, 0xd7, 0xee, 0xd7, 0xee,
    0xd7, 0xee, 0xd7, 0xee, 0xd7, 0xee, 0xd7, 0xee, 0xd7, 0xee, 0xd7, 0xee, 0xd7, 0xee, 0xd7, 0xee,
    0xf8, 0xee, 0xd7, 0xee, 0xd7, 0xee, 0xd7, 0xee, 0xd7, 0xee, 0xd7, 0xee, 0xd7, 0xee, 0xd7, 0xee,
    0xd7, 0xee, 0xd7, 0xee, 0xd7, 0xee, 0xf8, 0xee, 0xf8, 0xee, 0xf8, 0xee, 0xd7, 0xee, 0xd7, 0xee,
    0xd7, 0xee, 0xd7, 0xee, 0xd7, 0xee, 0xd7, 0xee, 0xd7, 0xee, 0xd7, 0xee, 0xd7, 0xee, 0xf8, 0xee,
    0xf8, 0xee, 0xd7, 0xee, 0xd7, 0xee, 0xf8, 0xee, 0xf8, 0xee, 0xd7, 0xee, 0xf8, 0xee, 0xf8, 0xee,
    0xf8, 0xee, 0xf8, 0xee, 0xf8, 0xee, 0xf8, 0xee, 0xd7, 0xee, 0xd7, 0xee, 0xd7, 0xee, 0xd7, 0xee,
    0xf8, 0xee, 0xf8, 0xee, 0xf8, 0xee, 0xf8, 0xee, 0xd7, 0xee, 0xd7, 0xee, 0xd7, 0xee, 0xd7, 0xee,
    0xd7, 0xee, 0xd7, 0xee, 0xd7, 0xee, 0xd7, 0xee, 0xd7, 0xee, 0xd7, 0xee, 0xf8, 0xee, 0xd7, 0xee,
    0xd7, 0xee, 0xf8, 0xee, 0xd7, 0xee, 0xd7, 0xee, 0xf8, 0xee, 0xd7, 0xee, 0xd7, 0xee, 0xd7, 0xee,
    0xf8, 0xee, 0xd7, 0xee, 0xd7, 0xee, 0xd7, 0xee, 0xd7, 0xee, 0xf8, 0xee, 0xf8, 0xee, 0xf8, 0xee,
    0xf8, 0xee, 0xd7, 0xee, 0xd7, 0xee, 0xd7, 0xee, 0xd7, 0xee, 0xd7, 0xee, 0xd7, 0xee, 0xd7, 0xee,
    0xf8, 0xee, 0xf8, 0xee, 0xd7, 0xee, 0xd7, 0xee, 0xd7, 0xee, 0xd7, 0xee, 0xf8, 0xee, 0xd7, 0xee,
    0xd7, 0xee, 0xd7, 0xee, 0xd7, 0xee, 0xf8, 0xee, 0xf8, 0xee, 0xf8, 0xee, 0xf8, 0xee, 0xd7, 0xee,
    0xd7, 0xee, 0xd7, 0xee, 0xd7, 0xee, 0xf8, 0xee, 0xd7, 0xee, 0xd7, 0xee, 0xd7, 0xee, 0xd7, 0xee,
    0xd7, 0xee, 0xd7, 0xee, 0xf8, 0xee, 0xd7, 0xee, 0xf8, 0xee, 0xd7, 0xee, 0xf8, 0xee, 0xf8, 0xee,
    0xf8, 0xee, 0xf8, 0xee, 0xd7, 0xee, 0xd7, 0xee, 0xd7, 0xee, 0xd7, 0xee, 0xd7, 0xee, 0xf8, 0xee,
    0xf8, 0xee, 0xd7, 0xee, 0xd7, 0xee, 0xd7, 0xee, 0xf8, 0xee, 0xd7, 0xee, 0xd7, 0xee, 0xd7, 0xee,
    0xd7, 0xee, 0xd7, 0xee, 0xd7, 0xee, 0xd7, 0xee, 0xd7, 0xee, 0xd7, 0xee, 0xd7, 0xee, 0xd7, 0xee,
    0xf8, 0xee, 0xd7, 0xee, 0xf8, 0xee, 0xd7, 0xee, 0xd7, 0xee, 0xd7, 0xee, 0xd7, 0xee, 0xd7, 0xee,
    0xd7, 0xee, 0xd7, 0xee, 0xd7, 0xee, 0xf8, 0xee, 0xf8, 0xee, 0xd7, 0xee, 0xd7, 0xee, 0xd7, 0xee,
    0xf8, 0xee, 0xf8, 0xee, 0xf8, 0xee, 0xf8, 0xee, 0xf8, 0xee, 0xf8, 0xee, 0xf8, 0xee, 0xf8, 0xee,
    0xf8, 0xee, 0xf8, 0xee, 0xf8, 0xee, 0xf8, 0xee, 0xf8, 0xee, 0xd7, 0xee, 0xd7, 0xee, 0xd7, 0xee,
    0xd7, 0xee, 0xf8, 0xee, 0xf8, 0xee, 0xf8, 0xee, 0xf8, 0xee, 0xd7, 0xee, 0xf8, 0xee, 0xd7, 0xee,
    0xf8, 0xee, 0xd7, 0xee, 0xf8, 0xee, 0xf8, 0xee, 0xf8, 0xee, 0xf8, 0xee, 0xf8, 0xee, 0xf8, 0xee,
    0xf8, 0xee, 0xd7, 0xee, 0xd7, 0xee, 0xd7, 0xee, 0xd7, 0xee, 0xf8, 0xee, 0xd7, 0xee, 0xd7, 0xee,
    0xd7, 0xee, 0xd7, 0xee, 0xd7, 0xee, 0xd7, 0xee, 0xd7, 0xee, 0xd7, 0xee, 0xd7, 0xee, 0xd7, 0xee,
    0xd7, 0xee, 0xd7, 0xee, 0xb6, 0xe6, 0xd7, 0xee, 0xd7, 0xee, 0xd7, 0xee, 0xd7, 0xee, 0xd7, 0xee,
    0xf8, 0xee, 0xf8, 0xee, 0xf8, 0xee, 0xd7, 0xee, 0xd7, 0xee, 0xd7, 0xee, 0xf8, 0xee, 0xd7, 0xee,
    0xf8, 0xee, 0xd7, 0xee, 0xd7, 0xee, 0xd7, 0xee, 0xd7, 0xee, 0xd7, 0xee, 0xf8, 0xee, 0xf8, 0xee,
    0xd7, 0xee, 0xf8, 0xee, 0xd7, 0xee, 0xf8, 0xee, 0xf8, 0xee, 0xd7, 0xee, 0xd7, 0xee, 0xd7, 0xee,
    0xd7, 0xee, 0xd7, 0xee, 0xf8, 0xee, 0xf8, 0xee, 0xd7, 0xee, 0xd7, 0xee, 0xd7, 0xee, 0xd7, 0xee,
    0xd7, 0xee, 0xf8, 0xee, 0xd7, 0xee, 0xd7, 0xee, 0xd7, 0xee, 0xd7, 0xee, 0xd7, 0xee, 0xd7, 0xee,
    0xd7, 0xee, 0xd7, 0xee, 0xd7, 0xee, 0xd7, 0xee, 0xf8, 0xee, 0xf8, 0xee, 0xf8, 0xee, 0xd7, 0xee,
    0xf8, 0xee, 0xf8, 0xee, 0xf8, 0xee, 0xf8, 0xee, 0xf8, 0xee, 0xd7, 0xee, 0xf8, 0xee, 0xf8, 0xee,
    0xf8, 0xee, 0xf8, 0xee, 0xd7, 0xee, 0xf8, 0xee, 0xf8, 0xee, 0xd7, 0xee, 0xf8, 0xee, 0xf8, 0xee,
    0xf8, 0xee, 0xd7, 0xee, 0xd7, 0xee, 0xd7, 0xee, 0xf8, 0xee, 0xf8, 0xee, 0xd7, 0xee, 0xd7, 0xee,
    0xf8, 0xee, 0xf8, 0xee, 0xf8, 0xee, 0xf8, 0xee, 0xd7, 0xee, 0xd7, 0xee, 0xd7, 0xee, 0xd7, 0xee,
    0xf8, 0xee, 0xd7, 0xee, 0xd7, 0xee, 0xd7, 0xee, 0xd7, 0xee, 0xd7, 0xee, 0xf8, 0xee, 0xf8, 0xee,
    0xd7, 0xee, 0xf8, 0xee, 0xd7, 0xee, 0xd7, 0xee, 0xd7, 0xee, 0xd7, 0xee, 0xd7, 0xee, 0xd7, 0xee,
    0xd7, 0xee, 0xf8, 0xee, 0xd7, 0xee, 0xf8, 0xee, 0xd7, 0xee, 0xf8, 0xee, 0xd7, 0xee, 0xd7, 0xee,
    0xf8, 0xee, 0xf8, 0xee, 0xd7, 0xee, 0xf8, 0xee, 0xd7, 0xee, 0xd7, 0xee, 0xf8, 0xee, 0xd7, 0xee,
    0xd7, 0xee, 0xd7, 0xee, 0xf8, 0xee, 0xd7, 0xee, 0xf8, 0xee, 0xf8, 0xee, 0xf8, 0xee, 0xf8, 0xee,
    0xf8, 0xee, 0xd7, 0xee, 0xd7, 0xee, 0xf8, 0xee, 0xf8, 0xee, 0xf8, 0xee, 0xf8, 0xee, 0xf8, 0xee,
    0xd7, 0xee, 0xd7, 0xee, 0xd7, 0xee, 0xd7, 0xee, 0xd7, 0xee, 0xd7, 0xee, 0xd7, 0xee, 0xd7, 0xee,
    0xf8, 0xee, 0xf8, 0xee, 0xf8, 0xee, 0xd7, 0xee, 0xf8, 0xee, 0xd7, 0xee, 0xf8, 0xee, 0xd7, 0xee,
    0xf8, 0xee, 0xf8, 0xee, 0xf8, 0xee, 0xf8, 0xee, 0xf8, 0xee, 0xd7, 0xee, 0xd7, 0xee, 0xf8, 0xee,
    0xf8, 0xee, 0xd7, 0xee, 0xd7, 0xee, 0xd7, 0xee, 0xf8, 0xee, 0xd7, 0xee, 0xd7, 0xee, 0xd7, 0xee,
    0xf8, 0xee, 0xf8, 0xee, 0xd7, 0xee, 0xf8, 0xee, 0xd7, 0xee, 0xd7, 0xee, 0xd7, 0xee, 0xf8, 0xee,
    0xd7, 0xee, 0xf8, 0xee, 0xd7, 0xee, 0xf8, 0xee, 0xd7, 0xee, 0xd7, 0xee, 0xd7, 0xee, 0xd7, 0xee,
    0xd7, 0xee, 0xd7, 0xee, 0xf8, 0xee, 0xf8, 0xee, 0xd7, 0xee, 0xf8, 0xee, 0xf8, 0xee, 0xd7, 0xee,
    0xf8, 0xee, 0xf8, 0xee, 0xd7, 0xee, 0xf8, 0xee, 0xf8, 0xee, 0xf8, 0xee, 0xf8, 0xee, 0xf8, 0xee,
    0xf8, 0xee, 0xd7, 0xee, 0xf8, 0xee, 0xd7, 0xee, 0xf8, 0xee, 0xf8, 0xee, 0xd7, 0xee, 0xf8, 0xee,
    0xf8, 0xee, 0xf8, 0xee, 0xf8, 0xee, 0xd7, 0xee, 0xf8, 0xee, 0xf8, 0xee, 0xd7, 0xee, 0xf8, 0xee,
    0xf8, 0xee, 0xf8, 0xee, 0xf8, 0xee, 0xf8, 0xee, 0xf8, 0xee, 0xf8, 0xee, 0xf8, 0xee, 0xf8, 0xee,
    0xd7, 0xee, 0xd7, 0xee, 0xd7, 0xee, 0xd7, 0xee, 0xd7, 0xee, 0xf8, 0xee, 0xf8, 0xee, 0xd7, 0xee,
    0xd7, 0xee, 0xd7, 0xee, 0xd7, 0xee, 0xd7, 0xee, 0xd7, 0xee, 0xd7, 0xee, 0xd7, 0xee, 0xf8, 0xee,
};

const lv_image_dsc_t xlr_paper_texture = {
    .header.magic = LV_IMAGE_HEADER_MAGIC,
    .header.cf = LV_COLOR_FORMAT_RGB565,
    .header.flags = 0,
    .header.w = 240,
    .header.h = 320,
    .header.stride = 480,
    .data_size = sizeof(xlr_paper_texture_map),
    .data = xlr_paper_texture_map,
};
